  0
SECTION
  2
HEADER
  9
$ANGBASE
  50
0.0
  9
$ANGDIR
  70
1
  9
$MEASUREMENT
  70
0
  0
ENDSEC
  0
SECTION
  2
TABLES
  0
TABLE
  2
LTYPE
  70
4
  0
LTYPE
  5
40F
  2
CONTINUOUS
  70
0
  3
Solid line
  72
65
  73
0
  40
0.0
  0
LTYPE
  5
410
  2
DASHDOT
 70
0
  3
Dash Dot ____ _ ____ _
 72
65
 73
4
 40
2.0
 49
1.25
 49
-0.25
 49
0.25
 49
-0.25
  0
LTYPE
  5
411
  2
DASHED
 70
0
  3
Dashed __ __ __ __ __
 72
65
 73
2
 40
0.75
 49
0.5
 49
-0.25
  0
LTYPE
  5
43B
  2
DOTTED
 70
0
  3
Dotted .  .  .  .
 72
65
 73
2
 40
0.2
 49
0.0
 49
-0.2
  0
ENDTAB
  0
TABLE
  2
STYLE
  70
4
  0
STYLE
  2
KICAD
  70
0
  40
0
  41
1
  42
1
  50
0
  71
0
  3
isocp.shx
  0
STYLE
  2
KICADB
  70
0
  40
0
  41
1
  42
1
  50
0
  71
0
  3
isocp.shx
  0
STYLE
  2
KICADI
  70
0
  40
0
  41
1
  42
1
  50
15
  71
0
  3
isocp.shx
  0
STYLE
  2
KICADBI
  70
0
  40
0
  41
1
  42
1
  50
15
  71
0
  3
isocp.shx
  0
ENDTAB
  0
TABLE
  2
LAYER
  70
1
  0
LAYER
  2
BLACK
  70
0
  62
7
  6
CONTINUOUS
  0
ENDTAB
  0
ENDSEC
  0
SECTION
  2
ENTITIES
0
LINE
8
BLACK
6
CONTINUOUS
10
0.635361062992126
20
0.227794094488189
11
0.6385542125984252
21
0.2256605118110236
0
LINE
8
BLACK
6
CONTINUOUS
10
0.6385542125984252
20
0.2256605118110236
11
0.6406877952755905
21
0.2224673622047244
0
LINE
8
BLACK
6
CONTINUOUS
10
0.6406877952755905
20
0.2224673622047244
11
0.6414370078740157
21
0.2187007874015748
0
LINE
8
BLACK
6
CONTINUOUS
10
0.6414370078740157
20
0.2187007874015748
11
0.6414370078740157
21
0.1812992125984252
0
LINE
8
BLACK
6
CONTINUOUS
10
0.6414370078740157
20
0.1812992125984252
11
0.6406877952755905
21
0.1775326377952756
0
LINE
8
BLACK
6
CONTINUOUS
10
0.6406877952755905
20
0.1775326377952756
11
0.6385542125984252
21
0.1743394881889764
0
LINE
8
BLACK
6
CONTINUOUS
10
0.6385542125984252
20
0.1743394881889764
11
0.635361062992126
21
0.172205905511811
0
LINE
8
BLACK
6
CONTINUOUS
10
0.635361062992126
20
0.172205905511811
11
0.6315944881889763
21
0.1714566929133858
0
LINE
8
BLACK
6
CONTINUOUS
10
0.6315944881889763
20
0.1714566929133858
11
0.6050196850393701
21
0.1714566929133858
0
LINE
8
BLACK
6
CONTINUOUS
10
0.6050196850393701
20
0.1714566929133858
11
0.6012531102362204
21
0.172205905511811
0
LINE
8
BLACK
6
CONTINUOUS
10
0.6012531102362204
20
0.172205905511811
11
0.5980599606299213
21
0.1743394881889764
0
LINE
8
BLACK
6
CONTINUOUS
10
0.5980599606299213
20
0.1743394881889764
11
0.5959263779527559
21
0.1775326377952756
0
LINE
8
BLACK
6
CONTINUOUS
10
0.5959263779527559
20
0.1775326377952756
11
0.5951771653543307
21
0.1812992125984252
0
LINE
8
BLACK
6
CONTINUOUS
10
0.5951771653543307
20
0.1812992125984252
11
0.5951771653543307
21
0.2187007874015748
0
LINE
8
BLACK
6
CONTINUOUS
10
0.5951771653543307
20
0.2187007874015748
11
0.5959263779527559
21
0.2224673622047244
0
LINE
8
BLACK
6
CONTINUOUS
10
0.5959263779527559
20
0.2224673622047244
11
0.5980599606299213
21
0.2256605118110236
0
LINE
8
BLACK
6
CONTINUOUS
10
0.5980599606299213
20
0.2256605118110236
11
0.6012531102362204
21
0.227794094488189
0
LINE
8
BLACK
6
CONTINUOUS
10
0.6012531102362204
20
0.227794094488189
11
0.6050196850393701
21
0.2285433070866142
0
LINE
8
BLACK
6
CONTINUOUS
10
0.6050196850393701
20
0.2285433070866142
11
0.6315944881889763
21
0.2285433070866142
0
LINE
8
BLACK
6
CONTINUOUS
10
0.6315944881889763
20
0.2285433070866142
11
0.635361062992126
21
0.227794094488189
0
LINE
8
BLACK
6
CONTINUOUS
10
0.7170539763779528
20
0.227794094488189
11
0.720247125984252
21
0.2256605118110236
0
LINE
8
BLACK
6
CONTINUOUS
10
0.720247125984252
20
0.2256605118110236
11
0.7223807086614173
21
0.2224673622047244
0
LINE
8
BLACK
6
CONTINUOUS
10
0.7223807086614173
20
0.2224673622047244
11
0.7231299212598425
21
0.2187007874015748
0
LINE
8
BLACK
6
CONTINUOUS
10
0.7231299212598425
20
0.2187007874015748
11
0.7231299212598425
21
0.1812992125984252
0
LINE
8
BLACK
6
CONTINUOUS
10
0.7231299212598425
20
0.1812992125984252
11
0.7223807086614173
21
0.1775326377952756
0
LINE
8
BLACK
6
CONTINUOUS
10
0.7223807086614173
20
0.1775326377952756
11
0.720247125984252
21
0.1743394881889764
0
LINE
8
BLACK
6
CONTINUOUS
10
0.720247125984252
20
0.1743394881889764
11
0.7170539763779528
21
0.172205905511811
0
LINE
8
BLACK
6
CONTINUOUS
10
0.7170539763779528
20
0.172205905511811
11
0.7132874015748031
21
0.1714566929133858
0
LINE
8
BLACK
6
CONTINUOUS
10
0.7132874015748031
20
0.1714566929133858
11
0.6867125984251968
21
0.1714566929133858
0
LINE
8
BLACK
6
CONTINUOUS
10
0.6867125984251968
20
0.1714566929133858
11
0.6829460236220473
21
0.172205905511811
0
LINE
8
BLACK
6
CONTINUOUS
10
0.6829460236220473
20
0.172205905511811
11
0.679752874015748
21
0.1743394881889764
0
LINE
8
BLACK
6
CONTINUOUS
10
0.679752874015748
20
0.1743394881889764
11
0.6776192913385827
21
0.1775326377952756
0
LINE
8
BLACK
6
CONTINUOUS
10
0.6776192913385827
20
0.1775326377952756
11
0.6768700787401575
21
0.1812992125984252
0
LINE
8
BLACK
6
CONTINUOUS
10
0.6768700787401575
20
0.1812992125984252
11
0.6768700787401575
21
0.2187007874015748
0
LINE
8
BLACK
6
CONTINUOUS
10
0.6768700787401575
20
0.2187007874015748
11
0.6776192913385827
21
0.2224673622047244
0
LINE
8
BLACK
6
CONTINUOUS
10
0.6776192913385827
20
0.2224673622047244
11
0.679752874015748
21
0.2256605118110236
0
LINE
8
BLACK
6
CONTINUOUS
10
0.679752874015748
20
0.2256605118110236
11
0.6829460236220473
21
0.227794094488189
0
LINE
8
BLACK
6
CONTINUOUS
10
0.6829460236220473
20
0.227794094488189
11
0.6867125984251968
21
0.2285433070866142
0
LINE
8
BLACK
6
CONTINUOUS
10
0.6867125984251968
20
0.2285433070866142
11
0.7132874015748031
21
0.2285433070866142
0
LINE
8
BLACK
6
CONTINUOUS
10
0.7132874015748031
20
0.2285433070866142
11
0.7170539763779528
21
0.227794094488189
0
LINE
8
BLACK
6
CONTINUOUS
10
0.4289634251968504
20
0.4685421259842519
11
0.4321565748031496
21
0.4664085433070866
0
LINE
8
BLACK
6
CONTINUOUS
10
0.4321565748031496
20
0.4664085433070866
11
0.434290157480315
21
0.4632153937007874
0
LINE
8
BLACK
6
CONTINUOUS
10
0.434290157480315
20
0.4632153937007874
11
0.4350393700787402
21
0.4594488188976378
0
LINE
8
BLACK
6
CONTINUOUS
10
0.4350393700787402
20
0.4594488188976378
11
0.4350393700787402
21
0.4240157480314961
0
LINE
8
BLACK
6
CONTINUOUS
10
0.4350393700787402
20
0.4240157480314961
11
0.434290157480315
21
0.4202491732283464
0
LINE
8
BLACK
6
CONTINUOUS
10
0.434290157480315
20
0.4202491732283464
11
0.4321565748031496
21
0.4170560236220472
0
LINE
8
BLACK
6
CONTINUOUS
10
0.4321565748031496
20
0.4170560236220472
11
0.4289634251968504
21
0.4149224409448819
0
LINE
8
BLACK
6
CONTINUOUS
10
0.4289634251968504
20
0.4149224409448819
11
0.4251968503937008
21
0.4141732283464567
0
LINE
8
BLACK
6
CONTINUOUS
10
0.4251968503937008
20
0.4141732283464567
11
0.3996062992125984
21
0.4141732283464567
0
LINE
8
BLACK
6
CONTINUOUS
10
0.3996062992125984
20
0.4141732283464567
11
0.3958397244094488
21
0.4149224409448819
0
LINE
8
BLACK
6
CONTINUOUS
10
0.3958397244094488
20
0.4149224409448819
11
0.3926465748031496
21
0.4170560236220472
0
LINE
8
BLACK
6
CONTINUOUS
10
0.3926465748031496
20
0.4170560236220472
11
0.3905129921259842
21
0.4202491732283464
0
LINE
8
BLACK
6
CONTINUOUS
10
0.3905129921259842
20
0.4202491732283464
11
0.389763779527559
21
0.4240157480314961
0
LINE
8
BLACK
6
CONTINUOUS
10
0.389763779527559
20
0.4240157480314961
11
0.389763779527559
21
0.4594488188976378
0
LINE
8
BLACK
6
CONTINUOUS
10
0.389763779527559
20
0.4594488188976378
11
0.3905129921259842
21
0.4632153937007874
0
LINE
8
BLACK
6
CONTINUOUS
10
0.3905129921259842
20
0.4632153937007874
11
0.3926465748031496
21
0.4664085433070866
0
LINE
8
BLACK
6
CONTINUOUS
10
0.3926465748031496
20
0.4664085433070866
11
0.3958397244094488
21
0.4685421259842519
0
LINE
8
BLACK
6
CONTINUOUS
10
0.3958397244094488
20
0.4685421259842519
11
0.3996062992125984
21
0.4692913385826771
0
LINE
8
BLACK
6
CONTINUOUS
10
0.3996062992125984
20
0.4692913385826771
11
0.4251968503937008
21
0.4692913385826771
0
LINE
8
BLACK
6
CONTINUOUS
10
0.4251968503937008
20
0.4692913385826771
11
0.4289634251968504
21
0.4685421259842519
0
LINE
8
BLACK
6
CONTINUOUS
10
0.5096720866141732
20
0.4685421259842519
11
0.5128652362204724
21
0.4664085433070866
0
LINE
8
BLACK
6
CONTINUOUS
10
0.5128652362204724
20
0.4664085433070866
11
0.5149988188976378
21
0.4632153937007874
0
LINE
8
BLACK
6
CONTINUOUS
10
0.5149988188976378
20
0.4632153937007874
11
0.515748031496063
21
0.4594488188976378
0
LINE
8
BLACK
6
CONTINUOUS
10
0.515748031496063
20
0.4594488188976378
11
0.515748031496063
21
0.4240157480314961
0
LINE
8
BLACK
6
CONTINUOUS
10
0.515748031496063
20
0.4240157480314961
11
0.5149988188976378
21
0.4202491732283464
0
LINE
8
BLACK
6
CONTINUOUS
10
0.5149988188976378
20
0.4202491732283464
11
0.5128652362204724
21
0.4170560236220472
0
LINE
8
BLACK
6
CONTINUOUS
10
0.5128652362204724
20
0.4170560236220472
11
0.5096720866141732
21
0.4149224409448819
0
LINE
8
BLACK
6
CONTINUOUS
10
0.5096720866141732
20
0.4149224409448819
11
0.5059055118110236
21
0.4141732283464567
0
LINE
8
BLACK
6
CONTINUOUS
10
0.5059055118110236
20
0.4141732283464567
11
0.4803149606299212
21
0.4141732283464567
0
LINE
8
BLACK
6
CONTINUOUS
10
0.4803149606299212
20
0.4141732283464567
11
0.4765483858267717
21
0.4149224409448819
0
LINE
8
BLACK
6
CONTINUOUS
10
0.4765483858267717
20
0.4149224409448819
11
0.4733552362204724
21
0.4170560236220472
0
LINE
8
BLACK
6
CONTINUOUS
10
0.4733552362204724
20
0.4170560236220472
11
0.4712216535433071
21
0.4202491732283464
0
LINE
8
BLACK
6
CONTINUOUS
10
0.4712216535433071
20
0.4202491732283464
11
0.4704724409448819
21
0.4240157480314961
0
LINE
8
BLACK
6
CONTINUOUS
10
0.4704724409448819
20
0.4240157480314961
11
0.4704724409448819
21
0.4594488188976378
0
LINE
8
BLACK
6
CONTINUOUS
10
0.4704724409448819
20
0.4594488188976378
11
0.4712216535433071
21
0.4632153937007874
0
LINE
8
BLACK
6
CONTINUOUS
10
0.4712216535433071
20
0.4632153937007874
11
0.4733552362204724
21
0.4664085433070866
0
LINE
8
BLACK
6
CONTINUOUS
10
0.4733552362204724
20
0.4664085433070866
11
0.4765483858267717
21
0.4685421259842519
0
LINE
8
BLACK
6
CONTINUOUS
10
0.4765483858267717
20
0.4685421259842519
11
0.4803149606299212
21
0.4692913385826771
0
LINE
8
BLACK
6
CONTINUOUS
10
0.4803149606299212
20
0.4692913385826771
11
0.5059055118110236
21
0.4692913385826771
0
LINE
8
BLACK
6
CONTINUOUS
10
0.5059055118110236
20
0.4692913385826771
11
0.5096720866141732
21
0.4685421259842519
0
LINE
8
BLACK
6
CONTINUOUS
10
0.5706957086614173
20
0.7825185039370078
11
0.5738888582677165
21
0.7803849212598425
0
LINE
8
BLACK
6
CONTINUOUS
10
0.5738888582677165
20
0.7803849212598425
11
0.5760224409448819
21
0.7771917716535433
0
LINE
8
BLACK
6
CONTINUOUS
10
0.5760224409448819
20
0.7771917716535433
11
0.5767716535433071
21
0.7734251968503937
0
LINE
8
BLACK
6
CONTINUOUS
10
0.5767716535433071
20
0.7734251968503937
11
0.5767716535433071
21
0.736023622047244
0
LINE
8
BLACK
6
CONTINUOUS
10
0.5767716535433071
20
0.736023622047244
11
0.5760224409448819
21
0.7322570472440945
0
LINE
8
BLACK
6
CONTINUOUS
10
0.5760224409448819
20
0.7322570472440945
11
0.5738888582677165
21
0.7290638976377952
0
LINE
8
BLACK
6
CONTINUOUS
10
0.5738888582677165
20
0.7290638976377952
11
0.5706957086614173
21
0.7269303149606299
0
LINE
8
BLACK
6
CONTINUOUS
10
0.5706957086614173
20
0.7269303149606299
11
0.5669291338582677
21
0.7261811023622047
0
LINE
8
BLACK
6
CONTINUOUS
10
0.5669291338582677
20
0.7261811023622047
11
0.5403543307086615
21
0.7261811023622047
0
LINE
8
BLACK
6
CONTINUOUS
10
0.5403543307086615
20
0.7261811023622047
11
0.5365877559055118
21
0.7269303149606299
0
LINE
8
BLACK
6
CONTINUOUS
10
0.5365877559055118
20
0.7269303149606299
11
0.5333946062992125
21
0.7290638976377952
0
LINE
8
BLACK
6
CONTINUOUS
10
0.5333946062992125
20
0.7290638976377952
11
0.5312610236220472
21
0.7322570472440945
0
LINE
8
BLACK
6
CONTINUOUS
10
0.5312610236220472
20
0.7322570472440945
11
0.530511811023622
21
0.736023622047244
0
LINE
8
BLACK
6
CONTINUOUS
10
0.530511811023622
20
0.736023622047244
11
0.530511811023622
21
0.7734251968503937
0
LINE
8
BLACK
6
CONTINUOUS
10
0.530511811023622
20
0.7734251968503937
11
0.5312610236220472
21
0.7771917716535433
0
LINE
8
BLACK
6
CONTINUOUS
10
0.5312610236220472
20
0.7771917716535433
11
0.5333946062992125
21
0.7803849212598425
0
LINE
8
BLACK
6
CONTINUOUS
10
0.5333946062992125
20
0.7803849212598425
11
0.5365877559055118
21
0.7825185039370078
0
LINE
8
BLACK
6
CONTINUOUS
10
0.5365877559055118
20
0.7825185039370078
11
0.5403543307086615
21
0.783267716535433
0
LINE
8
BLACK
6
CONTINUOUS
10
0.5403543307086615
20
0.783267716535433
11
0.5669291338582677
21
0.783267716535433
0
LINE
8
BLACK
6
CONTINUOUS
10
0.5669291338582677
20
0.783267716535433
11
0.5706957086614173
21
0.7825185039370078
0
LINE
8
BLACK
6
CONTINUOUS
10
0.6523886220472441
20
0.7825185039370078
11
0.6555817716535433
21
0.7803849212598425
0
LINE
8
BLACK
6
CONTINUOUS
10
0.6555817716535433
20
0.7803849212598425
11
0.6577153543307086
21
0.7771917716535433
0
LINE
8
BLACK
6
CONTINUOUS
10
0.6577153543307086
20
0.7771917716535433
11
0.6584645669291338
21
0.7734251968503937
0
LINE
8
BLACK
6
CONTINUOUS
10
0.6584645669291338
20
0.7734251968503937
11
0.6584645669291338
21
0.736023622047244
0
LINE
8
BLACK
6
CONTINUOUS
10
0.6584645669291338
20
0.736023622047244
11
0.6577153543307086
21
0.7322570472440945
0
LINE
8
BLACK
6
CONTINUOUS
10
0.6577153543307086
20
0.7322570472440945
11
0.6555817716535433
21
0.7290638976377952
0
LINE
8
BLACK
6
CONTINUOUS
10
0.6555817716535433
20
0.7290638976377952
11
0.6523886220472441
21
0.7269303149606299
0
LINE
8
BLACK
6
CONTINUOUS
10
0.6523886220472441
20
0.7269303149606299
11
0.6486220472440944
21
0.7261811023622047
0
LINE
8
BLACK
6
CONTINUOUS
10
0.6486220472440944
20
0.7261811023622047
11
0.6220472440944882
21
0.7261811023622047
0
LINE
8
BLACK
6
CONTINUOUS
10
0.6220472440944882
20
0.7261811023622047
11
0.6182806692913385
21
0.7269303149606299
0
LINE
8
BLACK
6
CONTINUOUS
10
0.6182806692913385
20
0.7269303149606299
11
0.6150875196850394
21
0.7290638976377952
0
LINE
8
BLACK
6
CONTINUOUS
10
0.6150875196850394
20
0.7290638976377952
11
0.612953937007874
21
0.7322570472440945
0
LINE
8
BLACK
6
CONTINUOUS
10
0.612953937007874
20
0.7322570472440945
11
0.6122047244094488
21
0.736023622047244
0
LINE
8
BLACK
6
CONTINUOUS
10
0.6122047244094488
20
0.736023622047244
11
0.6122047244094488
21
0.7734251968503937
0
LINE
8
BLACK
6
CONTINUOUS
10
0.6122047244094488
20
0.7734251968503937
11
0.612953937007874
21
0.7771917716535433
0
LINE
8
BLACK
6
CONTINUOUS
10
0.612953937007874
20
0.7771917716535433
11
0.6150875196850394
21
0.7803849212598425
0
LINE
8
BLACK
6
CONTINUOUS
10
0.6150875196850394
20
0.7803849212598425
11
0.6182806692913385
21
0.7825185039370078
0
LINE
8
BLACK
6
CONTINUOUS
10
0.6182806692913385
20
0.7825185039370078
11
0.6220472440944882
21
0.783267716535433
0
LINE
8
BLACK
6
CONTINUOUS
10
0.6220472440944882
20
0.783267716535433
11
0.6486220472440944
21
0.783267716535433
0
LINE
8
BLACK
6
CONTINUOUS
10
0.6486220472440944
20
0.783267716535433
11
0.6523886220472441
21
0.7825185039370078
0
LINE
8
BLACK
6
CONTINUOUS
10
1.0903610629921259
20
0.974801968503937
11
1.0935542125984252
21
0.9726683858267716
0
LINE
8
BLACK
6
CONTINUOUS
10
1.0935542125984252
20
0.9726683858267716
11
1.0956877952755906
21
0.9694752362204724
0
LINE
8
BLACK
6
CONTINUOUS
10
1.0956877952755906
20
0.9694752362204724
11
1.0964370078740158
21
0.9657086614173228
0
LINE
8
BLACK
6
CONTINUOUS
10
1.0964370078740158
20
0.9657086614173228
11
1.0964370078740158
21
0.9283070866141732
0
LINE
8
BLACK
6
CONTINUOUS
10
1.0964370078740158
20
0.9283070866141732
11
1.0956877952755906
21
0.9245405118110236
0
LINE
8
BLACK
6
CONTINUOUS
10
1.0956877952755906
20
0.9245405118110236
11
1.0935542125984252
21
0.9213473622047244
0
LINE
8
BLACK
6
CONTINUOUS
10
1.0935542125984252
20
0.9213473622047244
11
1.0903610629921259
21
0.919213779527559
0
LINE
8
BLACK
6
CONTINUOUS
10
1.0903610629921259
20
0.919213779527559
11
1.0865944881889764
21
0.9184645669291338
0
LINE
8
BLACK
6
CONTINUOUS
10
1.0865944881889764
20
0.9184645669291338
11
1.0600196850393702
21
0.9184645669291338
0
LINE
8
BLACK
6
CONTINUOUS
10
1.0600196850393702
20
0.9184645669291338
11
1.0562531102362205
21
0.919213779527559
0
LINE
8
BLACK
6
CONTINUOUS
10
1.0562531102362205
20
0.919213779527559
11
1.0530599606299211
21
0.9213473622047244
0
LINE
8
BLACK
6
CONTINUOUS
10
1.0530599606299211
20
0.9213473622047244
11
1.0509263779527558
21
0.9245405118110236
0
LINE
8
BLACK
6
CONTINUOUS
10
1.0509263779527558
20
0.9245405118110236
11
1.0501771653543306
21
0.9283070866141732
0
LINE
8
BLACK
6
CONTINUOUS
10
1.0501771653543306
20
0.9283070866141732
11
1.0501771653543306
21
0.9657086614173228
0
LINE
8
BLACK
6
CONTINUOUS
10
1.0501771653543306
20
0.9657086614173228
11
1.0509263779527558
21
0.9694752362204724
0
LINE
8
BLACK
6
CONTINUOUS
10
1.0509263779527558
20
0.9694752362204724
11
1.0530599606299211
21
0.9726683858267716
0
LINE
8
BLACK
6
CONTINUOUS
10
1.0530599606299211
20
0.9726683858267716
11
1.0562531102362205
21
0.974801968503937
0
LINE
8
BLACK
6
CONTINUOUS
10
1.0562531102362205
20
0.974801968503937
11
1.0600196850393702
21
0.9755511811023622
0
LINE
8
BLACK
6
CONTINUOUS
10
1.0600196850393702
20
0.9755511811023622
11
1.0865944881889764
21
0.9755511811023622
0
LINE
8
BLACK
6
CONTINUOUS
10
1.0865944881889764
20
0.9755511811023622
11
1.0903610629921259
21
0.974801968503937
0
LINE
8
BLACK
6
CONTINUOUS
10
1.1720539763779527
20
0.974801968503937
11
1.1752471259842519
21
0.9726683858267716
0
LINE
8
BLACK
6
CONTINUOUS
10
1.1752471259842519
20
0.9726683858267716
11
1.1773807086614172
21
0.9694752362204724
0
LINE
8
BLACK
6
CONTINUOUS
10
1.1773807086614172
20
0.9694752362204724
11
1.1781299212598424
21
0.9657086614173228
0
LINE
8
BLACK
6
CONTINUOUS
10
1.1781299212598424
20
0.9657086614173228
11
1.1781299212598424
21
0.9283070866141732
0
LINE
8
BLACK
6
CONTINUOUS
10
1.1781299212598424
20
0.9283070866141732
11
1.1773807086614172
21
0.9245405118110236
0
LINE
8
BLACK
6
CONTINUOUS
10
1.1773807086614172
20
0.9245405118110236
11
1.1752471259842519
21
0.9213473622047244
0
LINE
8
BLACK
6
CONTINUOUS
10
1.1752471259842519
20
0.9213473622047244
11
1.1720539763779527
21
0.919213779527559
0
LINE
8
BLACK
6
CONTINUOUS
10
1.1720539763779527
20
0.919213779527559
11
1.168287401574803
21
0.9184645669291338
0
LINE
8
BLACK
6
CONTINUOUS
10
1.168287401574803
20
0.9184645669291338
11
1.1417125984251968
21
0.9184645669291338
0
LINE
8
BLACK
6
CONTINUOUS
10
1.1417125984251968
20
0.9184645669291338
11
1.1379460236220471
21
0.919213779527559
0
LINE
8
BLACK
6
CONTINUOUS
10
1.1379460236220471
20
0.919213779527559
11
1.134752874015748
21
0.9213473622047244
0
LINE
8
BLACK
6
CONTINUOUS
10
1.134752874015748
20
0.9213473622047244
11
1.1326192913385826
21
0.9245405118110236
0
LINE
8
BLACK
6
CONTINUOUS
10
1.1326192913385826
20
0.9245405118110236
11
1.1318700787401574
21
0.9283070866141732
0
LINE
8
BLACK
6
CONTINUOUS
10
1.1318700787401574
20
0.9283070866141732
11
1.1318700787401574
21
0.9657086614173228
0
LINE
8
BLACK
6
CONTINUOUS
10
1.1318700787401574
20
0.9657086614173228
11
1.1326192913385826
21
0.9694752362204724
0
LINE
8
BLACK
6
CONTINUOUS
10
1.1326192913385826
20
0.9694752362204724
11
1.134752874015748
21
0.9726683858267716
0
LINE
8
BLACK
6
CONTINUOUS
10
1.134752874015748
20
0.9726683858267716
11
1.1379460236220471
21
0.974801968503937
0
LINE
8
BLACK
6
CONTINUOUS
10
1.1379460236220471
20
0.974801968503937
11
1.1417125984251968
21
0.9755511811023622
0
LINE
8
BLACK
6
CONTINUOUS
10
1.1417125984251968
20
0.9755511811023622
11
1.168287401574803
21
0.9755511811023622
0
LINE
8
BLACK
6
CONTINUOUS
10
1.168287401574803
20
0.9755511811023622
11
1.1720539763779527
21
0.974801968503937
0
LINE
8
BLACK
6
CONTINUOUS
10
1.2483531889763779
20
0.974801968503937
11
1.2515463385826771
21
0.9726683858267716
0
LINE
8
BLACK
6
CONTINUOUS
10
1.2515463385826771
20
0.9726683858267716
11
1.2536799212598424
21
0.9694752362204724
0
LINE
8
BLACK
6
CONTINUOUS
10
1.2536799212598424
20
0.9694752362204724
11
1.2544291338582676
21
0.9657086614173228
0
LINE
8
BLACK
6
CONTINUOUS
10
1.2544291338582676
20
0.9657086614173228
11
1.2544291338582676
21
0.9283070866141732
0
LINE
8
BLACK
6
CONTINUOUS
10
1.2544291338582676
20
0.9283070866141732
11
1.2536799212598424
21
0.9245405118110236
0
LINE
8
BLACK
6
CONTINUOUS
10
1.2536799212598424
20
0.9245405118110236
11
1.2515463385826771
21
0.9213473622047244
0
LINE
8
BLACK
6
CONTINUOUS
10
1.2515463385826771
20
0.9213473622047244
11
1.2483531889763779
21
0.919213779527559
0
LINE
8
BLACK
6
CONTINUOUS
10
1.2483531889763779
20
0.919213779527559
11
1.2445866141732282
21
0.9184645669291338
0
LINE
8
BLACK
6
CONTINUOUS
10
1.2445866141732282
20
0.9184645669291338
11
1.218011811023622
21
0.9184645669291338
0
LINE
8
BLACK
6
CONTINUOUS
10
1.218011811023622
20
0.9184645669291338
11
1.2142452362204723
21
0.919213779527559
0
LINE
8
BLACK
6
CONTINUOUS
10
1.2142452362204723
20
0.919213779527559
11
1.2110520866141732
21
0.9213473622047244
0
LINE
8
BLACK
6
CONTINUOUS
10
1.2110520866141732
20
0.9213473622047244
11
1.2089185039370078
21
0.9245405118110236
0
LINE
8
BLACK
6
CONTINUOUS
10
1.2089185039370078
20
0.9245405118110236
11
1.2081692913385826
21
0.9283070866141732
0
LINE
8
BLACK
6
CONTINUOUS
10
1.2081692913385826
20
0.9283070866141732
11
1.2081692913385826
21
0.9657086614173228
0
LINE
8
BLACK
6
CONTINUOUS
10
1.2081692913385826
20
0.9657086614173228
11
1.2089185039370078
21
0.9694752362204724
0
LINE
8
BLACK
6
CONTINUOUS
10
1.2089185039370078
20
0.9694752362204724
11
1.2110520866141732
21
0.9726683858267716
0
LINE
8
BLACK
6
CONTINUOUS
10
1.2110520866141732
20
0.9726683858267716
11
1.2142452362204723
21
0.974801968503937
0
LINE
8
BLACK
6
CONTINUOUS
10
1.2142452362204723
20
0.974801968503937
11
1.218011811023622
21
0.9755511811023622
0
LINE
8
BLACK
6
CONTINUOUS
10
1.218011811023622
20
0.9755511811023622
11
1.2445866141732282
21
0.9755511811023622
0
LINE
8
BLACK
6
CONTINUOUS
10
1.2445866141732282
20
0.9755511811023622
11
1.2483531889763779
21
0.974801968503937
0
LINE
8
BLACK
6
CONTINUOUS
10
1.3300461023622048
20
0.974801968503937
11
1.3332392519685039
21
0.9726683858267716
0
LINE
8
BLACK
6
CONTINUOUS
10
1.3332392519685039
20
0.9726683858267716
11
1.3353728346456692
21
0.9694752362204724
0
LINE
8
BLACK
6
CONTINUOUS
10
1.3353728346456692
20
0.9694752362204724
11
1.3361220472440944
21
0.9657086614173228
0
LINE
8
BLACK
6
CONTINUOUS
10
1.3361220472440944
20
0.9657086614173228
11
1.3361220472440944
21
0.9283070866141732
0
LINE
8
BLACK
6
CONTINUOUS
10
1.3361220472440944
20
0.9283070866141732
11
1.3353728346456692
21
0.9245405118110236
0
LINE
8
BLACK
6
CONTINUOUS
10
1.3353728346456692
20
0.9245405118110236
11
1.3332392519685039
21
0.9213473622047244
0
LINE
8
BLACK
6
CONTINUOUS
10
1.3332392519685039
20
0.9213473622047244
11
1.3300461023622048
21
0.919213779527559
0
LINE
8
BLACK
6
CONTINUOUS
10
1.3300461023622048
20
0.919213779527559
11
1.3262795275590551
21
0.9184645669291338
0
LINE
8
BLACK
6
CONTINUOUS
10
1.3262795275590551
20
0.9184645669291338
11
1.2997047244094488
21
0.9184645669291338
0
LINE
8
BLACK
6
CONTINUOUS
10
1.2997047244094488
20
0.9184645669291338
11
1.2959381496062992
21
0.919213779527559
0
LINE
8
BLACK
6
CONTINUOUS
10
1.2959381496062992
20
0.919213779527559
11
1.292745
21
0.9213473622047244
0
LINE
8
BLACK
6
CONTINUOUS
10
1.292745
20
0.9213473622047244
11
1.2906114173228347
21
0.9245405118110236
0
LINE
8
BLACK
6
CONTINUOUS
10
1.2906114173228347
20
0.9245405118110236
11
1.2898622047244095
21
0.9283070866141732
0
LINE
8
BLACK
6
CONTINUOUS
10
1.2898622047244095
20
0.9283070866141732
11
1.2898622047244095
21
0.9657086614173228
0
LINE
8
BLACK
6
CONTINUOUS
10
1.2898622047244095
20
0.9657086614173228
11
1.2906114173228347
21
0.9694752362204724
0
LINE
8
BLACK
6
CONTINUOUS
10
1.2906114173228347
20
0.9694752362204724
11
1.292745
21
0.9726683858267716
0
LINE
8
BLACK
6
CONTINUOUS
10
1.292745
20
0.9726683858267716
11
1.2959381496062992
21
0.974801968503937
0
LINE
8
BLACK
6
CONTINUOUS
10
1.2959381496062992
20
0.974801968503937
11
1.2997047244094488
21
0.9755511811023622
0
LINE
8
BLACK
6
CONTINUOUS
10
1.2997047244094488
20
0.9755511811023622
11
1.3262795275590551
21
0.9755511811023622
0
LINE
8
BLACK
6
CONTINUOUS
10
1.3262795275590551
20
0.9755511811023622
11
1.3300461023622048
21
0.974801968503937
0
LINE
8
BLACK
6
CONTINUOUS
10
1.2820539763779528
20
1.2677940944881889
11
1.2852471259842519
21
1.2656605118110236
0
LINE
8
BLACK
6
CONTINUOUS
10
1.2852471259842519
20
1.2656605118110236
11
1.2873807086614173
21
1.2624673622047244
0
LINE
8
BLACK
6
CONTINUOUS
10
1.2873807086614173
20
1.2624673622047244
11
1.2881299212598425
21
1.2587007874015748
0
LINE
8
BLACK
6
CONTINUOUS
10
1.2881299212598425
20
1.2587007874015748
11
1.2881299212598425
21
1.2212992125984252
0
LINE
8
BLACK
6
CONTINUOUS
10
1.2881299212598425
20
1.2212992125984252
11
1.2873807086614173
21
1.2175326377952755
0
LINE
8
BLACK
6
CONTINUOUS
10
1.2873807086614173
20
1.2175326377952755
11
1.2852471259842519
21
1.2143394881889764
0
LINE
8
BLACK
6
CONTINUOUS
10
1.2852471259842519
20
1.2143394881889764
11
1.2820539763779528
21
1.2122059055118111
0
LINE
8
BLACK
6
CONTINUOUS
10
1.2820539763779528
20
1.2122059055118111
11
1.2782874015748031
21
1.2114566929133859
0
LINE
8
BLACK
6
CONTINUOUS
10
1.2782874015748031
20
1.2114566929133859
11
1.2517125984251969
21
1.2114566929133859
0
LINE
8
BLACK
6
CONTINUOUS
10
1.2517125984251969
20
1.2114566929133859
11
1.2479460236220472
21
1.2122059055118111
0
LINE
8
BLACK
6
CONTINUOUS
10
1.2479460236220472
20
1.2122059055118111
11
1.2447528740157481
21
1.2143394881889764
0
LINE
8
BLACK
6
CONTINUOUS
10
1.2447528740157481
20
1.2143394881889764
11
1.2426192913385827
21
1.2175326377952755
0
LINE
8
BLACK
6
CONTINUOUS
10
1.2426192913385827
20
1.2175326377952755
11
1.2418700787401575
21
1.2212992125984252
0
LINE
8
BLACK
6
CONTINUOUS
10
1.2418700787401575
20
1.2212992125984252
11
1.2418700787401575
21
1.2587007874015748
0
LINE
8
BLACK
6
CONTINUOUS
10
1.2418700787401575
20
1.2587007874015748
11
1.2426192913385827
21
1.2624673622047244
0
LINE
8
BLACK
6
CONTINUOUS
10
1.2426192913385827
20
1.2624673622047244
11
1.2447528740157481
21
1.2656605118110236
0
LINE
8
BLACK
6
CONTINUOUS
10
1.2447528740157481
20
1.2656605118110236
11
1.2479460236220472
21
1.2677940944881889
0
LINE
8
BLACK
6
CONTINUOUS
10
1.2479460236220472
20
1.2677940944881889
11
1.2517125984251969
21
1.2685433070866141
0
LINE
8
BLACK
6
CONTINUOUS
10
1.2517125984251969
20
1.2685433070866141
11
1.2782874015748031
21
1.2685433070866141
0
LINE
8
BLACK
6
CONTINUOUS
10
1.2782874015748031
20
1.2685433070866141
11
1.2820539763779528
21
1.2677940944881889
0
LINE
8
BLACK
6
CONTINUOUS
10
1.3637468897637794
20
1.2677940944881889
11
1.3669400393700788
21
1.2656605118110236
0
LINE
8
BLACK
6
CONTINUOUS
10
1.3669400393700788
20
1.2656605118110236
11
1.3690736220472441
21
1.2624673622047244
0
LINE
8
BLACK
6
CONTINUOUS
10
1.3690736220472441
20
1.2624673622047244
11
1.3698228346456693
21
1.2587007874015748
0
LINE
8
BLACK
6
CONTINUOUS
10
1.3698228346456693
20
1.2587007874015748
11
1.3698228346456693
21
1.2212992125984252
0
LINE
8
BLACK
6
CONTINUOUS
10
1.3698228346456693
20
1.2212992125984252
11
1.3690736220472441
21
1.2175326377952755
0
LINE
8
BLACK
6
CONTINUOUS
10
1.3690736220472441
20
1.2175326377952755
11
1.3669400393700788
21
1.2143394881889764
0
LINE
8
BLACK
6
CONTINUOUS
10
1.3669400393700788
20
1.2143394881889764
11
1.3637468897637794
21
1.2122059055118111
0
LINE
8
BLACK
6
CONTINUOUS
10
1.3637468897637794
20
1.2122059055118111
11
1.35998031496063
21
1.2114566929133859
0
LINE
8
BLACK
6
CONTINUOUS
10
1.35998031496063
20
1.2114566929133859
11
1.3334055118110235
21
1.2114566929133859
0
LINE
8
BLACK
6
CONTINUOUS
10
1.3334055118110235
20
1.2114566929133859
11
1.3296389370078741
21
1.2122059055118111
0
LINE
8
BLACK
6
CONTINUOUS
10
1.3296389370078741
20
1.2122059055118111
11
1.3264457874015747
21
1.2143394881889764
0
LINE
8
BLACK
6
CONTINUOUS
10
1.3264457874015747
20
1.2143394881889764
11
1.3243122047244094
21
1.2175326377952755
0
LINE
8
BLACK
6
CONTINUOUS
10
1.3243122047244094
20
1.2175326377952755
11
1.3235629921259842
21
1.2212992125984252
0
LINE
8
BLACK
6
CONTINUOUS
10
1.3235629921259842
20
1.2212992125984252
11
1.3235629921259842
21
1.2587007874015748
0
LINE
8
BLACK
6
CONTINUOUS
10
1.3235629921259842
20
1.2587007874015748
11
1.3243122047244094
21
1.2624673622047244
0
LINE
8
BLACK
6
CONTINUOUS
10
1.3243122047244094
20
1.2624673622047244
11
1.3264457874015747
21
1.2656605118110236
0
LINE
8
BLACK
6
CONTINUOUS
10
1.3264457874015747
20
1.2656605118110236
11
1.3296389370078741
21
1.2677940944881889
0
LINE
8
BLACK
6
CONTINUOUS
10
1.3296389370078741
20
1.2677940944881889
11
1.3334055118110235
21
1.2685433070866141
0
LINE
8
BLACK
6
CONTINUOUS
10
1.3334055118110235
20
1.2685433070866141
11
1.35998031496063
21
1.2685433070866141
0
LINE
8
BLACK
6
CONTINUOUS
10
1.35998031496063
20
1.2685433070866141
11
1.3637468897637794
21
1.2677940944881889
0
LINE
8
BLACK
6
CONTINUOUS
10
1.2825461023622047
20
1.367794094488189
11
1.2857392519685038
21
1.3656605118110237
0
LINE
8
BLACK
6
CONTINUOUS
10
1.2857392519685038
20
1.3656605118110237
11
1.2878728346456692
21
1.3624673622047243
0
LINE
8
BLACK
6
CONTINUOUS
10
1.2878728346456692
20
1.3624673622047243
11
1.2886220472440943
21
1.3587007874015748
0
LINE
8
BLACK
6
CONTINUOUS
10
1.2886220472440943
20
1.3587007874015748
11
1.2886220472440943
21
1.3212992125984251
0
LINE
8
BLACK
6
CONTINUOUS
10
1.2886220472440943
20
1.3212992125984251
11
1.2878728346456692
21
1.3175326377952756
0
LINE
8
BLACK
6
CONTINUOUS
10
1.2878728346456692
20
1.3175326377952756
11
1.2857392519685038
21
1.3143394881889763
0
LINE
8
BLACK
6
CONTINUOUS
10
1.2857392519685038
20
1.3143394881889763
11
1.2825461023622047
21
1.3122059055118109
0
LINE
8
BLACK
6
CONTINUOUS
10
1.2825461023622047
20
1.3122059055118109
11
1.278779527559055
21
1.3114566929133857
0
LINE
8
BLACK
6
CONTINUOUS
10
1.278779527559055
20
1.3114566929133857
11
1.2522047244094487
21
1.3114566929133857
0
LINE
8
BLACK
6
CONTINUOUS
10
1.2522047244094487
20
1.3114566929133857
11
1.2484381496062993
21
1.3122059055118109
0
LINE
8
BLACK
6
CONTINUOUS
10
1.2484381496062993
20
1.3122059055118109
11
1.2452449999999999
21
1.3143394881889763
0
LINE
8
BLACK
6
CONTINUOUS
10
1.2452449999999999
20
1.3143394881889763
11
1.2431114173228346
21
1.3175326377952756
0
LINE
8
BLACK
6
CONTINUOUS
10
1.2431114173228346
20
1.3175326377952756
11
1.2423622047244094
21
1.3212992125984251
0
LINE
8
BLACK
6
CONTINUOUS
10
1.2423622047244094
20
1.3212992125984251
11
1.2423622047244094
21
1.3587007874015748
0
LINE
8
BLACK
6
CONTINUOUS
10
1.2423622047244094
20
1.3587007874015748
11
1.2431114173228346
21
1.3624673622047243
0
LINE
8
BLACK
6
CONTINUOUS
10
1.2431114173228346
20
1.3624673622047243
11
1.2452449999999999
21
1.3656605118110237
0
LINE
8
BLACK
6
CONTINUOUS
10
1.2452449999999999
20
1.3656605118110237
11
1.2484381496062993
21
1.367794094488189
0
LINE
8
BLACK
6
CONTINUOUS
10
1.2484381496062993
20
1.367794094488189
11
1.2522047244094487
21
1.3685433070866142
0
LINE
8
BLACK
6
CONTINUOUS
10
1.2522047244094487
20
1.3685433070866142
11
1.278779527559055
21
1.3685433070866142
0
LINE
8
BLACK
6
CONTINUOUS
10
1.278779527559055
20
1.3685433070866142
11
1.2825461023622047
21
1.367794094488189
0
LINE
8
BLACK
6
CONTINUOUS
10
1.3642390157480315
20
1.367794094488189
11
1.3674321653543307
21
1.3656605118110237
0
LINE
8
BLACK
6
CONTINUOUS
10
1.3674321653543307
20
1.3656605118110237
11
1.369565748031496
21
1.3624673622047243
0
LINE
8
BLACK
6
CONTINUOUS
10
1.369565748031496
20
1.3624673622047243
11
1.3703149606299212
21
1.3587007874015748
0
LINE
8
BLACK
6
CONTINUOUS
10
1.3703149606299212
20
1.3587007874015748
11
1.3703149606299212
21
1.3212992125984251
0
LINE
8
BLACK
6
CONTINUOUS
10
1.3703149606299212
20
1.3212992125984251
11
1.369565748031496
21
1.3175326377952756
0
LINE
8
BLACK
6
CONTINUOUS
10
1.369565748031496
20
1.3175326377952756
11
1.3674321653543307
21
1.3143394881889763
0
LINE
8
BLACK
6
CONTINUOUS
10
1.3674321653543307
20
1.3143394881889763
11
1.3642390157480315
21
1.3122059055118109
0
LINE
8
BLACK
6
CONTINUOUS
10
1.3642390157480315
20
1.3122059055118109
11
1.3604724409448818
21
1.3114566929133857
0
LINE
8
BLACK
6
CONTINUOUS
10
1.3604724409448818
20
1.3114566929133857
11
1.3338976377952756
21
1.3114566929133857
0
LINE
8
BLACK
6
CONTINUOUS
10
1.3338976377952756
20
1.3114566929133857
11
1.3301310629921259
21
1.3122059055118109
0
LINE
8
BLACK
6
CONTINUOUS
10
1.3301310629921259
20
1.3122059055118109
11
1.3269379133858268
21
1.3143394881889763
0
LINE
8
BLACK
6
CONTINUOUS
10
1.3269379133858268
20
1.3143394881889763
11
1.3248043307086614
21
1.3175326377952756
0
LINE
8
BLACK
6
CONTINUOUS
10
1.3248043307086614
20
1.3175326377952756
11
1.3240551181102362
21
1.3212992125984251
0
LINE
8
BLACK
6
CONTINUOUS
10
1.3240551181102362
20
1.3212992125984251
11
1.3240551181102362
21
1.3587007874015748
0
LINE
8
BLACK
6
CONTINUOUS
10
1.3240551181102362
20
1.3587007874015748
11
1.3248043307086614
21
1.3624673622047243
0
LINE
8
BLACK
6
CONTINUOUS
10
1.3248043307086614
20
1.3624673622047243
11
1.3269379133858268
21
1.3656605118110237
0
LINE
8
BLACK
6
CONTINUOUS
10
1.3269379133858268
20
1.3656605118110237
11
1.3301310629921259
21
1.367794094488189
0
LINE
8
BLACK
6
CONTINUOUS
10
1.3301310629921259
20
1.367794094488189
11
1.3338976377952756
21
1.3685433070866142
0
LINE
8
BLACK
6
CONTINUOUS
10
1.3338976377952756
20
1.3685433070866142
11
1.3604724409448818
21
1.3685433070866142
0
LINE
8
BLACK
6
CONTINUOUS
10
1.3604724409448818
20
1.3685433070866142
11
1.3642390157480315
21
1.367794094488189
0
LINE
8
BLACK
6
CONTINUOUS
10
0.9634122440944881
20
1.3917704724409448
11
0.9666053937007874
21
1.3896368897637794
0
LINE
8
BLACK
6
CONTINUOUS
10
0.9666053937007874
20
1.3896368897637794
11
0.9687389763779527
21
1.3864437401574803
0
LINE
8
BLACK
6
CONTINUOUS
10
0.9687389763779527
20
1.3864437401574803
11
0.9694881889763779
21
1.3826771653543306
0
LINE
8
BLACK
6
CONTINUOUS
10
0.9694881889763779
20
1.3826771653543306
11
0.9694881889763779
21
1.3561023622047244
0
LINE
8
BLACK
6
CONTINUOUS
10
0.9694881889763779
20
1.3561023622047244
11
0.9687389763779527
21
1.3523357874015747
0
LINE
8
BLACK
6
CONTINUOUS
10
0.9687389763779527
20
1.3523357874015747
11
0.9666053937007874
21
1.3491426377952755
0
LINE
8
BLACK
6
CONTINUOUS
10
0.9666053937007874
20
1.3491426377952755
11
0.9634122440944881
21
1.3470090551181102
0
LINE
8
BLACK
6
CONTINUOUS
10
0.9634122440944881
20
1.3470090551181102
11
0.9596456692913385
21
1.346259842519685
0
LINE
8
BLACK
6
CONTINUOUS
10
0.9596456692913385
20
1.346259842519685
11
0.922244094488189
21
1.346259842519685
0
LINE
8
BLACK
6
CONTINUOUS
10
0.922244094488189
20
1.346259842519685
11
0.9184775196850393
21
1.3470090551181102
0
LINE
8
BLACK
6
CONTINUOUS
10
0.9184775196850393
20
1.3470090551181102
11
0.9152843700787401
21
1.3491426377952755
0
LINE
8
BLACK
6
CONTINUOUS
10
0.9152843700787401
20
1.3491426377952755
11
0.9131507874015747
21
1.3523357874015747
0
LINE
8
BLACK
6
CONTINUOUS
10
0.9131507874015747
20
1.3523357874015747
11
0.9124015748031495
21
1.3561023622047244
0
LINE
8
BLACK
6
CONTINUOUS
10
0.9124015748031495
20
1.3561023622047244
11
0.9124015748031495
21
1.3826771653543306
0
LINE
8
BLACK
6
CONTINUOUS
10
0.9124015748031495
20
1.3826771653543306
11
0.9131507874015747
21
1.3864437401574803
0
LINE
8
BLACK
6
CONTINUOUS
10
0.9131507874015747
20
1.3864437401574803
11
0.9152843700787401
21
1.3896368897637794
0
LINE
8
BLACK
6
CONTINUOUS
10
0.9152843700787401
20
1.3896368897637794
11
0.9184775196850393
21
1.3917704724409448
0
LINE
8
BLACK
6
CONTINUOUS
10
0.9184775196850393
20
1.3917704724409448
11
0.922244094488189
21
1.39251968503937
0
LINE
8
BLACK
6
CONTINUOUS
10
0.922244094488189
20
1.39251968503937
11
0.9596456692913385
21
1.39251968503937
0
LINE
8
BLACK
6
CONTINUOUS
10
0.9596456692913385
20
1.39251968503937
11
0.9634122440944881
21
1.3917704724409448
0
LINE
8
BLACK
6
CONTINUOUS
10
1.4310559448818898
20
1.4178295669291339
11
1.4342490944881889
21
1.4156959842519685
0
LINE
8
BLACK
6
CONTINUOUS
10
1.4342490944881889
20
1.4156959842519685
11
1.4606959842519684
21
1.389249094488189
0
LINE
8
BLACK
6
CONTINUOUS
10
1.4606959842519684
20
1.389249094488189
11
1.4628295669291338
21
1.3860559448818897
0
LINE
8
BLACK
6
CONTINUOUS
10
1.4628295669291338
20
1.3860559448818897
11
1.4635788188976377
21
1.3822893700787402
0
LINE
8
BLACK
6
CONTINUOUS
10
1.4635788188976377
20
1.3822893700787402
11
1.4628295669291338
21
1.3785227952755905
0
LINE
8
BLACK
6
CONTINUOUS
10
1.4628295669291338
20
1.3785227952755905
11
1.4606959842519684
21
1.3753296456692914
0
LINE
8
BLACK
6
CONTINUOUS
10
1.4606959842519684
20
1.3753296456692914
11
1.4419047637795275
21
1.3565384251968504
0
LINE
8
BLACK
6
CONTINUOUS
10
1.4419047637795275
20
1.3565384251968504
11
1.4387116141732283
21
1.3544048425196851
0
LINE
8
BLACK
6
CONTINUOUS
10
1.4387116141732283
20
1.3544048425196851
11
1.4349450393700787
21
1.3536555905511811
0
LINE
8
BLACK
6
CONTINUOUS
10
1.4349450393700787
20
1.3536555905511811
11
1.4311784645669292
21
1.3544048425196851
0
LINE
8
BLACK
6
CONTINUOUS
10
1.4311784645669292
20
1.3544048425196851
11
1.4279853149606299
21
1.3565384251968504
0
LINE
8
BLACK
6
CONTINUOUS
10
1.4279853149606299
20
1.3565384251968504
11
1.4015384251968503
21
1.3829853149606299
0
LINE
8
BLACK
6
CONTINUOUS
10
1.4015384251968503
20
1.3829853149606299
11
1.399404842519685
21
1.3861784645669291
0
LINE
8
BLACK
6
CONTINUOUS
10
1.399404842519685
20
1.3861784645669291
11
1.398655590551181
21
1.3899450393700787
0
LINE
8
BLACK
6
CONTINUOUS
10
1.398655590551181
20
1.3899450393700787
11
1.399404842519685
21
1.3937116141732284
0
LINE
8
BLACK
6
CONTINUOUS
10
1.399404842519685
20
1.3937116141732284
11
1.4015384251968503
21
1.3969047637795275
0
LINE
8
BLACK
6
CONTINUOUS
10
1.4015384251968503
20
1.3969047637795275
11
1.4203296456692913
21
1.4156959842519685
0
LINE
8
BLACK
6
CONTINUOUS
10
1.4203296456692913
20
1.4156959842519685
11
1.4235227952755904
21
1.4178295669291339
0
LINE
8
BLACK
6
CONTINUOUS
10
1.4235227952755904
20
1.4178295669291339
11
1.4272893700787401
21
1.4185788188976378
0
LINE
8
BLACK
6
CONTINUOUS
10
1.4272893700787401
20
1.4185788188976378
11
1.4310559448818898
21
1.4178295669291339
0
LINE
8
BLACK
6
CONTINUOUS
10
1.4888215354330709
20
1.475595157480315
11
1.4920146850393701
21
1.4734615748031497
0
LINE
8
BLACK
6
CONTINUOUS
10
1.4920146850393701
20
1.4734615748031497
11
1.5184615748031496
21
1.4470146850393701
0
LINE
8
BLACK
6
CONTINUOUS
10
1.5184615748031496
20
1.4470146850393701
11
1.5205951574803149
21
1.4438215354330708
0
LINE
8
BLACK
6
CONTINUOUS
10
1.5205951574803149
20
1.4438215354330708
11
1.5213444094488189
21
1.4400549606299213
0
LINE
8
BLACK
6
CONTINUOUS
10
1.5213444094488189
20
1.4400549606299213
11
1.5205951574803149
21
1.4362883858267717
0
LINE
8
BLACK
6
CONTINUOUS
10
1.5205951574803149
20
1.4362883858267717
11
1.5184615748031496
21
1.4330952362204723
0
LINE
8
BLACK
6
CONTINUOUS
10
1.5184615748031496
20
1.4330952362204723
11
1.4996703543307086
21
1.4143040157480316
0
LINE
8
BLACK
6
CONTINUOUS
10
1.4996703543307086
20
1.4143040157480316
11
1.4964772047244095
21
1.4121704330708662
0
LINE
8
BLACK
6
CONTINUOUS
10
1.4964772047244095
20
1.4121704330708662
11
1.4927106299212598
21
1.4114211811023623
0
LINE
8
BLACK
6
CONTINUOUS
10
1.4927106299212598
20
1.4114211811023623
11
1.4889440551181101
21
1.4121704330708662
0
LINE
8
BLACK
6
CONTINUOUS
10
1.4889440551181101
20
1.4121704330708662
11
1.485750905511811
21
1.4143040157480316
0
LINE
8
BLACK
6
CONTINUOUS
10
1.485750905511811
20
1.4143040157480316
11
1.4593040157480315
21
1.4407509055118111
0
LINE
8
BLACK
6
CONTINUOUS
10
1.4593040157480315
20
1.4407509055118111
11
1.4571704330708661
21
1.4439440551181102
0
LINE
8
BLACK
6
CONTINUOUS
10
1.4571704330708661
20
1.4439440551181102
11
1.4564211811023622
21
1.4477106299212599
0
LINE
8
BLACK
6
CONTINUOUS
10
1.4564211811023622
20
1.4477106299212599
11
1.4571704330708661
21
1.4514772047244093
0
LINE
8
BLACK
6
CONTINUOUS
10
1.4571704330708661
20
1.4514772047244093
11
1.4593040157480315
21
1.4546703543307087
0
LINE
8
BLACK
6
CONTINUOUS
10
1.4593040157480315
20
1.4546703543307087
11
1.4780952362204725
21
1.4734615748031497
0
LINE
8
BLACK
6
CONTINUOUS
10
1.4780952362204725
20
1.4734615748031497
11
1.4812883858267716
21
1.475595157480315
0
LINE
8
BLACK
6
CONTINUOUS
10
1.4812883858267716
20
1.475595157480315
11
1.4850549606299213
21
1.476344409448819
0
LINE
8
BLACK
6
CONTINUOUS
10
1.4850549606299213
20
1.476344409448819
11
1.4888215354330709
21
1.475595157480315
0
LINE
8
BLACK
6
CONTINUOUS
10
0.9634122440944881
20
1.4734633858267716
11
0.9666053937007874
21
1.4713298031496063
0
LINE
8
BLACK
6
CONTINUOUS
10
0.9666053937007874
20
1.4713298031496063
11
0.9687389763779527
21
1.4681366535433071
0
LINE
8
BLACK
6
CONTINUOUS
10
0.9687389763779527
20
1.4681366535433071
11
0.9694881889763779
21
1.4643700787401575
0
LINE
8
BLACK
6
CONTINUOUS
10
0.9694881889763779
20
1.4643700787401575
11
0.9694881889763779
21
1.4377952755905512
0
LINE
8
BLACK
6
CONTINUOUS
10
0.9694881889763779
20
1.4377952755905512
11
0.9687389763779527
21
1.4340287007874015
0
LINE
8
BLACK
6
CONTINUOUS
10
0.9687389763779527
20
1.4340287007874015
11
0.9666053937007874
21
1.4308355511811024
0
LINE
8
BLACK
6
CONTINUOUS
10
0.9666053937007874
20
1.4308355511811024
11
0.9634122440944881
21
1.428701968503937
0
LINE
8
BLACK
6
CONTINUOUS
10
0.9634122440944881
20
1.428701968503937
11
0.9596456692913385
21
1.4279527559055119
0
LINE
8
BLACK
6
CONTINUOUS
10
0.9596456692913385
20
1.4279527559055119
11
0.922244094488189
21
1.4279527559055119
0
LINE
8
BLACK
6
CONTINUOUS
10
0.922244094488189
20
1.4279527559055119
11
0.9184775196850393
21
1.428701968503937
0
LINE
8
BLACK
6
CONTINUOUS
10
0.9184775196850393
20
1.428701968503937
11
0.9152843700787401
21
1.4308355511811024
0
LINE
8
BLACK
6
CONTINUOUS
10
0.9152843700787401
20
1.4308355511811024
11
0.9131507874015747
21
1.4340287007874015
0
LINE
8
BLACK
6
CONTINUOUS
10
0.9131507874015747
20
1.4340287007874015
11
0.9124015748031495
21
1.4377952755905512
0
LINE
8
BLACK
6
CONTINUOUS
10
0.9124015748031495
20
1.4377952755905512
11
0.9124015748031495
21
1.4643700787401575
0
LINE
8
BLACK
6
CONTINUOUS
10
0.9124015748031495
20
1.4643700787401575
11
0.9131507874015747
21
1.4681366535433071
0
LINE
8
BLACK
6
CONTINUOUS
10
0.9131507874015747
20
1.4681366535433071
11
0.9152843700787401
21
1.4713298031496063
0
LINE
8
BLACK
6
CONTINUOUS
10
0.9152843700787401
20
1.4713298031496063
11
0.9184775196850393
21
1.4734633858267716
0
LINE
8
BLACK
6
CONTINUOUS
10
0.9184775196850393
20
1.4734633858267716
11
0.922244094488189
21
1.4742125984251968
0
LINE
8
BLACK
6
CONTINUOUS
10
0.922244094488189
20
1.4742125984251968
11
0.9596456692913385
21
1.4742125984251968
0
LINE
8
BLACK
6
CONTINUOUS
10
0.9596456692913385
20
1.4742125984251968
11
0.9634122440944881
21
1.4734633858267716
0
LINE
8
BLACK
6
CONTINUOUS
10
1.3814772047244095
20
1.5178295669291337
11
1.3846703543307086
21
1.5156959842519684
0
LINE
8
BLACK
6
CONTINUOUS
10
1.3846703543307086
20
1.5156959842519684
11
1.4034615748031496
21
1.4969047637795274
0
LINE
8
BLACK
6
CONTINUOUS
10
1.4034615748031496
20
1.4969047637795274
11
1.4055951574803149
21
1.4937116141732283
0
LINE
8
BLACK
6
CONTINUOUS
10
1.4055951574803149
20
1.4937116141732283
11
1.4063444094488189
21
1.4899450393700786
0
LINE
8
BLACK
6
CONTINUOUS
10
1.4063444094488189
20
1.4899450393700786
11
1.4055951574803149
21
1.4861784645669291
0
LINE
8
BLACK
6
CONTINUOUS
10
1.4055951574803149
20
1.4861784645669291
11
1.4034615748031496
21
1.4829853149606298
0
LINE
8
BLACK
6
CONTINUOUS
10
1.4034615748031496
20
1.4829853149606298
11
1.3770146850393701
21
1.4565384251968503
0
LINE
8
BLACK
6
CONTINUOUS
10
1.3770146850393701
20
1.4565384251968503
11
1.3738215354330707
21
1.4544048425196849
0
LINE
8
BLACK
6
CONTINUOUS
10
1.3738215354330707
20
1.4544048425196849
11
1.3700549606299213
21
1.453655590551181
0
LINE
8
BLACK
6
CONTINUOUS
10
1.3700549606299213
20
1.453655590551181
11
1.3662883858267716
21
1.4544048425196849
0
LINE
8
BLACK
6
CONTINUOUS
10
1.3662883858267716
20
1.4544048425196849
11
1.3630952362204725
21
1.4565384251968503
0
LINE
8
BLACK
6
CONTINUOUS
10
1.3630952362204725
20
1.4565384251968503
11
1.3443040157480315
21
1.4753296456692913
0
LINE
8
BLACK
6
CONTINUOUS
10
1.3443040157480315
20
1.4753296456692913
11
1.3421704330708661
21
1.4785227952755906
0
LINE
8
BLACK
6
CONTINUOUS
10
1.3421704330708661
20
1.4785227952755906
11
1.3414211811023622
21
1.4822893700787401
0
LINE
8
BLACK
6
CONTINUOUS
10
1.3414211811023622
20
1.4822893700787401
11
1.3421704330708661
21
1.4860559448818897
0
LINE
8
BLACK
6
CONTINUOUS
10
1.3421704330708661
20
1.4860559448818897
11
1.3443040157480315
21
1.4892490944881889
0
LINE
8
BLACK
6
CONTINUOUS
10
1.3443040157480315
20
1.4892490944881889
11
1.370750905511811
21
1.5156959842519684
0
LINE
8
BLACK
6
CONTINUOUS
10
1.370750905511811
20
1.5156959842519684
11
1.3739440551181101
21
1.5178295669291337
0
LINE
8
BLACK
6
CONTINUOUS
10
1.3739440551181101
20
1.5178295669291337
11
1.3777106299212598
21
1.5185788188976377
0
LINE
8
BLACK
6
CONTINUOUS
10
1.3777106299212598
20
1.5185788188976377
11
1.3814772047244095
21
1.5178295669291337
0
LINE
8
BLACK
6
CONTINUOUS
10
1.3237116141732284
20
1.5755951574803149
11
1.3269047637795275
21
1.5734615748031495
0
LINE
8
BLACK
6
CONTINUOUS
10
1.3269047637795275
20
1.5734615748031495
11
1.3456959842519685
21
1.5546703543307085
0
LINE
8
BLACK
6
CONTINUOUS
10
1.3456959842519685
20
1.5546703543307085
11
1.3478295669291338
21
1.5514772047244094
0
LINE
8
BLACK
6
CONTINUOUS
10
1.3478295669291338
20
1.5514772047244094
11
1.3485788188976378
21
1.5477106299212597
0
LINE
8
BLACK
6
CONTINUOUS
10
1.3485788188976378
20
1.5477106299212597
11
1.3478295669291338
21
1.5439440551181103
0
LINE
8
BLACK
6
CONTINUOUS
10
1.3478295669291338
20
1.5439440551181103
11
1.3456959842519685
21
1.5407509055118109
0
LINE
8
BLACK
6
CONTINUOUS
10
1.3456959842519685
20
1.5407509055118109
11
1.3192490944881889
21
1.5143040157480314
0
LINE
8
BLACK
6
CONTINUOUS
10
1.3192490944881889
20
1.5143040157480314
11
1.3160559448818898
21
1.5121704330708661
0
LINE
8
BLACK
6
CONTINUOUS
10
1.3160559448818898
20
1.5121704330708661
11
1.3122893700787401
21
1.5114211811023621
0
LINE
8
BLACK
6
CONTINUOUS
10
1.3122893700787401
20
1.5114211811023621
11
1.3085227952755905
21
1.5121704330708661
0
LINE
8
BLACK
6
CONTINUOUS
10
1.3085227952755905
20
1.5121704330708661
11
1.3053296456692913
21
1.5143040157480314
0
LINE
8
BLACK
6
CONTINUOUS
10
1.3053296456692913
20
1.5143040157480314
11
1.2865384251968504
21
1.5330952362204724
0
LINE
8
BLACK
6
CONTINUOUS
10
1.2865384251968504
20
1.5330952362204724
11
1.284404842519685
21
1.5362883858267715
0
LINE
8
BLACK
6
CONTINUOUS
10
1.284404842519685
20
1.5362883858267715
11
1.2836555905511811
21
1.5400549606299212
0
LINE
8
BLACK
6
CONTINUOUS
10
1.2836555905511811
20
1.5400549606299212
11
1.284404842519685
21
1.5438215354330709
0
LINE
8
BLACK
6
CONTINUOUS
10
1.284404842519685
20
1.5438215354330709
11
1.2865384251968504
21
1.54701468503937
0
LINE
8
BLACK
6
CONTINUOUS
10
1.2865384251968504
20
1.54701468503937
11
1.3129853149606299
21
1.5734615748031495
0
LINE
8
BLACK
6
CONTINUOUS
10
1.3129853149606299
20
1.5734615748031495
11
1.316178464566929
21
1.5755951574803149
0
LINE
8
BLACK
6
CONTINUOUS
10
1.316178464566929
20
1.5755951574803149
11
1.3199450393700787
21
1.5763444094488188
0
LINE
8
BLACK
6
CONTINUOUS
10
1.3199450393700787
20
1.5763444094488188
11
1.3237116141732284
21
1.5755951574803149
0
LINE
8
BLACK
6
CONTINUOUS
10
0.8928622834645669
20
1.6080429527559055
11
0.8938202362204725
21
1.607402874015748
0
LINE
8
BLACK
6
CONTINUOUS
10
0.8938202362204725
20
1.607402874015748
11
0.8944603149606299
21
1.6064449212598424
0
LINE
8
BLACK
6
CONTINUOUS
10
0.8944603149606299
20
1.6064449212598424
11
0.8946850787401575
21
1.6053149606299213
0
LINE
8
BLACK
6
CONTINUOUS
10
0.8946850787401575
20
1.6053149606299213
11
0.8946850787401575
21
1.5501968503937007
0
LINE
8
BLACK
6
CONTINUOUS
10
0.8946850787401575
20
1.5501968503937007
11
0.8944603149606299
21
1.5490668897637796
0
LINE
8
BLACK
6
CONTINUOUS
10
0.8944603149606299
20
1.5490668897637796
11
0.8938202362204725
21
1.548108937007874
0
LINE
8
BLACK
6
CONTINUOUS
10
0.8938202362204725
20
1.548108937007874
11
0.8928622834645669
21
1.5474688582677165
0
LINE
8
BLACK
6
CONTINUOUS
10
0.8928622834645669
20
1.5474688582677165
11
0.8917323228346457
21
1.5472440944881889
0
LINE
8
BLACK
6
CONTINUOUS
10
0.8917323228346457
20
1.5472440944881889
11
0.885826811023622
21
1.5472440944881889
0
LINE
8
BLACK
6
CONTINUOUS
10
0.885826811023622
20
1.5472440944881889
11
0.8846968503937007
21
1.5474688582677165
0
LINE
8
BLACK
6
CONTINUOUS
10
0.8846968503937007
20
1.5474688582677165
11
0.8837388976377952
21
1.548108937007874
0
LINE
8
BLACK
6
CONTINUOUS
10
0.8837388976377952
20
1.548108937007874
11
0.8830988188976377
21
1.5490668897637796
0
LINE
8
BLACK
6
CONTINUOUS
10
0.8830988188976377
20
1.5490668897637796
11
0.8828740551181102
21
1.5501968503937007
0
LINE
8
BLACK
6
CONTINUOUS
10
0.8828740551181102
20
1.5501968503937007
11
0.8828740551181102
21
1.6053149606299213
0
LINE
8
BLACK
6
CONTINUOUS
10
0.8828740551181102
20
1.6053149606299213
11
0.8830988188976377
21
1.6064449212598424
0
LINE
8
BLACK
6
CONTINUOUS
10
0.8830988188976377
20
1.6064449212598424
11
0.8837388976377952
21
1.607402874015748
0
LINE
8
BLACK
6
CONTINUOUS
10
0.8837388976377952
20
1.607402874015748
11
0.8846968503937007
21
1.6080429527559055
0
LINE
8
BLACK
6
CONTINUOUS
10
0.8846968503937007
20
1.6080429527559055
11
0.885826811023622
21
1.6082677165354331
0
LINE
8
BLACK
6
CONTINUOUS
10
0.885826811023622
20
1.6082677165354331
11
0.8917323228346457
21
1.6082677165354331
0
LINE
8
BLACK
6
CONTINUOUS
10
0.8917323228346457
20
1.6082677165354331
11
0.8928622834645669
21
1.6080429527559055
0
LINE
8
BLACK
6
CONTINUOUS
10
0.9125472834645669
20
1.6080429527559055
11
0.9135052362204724
21
1.607402874015748
0
LINE
8
BLACK
6
CONTINUOUS
10
0.9135052362204724
20
1.607402874015748
11
0.9141453149606299
21
1.6064449212598424
0
LINE
8
BLACK
6
CONTINUOUS
10
0.9141453149606299
20
1.6064449212598424
11
0.9143700787401574
21
1.6053149606299213
0
LINE
8
BLACK
6
CONTINUOUS
10
0.9143700787401574
20
1.6053149606299213
11
0.9143700787401574
21
1.5501968503937007
0
LINE
8
BLACK
6
CONTINUOUS
10
0.9143700787401574
20
1.5501968503937007
11
0.9141453149606299
21
1.5490668897637796
0
LINE
8
BLACK
6
CONTINUOUS
10
0.9141453149606299
20
1.5490668897637796
11
0.9135052362204724
21
1.548108937007874
0
LINE
8
BLACK
6
CONTINUOUS
10
0.9135052362204724
20
1.548108937007874
11
0.9125472834645669
21
1.5474688582677165
0
LINE
8
BLACK
6
CONTINUOUS
10
0.9125472834645669
20
1.5474688582677165
11
0.9114173228346456
21
1.5472440944881889
0
LINE
8
BLACK
6
CONTINUOUS
10
0.9114173228346456
20
1.5472440944881889
11
0.905511811023622
21
1.5472440944881889
0
LINE
8
BLACK
6
CONTINUOUS
10
0.905511811023622
20
1.5472440944881889
11
0.9043818503937008
21
1.5474688582677165
0
LINE
8
BLACK
6
CONTINUOUS
10
0.9043818503937008
20
1.5474688582677165
11
0.9034238976377953
21
1.548108937007874
0
LINE
8
BLACK
6
CONTINUOUS
10
0.9034238976377953
20
1.548108937007874
11
0.9027838188976378
21
1.5490668897637796
0
LINE
8
BLACK
6
CONTINUOUS
10
0.9027838188976378
20
1.5490668897637796
11
0.9025590551181102
21
1.5501968503937007
0
LINE
8
BLACK
6
CONTINUOUS
10
0.9025590551181102
20
1.5501968503937007
11
0.9025590551181102
21
1.6053149606299213
0
LINE
8
BLACK
6
CONTINUOUS
10
0.9025590551181102
20
1.6053149606299213
11
0.9027838188976378
21
1.6064449212598424
0
LINE
8
BLACK
6
CONTINUOUS
10
0.9027838188976378
20
1.6064449212598424
11
0.9034238976377953
21
1.607402874015748
0
LINE
8
BLACK
6
CONTINUOUS
10
0.9034238976377953
20
1.607402874015748
11
0.9043818503937008
21
1.6080429527559055
0
LINE
8
BLACK
6
CONTINUOUS
10
0.9043818503937008
20
1.6080429527559055
11
0.905511811023622
21
1.6082677165354331
0
LINE
8
BLACK
6
CONTINUOUS
10
0.905511811023622
20
1.6082677165354331
11
0.9114173228346456
21
1.6082677165354331
0
LINE
8
BLACK
6
CONTINUOUS
10
0.9114173228346456
20
1.6082677165354331
11
0.9125472834645669
21
1.6080429527559055
0
LINE
8
BLACK
6
CONTINUOUS
10
0.9322323228346456
20
1.6080429527559055
11
0.9331902755905511
21
1.607402874015748
0
LINE
8
BLACK
6
CONTINUOUS
10
0.9331902755905511
20
1.607402874015748
11
0.9338303543307086
21
1.6064449212598424
0
LINE
8
BLACK
6
CONTINUOUS
10
0.9338303543307086
20
1.6064449212598424
11
0.9340551181102362
21
1.6053149606299213
0
LINE
8
BLACK
6
CONTINUOUS
10
0.9340551181102362
20
1.6053149606299213
11
0.9340551181102362
21
1.5501968503937007
0
LINE
8
BLACK
6
CONTINUOUS
10
0.9340551181102362
20
1.5501968503937007
11
0.9338303543307086
21
1.5490668897637796
0
LINE
8
BLACK
6
CONTINUOUS
10
0.9338303543307086
20
1.5490668897637796
11
0.9331902755905511
21
1.548108937007874
0
LINE
8
BLACK
6
CONTINUOUS
10
0.9331902755905511
20
1.548108937007874
11
0.9322323228346456
21
1.5474688582677165
0
LINE
8
BLACK
6
CONTINUOUS
10
0.9322323228346456
20
1.5474688582677165
11
0.9311023622047244
21
1.5472440944881889
0
LINE
8
BLACK
6
CONTINUOUS
10
0.9311023622047244
20
1.5472440944881889
11
0.9251968503937008
21
1.5472440944881889
0
LINE
8
BLACK
6
CONTINUOUS
10
0.9251968503937008
20
1.5472440944881889
11
0.9240668897637795
21
1.5474688582677165
0
LINE
8
BLACK
6
CONTINUOUS
10
0.9240668897637795
20
1.5474688582677165
11
0.923108937007874
21
1.548108937007874
0
LINE
8
BLACK
6
CONTINUOUS
10
0.923108937007874
20
1.548108937007874
11
0.9224688582677165
21
1.5490668897637796
0
LINE
8
BLACK
6
CONTINUOUS
10
0.9224688582677165
20
1.5490668897637796
11
0.922244094488189
21
1.5501968503937007
0
LINE
8
BLACK
6
CONTINUOUS
10
0.922244094488189
20
1.5501968503937007
11
0.922244094488189
21
1.6053149606299213
0
LINE
8
BLACK
6
CONTINUOUS
10
0.922244094488189
20
1.6053149606299213
11
0.9224688582677165
21
1.6064449212598424
0
LINE
8
BLACK
6
CONTINUOUS
10
0.9224688582677165
20
1.6064449212598424
11
0.923108937007874
21
1.607402874015748
0
LINE
8
BLACK
6
CONTINUOUS
10
0.923108937007874
20
1.607402874015748
11
0.9240668897637795
21
1.6080429527559055
0
LINE
8
BLACK
6
CONTINUOUS
10
0.9240668897637795
20
1.6080429527559055
11
0.9251968503937008
21
1.6082677165354331
0
LINE
8
BLACK
6
CONTINUOUS
10
0.9251968503937008
20
1.6082677165354331
11
0.9311023622047244
21
1.6082677165354331
0
LINE
8
BLACK
6
CONTINUOUS
10
0.9311023622047244
20
1.6082677165354331
11
0.9322323228346456
21
1.6080429527559055
0
LINE
8
BLACK
6
CONTINUOUS
10
0.9519173622047243
20
1.6080429527559055
11
0.9528753149606299
21
1.607402874015748
0
LINE
8
BLACK
6
CONTINUOUS
10
0.9528753149606299
20
1.607402874015748
11
0.9535153937007874
21
1.6064449212598424
0
LINE
8
BLACK
6
CONTINUOUS
10
0.9535153937007874
20
1.6064449212598424
11
0.9537401574803149
21
1.6053149606299213
0
LINE
8
BLACK
6
CONTINUOUS
10
0.9537401574803149
20
1.6053149606299213
11
0.9537401574803149
21
1.5501968503937007
0
LINE
8
BLACK
6
CONTINUOUS
10
0.9537401574803149
20
1.5501968503937007
11
0.9535153937007874
21
1.5490668897637796
0
LINE
8
BLACK
6
CONTINUOUS
10
0.9535153937007874
20
1.5490668897637796
11
0.9528753149606299
21
1.548108937007874
0
LINE
8
BLACK
6
CONTINUOUS
10
0.9528753149606299
20
1.548108937007874
11
0.9519173622047243
21
1.5474688582677165
0
LINE
8
BLACK
6
CONTINUOUS
10
0.9519173622047243
20
1.5474688582677165
11
0.9507874015748031
21
1.5472440944881889
0
LINE
8
BLACK
6
CONTINUOUS
10
0.9507874015748031
20
1.5472440944881889
11
0.9448818897637795
21
1.5472440944881889
0
LINE
8
BLACK
6
CONTINUOUS
10
0.9448818897637795
20
1.5472440944881889
11
0.9437519291338582
21
1.5474688582677165
0
LINE
8
BLACK
6
CONTINUOUS
10
0.9437519291338582
20
1.5474688582677165
11
0.9427939763779527
21
1.548108937007874
0
LINE
8
BLACK
6
CONTINUOUS
10
0.9427939763779527
20
1.548108937007874
11
0.9421538976377952
21
1.5490668897637796
0
LINE
8
BLACK
6
CONTINUOUS
10
0.9421538976377952
20
1.5490668897637796
11
0.9419291338582677
21
1.5501968503937007
0
LINE
8
BLACK
6
CONTINUOUS
10
0.9419291338582677
20
1.5501968503937007
11
0.9419291338582677
21
1.6053149606299213
0
LINE
8
BLACK
6
CONTINUOUS
10
0.9419291338582677
20
1.6053149606299213
11
0.9421538976377952
21
1.6064449212598424
0
LINE
8
BLACK
6
CONTINUOUS
10
0.9421538976377952
20
1.6064449212598424
11
0.9427939763779527
21
1.607402874015748
0
LINE
8
BLACK
6
CONTINUOUS
10
0.9427939763779527
20
1.607402874015748
11
0.9437519291338582
21
1.6080429527559055
0
LINE
8
BLACK
6
CONTINUOUS
10
0.9437519291338582
20
1.6080429527559055
11
0.9448818897637795
21
1.6082677165354331
0
LINE
8
BLACK
6
CONTINUOUS
10
0.9448818897637795
20
1.6082677165354331
11
0.9507874015748031
21
1.6082677165354331
0
LINE
8
BLACK
6
CONTINUOUS
10
0.9507874015748031
20
1.6082677165354331
11
0.9519173622047243
21
1.6080429527559055
0
LINE
8
BLACK
6
CONTINUOUS
10
0.9716024015748032
20
1.6080429527559055
11
0.9725603543307086
21
1.607402874015748
0
LINE
8
BLACK
6
CONTINUOUS
10
0.9725603543307086
20
1.607402874015748
11
0.9732004330708661
21
1.6064449212598424
0
LINE
8
BLACK
6
CONTINUOUS
10
0.9732004330708661
20
1.6064449212598424
11
0.9734251968503936
21
1.6053149606299213
0
LINE
8
BLACK
6
CONTINUOUS
10
0.9734251968503936
20
1.6053149606299213
11
0.9734251968503936
21
1.5501968503937007
0
LINE
8
BLACK
6
CONTINUOUS
10
0.9734251968503936
20
1.5501968503937007
11
0.9732004330708661
21
1.5490668897637796
0
LINE
8
BLACK
6
CONTINUOUS
10
0.9732004330708661
20
1.5490668897637796
11
0.9725603543307086
21
1.548108937007874
0
LINE
8
BLACK
6
CONTINUOUS
10
0.9725603543307086
20
1.548108937007874
11
0.9716024015748032
21
1.5474688582677165
0
LINE
8
BLACK
6
CONTINUOUS
10
0.9716024015748032
20
1.5474688582677165
11
0.9704724409448818
21
1.5472440944881889
0
LINE
8
BLACK
6
CONTINUOUS
10
0.9704724409448818
20
1.5472440944881889
11
0.9645669291338582
21
1.5472440944881889
0
LINE
8
BLACK
6
CONTINUOUS
10
0.9645669291338582
20
1.5472440944881889
11
0.963436968503937
21
1.5474688582677165
0
LINE
8
BLACK
6
CONTINUOUS
10
0.963436968503937
20
1.5474688582677165
11
0.9624790157480315
21
1.548108937007874
0
LINE
8
BLACK
6
CONTINUOUS
10
0.9624790157480315
20
1.548108937007874
11
0.961838937007874
21
1.5490668897637796
0
LINE
8
BLACK
6
CONTINUOUS
10
0.961838937007874
20
1.5490668897637796
11
0.9616141732283464
21
1.5501968503937007
0
LINE
8
BLACK
6
CONTINUOUS
10
0.9616141732283464
20
1.5501968503937007
11
0.9616141732283464
21
1.6053149606299213
0
LINE
8
BLACK
6
CONTINUOUS
10
0.9616141732283464
20
1.6053149606299213
11
0.961838937007874
21
1.6064449212598424
0
LINE
8
BLACK
6
CONTINUOUS
10
0.961838937007874
20
1.6064449212598424
11
0.9624790157480315
21
1.607402874015748
0
LINE
8
BLACK
6
CONTINUOUS
10
0.9624790157480315
20
1.607402874015748
11
0.963436968503937
21
1.6080429527559055
0
LINE
8
BLACK
6
CONTINUOUS
10
0.963436968503937
20
1.6080429527559055
11
0.9645669291338582
21
1.6082677165354331
0
LINE
8
BLACK
6
CONTINUOUS
10
0.9645669291338582
20
1.6082677165354331
11
0.9704724409448818
21
1.6082677165354331
0
LINE
8
BLACK
6
CONTINUOUS
10
0.9704724409448818
20
1.6082677165354331
11
0.9716024015748032
21
1.6080429527559055
0
LINE
8
BLACK
6
CONTINUOUS
10
0.9912874803149606
20
1.6080429527559055
11
0.9922454330708661
21
1.607402874015748
0
LINE
8
BLACK
6
CONTINUOUS
10
0.9922454330708661
20
1.607402874015748
11
0.9928855118110236
21
1.6064449212598424
0
LINE
8
BLACK
6
CONTINUOUS
10
0.9928855118110236
20
1.6064449212598424
11
0.9931102755905512
21
1.6053149606299213
0
LINE
8
BLACK
6
CONTINUOUS
10
0.9931102755905512
20
1.6053149606299213
11
0.9931102755905512
21
1.5501968503937007
0
LINE
8
BLACK
6
CONTINUOUS
10
0.9931102755905512
20
1.5501968503937007
11
0.9928855118110236
21
1.5490668897637796
0
LINE
8
BLACK
6
CONTINUOUS
10
0.9928855118110236
20
1.5490668897637796
11
0.9922454330708661
21
1.548108937007874
0
LINE
8
BLACK
6
CONTINUOUS
10
0.9922454330708661
20
1.548108937007874
11
0.9912874803149606
21
1.5474688582677165
0
LINE
8
BLACK
6
CONTINUOUS
10
0.9912874803149606
20
1.5474688582677165
11
0.9901575196850394
21
1.5472440944881889
0
LINE
8
BLACK
6
CONTINUOUS
10
0.9901575196850394
20
1.5472440944881889
11
0.9842520078740157
21
1.5472440944881889
0
LINE
8
BLACK
6
CONTINUOUS
10
0.9842520078740157
20
1.5472440944881889
11
0.9831220472440945
21
1.5474688582677165
0
LINE
8
BLACK
6
CONTINUOUS
10
0.9831220472440945
20
1.5474688582677165
11
0.982164094488189
21
1.548108937007874
0
LINE
8
BLACK
6
CONTINUOUS
10
0.982164094488189
20
1.548108937007874
11
0.9815240157480315
21
1.5490668897637796
0
LINE
8
BLACK
6
CONTINUOUS
10
0.9815240157480315
20
1.5490668897637796
11
0.9812992519685039
21
1.5501968503937007
0
LINE
8
BLACK
6
CONTINUOUS
10
0.9812992519685039
20
1.5501968503937007
11
0.9812992519685039
21
1.6053149606299213
0
LINE
8
BLACK
6
CONTINUOUS
10
0.9812992519685039
20
1.6053149606299213
11
0.9815240157480315
21
1.6064449212598424
0
LINE
8
BLACK
6
CONTINUOUS
10
0.9815240157480315
20
1.6064449212598424
11
0.982164094488189
21
1.607402874015748
0
LINE
8
BLACK
6
CONTINUOUS
10
0.982164094488189
20
1.607402874015748
11
0.9831220472440945
21
1.6080429527559055
0
LINE
8
BLACK
6
CONTINUOUS
10
0.9831220472440945
20
1.6080429527559055
11
0.9842520078740157
21
1.6082677165354331
0
LINE
8
BLACK
6
CONTINUOUS
10
0.9842520078740157
20
1.6082677165354331
11
0.9901575196850394
21
1.6082677165354331
0
LINE
8
BLACK
6
CONTINUOUS
10
0.9901575196850394
20
1.6082677165354331
11
0.9912874803149606
21
1.6080429527559055
0
LINE
8
BLACK
6
CONTINUOUS
10
1.0109724803149607
20
1.6080429527559055
11
1.0119304330708661
21
1.607402874015748
0
LINE
8
BLACK
6
CONTINUOUS
10
1.0119304330708661
20
1.607402874015748
11
1.0125705118110235
21
1.6064449212598424
0
LINE
8
BLACK
6
CONTINUOUS
10
1.0125705118110235
20
1.6064449212598424
11
1.0127952755905512
21
1.6053149606299213
0
LINE
8
BLACK
6
CONTINUOUS
10
1.0127952755905512
20
1.6053149606299213
11
1.0127952755905512
21
1.5501968503937007
0
LINE
8
BLACK
6
CONTINUOUS
10
1.0127952755905512
20
1.5501968503937007
11
1.0125705118110235
21
1.5490668897637796
0
LINE
8
BLACK
6
CONTINUOUS
10
1.0125705118110235
20
1.5490668897637796
11
1.0119304330708661
21
1.548108937007874
0
LINE
8
BLACK
6
CONTINUOUS
10
1.0119304330708661
20
1.548108937007874
11
1.0109724803149607
21
1.5474688582677165
0
LINE
8
BLACK
6
CONTINUOUS
10
1.0109724803149607
20
1.5474688582677165
11
1.0098425196850394
21
1.5472440944881889
0
LINE
8
BLACK
6
CONTINUOUS
10
1.0098425196850394
20
1.5472440944881889
11
1.0039370078740157
21
1.5472440944881889
0
LINE
8
BLACK
6
CONTINUOUS
10
1.0039370078740157
20
1.5472440944881889
11
1.0028070472440944
21
1.5474688582677165
0
LINE
8
BLACK
6
CONTINUOUS
10
1.0028070472440944
20
1.5474688582677165
11
1.001849094488189
21
1.548108937007874
0
LINE
8
BLACK
6
CONTINUOUS
10
1.001849094488189
20
1.548108937007874
11
1.0012090157480316
21
1.5490668897637796
0
LINE
8
BLACK
6
CONTINUOUS
10
1.0012090157480316
20
1.5490668897637796
11
1.0009842519685039
21
1.5501968503937007
0
LINE
8
BLACK
6
CONTINUOUS
10
1.0009842519685039
20
1.5501968503937007
11
1.0009842519685039
21
1.6053149606299213
0
LINE
8
BLACK
6
CONTINUOUS
10
1.0009842519685039
20
1.6053149606299213
11
1.0012090157480316
21
1.6064449212598424
0
LINE
8
BLACK
6
CONTINUOUS
10
1.0012090157480316
20
1.6064449212598424
11
1.001849094488189
21
1.607402874015748
0
LINE
8
BLACK
6
CONTINUOUS
10
1.001849094488189
20
1.607402874015748
11
1.0028070472440944
21
1.6080429527559055
0
LINE
8
BLACK
6
CONTINUOUS
10
1.0028070472440944
20
1.6080429527559055
11
1.0039370078740157
21
1.6082677165354331
0
LINE
8
BLACK
6
CONTINUOUS
10
1.0039370078740157
20
1.6082677165354331
11
1.0098425196850394
21
1.6082677165354331
0
LINE
8
BLACK
6
CONTINUOUS
10
1.0098425196850394
20
1.6082677165354331
11
1.0109724803149607
21
1.6080429527559055
0
LINE
8
BLACK
6
CONTINUOUS
10
1.0306575196850394
20
1.6080429527559055
11
1.0316154724409448
21
1.607402874015748
0
LINE
8
BLACK
6
CONTINUOUS
10
1.0316154724409448
20
1.607402874015748
11
1.0322555511811022
21
1.6064449212598424
0
LINE
8
BLACK
6
CONTINUOUS
10
1.0322555511811022
20
1.6064449212598424
11
1.0324803149606299
21
1.6053149606299213
0
LINE
8
BLACK
6
CONTINUOUS
10
1.0324803149606299
20
1.6053149606299213
11
1.0324803149606299
21
1.5501968503937007
0
LINE
8
BLACK
6
CONTINUOUS
10
1.0324803149606299
20
1.5501968503937007
11
1.0322555511811022
21
1.5490668897637796
0
LINE
8
BLACK
6
CONTINUOUS
10
1.0322555511811022
20
1.5490668897637796
11
1.0316154724409448
21
1.548108937007874
0
LINE
8
BLACK
6
CONTINUOUS
10
1.0316154724409448
20
1.548108937007874
11
1.0306575196850394
21
1.5474688582677165
0
LINE
8
BLACK
6
CONTINUOUS
10
1.0306575196850394
20
1.5474688582677165
11
1.0295275590551181
21
1.5472440944881889
0
LINE
8
BLACK
6
CONTINUOUS
10
1.0295275590551181
20
1.5472440944881889
11
1.0236220472440944
21
1.5472440944881889
0
LINE
8
BLACK
6
CONTINUOUS
10
1.0236220472440944
20
1.5472440944881889
11
1.0224920866141731
21
1.5474688582677165
0
LINE
8
BLACK
6
CONTINUOUS
10
1.0224920866141731
20
1.5474688582677165
11
1.0215341338582677
21
1.548108937007874
0
LINE
8
BLACK
6
CONTINUOUS
10
1.0215341338582677
20
1.548108937007874
11
1.0208940551181103
21
1.5490668897637796
0
LINE
8
BLACK
6
CONTINUOUS
10
1.0208940551181103
20
1.5490668897637796
11
1.0206692913385826
21
1.5501968503937007
0
LINE
8
BLACK
6
CONTINUOUS
10
1.0206692913385826
20
1.5501968503937007
11
1.0206692913385826
21
1.6053149606299213
0
LINE
8
BLACK
6
CONTINUOUS
10
1.0206692913385826
20
1.6053149606299213
11
1.0208940551181103
21
1.6064449212598424
0
LINE
8
BLACK
6
CONTINUOUS
10
1.0208940551181103
20
1.6064449212598424
11
1.0215341338582677
21
1.607402874015748
0
LINE
8
BLACK
6
CONTINUOUS
10
1.0215341338582677
20
1.607402874015748
11
1.0224920866141731
21
1.6080429527559055
0
LINE
8
BLACK
6
CONTINUOUS
10
1.0224920866141731
20
1.6080429527559055
11
1.0236220472440944
21
1.6082677165354331
0
LINE
8
BLACK
6
CONTINUOUS
10
1.0236220472440944
20
1.6082677165354331
11
1.0295275590551181
21
1.6082677165354331
0
LINE
8
BLACK
6
CONTINUOUS
10
1.0295275590551181
20
1.6082677165354331
11
1.0306575196850394
21
1.6080429527559055
0
LINE
8
BLACK
6
CONTINUOUS
10
1.0503425590551181
20
1.6080429527559055
11
1.0513005118110237
21
1.607402874015748
0
LINE
8
BLACK
6
CONTINUOUS
10
1.0513005118110237
20
1.607402874015748
11
1.0519405905511812
21
1.6064449212598424
0
LINE
8
BLACK
6
CONTINUOUS
10
1.0519405905511812
20
1.6064449212598424
11
1.0521653543307086
21
1.6053149606299213
0
LINE
8
BLACK
6
CONTINUOUS
10
1.0521653543307086
20
1.6053149606299213
11
1.0521653543307086
21
1.5501968503937007
0
LINE
8
BLACK
6
CONTINUOUS
10
1.0521653543307086
20
1.5501968503937007
11
1.0519405905511812
21
1.5490668897637796
0
LINE
8
BLACK
6
CONTINUOUS
10
1.0519405905511812
20
1.5490668897637796
11
1.0513005118110237
21
1.548108937007874
0
LINE
8
BLACK
6
CONTINUOUS
10
1.0513005118110237
20
1.548108937007874
11
1.0503425590551181
21
1.5474688582677165
0
LINE
8
BLACK
6
CONTINUOUS
10
1.0503425590551181
20
1.5474688582677165
11
1.0492125984251968
21
1.5472440944881889
0
LINE
8
BLACK
6
CONTINUOUS
10
1.0492125984251968
20
1.5472440944881889
11
1.0433070866141732
21
1.5472440944881889
0
LINE
8
BLACK
6
CONTINUOUS
10
1.0433070866141732
20
1.5472440944881889
11
1.0421771259842521
21
1.5474688582677165
0
LINE
8
BLACK
6
CONTINUOUS
10
1.0421771259842521
20
1.5474688582677165
11
1.0412191732283465
21
1.548108937007874
0
LINE
8
BLACK
6
CONTINUOUS
10
1.0412191732283465
20
1.548108937007874
11
1.040579094488189
21
1.5490668897637796
0
LINE
8
BLACK
6
CONTINUOUS
10
1.040579094488189
20
1.5490668897637796
11
1.0403543307086613
21
1.5501968503937007
0
LINE
8
BLACK
6
CONTINUOUS
10
1.0403543307086613
20
1.5501968503937007
11
1.0403543307086613
21
1.6053149606299213
0
LINE
8
BLACK
6
CONTINUOUS
10
1.0403543307086613
20
1.6053149606299213
11
1.040579094488189
21
1.6064449212598424
0
LINE
8
BLACK
6
CONTINUOUS
10
1.040579094488189
20
1.6064449212598424
11
1.0412191732283465
21
1.607402874015748
0
LINE
8
BLACK
6
CONTINUOUS
10
1.0412191732283465
20
1.607402874015748
11
1.0421771259842521
21
1.6080429527559055
0
LINE
8
BLACK
6
CONTINUOUS
10
1.0421771259842521
20
1.6080429527559055
11
1.0433070866141732
21
1.6082677165354331
0
LINE
8
BLACK
6
CONTINUOUS
10
1.0433070866141732
20
1.6082677165354331
11
1.0492125984251968
21
1.6082677165354331
0
LINE
8
BLACK
6
CONTINUOUS
10
1.0492125984251968
20
1.6082677165354331
11
1.0503425590551181
21
1.6080429527559055
0
LINE
8
BLACK
6
CONTINUOUS
10
1.0700275984251968
20
1.6080429527559055
11
1.0709855511811024
21
1.607402874015748
0
LINE
8
BLACK
6
CONTINUOUS
10
1.0709855511811024
20
1.607402874015748
11
1.0716256299212599
21
1.6064449212598424
0
LINE
8
BLACK
6
CONTINUOUS
10
1.0716256299212599
20
1.6064449212598424
11
1.0718503937007873
21
1.6053149606299213
0
LINE
8
BLACK
6
CONTINUOUS
10
1.0718503937007873
20
1.6053149606299213
11
1.0718503937007873
21
1.5501968503937007
0
LINE
8
BLACK
6
CONTINUOUS
10
1.0718503937007873
20
1.5501968503937007
11
1.0716256299212599
21
1.5490668897637796
0
LINE
8
BLACK
6
CONTINUOUS
10
1.0716256299212599
20
1.5490668897637796
11
1.0709855511811024
21
1.548108937007874
0
LINE
8
BLACK
6
CONTINUOUS
10
1.0709855511811024
20
1.548108937007874
11
1.0700275984251968
21
1.5474688582677165
0
LINE
8
BLACK
6
CONTINUOUS
10
1.0700275984251968
20
1.5474688582677165
11
1.0688976377952755
21
1.5472440944881889
0
LINE
8
BLACK
6
CONTINUOUS
10
1.0688976377952755
20
1.5472440944881889
11
1.0629921259842519
21
1.5472440944881889
0
LINE
8
BLACK
6
CONTINUOUS
10
1.0629921259842519
20
1.5472440944881889
11
1.0618621653543308
21
1.5474688582677165
0
LINE
8
BLACK
6
CONTINUOUS
10
1.0618621653543308
20
1.5474688582677165
11
1.0609042125984252
21
1.548108937007874
0
LINE
8
BLACK
6
CONTINUOUS
10
1.0609042125984252
20
1.548108937007874
11
1.0602641338582677
21
1.5490668897637796
0
LINE
8
BLACK
6
CONTINUOUS
10
1.0602641338582677
20
1.5490668897637796
11
1.0600393700787401
21
1.5501968503937007
0
LINE
8
BLACK
6
CONTINUOUS
10
1.0600393700787401
20
1.5501968503937007
11
1.0600393700787401
21
1.6053149606299213
0
LINE
8
BLACK
6
CONTINUOUS
10
1.0600393700787401
20
1.6053149606299213
11
1.0602641338582677
21
1.6064449212598424
0
LINE
8
BLACK
6
CONTINUOUS
10
1.0602641338582677
20
1.6064449212598424
11
1.0609042125984252
21
1.607402874015748
0
LINE
8
BLACK
6
CONTINUOUS
10
1.0609042125984252
20
1.607402874015748
11
1.0618621653543308
21
1.6080429527559055
0
LINE
8
BLACK
6
CONTINUOUS
10
1.0618621653543308
20
1.6080429527559055
11
1.0629921259842519
21
1.6082677165354331
0
LINE
8
BLACK
6
CONTINUOUS
10
1.0629921259842519
20
1.6082677165354331
11
1.0688976377952755
21
1.6082677165354331
0
LINE
8
BLACK
6
CONTINUOUS
10
1.0688976377952755
20
1.6082677165354331
11
1.0700275984251968
21
1.6080429527559055
0
LINE
8
BLACK
6
CONTINUOUS
10
1.0897125984251967
20
1.6080429527559055
11
1.0906705511811023
21
1.607402874015748
0
LINE
8
BLACK
6
CONTINUOUS
10
1.0906705511811023
20
1.607402874015748
11
1.0913106299212598
21
1.6064449212598424
0
LINE
8
BLACK
6
CONTINUOUS
10
1.0913106299212598
20
1.6064449212598424
11
1.0915353937007874
21
1.6053149606299213
0
LINE
8
BLACK
6
CONTINUOUS
10
1.0915353937007874
20
1.6053149606299213
11
1.0915353937007874
21
1.5501968503937007
0
LINE
8
BLACK
6
CONTINUOUS
10
1.0915353937007874
20
1.5501968503937007
11
1.0913106299212598
21
1.5490668897637796
0
LINE
8
BLACK
6
CONTINUOUS
10
1.0913106299212598
20
1.5490668897637796
11
1.0906705511811023
21
1.548108937007874
0
LINE
8
BLACK
6
CONTINUOUS
10
1.0906705511811023
20
1.548108937007874
11
1.0897125984251967
21
1.5474688582677165
0
LINE
8
BLACK
6
CONTINUOUS
10
1.0897125984251967
20
1.5474688582677165
11
1.0885826377952756
21
1.5472440944881889
0
LINE
8
BLACK
6
CONTINUOUS
10
1.0885826377952756
20
1.5472440944881889
11
1.082677125984252
21
1.5472440944881889
0
LINE
8
BLACK
6
CONTINUOUS
10
1.082677125984252
20
1.5472440944881889
11
1.0815471653543307
21
1.5474688582677165
0
LINE
8
BLACK
6
CONTINUOUS
10
1.0815471653543307
20
1.5474688582677165
11
1.0805892125984251
21
1.548108937007874
0
LINE
8
BLACK
6
CONTINUOUS
10
1.0805892125984251
20
1.548108937007874
11
1.0799491338582676
21
1.5490668897637796
0
LINE
8
BLACK
6
CONTINUOUS
10
1.0799491338582676
20
1.5490668897637796
11
1.0797243700787402
21
1.5501968503937007
0
LINE
8
BLACK
6
CONTINUOUS
10
1.0797243700787402
20
1.5501968503937007
11
1.0797243700787402
21
1.6053149606299213
0
LINE
8
BLACK
6
CONTINUOUS
10
1.0797243700787402
20
1.6053149606299213
11
1.0799491338582676
21
1.6064449212598424
0
LINE
8
BLACK
6
CONTINUOUS
10
1.0799491338582676
20
1.6064449212598424
11
1.0805892125984251
21
1.607402874015748
0
LINE
8
BLACK
6
CONTINUOUS
10
1.0805892125984251
20
1.607402874015748
11
1.0815471653543307
21
1.6080429527559055
0
LINE
8
BLACK
6
CONTINUOUS
10
1.0815471653543307
20
1.6080429527559055
11
1.082677125984252
21
1.6082677165354331
0
LINE
8
BLACK
6
CONTINUOUS
10
1.082677125984252
20
1.6082677165354331
11
1.0885826377952756
21
1.6082677165354331
0
LINE
8
BLACK
6
CONTINUOUS
10
1.0885826377952756
20
1.6082677165354331
11
1.0897125984251967
21
1.6080429527559055
0
LINE
8
BLACK
6
CONTINUOUS
10
1.1093976771653542
20
1.6080429527559055
11
1.1103556299212598
21
1.607402874015748
0
LINE
8
BLACK
6
CONTINUOUS
10
1.1103556299212598
20
1.607402874015748
11
1.1109957086614173
21
1.6064449212598424
0
LINE
8
BLACK
6
CONTINUOUS
10
1.1109957086614173
20
1.6064449212598424
11
1.1112204724409449
21
1.6053149606299213
0
LINE
8
BLACK
6
CONTINUOUS
10
1.1112204724409449
20
1.6053149606299213
11
1.1112204724409449
21
1.5501968503937007
0
LINE
8
BLACK
6
CONTINUOUS
10
1.1112204724409449
20
1.5501968503937007
11
1.1109957086614173
21
1.5490668897637796
0
LINE
8
BLACK
6
CONTINUOUS
10
1.1109957086614173
20
1.5490668897637796
11
1.1103556299212598
21
1.548108937007874
0
LINE
8
BLACK
6
CONTINUOUS
10
1.1103556299212598
20
1.548108937007874
11
1.1093976771653542
21
1.5474688582677165
0
LINE
8
BLACK
6
CONTINUOUS
10
1.1093976771653542
20
1.5474688582677165
11
1.1082677165354331
21
1.5472440944881889
0
LINE
8
BLACK
6
CONTINUOUS
10
1.1082677165354331
20
1.5472440944881889
11
1.1023622047244095
21
1.5472440944881889
0
LINE
8
BLACK
6
CONTINUOUS
10
1.1023622047244095
20
1.5472440944881889
11
1.1012322440944882
21
1.5474688582677165
0
LINE
8
BLACK
6
CONTINUOUS
10
1.1012322440944882
20
1.5474688582677165
11
1.1002742913385826
21
1.548108937007874
0
LINE
8
BLACK
6
CONTINUOUS
10
1.1002742913385826
20
1.548108937007874
11
1.0996342125984251
21
1.5490668897637796
0
LINE
8
BLACK
6
CONTINUOUS
10
1.0996342125984251
20
1.5490668897637796
11
1.0994094488188977
21
1.5501968503937007
0
LINE
8
BLACK
6
CONTINUOUS
10
1.0994094488188977
20
1.5501968503937007
11
1.0994094488188977
21
1.6053149606299213
0
LINE
8
BLACK
6
CONTINUOUS
10
1.0994094488188977
20
1.6053149606299213
11
1.0996342125984251
21
1.6064449212598424
0
LINE
8
BLACK
6
CONTINUOUS
10
1.0996342125984251
20
1.6064449212598424
11
1.1002742913385826
21
1.607402874015748
0
LINE
8
BLACK
6
CONTINUOUS
10
1.1002742913385826
20
1.607402874015748
11
1.1012322440944882
21
1.6080429527559055
0
LINE
8
BLACK
6
CONTINUOUS
10
1.1012322440944882
20
1.6080429527559055
11
1.1023622047244095
21
1.6082677165354331
0
LINE
8
BLACK
6
CONTINUOUS
10
1.1023622047244095
20
1.6082677165354331
11
1.1082677165354331
21
1.6082677165354331
0
LINE
8
BLACK
6
CONTINUOUS
10
1.1082677165354331
20
1.6082677165354331
11
1.1093976771653542
21
1.6080429527559055
0
LINE
8
BLACK
6
CONTINUOUS
10
1.1290827165354331
20
1.6080429527559055
11
1.1300406692913385
21
1.607402874015748
0
LINE
8
BLACK
6
CONTINUOUS
10
1.1300406692913385
20
1.607402874015748
11
1.130680748031496
21
1.6064449212598424
0
LINE
8
BLACK
6
CONTINUOUS
10
1.130680748031496
20
1.6064449212598424
11
1.1309055118110236
21
1.6053149606299213
0
LINE
8
BLACK
6
CONTINUOUS
10
1.1309055118110236
20
1.6053149606299213
11
1.1309055118110236
21
1.5501968503937007
0
LINE
8
BLACK
6
CONTINUOUS
10
1.1309055118110236
20
1.5501968503937007
11
1.130680748031496
21
1.5490668897637796
0
LINE
8
BLACK
6
CONTINUOUS
10
1.130680748031496
20
1.5490668897637796
11
1.1300406692913385
21
1.548108937007874
0
LINE
8
BLACK
6
CONTINUOUS
10
1.1300406692913385
20
1.548108937007874
11
1.1290827165354331
21
1.5474688582677165
0
LINE
8
BLACK
6
CONTINUOUS
10
1.1290827165354331
20
1.5474688582677165
11
1.1279527559055118
21
1.5472440944881889
0
LINE
8
BLACK
6
CONTINUOUS
10
1.1279527559055118
20
1.5472440944881889
11
1.1220472440944882
21
1.5472440944881889
0
LINE
8
BLACK
6
CONTINUOUS
10
1.1220472440944882
20
1.5472440944881889
11
1.1209172834645669
21
1.5474688582677165
0
LINE
8
BLACK
6
CONTINUOUS
10
1.1209172834645669
20
1.5474688582677165
11
1.1199593307086615
21
1.548108937007874
0
LINE
8
BLACK
6
CONTINUOUS
10
1.1199593307086615
20
1.548108937007874
11
1.119319251968504
21
1.5490668897637796
0
LINE
8
BLACK
6
CONTINUOUS
10
1.119319251968504
20
1.5490668897637796
11
1.1190944881889764
21
1.5501968503937007
0
LINE
8
BLACK
6
CONTINUOUS
10
1.1190944881889764
20
1.5501968503937007
11
1.1190944881889764
21
1.6053149606299213
0
LINE
8
BLACK
6
CONTINUOUS
10
1.1190944881889764
20
1.6053149606299213
11
1.119319251968504
21
1.6064449212598424
0
LINE
8
BLACK
6
CONTINUOUS
10
1.119319251968504
20
1.6064449212598424
11
1.1199593307086615
21
1.607402874015748
0
LINE
8
BLACK
6
CONTINUOUS
10
1.1199593307086615
20
1.607402874015748
11
1.1209172834645669
21
1.6080429527559055
0
LINE
8
BLACK
6
CONTINUOUS
10
1.1209172834645669
20
1.6080429527559055
11
1.1220472440944882
21
1.6082677165354331
0
LINE
8
BLACK
6
CONTINUOUS
10
1.1220472440944882
20
1.6082677165354331
11
1.1279527559055118
21
1.6082677165354331
0
LINE
8
BLACK
6
CONTINUOUS
10
1.1279527559055118
20
1.6082677165354331
11
1.1290827165354331
21
1.6080429527559055
0
LINE
8
BLACK
6
CONTINUOUS
10
1.1487677559055118
20
1.6080429527559055
11
1.1497257086614172
21
1.607402874015748
0
LINE
8
BLACK
6
CONTINUOUS
10
1.1497257086614172
20
1.607402874015748
11
1.1503657874015747
21
1.6064449212598424
0
LINE
8
BLACK
6
CONTINUOUS
10
1.1503657874015747
20
1.6064449212598424
11
1.1505905511811023
21
1.6053149606299213
0
LINE
8
BLACK
6
CONTINUOUS
10
1.1505905511811023
20
1.6053149606299213
11
1.1505905511811023
21
1.5501968503937007
0
LINE
8
BLACK
6
CONTINUOUS
10
1.1505905511811023
20
1.5501968503937007
11
1.1503657874015747
21
1.5490668897637796
0
LINE
8
BLACK
6
CONTINUOUS
10
1.1503657874015747
20
1.5490668897637796
11
1.1497257086614172
21
1.548108937007874
0
LINE
8
BLACK
6
CONTINUOUS
10
1.1497257086614172
20
1.548108937007874
11
1.1487677559055118
21
1.5474688582677165
0
LINE
8
BLACK
6
CONTINUOUS
10
1.1487677559055118
20
1.5474688582677165
11
1.1476377952755905
21
1.5472440944881889
0
LINE
8
BLACK
6
CONTINUOUS
10
1.1476377952755905
20
1.5472440944881889
11
1.1417322834645669
21
1.5472440944881889
0
LINE
8
BLACK
6
CONTINUOUS
10
1.1417322834645669
20
1.5472440944881889
11
1.1406023228346456
21
1.5474688582677165
0
LINE
8
BLACK
6
CONTINUOUS
10
1.1406023228346456
20
1.5474688582677165
11
1.1396443700787402
21
1.548108937007874
0
LINE
8
BLACK
6
CONTINUOUS
10
1.1396443700787402
20
1.548108937007874
11
1.1390042913385827
21
1.5490668897637796
0
LINE
8
BLACK
6
CONTINUOUS
10
1.1390042913385827
20
1.5490668897637796
11
1.1387795275590551
21
1.5501968503937007
0
LINE
8
BLACK
6
CONTINUOUS
10
1.1387795275590551
20
1.5501968503937007
11
1.1387795275590551
21
1.6053149606299213
0
LINE
8
BLACK
6
CONTINUOUS
10
1.1387795275590551
20
1.6053149606299213
11
1.1390042913385827
21
1.6064449212598424
0
LINE
8
BLACK
6
CONTINUOUS
10
1.1390042913385827
20
1.6064449212598424
11
1.1396443700787402
21
1.607402874015748
0
LINE
8
BLACK
6
CONTINUOUS
10
1.1396443700787402
20
1.607402874015748
11
1.1406023228346456
21
1.6080429527559055
0
LINE
8
BLACK
6
CONTINUOUS
10
1.1406023228346456
20
1.6080429527559055
11
1.1417322834645669
21
1.6082677165354331
0
LINE
8
BLACK
6
CONTINUOUS
10
1.1417322834645669
20
1.6082677165354331
11
1.1476377952755905
21
1.6082677165354331
0
LINE
8
BLACK
6
CONTINUOUS
10
1.1476377952755905
20
1.6082677165354331
11
1.1487677559055118
21
1.6080429527559055
0
LINE
8
BLACK
6
CONTINUOUS
10
1.1684527952755905
20
1.6080429527559055
11
1.1694107480314961
21
1.607402874015748
0
LINE
8
BLACK
6
CONTINUOUS
10
1.1694107480314961
20
1.607402874015748
11
1.1700508267716536
21
1.6064449212598424
0
LINE
8
BLACK
6
CONTINUOUS
10
1.1700508267716536
20
1.6064449212598424
11
1.170275590551181
21
1.6053149606299213
0
LINE
8
BLACK
6
CONTINUOUS
10
1.170275590551181
20
1.6053149606299213
11
1.170275590551181
21
1.5501968503937007
0
LINE
8
BLACK
6
CONTINUOUS
10
1.170275590551181
20
1.5501968503937007
11
1.1700508267716536
21
1.5490668897637796
0
LINE
8
BLACK
6
CONTINUOUS
10
1.1700508267716536
20
1.5490668897637796
11
1.1694107480314961
21
1.548108937007874
0
LINE
8
BLACK
6
CONTINUOUS
10
1.1694107480314961
20
1.548108937007874
11
1.1684527952755905
21
1.5474688582677165
0
LINE
8
BLACK
6
CONTINUOUS
10
1.1684527952755905
20
1.5474688582677165
11
1.1673228346456692
21
1.5472440944881889
0
LINE
8
BLACK
6
CONTINUOUS
10
1.1673228346456692
20
1.5472440944881889
11
1.1614173228346456
21
1.5472440944881889
0
LINE
8
BLACK
6
CONTINUOUS
10
1.1614173228346456
20
1.5472440944881889
11
1.1602873622047243
21
1.5474688582677165
0
LINE
8
BLACK
6
CONTINUOUS
10
1.1602873622047243
20
1.5474688582677165
11
1.1593294094488189
21
1.548108937007874
0
LINE
8
BLACK
6
CONTINUOUS
10
1.1593294094488189
20
1.548108937007874
11
1.1586893307086614
21
1.5490668897637796
0
LINE
8
BLACK
6
CONTINUOUS
10
1.1586893307086614
20
1.5490668897637796
11
1.1584645669291338
21
1.5501968503937007
0
LINE
8
BLACK
6
CONTINUOUS
10
1.1584645669291338
20
1.5501968503937007
11
1.1584645669291338
21
1.6053149606299213
0
LINE
8
BLACK
6
CONTINUOUS
10
1.1584645669291338
20
1.6053149606299213
11
1.1586893307086614
21
1.6064449212598424
0
LINE
8
BLACK
6
CONTINUOUS
10
1.1586893307086614
20
1.6064449212598424
11
1.1593294094488189
21
1.607402874015748
0
LINE
8
BLACK
6
CONTINUOUS
10
1.1593294094488189
20
1.607402874015748
11
1.1602873622047243
21
1.6080429527559055
0
LINE
8
BLACK
6
CONTINUOUS
10
1.1602873622047243
20
1.6080429527559055
11
1.1614173228346456
21
1.6082677165354331
0
LINE
8
BLACK
6
CONTINUOUS
10
1.1614173228346456
20
1.6082677165354331
11
1.1673228346456692
21
1.6082677165354331
0
LINE
8
BLACK
6
CONTINUOUS
10
1.1673228346456692
20
1.6082677165354331
11
1.1684527952755905
21
1.6080429527559055
0
LINE
8
BLACK
6
CONTINUOUS
10
1.1881377952755905
20
1.6080429527559055
11
1.1890957480314961
21
1.607402874015748
0
LINE
8
BLACK
6
CONTINUOUS
10
1.1890957480314961
20
1.607402874015748
11
1.1897358267716536
21
1.6064449212598424
0
LINE
8
BLACK
6
CONTINUOUS
10
1.1897358267716536
20
1.6064449212598424
11
1.189960590551181
21
1.6053149606299213
0
LINE
8
BLACK
6
CONTINUOUS
10
1.189960590551181
20
1.6053149606299213
11
1.189960590551181
21
1.5501968503937007
0
LINE
8
BLACK
6
CONTINUOUS
10
1.189960590551181
20
1.5501968503937007
11
1.1897358267716536
21
1.5490668897637796
0
LINE
8
BLACK
6
CONTINUOUS
10
1.1897358267716536
20
1.5490668897637796
11
1.1890957480314961
21
1.548108937007874
0
LINE
8
BLACK
6
CONTINUOUS
10
1.1890957480314961
20
1.548108937007874
11
1.1881377952755905
21
1.5474688582677165
0
LINE
8
BLACK
6
CONTINUOUS
10
1.1881377952755905
20
1.5474688582677165
11
1.1870078346456692
21
1.5472440944881889
0
LINE
8
BLACK
6
CONTINUOUS
10
1.1870078346456692
20
1.5472440944881889
11
1.1811023228346456
21
1.5472440944881889
0
LINE
8
BLACK
6
CONTINUOUS
10
1.1811023228346456
20
1.5472440944881889
11
1.1799723622047245
21
1.5474688582677165
0
LINE
8
BLACK
6
CONTINUOUS
10
1.1799723622047245
20
1.5474688582677165
11
1.1790144094488189
21
1.548108937007874
0
LINE
8
BLACK
6
CONTINUOUS
10
1.1790144094488189
20
1.548108937007874
11
1.1783743307086614
21
1.5490668897637796
0
LINE
8
BLACK
6
CONTINUOUS
10
1.1783743307086614
20
1.5490668897637796
11
1.1781495669291338
21
1.5501968503937007
0
LINE
8
BLACK
6
CONTINUOUS
10
1.1781495669291338
20
1.5501968503937007
11
1.1781495669291338
21
1.6053149606299213
0
LINE
8
BLACK
6
CONTINUOUS
10
1.1781495669291338
20
1.6053149606299213
11
1.1783743307086614
21
1.6064449212598424
0
LINE
8
BLACK
6
CONTINUOUS
10
1.1783743307086614
20
1.6064449212598424
11
1.1790144094488189
21
1.607402874015748
0
LINE
8
BLACK
6
CONTINUOUS
10
1.1790144094488189
20
1.607402874015748
11
1.1799723622047245
21
1.6080429527559055
0
LINE
8
BLACK
6
CONTINUOUS
10
1.1799723622047245
20
1.6080429527559055
11
1.1811023228346456
21
1.6082677165354331
0
LINE
8
BLACK
6
CONTINUOUS
10
1.1811023228346456
20
1.6082677165354331
11
1.1870078346456692
21
1.6082677165354331
0
LINE
8
BLACK
6
CONTINUOUS
10
1.1870078346456692
20
1.6082677165354331
11
1.1881377952755905
21
1.6080429527559055
0
LINE
8
BLACK
6
CONTINUOUS
10
1.4675944094488189
20
1.6267123622047244
11
1.470787559055118
21
1.624578779527559
0
LINE
8
BLACK
6
CONTINUOUS
10
1.470787559055118
20
1.624578779527559
11
1.489578779527559
21
1.6057875590551181
0
LINE
8
BLACK
6
CONTINUOUS
10
1.489578779527559
20
1.6057875590551181
11
1.4917123622047244
21
1.6025944094488189
0
LINE
8
BLACK
6
CONTINUOUS
10
1.4917123622047244
20
1.6025944094488189
11
1.4924616141732283
21
1.5988278346456692
0
LINE
8
BLACK
6
CONTINUOUS
10
1.4924616141732283
20
1.5988278346456692
11
1.4917123622047244
21
1.5950612598425196
0
LINE
8
BLACK
6
CONTINUOUS
10
1.4917123622047244
20
1.5950612598425196
11
1.489578779527559
21
1.5918681102362204
0
LINE
8
BLACK
6
CONTINUOUS
10
1.489578779527559
20
1.5918681102362204
11
1.4631318897637795
21
1.5654212204724409
0
LINE
8
BLACK
6
CONTINUOUS
10
1.4631318897637795
20
1.5654212204724409
11
1.4599387401574804
21
1.5632876377952756
0
LINE
8
BLACK
6
CONTINUOUS
10
1.4599387401574804
20
1.5632876377952756
11
1.4561721653543307
21
1.5625383858267716
0
LINE
8
BLACK
6
CONTINUOUS
10
1.4561721653543307
20
1.5625383858267716
11
1.452405590551181
21
1.5632876377952756
0
LINE
8
BLACK
6
CONTINUOUS
10
1.452405590551181
20
1.5632876377952756
11
1.4492124409448819
21
1.5654212204724409
0
LINE
8
BLACK
6
CONTINUOUS
10
1.4492124409448819
20
1.5654212204724409
11
1.4304212204724409
21
1.5842124409448819
0
LINE
8
BLACK
6
CONTINUOUS
10
1.4304212204724409
20
1.5842124409448819
11
1.4282876377952756
21
1.587405590551181
0
LINE
8
BLACK
6
CONTINUOUS
10
1.4282876377952756
20
1.587405590551181
11
1.4275383858267716
21
1.5911721653543307
0
LINE
8
BLACK
6
CONTINUOUS
10
1.4275383858267716
20
1.5911721653543307
11
1.4282876377952756
21
1.5949387401574804
0
LINE
8
BLACK
6
CONTINUOUS
10
1.4282876377952756
20
1.5949387401574804
11
1.4304212204724409
21
1.5981318897637795
0
LINE
8
BLACK
6
CONTINUOUS
10
1.4304212204724409
20
1.5981318897637795
11
1.4568681102362204
21
1.624578779527559
0
LINE
8
BLACK
6
CONTINUOUS
10
1.4568681102362204
20
1.624578779527559
11
1.4600612598425196
21
1.6267123622047244
0
LINE
8
BLACK
6
CONTINUOUS
10
1.4600612598425196
20
1.6267123622047244
11
1.4638278346456692
21
1.6274616141732283
0
LINE
8
BLACK
6
CONTINUOUS
10
1.4638278346456692
20
1.6274616141732283
11
1.4675944094488189
21
1.6267123622047244
0
LINE
8
BLACK
6
CONTINUOUS
10
1.4098288188976378
20
1.6844779527559055
11
1.4130219685039369
21
1.6823443700787402
0
LINE
8
BLACK
6
CONTINUOUS
10
1.4130219685039369
20
1.6823443700787402
11
1.4318131889763779
21
1.6635531496062992
0
LINE
8
BLACK
6
CONTINUOUS
10
1.4318131889763779
20
1.6635531496062992
11
1.4339467716535432
21
1.6603600000000001
0
LINE
8
BLACK
6
CONTINUOUS
10
1.4339467716535432
20
1.6603600000000001
11
1.4346960236220472
21
1.6565934251968504
0
LINE
8
BLACK
6
CONTINUOUS
10
1.4346960236220472
20
1.6565934251968504
11
1.4339467716535432
21
1.6528268503937007
0
LINE
8
BLACK
6
CONTINUOUS
10
1.4339467716535432
20
1.6528268503937007
11
1.4318131889763779
21
1.6496337007874016
0
LINE
8
BLACK
6
CONTINUOUS
10
1.4318131889763779
20
1.6496337007874016
11
1.4053662992125984
21
1.6231868110236221
0
LINE
8
BLACK
6
CONTINUOUS
10
1.4053662992125984
20
1.6231868110236221
11
1.4021731496062992
21
1.6210532283464567
0
LINE
8
BLACK
6
CONTINUOUS
10
1.4021731496062992
20
1.6210532283464567
11
1.3984065748031496
21
1.6203039763779528
0
LINE
8
BLACK
6
CONTINUOUS
10
1.3984065748031496
20
1.6203039763779528
11
1.3946399999999999
21
1.6210532283464567
0
LINE
8
BLACK
6
CONTINUOUS
10
1.3946399999999999
20
1.6210532283464567
11
1.3914468503937008
21
1.6231868110236221
0
LINE
8
BLACK
6
CONTINUOUS
10
1.3914468503937008
20
1.6231868110236221
11
1.3726556299212598
21
1.641978031496063
0
LINE
8
BLACK
6
CONTINUOUS
10
1.3726556299212598
20
1.641978031496063
11
1.3705220472440944
21
1.6451711811023622
0
LINE
8
BLACK
6
CONTINUOUS
10
1.3705220472440944
20
1.6451711811023622
11
1.3697727952755905
21
1.6489377559055118
0
LINE
8
BLACK
6
CONTINUOUS
10
1.3697727952755905
20
1.6489377559055118
11
1.3705220472440944
21
1.6527043307086613
0
LINE
8
BLACK
6
CONTINUOUS
10
1.3705220472440944
20
1.6527043307086613
11
1.3726556299212598
21
1.6558974803149606
0
LINE
8
BLACK
6
CONTINUOUS
10
1.3726556299212598
20
1.6558974803149606
11
1.3991025196850393
21
1.6823443700787402
0
LINE
8
BLACK
6
CONTINUOUS
10
1.3991025196850393
20
1.6823443700787402
11
1.4022956692913386
21
1.6844779527559055
0
LINE
8
BLACK
6
CONTINUOUS
10
1.4022956692913386
20
1.6844779527559055
11
1.4060622440944881
21
1.6852272047244095
0
LINE
8
BLACK
6
CONTINUOUS
10
1.4060622440944881
20
1.6852272047244095
11
1.4098288188976378
21
1.6844779527559055
0
LINE
8
BLACK
6
CONTINUOUS
10
0.6474673622047243
20
1.6978728346456693
11
0.6506605118110236
21
1.6957392519685039
0
LINE
8
BLACK
6
CONTINUOUS
10
0.6506605118110236
20
1.6957392519685039
11
0.6527940944881889
21
1.6925461023622046
0
LINE
8
BLACK
6
CONTINUOUS
10
0.6527940944881889
20
1.6925461023622046
11
0.6535433070866141
21
1.6887795275590551
0
LINE
8
BLACK
6
CONTINUOUS
10
0.6535433070866141
20
1.6887795275590551
11
0.6535433070866141
21
1.6513779527559054
0
LINE
8
BLACK
6
CONTINUOUS
10
0.6535433070866141
20
1.6513779527559054
11
0.6527940944881889
21
1.6476113779527559
0
LINE
8
BLACK
6
CONTINUOUS
10
0.6527940944881889
20
1.6476113779527559
11
0.6506605118110236
21
1.6444182283464566
0
LINE
8
BLACK
6
CONTINUOUS
10
0.6506605118110236
20
1.6444182283464566
11
0.6474673622047243
21
1.6422846456692912
0
LINE
8
BLACK
6
CONTINUOUS
10
0.6474673622047243
20
1.6422846456692912
11
0.6437007874015748
21
1.641535433070866
0
LINE
8
BLACK
6
CONTINUOUS
10
0.6437007874015748
20
1.641535433070866
11
0.6171259842519685
21
1.641535433070866
0
LINE
8
BLACK
6
CONTINUOUS
10
0.6171259842519685
20
1.641535433070866
11
0.6133594094488188
21
1.6422846456692912
0
LINE
8
BLACK
6
CONTINUOUS
10
0.6133594094488188
20
1.6422846456692912
11
0.6101662598425197
21
1.6444182283464566
0
LINE
8
BLACK
6
CONTINUOUS
10
0.6101662598425197
20
1.6444182283464566
11
0.6080326771653544
21
1.6476113779527559
0
LINE
8
BLACK
6
CONTINUOUS
10
0.6080326771653544
20
1.6476113779527559
11
0.6072834645669292
21
1.6513779527559054
0
LINE
8
BLACK
6
CONTINUOUS
10
0.6072834645669292
20
1.6513779527559054
11
0.6072834645669292
21
1.6887795275590551
0
LINE
8
BLACK
6
CONTINUOUS
10
0.6072834645669292
20
1.6887795275590551
11
0.6080326771653544
21
1.6925461023622046
0
LINE
8
BLACK
6
CONTINUOUS
10
0.6080326771653544
20
1.6925461023622046
11
0.6101662598425197
21
1.6957392519685039
0
LINE
8
BLACK
6
CONTINUOUS
10
0.6101662598425197
20
1.6957392519685039
11
0.6133594094488188
21
1.6978728346456693
0
LINE
8
BLACK
6
CONTINUOUS
10
0.6133594094488188
20
1.6978728346456693
11
0.6171259842519685
21
1.6986220472440945
0
LINE
8
BLACK
6
CONTINUOUS
10
0.6171259842519685
20
1.6986220472440945
11
0.6437007874015748
21
1.6986220472440945
0
LINE
8
BLACK
6
CONTINUOUS
10
0.6437007874015748
20
1.6986220472440945
11
0.6474673622047243
21
1.6978728346456693
0
LINE
8
BLACK
6
CONTINUOUS
10
0.7291602755905512
20
1.6978728346456693
11
0.7323534251968504
21
1.6957392519685039
0
LINE
8
BLACK
6
CONTINUOUS
10
0.7323534251968504
20
1.6957392519685039
11
0.7344870078740158
21
1.6925461023622046
0
LINE
8
BLACK
6
CONTINUOUS
10
0.7344870078740158
20
1.6925461023622046
11
0.735236220472441
21
1.6887795275590551
0
LINE
8
BLACK
6
CONTINUOUS
10
0.735236220472441
20
1.6887795275590551
11
0.735236220472441
21
1.6513779527559054
0
LINE
8
BLACK
6
CONTINUOUS
10
0.735236220472441
20
1.6513779527559054
11
0.7344870078740158
21
1.6476113779527559
0
LINE
8
BLACK
6
CONTINUOUS
10
0.7344870078740158
20
1.6476113779527559
11
0.7323534251968504
21
1.6444182283464566
0
LINE
8
BLACK
6
CONTINUOUS
10
0.7323534251968504
20
1.6444182283464566
11
0.7291602755905512
21
1.6422846456692912
0
LINE
8
BLACK
6
CONTINUOUS
10
0.7291602755905512
20
1.6422846456692912
11
0.7253937007874015
21
1.641535433070866
0
LINE
8
BLACK
6
CONTINUOUS
10
0.7253937007874015
20
1.641535433070866
11
0.6988188976377953
21
1.641535433070866
0
LINE
8
BLACK
6
CONTINUOUS
10
0.6988188976377953
20
1.641535433070866
11
0.6950523228346457
21
1.6422846456692912
0
LINE
8
BLACK
6
CONTINUOUS
10
0.6950523228346457
20
1.6422846456692912
11
0.6918591732283464
21
1.6444182283464566
0
LINE
8
BLACK
6
CONTINUOUS
10
0.6918591732283464
20
1.6444182283464566
11
0.6897255905511811
21
1.6476113779527559
0
LINE
8
BLACK
6
CONTINUOUS
10
0.6897255905511811
20
1.6476113779527559
11
0.6889763779527559
21
1.6513779527559054
0
LINE
8
BLACK
6
CONTINUOUS
10
0.6889763779527559
20
1.6513779527559054
11
0.6889763779527559
21
1.6887795275590551
0
LINE
8
BLACK
6
CONTINUOUS
10
0.6889763779527559
20
1.6887795275590551
11
0.6897255905511811
21
1.6925461023622046
0
LINE
8
BLACK
6
CONTINUOUS
10
0.6897255905511811
20
1.6925461023622046
11
0.6918591732283464
21
1.6957392519685039
0
LINE
8
BLACK
6
CONTINUOUS
10
0.6918591732283464
20
1.6957392519685039
11
0.6950523228346457
21
1.6978728346456693
0
LINE
8
BLACK
6
CONTINUOUS
10
0.6950523228346457
20
1.6978728346456693
11
0.6988188976377953
21
1.6986220472440945
0
LINE
8
BLACK
6
CONTINUOUS
10
0.6988188976377953
20
1.6986220472440945
11
0.7253937007874015
21
1.6986220472440945
0
LINE
8
BLACK
6
CONTINUOUS
10
0.7253937007874015
20
1.6986220472440945
11
0.7291602755905512
21
1.6978728346456693
0
LINE
8
BLACK
6
CONTINUOUS
10
0.8416811417322835
20
1.6592240944881889
11
0.842639094488189
21
1.6585840157480314
0
LINE
8
BLACK
6
CONTINUOUS
10
0.842639094488189
20
1.6585840157480314
11
0.8432791732283464
21
1.657626062992126
0
LINE
8
BLACK
6
CONTINUOUS
10
0.8432791732283464
20
1.657626062992126
11
0.843503937007874
21
1.6564961023622047
0
LINE
8
BLACK
6
CONTINUOUS
10
0.843503937007874
20
1.6564961023622047
11
0.843503937007874
21
1.6505905905511811
0
LINE
8
BLACK
6
CONTINUOUS
10
0.843503937007874
20
1.6505905905511811
11
0.8432791732283464
21
1.6494606299212597
0
LINE
8
BLACK
6
CONTINUOUS
10
0.8432791732283464
20
1.6494606299212597
11
0.842639094488189
21
1.6485026771653544
0
LINE
8
BLACK
6
CONTINUOUS
10
0.842639094488189
20
1.6485026771653544
11
0.8416811417322835
21
1.6478625984251969
0
LINE
8
BLACK
6
CONTINUOUS
10
0.8416811417322835
20
1.6478625984251969
11
0.8405511811023622
21
1.6476378346456693
0
LINE
8
BLACK
6
CONTINUOUS
10
0.8405511811023622
20
1.6476378346456693
11
0.7854330708661417
21
1.6476378346456693
0
LINE
8
BLACK
6
CONTINUOUS
10
0.7854330708661417
20
1.6476378346456693
11
0.7843031102362205
21
1.6478625984251969
0
LINE
8
BLACK
6
CONTINUOUS
10
0.7843031102362205
20
1.6478625984251969
11
0.783345157480315
21
1.6485026771653544
0
LINE
8
BLACK
6
CONTINUOUS
10
0.783345157480315
20
1.6485026771653544
11
0.7827050787401575
21
1.6494606299212597
0
LINE
8
BLACK
6
CONTINUOUS
10
0.7827050787401575
20
1.6494606299212597
11
0.7824803149606299
21
1.6505905905511811
0
LINE
8
BLACK
6
CONTINUOUS
10
0.7824803149606299
20
1.6505905905511811
11
0.7824803149606299
21
1.6564961023622047
0
LINE
8
BLACK
6
CONTINUOUS
10
0.7824803149606299
20
1.6564961023622047
11
0.7827050787401575
21
1.657626062992126
0
LINE
8
BLACK
6
CONTINUOUS
10
0.7827050787401575
20
1.657626062992126
11
0.783345157480315
21
1.6585840157480314
0
LINE
8
BLACK
6
CONTINUOUS
10
0.783345157480315
20
1.6585840157480314
11
0.7843031102362205
21
1.6592240944881889
0
LINE
8
BLACK
6
CONTINUOUS
10
0.7843031102362205
20
1.6592240944881889
11
0.7854330708661417
21
1.6594488582677165
0
LINE
8
BLACK
6
CONTINUOUS
10
0.7854330708661417
20
1.6594488582677165
11
0.8405511811023622
21
1.6594488582677165
0
LINE
8
BLACK
6
CONTINUOUS
10
0.8405511811023622
20
1.6594488582677165
11
0.8416811417322835
21
1.6592240944881889
0
LINE
8
BLACK
6
CONTINUOUS
10
1.2885315354330709
20
1.6592240944881889
11
1.2894894881889762
21
1.6585840157480314
0
LINE
8
BLACK
6
CONTINUOUS
10
1.2894894881889762
20
1.6585840157480314
11
1.2901295669291337
21
1.657626062992126
0
LINE
8
BLACK
6
CONTINUOUS
10
1.2901295669291337
20
1.657626062992126
11
1.2903543307086613
21
1.6564961023622047
0
LINE
8
BLACK
6
CONTINUOUS
10
1.2903543307086613
20
1.6564961023622047
11
1.2903543307086613
21
1.6505905905511811
0
LINE
8
BLACK
6
CONTINUOUS
10
1.2903543307086613
20
1.6505905905511811
11
1.2901295669291337
21
1.6494606299212597
0
LINE
8
BLACK
6
CONTINUOUS
10
1.2901295669291337
20
1.6494606299212597
11
1.2894894881889762
21
1.6485026771653544
0
LINE
8
BLACK
6
CONTINUOUS
10
1.2894894881889762
20
1.6485026771653544
11
1.2885315354330709
21
1.6478625984251969
0
LINE
8
BLACK
6
CONTINUOUS
10
1.2885315354330709
20
1.6478625984251969
11
1.2874015748031495
21
1.6476378346456693
0
LINE
8
BLACK
6
CONTINUOUS
10
1.2874015748031495
20
1.6476378346456693
11
1.2322834645669292
21
1.6476378346456693
0
LINE
8
BLACK
6
CONTINUOUS
10
1.2322834645669292
20
1.6476378346456693
11
1.2311535039370078
21
1.6478625984251969
0
LINE
8
BLACK
6
CONTINUOUS
10
1.2311535039370078
20
1.6478625984251969
11
1.2301955511811022
21
1.6485026771653544
0
LINE
8
BLACK
6
CONTINUOUS
10
1.2301955511811022
20
1.6485026771653544
11
1.2295554724409448
21
1.6494606299212597
0
LINE
8
BLACK
6
CONTINUOUS
10
1.2295554724409448
20
1.6494606299212597
11
1.2293307086614174
21
1.6505905905511811
0
LINE
8
BLACK
6
CONTINUOUS
10
1.2293307086614174
20
1.6505905905511811
11
1.2293307086614174
21
1.6564961023622047
0
LINE
8
BLACK
6
CONTINUOUS
10
1.2293307086614174
20
1.6564961023622047
11
1.2295554724409448
21
1.657626062992126
0
LINE
8
BLACK
6
CONTINUOUS
10
1.2295554724409448
20
1.657626062992126
11
1.2301955511811022
21
1.6585840157480314
0
LINE
8
BLACK
6
CONTINUOUS
10
1.2301955511811022
20
1.6585840157480314
11
1.2311535039370078
21
1.6592240944881889
0
LINE
8
BLACK
6
CONTINUOUS
10
1.2311535039370078
20
1.6592240944881889
11
1.2322834645669292
21
1.6594488582677165
0
LINE
8
BLACK
6
CONTINUOUS
10
1.2322834645669292
20
1.6594488582677165
11
1.2874015748031495
21
1.6594488582677165
0
LINE
8
BLACK
6
CONTINUOUS
10
1.2874015748031495
20
1.6594488582677165
11
1.2885315354330709
21
1.6592240944881889
0
LINE
8
BLACK
6
CONTINUOUS
10
0.8416811417322835
20
1.678909094488189
11
0.842639094488189
21
1.6782690157480316
0
LINE
8
BLACK
6
CONTINUOUS
10
0.842639094488189
20
1.6782690157480316
11
0.8432791732283464
21
1.677311062992126
0
LINE
8
BLACK
6
CONTINUOUS
10
0.8432791732283464
20
1.677311062992126
11
0.843503937007874
21
1.6761811023622046
0
LINE
8
BLACK
6
CONTINUOUS
10
0.843503937007874
20
1.6761811023622046
11
0.843503937007874
21
1.670275590551181
0
LINE
8
BLACK
6
CONTINUOUS
10
0.843503937007874
20
1.670275590551181
11
0.8432791732283464
21
1.6691456299212597
0
LINE
8
BLACK
6
CONTINUOUS
10
0.8432791732283464
20
1.6691456299212597
11
0.842639094488189
21
1.6681876771653543
0
LINE
8
BLACK
6
CONTINUOUS
10
0.842639094488189
20
1.6681876771653543
11
0.8416811417322835
21
1.6675475984251968
0
LINE
8
BLACK
6
CONTINUOUS
10
0.8416811417322835
20
1.6675475984251968
11
0.8405511811023622
21
1.6673228346456692
0
LINE
8
BLACK
6
CONTINUOUS
10
0.8405511811023622
20
1.6673228346456692
11
0.7854330708661417
21
1.6673228346456692
0
LINE
8
BLACK
6
CONTINUOUS
10
0.7854330708661417
20
1.6673228346456692
11
0.7843031102362205
21
1.6675475984251968
0
LINE
8
BLACK
6
CONTINUOUS
10
0.7843031102362205
20
1.6675475984251968
11
0.783345157480315
21
1.6681876771653543
0
LINE
8
BLACK
6
CONTINUOUS
10
0.783345157480315
20
1.6681876771653543
11
0.7827050787401575
21
1.6691456299212597
0
LINE
8
BLACK
6
CONTINUOUS
10
0.7827050787401575
20
1.6691456299212597
11
0.7824803149606299
21
1.670275590551181
0
LINE
8
BLACK
6
CONTINUOUS
10
0.7824803149606299
20
1.670275590551181
11
0.7824803149606299
21
1.6761811023622046
0
LINE
8
BLACK
6
CONTINUOUS
10
0.7824803149606299
20
1.6761811023622046
11
0.7827050787401575
21
1.677311062992126
0
LINE
8
BLACK
6
CONTINUOUS
10
0.7827050787401575
20
1.677311062992126
11
0.783345157480315
21
1.6782690157480316
0
LINE
8
BLACK
6
CONTINUOUS
10
0.783345157480315
20
1.6782690157480316
11
0.7843031102362205
21
1.678909094488189
0
LINE
8
BLACK
6
CONTINUOUS
10
0.7843031102362205
20
1.678909094488189
11
0.7854330708661417
21
1.6791338582677164
0
LINE
8
BLACK
6
CONTINUOUS
10
0.7854330708661417
20
1.6791338582677164
11
0.8405511811023622
21
1.6791338582677164
0
LINE
8
BLACK
6
CONTINUOUS
10
0.8405511811023622
20
1.6791338582677164
11
0.8416811417322835
21
1.678909094488189
0
LINE
8
BLACK
6
CONTINUOUS
10
1.2885315354330709
20
1.678909094488189
11
1.2894894881889762
21
1.6782690157480316
0
LINE
8
BLACK
6
CONTINUOUS
10
1.2894894881889762
20
1.6782690157480316
11
1.2901295669291337
21
1.677311062992126
0
LINE
8
BLACK
6
CONTINUOUS
10
1.2901295669291337
20
1.677311062992126
11
1.2903543307086613
21
1.6761811023622046
0
LINE
8
BLACK
6
CONTINUOUS
10
1.2903543307086613
20
1.6761811023622046
11
1.2903543307086613
21
1.670275590551181
0
LINE
8
BLACK
6
CONTINUOUS
10
1.2903543307086613
20
1.670275590551181
11
1.2901295669291337
21
1.6691456299212597
0
LINE
8
BLACK
6
CONTINUOUS
10
1.2901295669291337
20
1.6691456299212597
11
1.2894894881889762
21
1.6681876771653543
0
LINE
8
BLACK
6
CONTINUOUS
10
1.2894894881889762
20
1.6681876771653543
11
1.2885315354330709
21
1.6675475984251968
0
LINE
8
BLACK
6
CONTINUOUS
10
1.2885315354330709
20
1.6675475984251968
11
1.2874015748031495
21
1.6673228346456692
0
LINE
8
BLACK
6
CONTINUOUS
10
1.2874015748031495
20
1.6673228346456692
11
1.2322834645669292
21
1.6673228346456692
0
LINE
8
BLACK
6
CONTINUOUS
10
1.2322834645669292
20
1.6673228346456692
11
1.2311535039370078
21
1.6675475984251968
0
LINE
8
BLACK
6
CONTINUOUS
10
1.2311535039370078
20
1.6675475984251968
11
1.2301955511811022
21
1.6681876771653543
0
LINE
8
BLACK
6
CONTINUOUS
10
1.2301955511811022
20
1.6681876771653543
11
1.2295554724409448
21
1.6691456299212597
0
LINE
8
BLACK
6
CONTINUOUS
10
1.2295554724409448
20
1.6691456299212597
11
1.2293307086614174
21
1.670275590551181
0
LINE
8
BLACK
6
CONTINUOUS
10
1.2293307086614174
20
1.670275590551181
11
1.2293307086614174
21
1.6761811023622046
0
LINE
8
BLACK
6
CONTINUOUS
10
1.2293307086614174
20
1.6761811023622046
11
1.2295554724409448
21
1.677311062992126
0
LINE
8
BLACK
6
CONTINUOUS
10
1.2295554724409448
20
1.677311062992126
11
1.2301955511811022
21
1.6782690157480316
0
LINE
8
BLACK
6
CONTINUOUS
10
1.2301955511811022
20
1.6782690157480316
11
1.2311535039370078
21
1.678909094488189
0
LINE
8
BLACK
6
CONTINUOUS
10
1.2311535039370078
20
1.678909094488189
11
1.2322834645669292
21
1.6791338582677164
0
LINE
8
BLACK
6
CONTINUOUS
10
1.2322834645669292
20
1.6791338582677164
11
1.2874015748031495
21
1.6791338582677164
0
LINE
8
BLACK
6
CONTINUOUS
10
1.2874015748031495
20
1.6791338582677164
11
1.2885315354330709
21
1.678909094488189
0
LINE
8
BLACK
6
CONTINUOUS
10
0.8416811417322835
20
1.6985941338582677
11
0.842639094488189
21
1.6979540551181103
0
LINE
8
BLACK
6
CONTINUOUS
10
0.842639094488189
20
1.6979540551181103
11
0.8432791732283464
21
1.6969961023622047
0
LINE
8
BLACK
6
CONTINUOUS
10
0.8432791732283464
20
1.6969961023622047
11
0.843503937007874
21
1.6958661417322833
0
LINE
8
BLACK
6
CONTINUOUS
10
0.843503937007874
20
1.6958661417322833
11
0.843503937007874
21
1.6899606299212597
0
LINE
8
BLACK
6
CONTINUOUS
10
0.843503937007874
20
1.6899606299212597
11
0.8432791732283464
21
1.6888306692913386
0
LINE
8
BLACK
6
CONTINUOUS
10
0.8432791732283464
20
1.6888306692913386
11
0.842639094488189
21
1.687872716535433
0
LINE
8
BLACK
6
CONTINUOUS
10
0.842639094488189
20
1.687872716535433
11
0.8416811417322835
21
1.6872326377952755
0
LINE
8
BLACK
6
CONTINUOUS
10
0.8416811417322835
20
1.6872326377952755
11
0.8405511811023622
21
1.6870078740157479
0
LINE
8
BLACK
6
CONTINUOUS
10
0.8405511811023622
20
1.6870078740157479
11
0.7854330708661417
21
1.6870078740157479
0
LINE
8
BLACK
6
CONTINUOUS
10
0.7854330708661417
20
1.6870078740157479
11
0.7843031102362205
21
1.6872326377952755
0
LINE
8
BLACK
6
CONTINUOUS
10
0.7843031102362205
20
1.6872326377952755
11
0.783345157480315
21
1.687872716535433
0
LINE
8
BLACK
6
CONTINUOUS
10
0.783345157480315
20
1.687872716535433
11
0.7827050787401575
21
1.6888306692913386
0
LINE
8
BLACK
6
CONTINUOUS
10
0.7827050787401575
20
1.6888306692913386
11
0.7824803149606299
21
1.6899606299212597
0
LINE
8
BLACK
6
CONTINUOUS
10
0.7824803149606299
20
1.6899606299212597
11
0.7824803149606299
21
1.6958661417322833
0
LINE
8
BLACK
6
CONTINUOUS
10
0.7824803149606299
20
1.6958661417322833
11
0.7827050787401575
21
1.6969961023622047
0
LINE
8
BLACK
6
CONTINUOUS
10
0.7827050787401575
20
1.6969961023622047
11
0.783345157480315
21
1.6979540551181103
0
LINE
8
BLACK
6
CONTINUOUS
10
0.783345157480315
20
1.6979540551181103
11
0.7843031102362205
21
1.6985941338582677
0
LINE
8
BLACK
6
CONTINUOUS
10
0.7843031102362205
20
1.6985941338582677
11
0.7854330708661417
21
1.6988188976377951
0
LINE
8
BLACK
6
CONTINUOUS
10
0.7854330708661417
20
1.6988188976377951
11
0.8405511811023622
21
1.6988188976377951
0
LINE
8
BLACK
6
CONTINUOUS
10
0.8405511811023622
20
1.6988188976377951
11
0.8416811417322835
21
1.6985941338582677
0
LINE
8
BLACK
6
CONTINUOUS
10
1.2885315354330709
20
1.6985941338582677
11
1.2894894881889762
21
1.6979540551181103
0
LINE
8
BLACK
6
CONTINUOUS
10
1.2894894881889762
20
1.6979540551181103
11
1.2901295669291337
21
1.6969961023622047
0
LINE
8
BLACK
6
CONTINUOUS
10
1.2901295669291337
20
1.6969961023622047
11
1.2903543307086613
21
1.6958661417322833
0
LINE
8
BLACK
6
CONTINUOUS
10
1.2903543307086613
20
1.6958661417322833
11
1.2903543307086613
21
1.6899606299212597
0
LINE
8
BLACK
6
CONTINUOUS
10
1.2903543307086613
20
1.6899606299212597
11
1.2901295669291337
21
1.6888306692913386
0
LINE
8
BLACK
6
CONTINUOUS
10
1.2901295669291337
20
1.6888306692913386
11
1.2894894881889762
21
1.687872716535433
0
LINE
8
BLACK
6
CONTINUOUS
10
1.2894894881889762
20
1.687872716535433
11
1.2885315354330709
21
1.6872326377952755
0
LINE
8
BLACK
6
CONTINUOUS
10
1.2885315354330709
20
1.6872326377952755
11
1.2874015748031495
21
1.6870078740157479
0
LINE
8
BLACK
6
CONTINUOUS
10
1.2874015748031495
20
1.6870078740157479
11
1.2322834645669292
21
1.6870078740157479
0
LINE
8
BLACK
6
CONTINUOUS
10
1.2322834645669292
20
1.6870078740157479
11
1.2311535039370078
21
1.6872326377952755
0
LINE
8
BLACK
6
CONTINUOUS
10
1.2311535039370078
20
1.6872326377952755
11
1.2301955511811022
21
1.687872716535433
0
LINE
8
BLACK
6
CONTINUOUS
10
1.2301955511811022
20
1.687872716535433
11
1.2295554724409448
21
1.6888306692913386
0
LINE
8
BLACK
6
CONTINUOUS
10
1.2295554724409448
20
1.6888306692913386
11
1.2293307086614174
21
1.6899606299212597
0
LINE
8
BLACK
6
CONTINUOUS
10
1.2293307086614174
20
1.6899606299212597
11
1.2293307086614174
21
1.6958661417322833
0
LINE
8
BLACK
6
CONTINUOUS
10
1.2293307086614174
20
1.6958661417322833
11
1.2295554724409448
21
1.6969961023622047
0
LINE
8
BLACK
6
CONTINUOUS
10
1.2295554724409448
20
1.6969961023622047
11
1.2301955511811022
21
1.6979540551181103
0
LINE
8
BLACK
6
CONTINUOUS
10
1.2301955511811022
20
1.6979540551181103
11
1.2311535039370078
21
1.6985941338582677
0
LINE
8
BLACK
6
CONTINUOUS
10
1.2311535039370078
20
1.6985941338582677
11
1.2322834645669292
21
1.6988188976377951
0
LINE
8
BLACK
6
CONTINUOUS
10
1.2322834645669292
20
1.6988188976377951
11
1.2874015748031495
21
1.6988188976377951
0
LINE
8
BLACK
6
CONTINUOUS
10
1.2874015748031495
20
1.6988188976377951
11
1.2885315354330709
21
1.6985941338582677
0
LINE
8
BLACK
6
CONTINUOUS
10
0.8416811417322835
20
1.7182791732283464
11
0.842639094488189
21
1.717639094488189
0
LINE
8
BLACK
6
CONTINUOUS
10
0.842639094488189
20
1.717639094488189
11
0.8432791732283464
21
1.7166811417322834
0
LINE
8
BLACK
6
CONTINUOUS
10
0.8432791732283464
20
1.7166811417322834
11
0.843503937007874
21
1.7155511811023623
0
LINE
8
BLACK
6
CONTINUOUS
10
0.843503937007874
20
1.7155511811023623
11
0.843503937007874
21
1.7096456692913387
0
LINE
8
BLACK
6
CONTINUOUS
10
0.843503937007874
20
1.7096456692913387
11
0.8432791732283464
21
1.7085157086614173
0
LINE
8
BLACK
6
CONTINUOUS
10
0.8432791732283464
20
1.7085157086614173
11
0.842639094488189
21
1.7075577559055117
0
LINE
8
BLACK
6
CONTINUOUS
10
0.842639094488189
20
1.7075577559055117
11
0.8416811417322835
21
1.7069176771653543
0
LINE
8
BLACK
6
CONTINUOUS
10
0.8416811417322835
20
1.7069176771653543
11
0.8405511811023622
21
1.7066929133858266
0
LINE
8
BLACK
6
CONTINUOUS
10
0.8405511811023622
20
1.7066929133858266
11
0.7854330708661417
21
1.7066929133858266
0
LINE
8
BLACK
6
CONTINUOUS
10
0.7854330708661417
20
1.7066929133858266
11
0.7843031102362205
21
1.7069176771653543
0
LINE
8
BLACK
6
CONTINUOUS
10
0.7843031102362205
20
1.7069176771653543
11
0.783345157480315
21
1.7075577559055117
0
LINE
8
BLACK
6
CONTINUOUS
10
0.783345157480315
20
1.7075577559055117
11
0.7827050787401575
21
1.7085157086614173
0
LINE
8
BLACK
6
CONTINUOUS
10
0.7827050787401575
20
1.7085157086614173
11
0.7824803149606299
21
1.7096456692913387
0
LINE
8
BLACK
6
CONTINUOUS
10
0.7824803149606299
20
1.7096456692913387
11
0.7824803149606299
21
1.7155511811023623
0
LINE
8
BLACK
6
CONTINUOUS
10
0.7824803149606299
20
1.7155511811023623
11
0.7827050787401575
21
1.7166811417322834
0
LINE
8
BLACK
6
CONTINUOUS
10
0.7827050787401575
20
1.7166811417322834
11
0.783345157480315
21
1.717639094488189
0
LINE
8
BLACK
6
CONTINUOUS
10
0.783345157480315
20
1.717639094488189
11
0.7843031102362205
21
1.7182791732283464
0
LINE
8
BLACK
6
CONTINUOUS
10
0.7843031102362205
20
1.7182791732283464
11
0.7854330708661417
21
1.7185039370078741
0
LINE
8
BLACK
6
CONTINUOUS
10
0.7854330708661417
20
1.7185039370078741
11
0.8405511811023622
21
1.7185039370078741
0
LINE
8
BLACK
6
CONTINUOUS
10
0.8405511811023622
20
1.7185039370078741
11
0.8416811417322835
21
1.7182791732283464
0
LINE
8
BLACK
6
CONTINUOUS
10
1.2885315354330709
20
1.7182791732283464
11
1.2894894881889762
21
1.717639094488189
0
LINE
8
BLACK
6
CONTINUOUS
10
1.2894894881889762
20
1.717639094488189
11
1.2901295669291337
21
1.7166811417322834
0
LINE
8
BLACK
6
CONTINUOUS
10
1.2901295669291337
20
1.7166811417322834
11
1.2903543307086613
21
1.7155511811023623
0
LINE
8
BLACK
6
CONTINUOUS
10
1.2903543307086613
20
1.7155511811023623
11
1.2903543307086613
21
1.7096456692913387
0
LINE
8
BLACK
6
CONTINUOUS
10
1.2903543307086613
20
1.7096456692913387
11
1.2901295669291337
21
1.7085157086614173
0
LINE
8
BLACK
6
CONTINUOUS
10
1.2901295669291337
20
1.7085157086614173
11
1.2894894881889762
21
1.7075577559055117
0
LINE
8
BLACK
6
CONTINUOUS
10
1.2894894881889762
20
1.7075577559055117
11
1.2885315354330709
21
1.7069176771653543
0
LINE
8
BLACK
6
CONTINUOUS
10
1.2885315354330709
20
1.7069176771653543
11
1.2874015748031495
21
1.7066929133858266
0
LINE
8
BLACK
6
CONTINUOUS
10
1.2874015748031495
20
1.7066929133858266
11
1.2322834645669292
21
1.7066929133858266
0
LINE
8
BLACK
6
CONTINUOUS
10
1.2322834645669292
20
1.7066929133858266
11
1.2311535039370078
21
1.7069176771653543
0
LINE
8
BLACK
6
CONTINUOUS
10
1.2311535039370078
20
1.7069176771653543
11
1.2301955511811022
21
1.7075577559055117
0
LINE
8
BLACK
6
CONTINUOUS
10
1.2301955511811022
20
1.7075577559055117
11
1.2295554724409448
21
1.7085157086614173
0
LINE
8
BLACK
6
CONTINUOUS
10
1.2295554724409448
20
1.7085157086614173
11
1.2293307086614174
21
1.7096456692913387
0
LINE
8
BLACK
6
CONTINUOUS
10
1.2293307086614174
20
1.7096456692913387
11
1.2293307086614174
21
1.7155511811023623
0
LINE
8
BLACK
6
CONTINUOUS
10
1.2293307086614174
20
1.7155511811023623
11
1.2295554724409448
21
1.7166811417322834
0
LINE
8
BLACK
6
CONTINUOUS
10
1.2295554724409448
20
1.7166811417322834
11
1.2301955511811022
21
1.717639094488189
0
LINE
8
BLACK
6
CONTINUOUS
10
1.2301955511811022
20
1.717639094488189
11
1.2311535039370078
21
1.7182791732283464
0
LINE
8
BLACK
6
CONTINUOUS
10
1.2311535039370078
20
1.7182791732283464
11
1.2322834645669292
21
1.7185039370078741
0
LINE
8
BLACK
6
CONTINUOUS
10
1.2322834645669292
20
1.7185039370078741
11
1.2874015748031495
21
1.7185039370078741
0
LINE
8
BLACK
6
CONTINUOUS
10
1.2874015748031495
20
1.7185039370078741
11
1.2885315354330709
21
1.7182791732283464
0
LINE
8
BLACK
6
CONTINUOUS
10
0.8416811417322835
20
1.7379642125984252
11
0.842639094488189
21
1.7373241338582677
0
LINE
8
BLACK
6
CONTINUOUS
10
0.842639094488189
20
1.7373241338582677
11
0.8432791732283464
21
1.7363661811023621
0
LINE
8
BLACK
6
CONTINUOUS
10
0.8432791732283464
20
1.7363661811023621
11
0.843503937007874
21
1.735236220472441
0
LINE
8
BLACK
6
CONTINUOUS
10
0.843503937007874
20
1.735236220472441
11
0.843503937007874
21
1.7293307086614174
0
LINE
8
BLACK
6
CONTINUOUS
10
0.843503937007874
20
1.7293307086614174
11
0.8432791732283464
21
1.728200748031496
0
LINE
8
BLACK
6
CONTINUOUS
10
0.8432791732283464
20
1.728200748031496
11
0.842639094488189
21
1.7272427952755904
0
LINE
8
BLACK
6
CONTINUOUS
10
0.842639094488189
20
1.7272427952755904
11
0.8416811417322835
21
1.726602716535433
0
LINE
8
BLACK
6
CONTINUOUS
10
0.8416811417322835
20
1.726602716535433
11
0.8405511811023622
21
1.7263779527559056
0
LINE
8
BLACK
6
CONTINUOUS
10
0.8405511811023622
20
1.7263779527559056
11
0.7854330708661417
21
1.7263779527559056
0
LINE
8
BLACK
6
CONTINUOUS
10
0.7854330708661417
20
1.7263779527559056
11
0.7843031102362205
21
1.726602716535433
0
LINE
8
BLACK
6
CONTINUOUS
10
0.7843031102362205
20
1.726602716535433
11
0.783345157480315
21
1.7272427952755904
0
LINE
8
BLACK
6
CONTINUOUS
10
0.783345157480315
20
1.7272427952755904
11
0.7827050787401575
21
1.728200748031496
0
LINE
8
BLACK
6
CONTINUOUS
10
0.7827050787401575
20
1.728200748031496
11
0.7824803149606299
21
1.7293307086614174
0
LINE
8
BLACK
6
CONTINUOUS
10
0.7824803149606299
20
1.7293307086614174
11
0.7824803149606299
21
1.735236220472441
0
LINE
8
BLACK
6
CONTINUOUS
10
0.7824803149606299
20
1.735236220472441
11
0.7827050787401575
21
1.7363661811023621
0
LINE
8
BLACK
6
CONTINUOUS
10
0.7827050787401575
20
1.7363661811023621
11
0.783345157480315
21
1.7373241338582677
0
LINE
8
BLACK
6
CONTINUOUS
10
0.783345157480315
20
1.7373241338582677
11
0.7843031102362205
21
1.7379642125984252
0
LINE
8
BLACK
6
CONTINUOUS
10
0.7843031102362205
20
1.7379642125984252
11
0.7854330708661417
21
1.7381889763779528
0
LINE
8
BLACK
6
CONTINUOUS
10
0.7854330708661417
20
1.7381889763779528
11
0.8405511811023622
21
1.7381889763779528
0
LINE
8
BLACK
6
CONTINUOUS
10
0.8405511811023622
20
1.7381889763779528
11
0.8416811417322835
21
1.7379642125984252
0
LINE
8
BLACK
6
CONTINUOUS
10
1.2885315354330709
20
1.7379642125984252
11
1.2894894881889762
21
1.7373241338582677
0
LINE
8
BLACK
6
CONTINUOUS
10
1.2894894881889762
20
1.7373241338582677
11
1.2901295669291337
21
1.7363661811023621
0
LINE
8
BLACK
6
CONTINUOUS
10
1.2901295669291337
20
1.7363661811023621
11
1.2903543307086613
21
1.735236220472441
0
LINE
8
BLACK
6
CONTINUOUS
10
1.2903543307086613
20
1.735236220472441
11
1.2903543307086613
21
1.7293307086614174
0
LINE
8
BLACK
6
CONTINUOUS
10
1.2903543307086613
20
1.7293307086614174
11
1.2901295669291337
21
1.728200748031496
0
LINE
8
BLACK
6
CONTINUOUS
10
1.2901295669291337
20
1.728200748031496
11
1.2894894881889762
21
1.7272427952755904
0
LINE
8
BLACK
6
CONTINUOUS
10
1.2894894881889762
20
1.7272427952755904
11
1.2885315354330709
21
1.726602716535433
0
LINE
8
BLACK
6
CONTINUOUS
10
1.2885315354330709
20
1.726602716535433
11
1.2874015748031495
21
1.7263779527559056
0
LINE
8
BLACK
6
CONTINUOUS
10
1.2874015748031495
20
1.7263779527559056
11
1.2322834645669292
21
1.7263779527559056
0
LINE
8
BLACK
6
CONTINUOUS
10
1.2322834645669292
20
1.7263779527559056
11
1.2311535039370078
21
1.726602716535433
0
LINE
8
BLACK
6
CONTINUOUS
10
1.2311535039370078
20
1.726602716535433
11
1.2301955511811022
21
1.7272427952755904
0
LINE
8
BLACK
6
CONTINUOUS
10
1.2301955511811022
20
1.7272427952755904
11
1.2295554724409448
21
1.728200748031496
0
LINE
8
BLACK
6
CONTINUOUS
10
1.2295554724409448
20
1.728200748031496
11
1.2293307086614174
21
1.7293307086614174
0
LINE
8
BLACK
6
CONTINUOUS
10
1.2293307086614174
20
1.7293307086614174
11
1.2293307086614174
21
1.735236220472441
0
LINE
8
BLACK
6
CONTINUOUS
10
1.2293307086614174
20
1.735236220472441
11
1.2295554724409448
21
1.7363661811023621
0
LINE
8
BLACK
6
CONTINUOUS
10
1.2295554724409448
20
1.7363661811023621
11
1.2301955511811022
21
1.7373241338582677
0
LINE
8
BLACK
6
CONTINUOUS
10
1.2301955511811022
20
1.7373241338582677
11
1.2311535039370078
21
1.7379642125984252
0
LINE
8
BLACK
6
CONTINUOUS
10
1.2311535039370078
20
1.7379642125984252
11
1.2322834645669292
21
1.7381889763779528
0
LINE
8
BLACK
6
CONTINUOUS
10
1.2322834645669292
20
1.7381889763779528
11
1.2874015748031495
21
1.7381889763779528
0
LINE
8
BLACK
6
CONTINUOUS
10
1.2874015748031495
20
1.7381889763779528
11
1.2885315354330709
21
1.7379642125984252
0
LINE
8
BLACK
6
CONTINUOUS
10
0.8416811417322835
20
1.7576492913385826
11
0.842639094488189
21
1.7570092125984251
0
LINE
8
BLACK
6
CONTINUOUS
10
0.842639094488189
20
1.7570092125984251
11
0.8432791732283464
21
1.7560512598425198
0
LINE
8
BLACK
6
CONTINUOUS
10
0.8432791732283464
20
1.7560512598425198
11
0.843503937007874
21
1.7549212992125984
0
LINE
8
BLACK
6
CONTINUOUS
10
0.843503937007874
20
1.7549212992125984
11
0.843503937007874
21
1.7490157874015748
0
LINE
8
BLACK
6
CONTINUOUS
10
0.843503937007874
20
1.7490157874015748
11
0.8432791732283464
21
1.7478858267716535
0
LINE
8
BLACK
6
CONTINUOUS
10
0.8432791732283464
20
1.7478858267716535
11
0.842639094488189
21
1.7469278740157479
0
LINE
8
BLACK
6
CONTINUOUS
10
0.842639094488189
20
1.7469278740157479
11
0.8416811417322835
21
1.7462877952755904
0
LINE
8
BLACK
6
CONTINUOUS
10
0.8416811417322835
20
1.7462877952755904
11
0.8405511811023622
21
1.746063031496063
0
LINE
8
BLACK
6
CONTINUOUS
10
0.8405511811023622
20
1.746063031496063
11
0.7854330708661417
21
1.746063031496063
0
LINE
8
BLACK
6
CONTINUOUS
10
0.7854330708661417
20
1.746063031496063
11
0.7843031102362205
21
1.7462877952755904
0
LINE
8
BLACK
6
CONTINUOUS
10
0.7843031102362205
20
1.7462877952755904
11
0.783345157480315
21
1.7469278740157479
0
LINE
8
BLACK
6
CONTINUOUS
10
0.783345157480315
20
1.7469278740157479
11
0.7827050787401575
21
1.7478858267716535
0
LINE
8
BLACK
6
CONTINUOUS
10
0.7827050787401575
20
1.7478858267716535
11
0.7824803149606299
21
1.7490157874015748
0
LINE
8
BLACK
6
CONTINUOUS
10
0.7824803149606299
20
1.7490157874015748
11
0.7824803149606299
21
1.7549212992125984
0
LINE
8
BLACK
6
CONTINUOUS
10
0.7824803149606299
20
1.7549212992125984
11
0.7827050787401575
21
1.7560512598425198
0
LINE
8
BLACK
6
CONTINUOUS
10
0.7827050787401575
20
1.7560512598425198
11
0.783345157480315
21
1.7570092125984251
0
LINE
8
BLACK
6
CONTINUOUS
10
0.783345157480315
20
1.7570092125984251
11
0.7843031102362205
21
1.7576492913385826
0
LINE
8
BLACK
6
CONTINUOUS
10
0.7843031102362205
20
1.7576492913385826
11
0.7854330708661417
21
1.7578740551181102
0
LINE
8
BLACK
6
CONTINUOUS
10
0.7854330708661417
20
1.7578740551181102
11
0.8405511811023622
21
1.7578740551181102
0
LINE
8
BLACK
6
CONTINUOUS
10
0.8405511811023622
20
1.7578740551181102
11
0.8416811417322835
21
1.7576492913385826
0
LINE
8
BLACK
6
CONTINUOUS
10
1.2885315354330709
20
1.7576492913385826
11
1.2894894881889762
21
1.7570092125984251
0
LINE
8
BLACK
6
CONTINUOUS
10
1.2894894881889762
20
1.7570092125984251
11
1.2901295669291337
21
1.7560512598425198
0
LINE
8
BLACK
6
CONTINUOUS
10
1.2901295669291337
20
1.7560512598425198
11
1.2903543307086613
21
1.7549212992125984
0
LINE
8
BLACK
6
CONTINUOUS
10
1.2903543307086613
20
1.7549212992125984
11
1.2903543307086613
21
1.7490157874015748
0
LINE
8
BLACK
6
CONTINUOUS
10
1.2903543307086613
20
1.7490157874015748
11
1.2901295669291337
21
1.7478858267716535
0
LINE
8
BLACK
6
CONTINUOUS
10
1.2901295669291337
20
1.7478858267716535
11
1.2894894881889762
21
1.7469278740157479
0
LINE
8
BLACK
6
CONTINUOUS
10
1.2894894881889762
20
1.7469278740157479
11
1.2885315354330709
21
1.7462877952755904
0
LINE
8
BLACK
6
CONTINUOUS
10
1.2885315354330709
20
1.7462877952755904
11
1.2874015748031495
21
1.746063031496063
0
LINE
8
BLACK
6
CONTINUOUS
10
1.2874015748031495
20
1.746063031496063
11
1.2322834645669292
21
1.746063031496063
0
LINE
8
BLACK
6
CONTINUOUS
10
1.2322834645669292
20
1.746063031496063
11
1.2311535039370078
21
1.7462877952755904
0
LINE
8
BLACK
6
CONTINUOUS
10
1.2311535039370078
20
1.7462877952755904
11
1.2301955511811022
21
1.7469278740157479
0
LINE
8
BLACK
6
CONTINUOUS
10
1.2301955511811022
20
1.7469278740157479
11
1.2295554724409448
21
1.7478858267716535
0
LINE
8
BLACK
6
CONTINUOUS
10
1.2295554724409448
20
1.7478858267716535
11
1.2293307086614174
21
1.7490157874015748
0
LINE
8
BLACK
6
CONTINUOUS
10
1.2293307086614174
20
1.7490157874015748
11
1.2293307086614174
21
1.7549212992125984
0
LINE
8
BLACK
6
CONTINUOUS
10
1.2293307086614174
20
1.7549212992125984
11
1.2295554724409448
21
1.7560512598425198
0
LINE
8
BLACK
6
CONTINUOUS
10
1.2295554724409448
20
1.7560512598425198
11
1.2301955511811022
21
1.7570092125984251
0
LINE
8
BLACK
6
CONTINUOUS
10
1.2301955511811022
20
1.7570092125984251
11
1.2311535039370078
21
1.7576492913385826
0
LINE
8
BLACK
6
CONTINUOUS
10
1.2311535039370078
20
1.7576492913385826
11
1.2322834645669292
21
1.7578740551181102
0
LINE
8
BLACK
6
CONTINUOUS
10
1.2322834645669292
20
1.7578740551181102
11
1.2874015748031495
21
1.7578740551181102
0
LINE
8
BLACK
6
CONTINUOUS
10
1.2874015748031495
20
1.7578740551181102
11
1.2885315354330709
21
1.7576492913385826
0
LINE
8
BLACK
6
CONTINUOUS
10
0.8416811417322835
20
1.7773342913385826
11
0.842639094488189
21
1.7766942125984251
0
LINE
8
BLACK
6
CONTINUOUS
10
0.842639094488189
20
1.7766942125984251
11
0.8432791732283464
21
1.7757362598425197
0
LINE
8
BLACK
6
CONTINUOUS
10
0.8432791732283464
20
1.7757362598425197
11
0.843503937007874
21
1.7746062992125984
0
LINE
8
BLACK
6
CONTINUOUS
10
0.843503937007874
20
1.7746062992125984
11
0.843503937007874
21
1.7687007874015748
0
LINE
8
BLACK
6
CONTINUOUS
10
0.843503937007874
20
1.7687007874015748
11
0.8432791732283464
21
1.7675708267716534
0
LINE
8
BLACK
6
CONTINUOUS
10
0.8432791732283464
20
1.7675708267716534
11
0.842639094488189
21
1.7666128740157481
0
LINE
8
BLACK
6
CONTINUOUS
10
0.842639094488189
20
1.7666128740157481
11
0.8416811417322835
21
1.7659727952755906
0
LINE
8
BLACK
6
CONTINUOUS
10
0.8416811417322835
20
1.7659727952755906
11
0.8405511811023622
21
1.765748031496063
0
LINE
8
BLACK
6
CONTINUOUS
10
0.8405511811023622
20
1.765748031496063
11
0.7854330708661417
21
1.765748031496063
0
LINE
8
BLACK
6
CONTINUOUS
10
0.7854330708661417
20
1.765748031496063
11
0.7843031102362205
21
1.7659727952755906
0
LINE
8
BLACK
6
CONTINUOUS
10
0.7843031102362205
20
1.7659727952755906
11
0.783345157480315
21
1.7666128740157481
0
LINE
8
BLACK
6
CONTINUOUS
10
0.783345157480315
20
1.7666128740157481
11
0.7827050787401575
21
1.7675708267716534
0
LINE
8
BLACK
6
CONTINUOUS
10
0.7827050787401575
20
1.7675708267716534
11
0.7824803149606299
21
1.7687007874015748
0
LINE
8
BLACK
6
CONTINUOUS
10
0.7824803149606299
20
1.7687007874015748
11
0.7824803149606299
21
1.7746062992125984
0
LINE
8
BLACK
6
CONTINUOUS
10
0.7824803149606299
20
1.7746062992125984
11
0.7827050787401575
21
1.7757362598425197
0
LINE
8
BLACK
6
CONTINUOUS
10
0.7827050787401575
20
1.7757362598425197
11
0.783345157480315
21
1.7766942125984251
0
LINE
8
BLACK
6
CONTINUOUS
10
0.783345157480315
20
1.7766942125984251
11
0.7843031102362205
21
1.7773342913385826
0
LINE
8
BLACK
6
CONTINUOUS
10
0.7843031102362205
20
1.7773342913385826
11
0.7854330708661417
21
1.7775590551181102
0
LINE
8
BLACK
6
CONTINUOUS
10
0.7854330708661417
20
1.7775590551181102
11
0.8405511811023622
21
1.7775590551181102
0
LINE
8
BLACK
6
CONTINUOUS
10
0.8405511811023622
20
1.7775590551181102
11
0.8416811417322835
21
1.7773342913385826
0
LINE
8
BLACK
6
CONTINUOUS
10
1.2885315354330709
20
1.7773342913385826
11
1.2894894881889762
21
1.7766942125984251
0
LINE
8
BLACK
6
CONTINUOUS
10
1.2894894881889762
20
1.7766942125984251
11
1.2901295669291337
21
1.7757362598425197
0
LINE
8
BLACK
6
CONTINUOUS
10
1.2901295669291337
20
1.7757362598425197
11
1.2903543307086613
21
1.7746062992125984
0
LINE
8
BLACK
6
CONTINUOUS
10
1.2903543307086613
20
1.7746062992125984
11
1.2903543307086613
21
1.7687007874015748
0
LINE
8
BLACK
6
CONTINUOUS
10
1.2903543307086613
20
1.7687007874015748
11
1.2901295669291337
21
1.7675708267716534
0
LINE
8
BLACK
6
CONTINUOUS
10
1.2901295669291337
20
1.7675708267716534
11
1.2894894881889762
21
1.7666128740157481
0
LINE
8
BLACK
6
CONTINUOUS
10
1.2894894881889762
20
1.7666128740157481
11
1.2885315354330709
21
1.7659727952755906
0
LINE
8
BLACK
6
CONTINUOUS
10
1.2885315354330709
20
1.7659727952755906
11
1.2874015748031495
21
1.765748031496063
0
LINE
8
BLACK
6
CONTINUOUS
10
1.2874015748031495
20
1.765748031496063
11
1.2322834645669292
21
1.765748031496063
0
LINE
8
BLACK
6
CONTINUOUS
10
1.2322834645669292
20
1.765748031496063
11
1.2311535039370078
21
1.7659727952755906
0
LINE
8
BLACK
6
CONTINUOUS
10
1.2311535039370078
20
1.7659727952755906
11
1.2301955511811022
21
1.7666128740157481
0
LINE
8
BLACK
6
CONTINUOUS
10
1.2301955511811022
20
1.7666128740157481
11
1.2295554724409448
21
1.7675708267716534
0
LINE
8
BLACK
6
CONTINUOUS
10
1.2295554724409448
20
1.7675708267716534
11
1.2293307086614174
21
1.7687007874015748
0
LINE
8
BLACK
6
CONTINUOUS
10
1.2293307086614174
20
1.7687007874015748
11
1.2293307086614174
21
1.7746062992125984
0
LINE
8
BLACK
6
CONTINUOUS
10
1.2293307086614174
20
1.7746062992125984
11
1.2295554724409448
21
1.7757362598425197
0
LINE
8
BLACK
6
CONTINUOUS
10
1.2295554724409448
20
1.7757362598425197
11
1.2301955511811022
21
1.7766942125984251
0
LINE
8
BLACK
6
CONTINUOUS
10
1.2301955511811022
20
1.7766942125984251
11
1.2311535039370078
21
1.7773342913385826
0
LINE
8
BLACK
6
CONTINUOUS
10
1.2311535039370078
20
1.7773342913385826
11
1.2322834645669292
21
1.7775590551181102
0
LINE
8
BLACK
6
CONTINUOUS
10
1.2322834645669292
20
1.7775590551181102
11
1.2874015748031495
21
1.7775590551181102
0
LINE
8
BLACK
6
CONTINUOUS
10
1.2874015748031495
20
1.7775590551181102
11
1.2885315354330709
21
1.7773342913385826
0
LINE
8
BLACK
6
CONTINUOUS
10
0.8416811417322835
20
1.7970193307086613
11
0.842639094488189
21
1.7963792519685038
0
LINE
8
BLACK
6
CONTINUOUS
10
0.842639094488189
20
1.7963792519685038
11
0.8432791732283464
21
1.7954212992125984
0
LINE
8
BLACK
6
CONTINUOUS
10
0.8432791732283464
20
1.7954212992125984
11
0.843503937007874
21
1.7942913385826771
0
LINE
8
BLACK
6
CONTINUOUS
10
0.843503937007874
20
1.7942913385826771
11
0.843503937007874
21
1.7883858267716535
0
LINE
8
BLACK
6
CONTINUOUS
10
0.843503937007874
20
1.7883858267716535
11
0.8432791732283464
21
1.7872558661417322
0
LINE
8
BLACK
6
CONTINUOUS
10
0.8432791732283464
20
1.7872558661417322
11
0.842639094488189
21
1.7862979133858268
0
LINE
8
BLACK
6
CONTINUOUS
10
0.842639094488189
20
1.7862979133858268
11
0.8416811417322835
21
1.7856578346456693
0
LINE
8
BLACK
6
CONTINUOUS
10
0.8416811417322835
20
1.7856578346456693
11
0.8405511811023622
21
1.7854330708661417
0
LINE
8
BLACK
6
CONTINUOUS
10
0.8405511811023622
20
1.7854330708661417
11
0.7854330708661417
21
1.7854330708661417
0
LINE
8
BLACK
6
CONTINUOUS
10
0.7854330708661417
20
1.7854330708661417
11
0.7843031102362205
21
1.7856578346456693
0
LINE
8
BLACK
6
CONTINUOUS
10
0.7843031102362205
20
1.7856578346456693
11
0.783345157480315
21
1.7862979133858268
0
LINE
8
BLACK
6
CONTINUOUS
10
0.783345157480315
20
1.7862979133858268
11
0.7827050787401575
21
1.7872558661417322
0
LINE
8
BLACK
6
CONTINUOUS
10
0.7827050787401575
20
1.7872558661417322
11
0.7824803149606299
21
1.7883858267716535
0
LINE
8
BLACK
6
CONTINUOUS
10
0.7824803149606299
20
1.7883858267716535
11
0.7824803149606299
21
1.7942913385826771
0
LINE
8
BLACK
6
CONTINUOUS
10
0.7824803149606299
20
1.7942913385826771
11
0.7827050787401575
21
1.7954212992125984
0
LINE
8
BLACK
6
CONTINUOUS
10
0.7827050787401575
20
1.7954212992125984
11
0.783345157480315
21
1.7963792519685038
0
LINE
8
BLACK
6
CONTINUOUS
10
0.783345157480315
20
1.7963792519685038
11
0.7843031102362205
21
1.7970193307086613
0
LINE
8
BLACK
6
CONTINUOUS
10
0.7843031102362205
20
1.7970193307086613
11
0.7854330708661417
21
1.7972440944881889
0
LINE
8
BLACK
6
CONTINUOUS
10
0.7854330708661417
20
1.7972440944881889
11
0.8405511811023622
21
1.7972440944881889
0
LINE
8
BLACK
6
CONTINUOUS
10
0.8405511811023622
20
1.7972440944881889
11
0.8416811417322835
21
1.7970193307086613
0
LINE
8
BLACK
6
CONTINUOUS
10
1.2885315354330709
20
1.7970193307086613
11
1.2894894881889762
21
1.7963792519685038
0
LINE
8
BLACK
6
CONTINUOUS
10
1.2894894881889762
20
1.7963792519685038
11
1.2901295669291337
21
1.7954212992125984
0
LINE
8
BLACK
6
CONTINUOUS
10
1.2901295669291337
20
1.7954212992125984
11
1.2903543307086613
21
1.7942913385826771
0
LINE
8
BLACK
6
CONTINUOUS
10
1.2903543307086613
20
1.7942913385826771
11
1.2903543307086613
21
1.7883858267716535
0
LINE
8
BLACK
6
CONTINUOUS
10
1.2903543307086613
20
1.7883858267716535
11
1.2901295669291337
21
1.7872558661417322
0
LINE
8
BLACK
6
CONTINUOUS
10
1.2901295669291337
20
1.7872558661417322
11
1.2894894881889762
21
1.7862979133858268
0
LINE
8
BLACK
6
CONTINUOUS
10
1.2894894881889762
20
1.7862979133858268
11
1.2885315354330709
21
1.7856578346456693
0
LINE
8
BLACK
6
CONTINUOUS
10
1.2885315354330709
20
1.7856578346456693
11
1.2874015748031495
21
1.7854330708661417
0
LINE
8
BLACK
6
CONTINUOUS
10
1.2874015748031495
20
1.7854330708661417
11
1.2322834645669292
21
1.7854330708661417
0
LINE
8
BLACK
6
CONTINUOUS
10
1.2322834645669292
20
1.7854330708661417
11
1.2311535039370078
21
1.7856578346456693
0
LINE
8
BLACK
6
CONTINUOUS
10
1.2311535039370078
20
1.7856578346456693
11
1.2301955511811022
21
1.7862979133858268
0
LINE
8
BLACK
6
CONTINUOUS
10
1.2301955511811022
20
1.7862979133858268
11
1.2295554724409448
21
1.7872558661417322
0
LINE
8
BLACK
6
CONTINUOUS
10
1.2295554724409448
20
1.7872558661417322
11
1.2293307086614174
21
1.7883858267716535
0
LINE
8
BLACK
6
CONTINUOUS
10
1.2293307086614174
20
1.7883858267716535
11
1.2293307086614174
21
1.7942913385826771
0
LINE
8
BLACK
6
CONTINUOUS
10
1.2293307086614174
20
1.7942913385826771
11
1.2295554724409448
21
1.7954212992125984
0
LINE
8
BLACK
6
CONTINUOUS
10
1.2295554724409448
20
1.7954212992125984
11
1.2301955511811022
21
1.7963792519685038
0
LINE
8
BLACK
6
CONTINUOUS
10
1.2301955511811022
20
1.7963792519685038
11
1.2311535039370078
21
1.7970193307086613
0
LINE
8
BLACK
6
CONTINUOUS
10
1.2311535039370078
20
1.7970193307086613
11
1.2322834645669292
21
1.7972440944881889
0
LINE
8
BLACK
6
CONTINUOUS
10
1.2322834645669292
20
1.7972440944881889
11
1.2874015748031495
21
1.7972440944881889
0
LINE
8
BLACK
6
CONTINUOUS
10
1.2874015748031495
20
1.7972440944881889
11
1.2885315354330709
21
1.7970193307086613
0
LINE
8
BLACK
6
CONTINUOUS
10
0.8416811417322835
20
1.8167043700787402
11
0.842639094488189
21
1.8160642913385827
0
LINE
8
BLACK
6
CONTINUOUS
10
0.842639094488189
20
1.8160642913385827
11
0.8432791732283464
21
1.8151063385826771
0
LINE
8
BLACK
6
CONTINUOUS
10
0.8432791732283464
20
1.8151063385826771
11
0.843503937007874
21
1.8139763779527558
0
LINE
8
BLACK
6
CONTINUOUS
10
0.843503937007874
20
1.8139763779527558
11
0.843503937007874
21
1.8080708661417322
0
LINE
8
BLACK
6
CONTINUOUS
10
0.843503937007874
20
1.8080708661417322
11
0.8432791732283464
21
1.8069409055118111
0
LINE
8
BLACK
6
CONTINUOUS
10
0.8432791732283464
20
1.8069409055118111
11
0.842639094488189
21
1.8059829527559055
0
LINE
8
BLACK
6
CONTINUOUS
10
0.842639094488189
20
1.8059829527559055
11
0.8416811417322835
21
1.805342874015748
0
LINE
8
BLACK
6
CONTINUOUS
10
0.8416811417322835
20
1.805342874015748
11
0.8405511811023622
21
1.8051181102362204
0
LINE
8
BLACK
6
CONTINUOUS
10
0.8405511811023622
20
1.8051181102362204
11
0.7854330708661417
21
1.8051181102362204
0
LINE
8
BLACK
6
CONTINUOUS
10
0.7854330708661417
20
1.8051181102362204
11
0.7843031102362205
21
1.805342874015748
0
LINE
8
BLACK
6
CONTINUOUS
10
0.7843031102362205
20
1.805342874015748
11
0.783345157480315
21
1.8059829527559055
0
LINE
8
BLACK
6
CONTINUOUS
10
0.783345157480315
20
1.8059829527559055
11
0.7827050787401575
21
1.8069409055118111
0
LINE
8
BLACK
6
CONTINUOUS
10
0.7827050787401575
20
1.8069409055118111
11
0.7824803149606299
21
1.8080708661417322
0
LINE
8
BLACK
6
CONTINUOUS
10
0.7824803149606299
20
1.8080708661417322
11
0.7824803149606299
21
1.8139763779527558
0
LINE
8
BLACK
6
CONTINUOUS
10
0.7824803149606299
20
1.8139763779527558
11
0.7827050787401575
21
1.8151063385826771
0
LINE
8
BLACK
6
CONTINUOUS
10
0.7827050787401575
20
1.8151063385826771
11
0.783345157480315
21
1.8160642913385827
0
LINE
8
BLACK
6
CONTINUOUS
10
0.783345157480315
20
1.8160642913385827
11
0.7843031102362205
21
1.8167043700787402
0
LINE
8
BLACK
6
CONTINUOUS
10
0.7843031102362205
20
1.8167043700787402
11
0.7854330708661417
21
1.8169291338582676
0
LINE
8
BLACK
6
CONTINUOUS
10
0.7854330708661417
20
1.8169291338582676
11
0.8405511811023622
21
1.8169291338582676
0
LINE
8
BLACK
6
CONTINUOUS
10
0.8405511811023622
20
1.8169291338582676
11
0.8416811417322835
21
1.8167043700787402
0
LINE
8
BLACK
6
CONTINUOUS
10
1.2885315354330709
20
1.8167043700787402
11
1.2894894881889762
21
1.8160642913385827
0
LINE
8
BLACK
6
CONTINUOUS
10
1.2894894881889762
20
1.8160642913385827
11
1.2901295669291337
21
1.8151063385826771
0
LINE
8
BLACK
6
CONTINUOUS
10
1.2901295669291337
20
1.8151063385826771
11
1.2903543307086613
21
1.8139763779527558
0
LINE
8
BLACK
6
CONTINUOUS
10
1.2903543307086613
20
1.8139763779527558
11
1.2903543307086613
21
1.8080708661417322
0
LINE
8
BLACK
6
CONTINUOUS
10
1.2903543307086613
20
1.8080708661417322
11
1.2901295669291337
21
1.8069409055118111
0
LINE
8
BLACK
6
CONTINUOUS
10
1.2901295669291337
20
1.8069409055118111
11
1.2894894881889762
21
1.8059829527559055
0
LINE
8
BLACK
6
CONTINUOUS
10
1.2894894881889762
20
1.8059829527559055
11
1.2885315354330709
21
1.805342874015748
0
LINE
8
BLACK
6
CONTINUOUS
10
1.2885315354330709
20
1.805342874015748
11
1.2874015748031495
21
1.8051181102362204
0
LINE
8
BLACK
6
CONTINUOUS
10
1.2874015748031495
20
1.8051181102362204
11
1.2322834645669292
21
1.8051181102362204
0
LINE
8
BLACK
6
CONTINUOUS
10
1.2322834645669292
20
1.8051181102362204
11
1.2311535039370078
21
1.805342874015748
0
LINE
8
BLACK
6
CONTINUOUS
10
1.2311535039370078
20
1.805342874015748
11
1.2301955511811022
21
1.8059829527559055
0
LINE
8
BLACK
6
CONTINUOUS
10
1.2301955511811022
20
1.8059829527559055
11
1.2295554724409448
21
1.8069409055118111
0
LINE
8
BLACK
6
CONTINUOUS
10
1.2295554724409448
20
1.8069409055118111
11
1.2293307086614174
21
1.8080708661417322
0
LINE
8
BLACK
6
CONTINUOUS
10
1.2293307086614174
20
1.8080708661417322
11
1.2293307086614174
21
1.8139763779527558
0
LINE
8
BLACK
6
CONTINUOUS
10
1.2293307086614174
20
1.8139763779527558
11
1.2295554724409448
21
1.8151063385826771
0
LINE
8
BLACK
6
CONTINUOUS
10
1.2295554724409448
20
1.8151063385826771
11
1.2301955511811022
21
1.8160642913385827
0
LINE
8
BLACK
6
CONTINUOUS
10
1.2301955511811022
20
1.8160642913385827
11
1.2311535039370078
21
1.8167043700787402
0
LINE
8
BLACK
6
CONTINUOUS
10
1.2311535039370078
20
1.8167043700787402
11
1.2322834645669292
21
1.8169291338582676
0
LINE
8
BLACK
6
CONTINUOUS
10
1.2322834645669292
20
1.8169291338582676
11
1.2874015748031495
21
1.8169291338582676
0
LINE
8
BLACK
6
CONTINUOUS
10
1.2874015748031495
20
1.8169291338582676
11
1.2885315354330709
21
1.8167043700787402
0
LINE
8
BLACK
6
CONTINUOUS
10
0.8416811417322835
20
1.8363894094488189
11
0.842639094488189
21
1.8357493307086614
0
LINE
8
BLACK
6
CONTINUOUS
10
0.842639094488189
20
1.8357493307086614
11
0.8432791732283464
21
1.8347913779527558
0
LINE
8
BLACK
6
CONTINUOUS
10
0.8432791732283464
20
1.8347913779527558
11
0.843503937007874
21
1.8336614173228345
0
LINE
8
BLACK
6
CONTINUOUS
10
0.843503937007874
20
1.8336614173228345
11
0.843503937007874
21
1.8277559055118109
0
LINE
8
BLACK
6
CONTINUOUS
10
0.843503937007874
20
1.8277559055118109
11
0.8432791732283464
21
1.8266259448818898
0
LINE
8
BLACK
6
CONTINUOUS
10
0.8432791732283464
20
1.8266259448818898
11
0.842639094488189
21
1.8256679921259842
0
LINE
8
BLACK
6
CONTINUOUS
10
0.842639094488189
20
1.8256679921259842
11
0.8416811417322835
21
1.8250279133858267
0
LINE
8
BLACK
6
CONTINUOUS
10
0.8416811417322835
20
1.8250279133858267
11
0.8405511811023622
21
1.8248031496062991
0
LINE
8
BLACK
6
CONTINUOUS
10
0.8405511811023622
20
1.8248031496062991
11
0.7854330708661417
21
1.8248031496062991
0
LINE
8
BLACK
6
CONTINUOUS
10
0.7854330708661417
20
1.8248031496062991
11
0.7843031102362205
21
1.8250279133858267
0
LINE
8
BLACK
6
CONTINUOUS
10
0.7843031102362205
20
1.8250279133858267
11
0.783345157480315
21
1.8256679921259842
0
LINE
8
BLACK
6
CONTINUOUS
10
0.783345157480315
20
1.8256679921259842
11
0.7827050787401575
21
1.8266259448818898
0
LINE
8
BLACK
6
CONTINUOUS
10
0.7827050787401575
20
1.8266259448818898
11
0.7824803149606299
21
1.8277559055118109
0
LINE
8
BLACK
6
CONTINUOUS
10
0.7824803149606299
20
1.8277559055118109
11
0.7824803149606299
21
1.8336614173228345
0
LINE
8
BLACK
6
CONTINUOUS
10
0.7824803149606299
20
1.8336614173228345
11
0.7827050787401575
21
1.8347913779527558
0
LINE
8
BLACK
6
CONTINUOUS
10
0.7827050787401575
20
1.8347913779527558
11
0.783345157480315
21
1.8357493307086614
0
LINE
8
BLACK
6
CONTINUOUS
10
0.783345157480315
20
1.8357493307086614
11
0.7843031102362205
21
1.8363894094488189
0
LINE
8
BLACK
6
CONTINUOUS
10
0.7843031102362205
20
1.8363894094488189
11
0.7854330708661417
21
1.8366141732283465
0
LINE
8
BLACK
6
CONTINUOUS
10
0.7854330708661417
20
1.8366141732283465
11
0.8405511811023622
21
1.8366141732283465
0
LINE
8
BLACK
6
CONTINUOUS
10
0.8405511811023622
20
1.8366141732283465
11
0.8416811417322835
21
1.8363894094488189
0
LINE
8
BLACK
6
CONTINUOUS
10
1.2885315354330709
20
1.8363894094488189
11
1.2894894881889762
21
1.8357493307086614
0
LINE
8
BLACK
6
CONTINUOUS
10
1.2894894881889762
20
1.8357493307086614
11
1.2901295669291337
21
1.8347913779527558
0
LINE
8
BLACK
6
CONTINUOUS
10
1.2901295669291337
20
1.8347913779527558
11
1.2903543307086613
21
1.8336614173228345
0
LINE
8
BLACK
6
CONTINUOUS
10
1.2903543307086613
20
1.8336614173228345
11
1.2903543307086613
21
1.8277559055118109
0
LINE
8
BLACK
6
CONTINUOUS
10
1.2903543307086613
20
1.8277559055118109
11
1.2901295669291337
21
1.8266259448818898
0
LINE
8
BLACK
6
CONTINUOUS
10
1.2901295669291337
20
1.8266259448818898
11
1.2894894881889762
21
1.8256679921259842
0
LINE
8
BLACK
6
CONTINUOUS
10
1.2894894881889762
20
1.8256679921259842
11
1.2885315354330709
21
1.8250279133858267
0
LINE
8
BLACK
6
CONTINUOUS
10
1.2885315354330709
20
1.8250279133858267
11
1.2874015748031495
21
1.8248031496062991
0
LINE
8
BLACK
6
CONTINUOUS
10
1.2874015748031495
20
1.8248031496062991
11
1.2322834645669292
21
1.8248031496062991
0
LINE
8
BLACK
6
CONTINUOUS
10
1.2322834645669292
20
1.8248031496062991
11
1.2311535039370078
21
1.8250279133858267
0
LINE
8
BLACK
6
CONTINUOUS
10
1.2311535039370078
20
1.8250279133858267
11
1.2301955511811022
21
1.8256679921259842
0
LINE
8
BLACK
6
CONTINUOUS
10
1.2301955511811022
20
1.8256679921259842
11
1.2295554724409448
21
1.8266259448818898
0
LINE
8
BLACK
6
CONTINUOUS
10
1.2295554724409448
20
1.8266259448818898
11
1.2293307086614174
21
1.8277559055118109
0
LINE
8
BLACK
6
CONTINUOUS
10
1.2293307086614174
20
1.8277559055118109
11
1.2293307086614174
21
1.8336614173228345
0
LINE
8
BLACK
6
CONTINUOUS
10
1.2293307086614174
20
1.8336614173228345
11
1.2295554724409448
21
1.8347913779527558
0
LINE
8
BLACK
6
CONTINUOUS
10
1.2295554724409448
20
1.8347913779527558
11
1.2301955511811022
21
1.8357493307086614
0
LINE
8
BLACK
6
CONTINUOUS
10
1.2301955511811022
20
1.8357493307086614
11
1.2311535039370078
21
1.8363894094488189
0
LINE
8
BLACK
6
CONTINUOUS
10
1.2311535039370078
20
1.8363894094488189
11
1.2322834645669292
21
1.8366141732283465
0
LINE
8
BLACK
6
CONTINUOUS
10
1.2322834645669292
20
1.8366141732283465
11
1.2874015748031495
21
1.8366141732283465
0
LINE
8
BLACK
6
CONTINUOUS
10
1.2874015748031495
20
1.8366141732283465
11
1.2885315354330709
21
1.8363894094488189
0
LINE
8
BLACK
6
CONTINUOUS
10
0.8416811417322835
20
1.8560744094488189
11
0.842639094488189
21
1.8554343307086614
0
LINE
8
BLACK
6
CONTINUOUS
10
0.842639094488189
20
1.8554343307086614
11
0.8432791732283464
21
1.8544763779527558
0
LINE
8
BLACK
6
CONTINUOUS
10
0.8432791732283464
20
1.8544763779527558
11
0.843503937007874
21
1.8533464173228347
0
LINE
8
BLACK
6
CONTINUOUS
10
0.843503937007874
20
1.8533464173228347
11
0.843503937007874
21
1.8474409055118111
0
LINE
8
BLACK
6
CONTINUOUS
10
0.843503937007874
20
1.8474409055118111
11
0.8432791732283464
21
1.8463109448818897
0
LINE
8
BLACK
6
CONTINUOUS
10
0.8432791732283464
20
1.8463109448818897
11
0.842639094488189
21
1.8453529921259841
0
LINE
8
BLACK
6
CONTINUOUS
10
0.842639094488189
20
1.8453529921259841
11
0.8416811417322835
21
1.8447129133858267
0
LINE
8
BLACK
6
CONTINUOUS
10
0.8416811417322835
20
1.8447129133858267
11
0.8405511811023622
21
1.8444881496062993
0
LINE
8
BLACK
6
CONTINUOUS
10
0.8405511811023622
20
1.8444881496062993
11
0.7854330708661417
21
1.8444881496062993
0
LINE
8
BLACK
6
CONTINUOUS
10
0.7854330708661417
20
1.8444881496062993
11
0.7843031102362205
21
1.8447129133858267
0
LINE
8
BLACK
6
CONTINUOUS
10
0.7843031102362205
20
1.8447129133858267
11
0.783345157480315
21
1.8453529921259841
0
LINE
8
BLACK
6
CONTINUOUS
10
0.783345157480315
20
1.8453529921259841
11
0.7827050787401575
21
1.8463109448818897
0
LINE
8
BLACK
6
CONTINUOUS
10
0.7827050787401575
20
1.8463109448818897
11
0.7824803149606299
21
1.8474409055118111
0
LINE
8
BLACK
6
CONTINUOUS
10
0.7824803149606299
20
1.8474409055118111
11
0.7824803149606299
21
1.8533464173228347
0
LINE
8
BLACK
6
CONTINUOUS
10
0.7824803149606299
20
1.8533464173228347
11
0.7827050787401575
21
1.8544763779527558
0
LINE
8
BLACK
6
CONTINUOUS
10
0.7827050787401575
20
1.8544763779527558
11
0.783345157480315
21
1.8554343307086614
0
LINE
8
BLACK
6
CONTINUOUS
10
0.783345157480315
20
1.8554343307086614
11
0.7843031102362205
21
1.8560744094488189
0
LINE
8
BLACK
6
CONTINUOUS
10
0.7843031102362205
20
1.8560744094488189
11
0.7854330708661417
21
1.8562991732283465
0
LINE
8
BLACK
6
CONTINUOUS
10
0.7854330708661417
20
1.8562991732283465
11
0.8405511811023622
21
1.8562991732283465
0
LINE
8
BLACK
6
CONTINUOUS
10
0.8405511811023622
20
1.8562991732283465
11
0.8416811417322835
21
1.8560744094488189
0
LINE
8
BLACK
6
CONTINUOUS
10
1.2885315354330709
20
1.8560744094488189
11
1.2894894881889762
21
1.8554343307086614
0
LINE
8
BLACK
6
CONTINUOUS
10
1.2894894881889762
20
1.8554343307086614
11
1.2901295669291337
21
1.8544763779527558
0
LINE
8
BLACK
6
CONTINUOUS
10
1.2901295669291337
20
1.8544763779527558
11
1.2903543307086613
21
1.8533464173228347
0
LINE
8
BLACK
6
CONTINUOUS
10
1.2903543307086613
20
1.8533464173228347
11
1.2903543307086613
21
1.8474409055118111
0
LINE
8
BLACK
6
CONTINUOUS
10
1.2903543307086613
20
1.8474409055118111
11
1.2901295669291337
21
1.8463109448818897
0
LINE
8
BLACK
6
CONTINUOUS
10
1.2901295669291337
20
1.8463109448818897
11
1.2894894881889762
21
1.8453529921259841
0
LINE
8
BLACK
6
CONTINUOUS
10
1.2894894881889762
20
1.8453529921259841
11
1.2885315354330709
21
1.8447129133858267
0
LINE
8
BLACK
6
CONTINUOUS
10
1.2885315354330709
20
1.8447129133858267
11
1.2874015748031495
21
1.8444881496062993
0
LINE
8
BLACK
6
CONTINUOUS
10
1.2874015748031495
20
1.8444881496062993
11
1.2322834645669292
21
1.8444881496062993
0
LINE
8
BLACK
6
CONTINUOUS
10
1.2322834645669292
20
1.8444881496062993
11
1.2311535039370078
21
1.8447129133858267
0
LINE
8
BLACK
6
CONTINUOUS
10
1.2311535039370078
20
1.8447129133858267
11
1.2301955511811022
21
1.8453529921259841
0
LINE
8
BLACK
6
CONTINUOUS
10
1.2301955511811022
20
1.8453529921259841
11
1.2295554724409448
21
1.8463109448818897
0
LINE
8
BLACK
6
CONTINUOUS
10
1.2295554724409448
20
1.8463109448818897
11
1.2293307086614174
21
1.8474409055118111
0
LINE
8
BLACK
6
CONTINUOUS
10
1.2293307086614174
20
1.8474409055118111
11
1.2293307086614174
21
1.8533464173228347
0
LINE
8
BLACK
6
CONTINUOUS
10
1.2293307086614174
20
1.8533464173228347
11
1.2295554724409448
21
1.8544763779527558
0
LINE
8
BLACK
6
CONTINUOUS
10
1.2295554724409448
20
1.8544763779527558
11
1.2301955511811022
21
1.8554343307086614
0
LINE
8
BLACK
6
CONTINUOUS
10
1.2301955511811022
20
1.8554343307086614
11
1.2311535039370078
21
1.8560744094488189
0
LINE
8
BLACK
6
CONTINUOUS
10
1.2311535039370078
20
1.8560744094488189
11
1.2322834645669292
21
1.8562991732283465
0
LINE
8
BLACK
6
CONTINUOUS
10
1.2322834645669292
20
1.8562991732283465
11
1.2874015748031495
21
1.8562991732283465
0
LINE
8
BLACK
6
CONTINUOUS
10
1.2874015748031495
20
1.8562991732283465
11
1.2885315354330709
21
1.8560744094488189
0
LINE
8
BLACK
6
CONTINUOUS
10
0.8416811417322835
20
1.8757594881889763
11
0.842639094488189
21
1.8751194094488188
0
LINE
8
BLACK
6
CONTINUOUS
10
0.842639094488189
20
1.8751194094488188
11
0.8432791732283464
21
1.8741614566929135
0
LINE
8
BLACK
6
CONTINUOUS
10
0.8432791732283464
20
1.8741614566929135
11
0.843503937007874
21
1.8730314960629921
0
LINE
8
BLACK
6
CONTINUOUS
10
0.843503937007874
20
1.8730314960629921
11
0.843503937007874
21
1.8671259842519685
0
LINE
8
BLACK
6
CONTINUOUS
10
0.843503937007874
20
1.8671259842519685
11
0.8432791732283464
21
1.8659960236220472
0
LINE
8
BLACK
6
CONTINUOUS
10
0.8432791732283464
20
1.8659960236220472
11
0.842639094488189
21
1.8650380708661416
0
LINE
8
BLACK
6
CONTINUOUS
10
0.842639094488189
20
1.8650380708661416
11
0.8416811417322835
21
1.8643979921259841
0
LINE
8
BLACK
6
CONTINUOUS
10
0.8416811417322835
20
1.8643979921259841
11
0.8405511811023622
21
1.8641732283464567
0
LINE
8
BLACK
6
CONTINUOUS
10
0.8405511811023622
20
1.8641732283464567
11
0.7854330708661417
21
1.8641732283464567
0
LINE
8
BLACK
6
CONTINUOUS
10
0.7854330708661417
20
1.8641732283464567
11
0.7843031102362205
21
1.8643979921259841
0
LINE
8
BLACK
6
CONTINUOUS
10
0.7843031102362205
20
1.8643979921259841
11
0.783345157480315
21
1.8650380708661416
0
LINE
8
BLACK
6
CONTINUOUS
10
0.783345157480315
20
1.8650380708661416
11
0.7827050787401575
21
1.8659960236220472
0
LINE
8
BLACK
6
CONTINUOUS
10
0.7827050787401575
20
1.8659960236220472
11
0.7824803149606299
21
1.8671259842519685
0
LINE
8
BLACK
6
CONTINUOUS
10
0.7824803149606299
20
1.8671259842519685
11
0.7824803149606299
21
1.8730314960629921
0
LINE
8
BLACK
6
CONTINUOUS
10
0.7824803149606299
20
1.8730314960629921
11
0.7827050787401575
21
1.8741614566929135
0
LINE
8
BLACK
6
CONTINUOUS
10
0.7827050787401575
20
1.8741614566929135
11
0.783345157480315
21
1.8751194094488188
0
LINE
8
BLACK
6
CONTINUOUS
10
0.783345157480315
20
1.8751194094488188
11
0.7843031102362205
21
1.8757594881889763
0
LINE
8
BLACK
6
CONTINUOUS
10
0.7843031102362205
20
1.8757594881889763
11
0.7854330708661417
21
1.8759842519685039
0
LINE
8
BLACK
6
CONTINUOUS
10
0.7854330708661417
20
1.8759842519685039
11
0.8405511811023622
21
1.8759842519685039
0
LINE
8
BLACK
6
CONTINUOUS
10
0.8405511811023622
20
1.8759842519685039
11
0.8416811417322835
21
1.8757594881889763
0
LINE
8
BLACK
6
CONTINUOUS
10
1.2885315354330709
20
1.8757594881889763
11
1.2894894881889762
21
1.8751194094488188
0
LINE
8
BLACK
6
CONTINUOUS
10
1.2894894881889762
20
1.8751194094488188
11
1.2901295669291337
21
1.8741614566929135
0
LINE
8
BLACK
6
CONTINUOUS
10
1.2901295669291337
20
1.8741614566929135
11
1.2903543307086613
21
1.8730314960629921
0
LINE
8
BLACK
6
CONTINUOUS
10
1.2903543307086613
20
1.8730314960629921
11
1.2903543307086613
21
1.8671259842519685
0
LINE
8
BLACK
6
CONTINUOUS
10
1.2903543307086613
20
1.8671259842519685
11
1.2901295669291337
21
1.8659960236220472
0
LINE
8
BLACK
6
CONTINUOUS
10
1.2901295669291337
20
1.8659960236220472
11
1.2894894881889762
21
1.8650380708661416
0
LINE
8
BLACK
6
CONTINUOUS
10
1.2894894881889762
20
1.8650380708661416
11
1.2885315354330709
21
1.8643979921259841
0
LINE
8
BLACK
6
CONTINUOUS
10
1.2885315354330709
20
1.8643979921259841
11
1.2874015748031495
21
1.8641732283464567
0
LINE
8
BLACK
6
CONTINUOUS
10
1.2874015748031495
20
1.8641732283464567
11
1.2322834645669292
21
1.8641732283464567
0
LINE
8
BLACK
6
CONTINUOUS
10
1.2322834645669292
20
1.8641732283464567
11
1.2311535039370078
21
1.8643979921259841
0
LINE
8
BLACK
6
CONTINUOUS
10
1.2311535039370078
20
1.8643979921259841
11
1.2301955511811022
21
1.8650380708661416
0
LINE
8
BLACK
6
CONTINUOUS
10
1.2301955511811022
20
1.8650380708661416
11
1.2295554724409448
21
1.8659960236220472
0
LINE
8
BLACK
6
CONTINUOUS
10
1.2295554724409448
20
1.8659960236220472
11
1.2293307086614174
21
1.8671259842519685
0
LINE
8
BLACK
6
CONTINUOUS
10
1.2293307086614174
20
1.8671259842519685
11
1.2293307086614174
21
1.8730314960629921
0
LINE
8
BLACK
6
CONTINUOUS
10
1.2293307086614174
20
1.8730314960629921
11
1.2295554724409448
21
1.8741614566929135
0
LINE
8
BLACK
6
CONTINUOUS
10
1.2295554724409448
20
1.8741614566929135
11
1.2301955511811022
21
1.8751194094488188
0
LINE
8
BLACK
6
CONTINUOUS
10
1.2301955511811022
20
1.8751194094488188
11
1.2311535039370078
21
1.8757594881889763
0
LINE
8
BLACK
6
CONTINUOUS
10
1.2311535039370078
20
1.8757594881889763
11
1.2322834645669292
21
1.8759842519685039
0
LINE
8
BLACK
6
CONTINUOUS
10
1.2322834645669292
20
1.8759842519685039
11
1.2874015748031495
21
1.8759842519685039
0
LINE
8
BLACK
6
CONTINUOUS
10
1.2874015748031495
20
1.8759842519685039
11
1.2885315354330709
21
1.8757594881889763
0
LINE
8
BLACK
6
CONTINUOUS
10
0.8416811417322835
20
1.895444527559055
11
0.842639094488189
21
1.8948044488188975
0
LINE
8
BLACK
6
CONTINUOUS
10
0.842639094488189
20
1.8948044488188975
11
0.8432791732283464
21
1.8938464960629922
0
LINE
8
BLACK
6
CONTINUOUS
10
0.8432791732283464
20
1.8938464960629922
11
0.843503937007874
21
1.8927165354330708
0
LINE
8
BLACK
6
CONTINUOUS
10
0.843503937007874
20
1.8927165354330708
11
0.843503937007874
21
1.8868110236220472
0
LINE
8
BLACK
6
CONTINUOUS
10
0.843503937007874
20
1.8868110236220472
11
0.8432791732283464
21
1.8856810629921259
0
LINE
8
BLACK
6
CONTINUOUS
10
0.8432791732283464
20
1.8856810629921259
11
0.842639094488189
21
1.8847231102362205
0
LINE
8
BLACK
6
CONTINUOUS
10
0.842639094488189
20
1.8847231102362205
11
0.8416811417322835
21
1.884083031496063
0
LINE
8
BLACK
6
CONTINUOUS
10
0.8416811417322835
20
1.884083031496063
11
0.8405511811023622
21
1.8838582677165354
0
LINE
8
BLACK
6
CONTINUOUS
10
0.8405511811023622
20
1.8838582677165354
11
0.7854330708661417
21
1.8838582677165354
0
LINE
8
BLACK
6
CONTINUOUS
10
0.7854330708661417
20
1.8838582677165354
11
0.7843031102362205
21
1.884083031496063
0
LINE
8
BLACK
6
CONTINUOUS
10
0.7843031102362205
20
1.884083031496063
11
0.783345157480315
21
1.8847231102362205
0
LINE
8
BLACK
6
CONTINUOUS
10
0.783345157480315
20
1.8847231102362205
11
0.7827050787401575
21
1.8856810629921259
0
LINE
8
BLACK
6
CONTINUOUS
10
0.7827050787401575
20
1.8856810629921259
11
0.7824803149606299
21
1.8868110236220472
0
LINE
8
BLACK
6
CONTINUOUS
10
0.7824803149606299
20
1.8868110236220472
11
0.7824803149606299
21
1.8927165354330708
0
LINE
8
BLACK
6
CONTINUOUS
10
0.7824803149606299
20
1.8927165354330708
11
0.7827050787401575
21
1.8938464960629922
0
LINE
8
BLACK
6
CONTINUOUS
10
0.7827050787401575
20
1.8938464960629922
11
0.783345157480315
21
1.8948044488188975
0
LINE
8
BLACK
6
CONTINUOUS
10
0.783345157480315
20
1.8948044488188975
11
0.7843031102362205
21
1.895444527559055
0
LINE
8
BLACK
6
CONTINUOUS
10
0.7843031102362205
20
1.895444527559055
11
0.7854330708661417
21
1.8956692913385826
0
LINE
8
BLACK
6
CONTINUOUS
10
0.7854330708661417
20
1.8956692913385826
11
0.8405511811023622
21
1.8956692913385826
0
LINE
8
BLACK
6
CONTINUOUS
10
0.8405511811023622
20
1.8956692913385826
11
0.8416811417322835
21
1.895444527559055
0
LINE
8
BLACK
6
CONTINUOUS
10
1.2885315354330709
20
1.895444527559055
11
1.2894894881889762
21
1.8948044488188975
0
LINE
8
BLACK
6
CONTINUOUS
10
1.2894894881889762
20
1.8948044488188975
11
1.2901295669291337
21
1.8938464960629922
0
LINE
8
BLACK
6
CONTINUOUS
10
1.2901295669291337
20
1.8938464960629922
11
1.2903543307086613
21
1.8927165354330708
0
LINE
8
BLACK
6
CONTINUOUS
10
1.2903543307086613
20
1.8927165354330708
11
1.2903543307086613
21
1.8868110236220472
0
LINE
8
BLACK
6
CONTINUOUS
10
1.2903543307086613
20
1.8868110236220472
11
1.2901295669291337
21
1.8856810629921259
0
LINE
8
BLACK
6
CONTINUOUS
10
1.2901295669291337
20
1.8856810629921259
11
1.2894894881889762
21
1.8847231102362205
0
LINE
8
BLACK
6
CONTINUOUS
10
1.2894894881889762
20
1.8847231102362205
11
1.2885315354330709
21
1.884083031496063
0
LINE
8
BLACK
6
CONTINUOUS
10
1.2885315354330709
20
1.884083031496063
11
1.2874015748031495
21
1.8838582677165354
0
LINE
8
BLACK
6
CONTINUOUS
10
1.2874015748031495
20
1.8838582677165354
11
1.2322834645669292
21
1.8838582677165354
0
LINE
8
BLACK
6
CONTINUOUS
10
1.2322834645669292
20
1.8838582677165354
11
1.2311535039370078
21
1.884083031496063
0
LINE
8
BLACK
6
CONTINUOUS
10
1.2311535039370078
20
1.884083031496063
11
1.2301955511811022
21
1.8847231102362205
0
LINE
8
BLACK
6
CONTINUOUS
10
1.2301955511811022
20
1.8847231102362205
11
1.2295554724409448
21
1.8856810629921259
0
LINE
8
BLACK
6
CONTINUOUS
10
1.2295554724409448
20
1.8856810629921259
11
1.2293307086614174
21
1.8868110236220472
0
LINE
8
BLACK
6
CONTINUOUS
10
1.2293307086614174
20
1.8868110236220472
11
1.2293307086614174
21
1.8927165354330708
0
LINE
8
BLACK
6
CONTINUOUS
10
1.2293307086614174
20
1.8927165354330708
11
1.2295554724409448
21
1.8938464960629922
0
LINE
8
BLACK
6
CONTINUOUS
10
1.2295554724409448
20
1.8938464960629922
11
1.2301955511811022
21
1.8948044488188975
0
LINE
8
BLACK
6
CONTINUOUS
10
1.2301955511811022
20
1.8948044488188975
11
1.2311535039370078
21
1.895444527559055
0
LINE
8
BLACK
6
CONTINUOUS
10
1.2311535039370078
20
1.895444527559055
11
1.2322834645669292
21
1.8956692913385826
0
LINE
8
BLACK
6
CONTINUOUS
10
1.2322834645669292
20
1.8956692913385826
11
1.2874015748031495
21
1.8956692913385826
0
LINE
8
BLACK
6
CONTINUOUS
10
1.2874015748031495
20
1.8956692913385826
11
1.2885315354330709
21
1.895444527559055
0
LINE
8
BLACK
6
CONTINUOUS
10
0.6062075196850394
20
1.9577940944881889
11
0.6094006692913385
21
1.9556605118110235
0
LINE
8
BLACK
6
CONTINUOUS
10
0.6094006692913385
20
1.9556605118110235
11
0.611534251968504
21
1.9524673622047244
0
LINE
8
BLACK
6
CONTINUOUS
10
0.611534251968504
20
1.9524673622047244
11
0.6122834645669292
21
1.9487007874015747
0
LINE
8
BLACK
6
CONTINUOUS
10
0.6122834645669292
20
1.9487007874015747
11
0.6122834645669292
21
1.9112992125984252
0
LINE
8
BLACK
6
CONTINUOUS
10
0.6122834645669292
20
1.9112992125984252
11
0.611534251968504
21
1.9075326377952755
0
LINE
8
BLACK
6
CONTINUOUS
10
0.611534251968504
20
1.9075326377952755
11
0.6094006692913385
21
1.9043394881889764
0
LINE
8
BLACK
6
CONTINUOUS
10
0.6094006692913385
20
1.9043394881889764
11
0.6062075196850394
21
1.902205905511811
0
LINE
8
BLACK
6
CONTINUOUS
10
0.6062075196850394
20
1.902205905511811
11
0.6024409448818897
21
1.9014566929133858
0
LINE
8
BLACK
6
CONTINUOUS
10
0.6024409448818897
20
1.9014566929133858
11
0.5758661417322835
21
1.9014566929133858
0
LINE
8
BLACK
6
CONTINUOUS
10
0.5758661417322835
20
1.9014566929133858
11
0.5720995669291339
21
1.902205905511811
0
LINE
8
BLACK
6
CONTINUOUS
10
0.5720995669291339
20
1.902205905511811
11
0.5689064173228346
21
1.9043394881889764
0
LINE
8
BLACK
6
CONTINUOUS
10
0.5689064173228346
20
1.9043394881889764
11
0.5667728346456693
21
1.9075326377952755
0
LINE
8
BLACK
6
CONTINUOUS
10
0.5667728346456693
20
1.9075326377952755
11
0.5660236220472441
21
1.9112992125984252
0
LINE
8
BLACK
6
CONTINUOUS
10
0.5660236220472441
20
1.9112992125984252
11
0.5660236220472441
21
1.9487007874015747
0
LINE
8
BLACK
6
CONTINUOUS
10
0.5660236220472441
20
1.9487007874015747
11
0.5667728346456693
21
1.9524673622047244
0
LINE
8
BLACK
6
CONTINUOUS
10
0.5667728346456693
20
1.9524673622047244
11
0.5689064173228346
21
1.9556605118110235
0
LINE
8
BLACK
6
CONTINUOUS
10
0.5689064173228346
20
1.9556605118110235
11
0.5720995669291339
21
1.9577940944881889
0
LINE
8
BLACK
6
CONTINUOUS
10
0.5720995669291339
20
1.9577940944881889
11
0.5758661417322835
21
1.9585433070866141
0
LINE
8
BLACK
6
CONTINUOUS
10
0.5758661417322835
20
1.9585433070866141
11
0.6024409448818897
21
1.9585433070866141
0
LINE
8
BLACK
6
CONTINUOUS
10
0.6024409448818897
20
1.9585433070866141
11
0.6062075196850394
21
1.9577940944881889
0
LINE
8
BLACK
6
CONTINUOUS
10
0.6879004330708661
20
1.9577940944881889
11
0.6910935826771654
21
1.9556605118110235
0
LINE
8
BLACK
6
CONTINUOUS
10
0.6910935826771654
20
1.9556605118110235
11
0.6932271653543307
21
1.9524673622047244
0
LINE
8
BLACK
6
CONTINUOUS
10
0.6932271653543307
20
1.9524673622047244
11
0.6939763779527559
21
1.9487007874015747
0
LINE
8
BLACK
6
CONTINUOUS
10
0.6939763779527559
20
1.9487007874015747
11
0.6939763779527559
21
1.9112992125984252
0
LINE
8
BLACK
6
CONTINUOUS
10
0.6939763779527559
20
1.9112992125984252
11
0.6932271653543307
21
1.9075326377952755
0
LINE
8
BLACK
6
CONTINUOUS
10
0.6932271653543307
20
1.9075326377952755
11
0.6910935826771654
21
1.9043394881889764
0
LINE
8
BLACK
6
CONTINUOUS
10
0.6910935826771654
20
1.9043394881889764
11
0.6879004330708661
21
1.902205905511811
0
LINE
8
BLACK
6
CONTINUOUS
10
0.6879004330708661
20
1.902205905511811
11
0.6841338582677166
21
1.9014566929133858
0
LINE
8
BLACK
6
CONTINUOUS
10
0.6841338582677166
20
1.9014566929133858
11
0.6575590551181102
21
1.9014566929133858
0
LINE
8
BLACK
6
CONTINUOUS
10
0.6575590551181102
20
1.9014566929133858
11
0.6537924803149606
21
1.902205905511811
0
LINE
8
BLACK
6
CONTINUOUS
10
0.6537924803149606
20
1.902205905511811
11
0.6505993307086614
21
1.9043394881889764
0
LINE
8
BLACK
6
CONTINUOUS
10
0.6505993307086614
20
1.9043394881889764
11
0.648465748031496
21
1.9075326377952755
0
LINE
8
BLACK
6
CONTINUOUS
10
0.648465748031496
20
1.9075326377952755
11
0.6477165354330708
21
1.9112992125984252
0
LINE
8
BLACK
6
CONTINUOUS
10
0.6477165354330708
20
1.9112992125984252
11
0.6477165354330708
21
1.9487007874015747
0
LINE
8
BLACK
6
CONTINUOUS
10
0.6477165354330708
20
1.9487007874015747
11
0.648465748031496
21
1.9524673622047244
0
LINE
8
BLACK
6
CONTINUOUS
10
0.648465748031496
20
1.9524673622047244
11
0.6505993307086614
21
1.9556605118110235
0
LINE
8
BLACK
6
CONTINUOUS
10
0.6505993307086614
20
1.9556605118110235
11
0.6537924803149606
21
1.9577940944881889
0
LINE
8
BLACK
6
CONTINUOUS
10
0.6537924803149606
20
1.9577940944881889
11
0.6575590551181102
21
1.9585433070866141
0
LINE
8
BLACK
6
CONTINUOUS
10
0.6575590551181102
20
1.9585433070866141
11
0.6841338582677166
21
1.9585433070866141
0
LINE
8
BLACK
6
CONTINUOUS
10
0.6841338582677166
20
1.9585433070866141
11
0.6879004330708661
21
1.9577940944881889
0
LINE
8
BLACK
6
CONTINUOUS
10
0.8416811417322835
20
1.9151295669291337
11
0.842639094488189
21
1.9144894881889762
0
LINE
8
BLACK
6
CONTINUOUS
10
0.842639094488189
20
1.9144894881889762
11
0.8432791732283464
21
1.9135315354330709
0
LINE
8
BLACK
6
CONTINUOUS
10
0.8432791732283464
20
1.9135315354330709
11
0.843503937007874
21
1.9124015748031495
0
LINE
8
BLACK
6
CONTINUOUS
10
0.843503937007874
20
1.9124015748031495
11
0.843503937007874
21
1.9064960629921259
0
LINE
8
BLACK
6
CONTINUOUS
10
0.843503937007874
20
1.9064960629921259
11
0.8432791732283464
21
1.9053661023622046
0
LINE
8
BLACK
6
CONTINUOUS
10
0.8432791732283464
20
1.9053661023622046
11
0.842639094488189
21
1.9044081496062992
0
LINE
8
BLACK
6
CONTINUOUS
10
0.842639094488189
20
1.9044081496062992
11
0.8416811417322835
21
1.9037680708661417
0
LINE
8
BLACK
6
CONTINUOUS
10
0.8416811417322835
20
1.9037680708661417
11
0.8405511811023622
21
1.9035433070866141
0
LINE
8
BLACK
6
CONTINUOUS
10
0.8405511811023622
20
1.9035433070866141
11
0.7854330708661417
21
1.9035433070866141
0
LINE
8
BLACK
6
CONTINUOUS
10
0.7854330708661417
20
1.9035433070866141
11
0.7843031102362205
21
1.9037680708661417
0
LINE
8
BLACK
6
CONTINUOUS
10
0.7843031102362205
20
1.9037680708661417
11
0.783345157480315
21
1.9044081496062992
0
LINE
8
BLACK
6
CONTINUOUS
10
0.783345157480315
20
1.9044081496062992
11
0.7827050787401575
21
1.9053661023622046
0
LINE
8
BLACK
6
CONTINUOUS
10
0.7827050787401575
20
1.9053661023622046
11
0.7824803149606299
21
1.9064960629921259
0
LINE
8
BLACK
6
CONTINUOUS
10
0.7824803149606299
20
1.9064960629921259
11
0.7824803149606299
21
1.9124015748031495
0
LINE
8
BLACK
6
CONTINUOUS
10
0.7824803149606299
20
1.9124015748031495
11
0.7827050787401575
21
1.9135315354330709
0
LINE
8
BLACK
6
CONTINUOUS
10
0.7827050787401575
20
1.9135315354330709
11
0.783345157480315
21
1.9144894881889762
0
LINE
8
BLACK
6
CONTINUOUS
10
0.783345157480315
20
1.9144894881889762
11
0.7843031102362205
21
1.9151295669291337
0
LINE
8
BLACK
6
CONTINUOUS
10
0.7843031102362205
20
1.9151295669291337
11
0.7854330708661417
21
1.9153543307086613
0
LINE
8
BLACK
6
CONTINUOUS
10
0.7854330708661417
20
1.9153543307086613
11
0.8405511811023622
21
1.9153543307086613
0
LINE
8
BLACK
6
CONTINUOUS
10
0.8405511811023622
20
1.9153543307086613
11
0.8416811417322835
21
1.9151295669291337
0
LINE
8
BLACK
6
CONTINUOUS
10
1.2885315354330709
20
1.9151295669291337
11
1.2894894881889762
21
1.9144894881889762
0
LINE
8
BLACK
6
CONTINUOUS
10
1.2894894881889762
20
1.9144894881889762
11
1.2901295669291337
21
1.9135315354330709
0
LINE
8
BLACK
6
CONTINUOUS
10
1.2901295669291337
20
1.9135315354330709
11
1.2903543307086613
21
1.9124015748031495
0
LINE
8
BLACK
6
CONTINUOUS
10
1.2903543307086613
20
1.9124015748031495
11
1.2903543307086613
21
1.9064960629921259
0
LINE
8
BLACK
6
CONTINUOUS
10
1.2903543307086613
20
1.9064960629921259
11
1.2901295669291337
21
1.9053661023622046
0
LINE
8
BLACK
6
CONTINUOUS
10
1.2901295669291337
20
1.9053661023622046
11
1.2894894881889762
21
1.9044081496062992
0
LINE
8
BLACK
6
CONTINUOUS
10
1.2894894881889762
20
1.9044081496062992
11
1.2885315354330709
21
1.9037680708661417
0
LINE
8
BLACK
6
CONTINUOUS
10
1.2885315354330709
20
1.9037680708661417
11
1.2874015748031495
21
1.9035433070866141
0
LINE
8
BLACK
6
CONTINUOUS
10
1.2874015748031495
20
1.9035433070866141
11
1.2322834645669292
21
1.9035433070866141
0
LINE
8
BLACK
6
CONTINUOUS
10
1.2322834645669292
20
1.9035433070866141
11
1.2311535039370078
21
1.9037680708661417
0
LINE
8
BLACK
6
CONTINUOUS
10
1.2311535039370078
20
1.9037680708661417
11
1.2301955511811022
21
1.9044081496062992
0
LINE
8
BLACK
6
CONTINUOUS
10
1.2301955511811022
20
1.9044081496062992
11
1.2295554724409448
21
1.9053661023622046
0
LINE
8
BLACK
6
CONTINUOUS
10
1.2295554724409448
20
1.9053661023622046
11
1.2293307086614174
21
1.9064960629921259
0
LINE
8
BLACK
6
CONTINUOUS
10
1.2293307086614174
20
1.9064960629921259
11
1.2293307086614174
21
1.9124015748031495
0
LINE
8
BLACK
6
CONTINUOUS
10
1.2293307086614174
20
1.9124015748031495
11
1.2295554724409448
21
1.9135315354330709
0
LINE
8
BLACK
6
CONTINUOUS
10
1.2295554724409448
20
1.9135315354330709
11
1.2301955511811022
21
1.9144894881889762
0
LINE
8
BLACK
6
CONTINUOUS
10
1.2301955511811022
20
1.9144894881889762
11
1.2311535039370078
21
1.9151295669291337
0
LINE
8
BLACK
6
CONTINUOUS
10
1.2311535039370078
20
1.9151295669291337
11
1.2322834645669292
21
1.9153543307086613
0
LINE
8
BLACK
6
CONTINUOUS
10
1.2322834645669292
20
1.9153543307086613
11
1.2874015748031495
21
1.9153543307086613
0
LINE
8
BLACK
6
CONTINUOUS
10
1.2874015748031495
20
1.9153543307086613
11
1.2885315354330709
21
1.9151295669291337
0
LINE
8
BLACK
6
CONTINUOUS
10
0.8416811417322835
20
1.9348146062992126
11
0.842639094488189
21
1.9341745275590552
0
LINE
8
BLACK
6
CONTINUOUS
10
0.842639094488189
20
1.9341745275590552
11
0.8432791732283464
21
1.9332165748031496
0
LINE
8
BLACK
6
CONTINUOUS
10
0.8432791732283464
20
1.9332165748031496
11
0.843503937007874
21
1.9320866141732282
0
LINE
8
BLACK
6
CONTINUOUS
10
0.843503937007874
20
1.9320866141732282
11
0.843503937007874
21
1.9261811023622046
0
LINE
8
BLACK
6
CONTINUOUS
10
0.843503937007874
20
1.9261811023622046
11
0.8432791732283464
21
1.9250511417322833
0
LINE
8
BLACK
6
CONTINUOUS
10
0.8432791732283464
20
1.9250511417322833
11
0.842639094488189
21
1.9240931889763779
0
LINE
8
BLACK
6
CONTINUOUS
10
0.842639094488189
20
1.9240931889763779
11
0.8416811417322835
21
1.9234531102362205
0
LINE
8
BLACK
6
CONTINUOUS
10
0.8416811417322835
20
1.9234531102362205
11
0.8405511811023622
21
1.9232283464566928
0
LINE
8
BLACK
6
CONTINUOUS
10
0.8405511811023622
20
1.9232283464566928
11
0.7854330708661417
21
1.9232283464566928
0
LINE
8
BLACK
6
CONTINUOUS
10
0.7854330708661417
20
1.9232283464566928
11
0.7843031102362205
21
1.9234531102362205
0
LINE
8
BLACK
6
CONTINUOUS
10
0.7843031102362205
20
1.9234531102362205
11
0.783345157480315
21
1.9240931889763779
0
LINE
8
BLACK
6
CONTINUOUS
10
0.783345157480315
20
1.9240931889763779
11
0.7827050787401575
21
1.9250511417322833
0
LINE
8
BLACK
6
CONTINUOUS
10
0.7827050787401575
20
1.9250511417322833
11
0.7824803149606299
21
1.9261811023622046
0
LINE
8
BLACK
6
CONTINUOUS
10
0.7824803149606299
20
1.9261811023622046
11
0.7824803149606299
21
1.9320866141732282
0
LINE
8
BLACK
6
CONTINUOUS
10
0.7824803149606299
20
1.9320866141732282
11
0.7827050787401575
21
1.9332165748031496
0
LINE
8
BLACK
6
CONTINUOUS
10
0.7827050787401575
20
1.9332165748031496
11
0.783345157480315
21
1.9341745275590552
0
LINE
8
BLACK
6
CONTINUOUS
10
0.783345157480315
20
1.9341745275590552
11
0.7843031102362205
21
1.9348146062992126
0
LINE
8
BLACK
6
CONTINUOUS
10
0.7843031102362205
20
1.9348146062992126
11
0.7854330708661417
21
1.9350393700787401
0
LINE
8
BLACK
6
CONTINUOUS
10
0.7854330708661417
20
1.9350393700787401
11
0.8405511811023622
21
1.9350393700787401
0
LINE
8
BLACK
6
CONTINUOUS
10
0.8405511811023622
20
1.9350393700787401
11
0.8416811417322835
21
1.9348146062992126
0
LINE
8
BLACK
6
CONTINUOUS
10
1.2885315354330709
20
1.9348146062992126
11
1.2894894881889762
21
1.9341745275590552
0
LINE
8
BLACK
6
CONTINUOUS
10
1.2894894881889762
20
1.9341745275590552
11
1.2901295669291337
21
1.9332165748031496
0
LINE
8
BLACK
6
CONTINUOUS
10
1.2901295669291337
20
1.9332165748031496
11
1.2903543307086613
21
1.9320866141732282
0
LINE
8
BLACK
6
CONTINUOUS
10
1.2903543307086613
20
1.9320866141732282
11
1.2903543307086613
21
1.9261811023622046
0
LINE
8
BLACK
6
CONTINUOUS
10
1.2903543307086613
20
1.9261811023622046
11
1.2901295669291337
21
1.9250511417322833
0
LINE
8
BLACK
6
CONTINUOUS
10
1.2901295669291337
20
1.9250511417322833
11
1.2894894881889762
21
1.9240931889763779
0
LINE
8
BLACK
6
CONTINUOUS
10
1.2894894881889762
20
1.9240931889763779
11
1.2885315354330709
21
1.9234531102362205
0
LINE
8
BLACK
6
CONTINUOUS
10
1.2885315354330709
20
1.9234531102362205
11
1.2874015748031495
21
1.9232283464566928
0
LINE
8
BLACK
6
CONTINUOUS
10
1.2874015748031495
20
1.9232283464566928
11
1.2322834645669292
21
1.9232283464566928
0
LINE
8
BLACK
6
CONTINUOUS
10
1.2322834645669292
20
1.9232283464566928
11
1.2311535039370078
21
1.9234531102362205
0
LINE
8
BLACK
6
CONTINUOUS
10
1.2311535039370078
20
1.9234531102362205
11
1.2301955511811022
21
1.9240931889763779
0
LINE
8
BLACK
6
CONTINUOUS
10
1.2301955511811022
20
1.9240931889763779
11
1.2295554724409448
21
1.9250511417322833
0
LINE
8
BLACK
6
CONTINUOUS
10
1.2295554724409448
20
1.9250511417322833
11
1.2293307086614174
21
1.9261811023622046
0
LINE
8
BLACK
6
CONTINUOUS
10
1.2293307086614174
20
1.9261811023622046
11
1.2293307086614174
21
1.9320866141732282
0
LINE
8
BLACK
6
CONTINUOUS
10
1.2293307086614174
20
1.9320866141732282
11
1.2295554724409448
21
1.9332165748031496
0
LINE
8
BLACK
6
CONTINUOUS
10
1.2295554724409448
20
1.9332165748031496
11
1.2301955511811022
21
1.9341745275590552
0
LINE
8
BLACK
6
CONTINUOUS
10
1.2301955511811022
20
1.9341745275590552
11
1.2311535039370078
21
1.9348146062992126
0
LINE
8
BLACK
6
CONTINUOUS
10
1.2311535039370078
20
1.9348146062992126
11
1.2322834645669292
21
1.9350393700787401
0
LINE
8
BLACK
6
CONTINUOUS
10
1.2322834645669292
20
1.9350393700787401
11
1.2874015748031495
21
1.9350393700787401
0
LINE
8
BLACK
6
CONTINUOUS
10
1.2874015748031495
20
1.9350393700787401
11
1.2885315354330709
21
1.9348146062992126
0
LINE
8
BLACK
6
CONTINUOUS
10
0.8416811417322835
20
1.9544996062992126
11
0.842639094488189
21
1.9538595275590551
0
LINE
8
BLACK
6
CONTINUOUS
10
0.842639094488189
20
1.9538595275590551
11
0.8432791732283464
21
1.9529015748031495
0
LINE
8
BLACK
6
CONTINUOUS
10
0.8432791732283464
20
1.9529015748031495
11
0.843503937007874
21
1.9517716141732282
0
LINE
8
BLACK
6
CONTINUOUS
10
0.843503937007874
20
1.9517716141732282
11
0.843503937007874
21
1.9458661023622046
0
LINE
8
BLACK
6
CONTINUOUS
10
0.843503937007874
20
1.9458661023622046
11
0.8432791732283464
21
1.9447361417322835
0
LINE
8
BLACK
6
CONTINUOUS
10
0.8432791732283464
20
1.9447361417322835
11
0.842639094488189
21
1.9437781889763779
0
LINE
8
BLACK
6
CONTINUOUS
10
0.842639094488189
20
1.9437781889763779
11
0.8416811417322835
21
1.9431381102362204
0
LINE
8
BLACK
6
CONTINUOUS
10
0.8416811417322835
20
1.9431381102362204
11
0.8405511811023622
21
1.9429133464566928
0
LINE
8
BLACK
6
CONTINUOUS
10
0.8405511811023622
20
1.9429133464566928
11
0.7854330708661417
21
1.9429133464566928
0
LINE
8
BLACK
6
CONTINUOUS
10
0.7854330708661417
20
1.9429133464566928
11
0.7843031102362205
21
1.9431381102362204
0
LINE
8
BLACK
6
CONTINUOUS
10
0.7843031102362205
20
1.9431381102362204
11
0.783345157480315
21
1.9437781889763779
0
LINE
8
BLACK
6
CONTINUOUS
10
0.783345157480315
20
1.9437781889763779
11
0.7827050787401575
21
1.9447361417322835
0
LINE
8
BLACK
6
CONTINUOUS
10
0.7827050787401575
20
1.9447361417322835
11
0.7824803149606299
21
1.9458661023622046
0
LINE
8
BLACK
6
CONTINUOUS
10
0.7824803149606299
20
1.9458661023622046
11
0.7824803149606299
21
1.9517716141732282
0
LINE
8
BLACK
6
CONTINUOUS
10
0.7824803149606299
20
1.9517716141732282
11
0.7827050787401575
21
1.9529015748031495
0
LINE
8
BLACK
6
CONTINUOUS
10
0.7827050787401575
20
1.9529015748031495
11
0.783345157480315
21
1.9538595275590551
0
LINE
8
BLACK
6
CONTINUOUS
10
0.783345157480315
20
1.9538595275590551
11
0.7843031102362205
21
1.9544996062992126
0
LINE
8
BLACK
6
CONTINUOUS
10
0.7843031102362205
20
1.9544996062992126
11
0.7854330708661417
21
1.95472437007874
0
LINE
8
BLACK
6
CONTINUOUS
10
0.7854330708661417
20
1.95472437007874
11
0.8405511811023622
21
1.95472437007874
0
LINE
8
BLACK
6
CONTINUOUS
10
0.8405511811023622
20
1.95472437007874
11
0.8416811417322835
21
1.9544996062992126
0
LINE
8
BLACK
6
CONTINUOUS
10
1.2885315354330709
20
1.9544996062992126
11
1.2894894881889762
21
1.9538595275590551
0
LINE
8
BLACK
6
CONTINUOUS
10
1.2894894881889762
20
1.9538595275590551
11
1.2901295669291337
21
1.9529015748031495
0
LINE
8
BLACK
6
CONTINUOUS
10
1.2901295669291337
20
1.9529015748031495
11
1.2903543307086613
21
1.9517716141732282
0
LINE
8
BLACK
6
CONTINUOUS
10
1.2903543307086613
20
1.9517716141732282
11
1.2903543307086613
21
1.9458661023622046
0
LINE
8
BLACK
6
CONTINUOUS
10
1.2903543307086613
20
1.9458661023622046
11
1.2901295669291337
21
1.9447361417322835
0
LINE
8
BLACK
6
CONTINUOUS
10
1.2901295669291337
20
1.9447361417322835
11
1.2894894881889762
21
1.9437781889763779
0
LINE
8
BLACK
6
CONTINUOUS
10
1.2894894881889762
20
1.9437781889763779
11
1.2885315354330709
21
1.9431381102362204
0
LINE
8
BLACK
6
CONTINUOUS
10
1.2885315354330709
20
1.9431381102362204
11
1.2874015748031495
21
1.9429133464566928
0
LINE
8
BLACK
6
CONTINUOUS
10
1.2874015748031495
20
1.9429133464566928
11
1.2322834645669292
21
1.9429133464566928
0
LINE
8
BLACK
6
CONTINUOUS
10
1.2322834645669292
20
1.9429133464566928
11
1.2311535039370078
21
1.9431381102362204
0
LINE
8
BLACK
6
CONTINUOUS
10
1.2311535039370078
20
1.9431381102362204
11
1.2301955511811022
21
1.9437781889763779
0
LINE
8
BLACK
6
CONTINUOUS
10
1.2301955511811022
20
1.9437781889763779
11
1.2295554724409448
21
1.9447361417322835
0
LINE
8
BLACK
6
CONTINUOUS
10
1.2295554724409448
20
1.9447361417322835
11
1.2293307086614174
21
1.9458661023622046
0
LINE
8
BLACK
6
CONTINUOUS
10
1.2293307086614174
20
1.9458661023622046
11
1.2293307086614174
21
1.9517716141732282
0
LINE
8
BLACK
6
CONTINUOUS
10
1.2293307086614174
20
1.9517716141732282
11
1.2295554724409448
21
1.9529015748031495
0
LINE
8
BLACK
6
CONTINUOUS
10
1.2295554724409448
20
1.9529015748031495
11
1.2301955511811022
21
1.9538595275590551
0
LINE
8
BLACK
6
CONTINUOUS
10
1.2301955511811022
20
1.9538595275590551
11
1.2311535039370078
21
1.9544996062992126
0
LINE
8
BLACK
6
CONTINUOUS
10
1.2311535039370078
20
1.9544996062992126
11
1.2322834645669292
21
1.95472437007874
0
LINE
8
BLACK
6
CONTINUOUS
10
1.2322834645669292
20
1.95472437007874
11
1.2874015748031495
21
1.95472437007874
0
LINE
8
BLACK
6
CONTINUOUS
10
1.2874015748031495
20
1.95472437007874
11
1.2885315354330709
21
1.9544996062992126
0
LINE
8
BLACK
6
CONTINUOUS
10
0.8928622834645669
20
2.054893346456693
11
0.8938202362204725
21
2.0542532677165353
0
LINE
8
BLACK
6
CONTINUOUS
10
0.8938202362204725
20
2.0542532677165353
11
0.8944603149606299
21
2.0532953149606299
0
LINE
8
BLACK
6
CONTINUOUS
10
0.8944603149606299
20
2.0532953149606299
11
0.8946850787401575
21
2.0521653543307088
0
LINE
8
BLACK
6
CONTINUOUS
10
0.8946850787401575
20
2.0521653543307088
11
0.8946850787401575
21
1.9970472440944882
0
LINE
8
BLACK
6
CONTINUOUS
10
0.8946850787401575
20
1.9970472440944882
11
0.8944603149606299
21
1.9959172834645669
0
LINE
8
BLACK
6
CONTINUOUS
10
0.8944603149606299
20
1.9959172834645669
11
0.8938202362204725
21
1.9949593307086613
0
LINE
8
BLACK
6
CONTINUOUS
10
0.8938202362204725
20
1.9949593307086613
11
0.8928622834645669
21
1.9943192519685038
0
LINE
8
BLACK
6
CONTINUOUS
10
0.8928622834645669
20
1.9943192519685038
11
0.8917323228346457
21
1.9940944881889764
0
LINE
8
BLACK
6
CONTINUOUS
10
0.8917323228346457
20
1.9940944881889764
11
0.885826811023622
21
1.9940944881889764
0
LINE
8
BLACK
6
CONTINUOUS
10
0.885826811023622
20
1.9940944881889764
11
0.8846968503937007
21
1.9943192519685038
0
LINE
8
BLACK
6
CONTINUOUS
10
0.8846968503937007
20
1.9943192519685038
11
0.8837388976377952
21
1.9949593307086613
0
LINE
8
BLACK
6
CONTINUOUS
10
0.8837388976377952
20
1.9949593307086613
11
0.8830988188976377
21
1.9959172834645669
0
LINE
8
BLACK
6
CONTINUOUS
10
0.8830988188976377
20
1.9959172834645669
11
0.8828740551181102
21
1.9970472440944882
0
LINE
8
BLACK
6
CONTINUOUS
10
0.8828740551181102
20
1.9970472440944882
11
0.8828740551181102
21
2.0521653543307088
0
LINE
8
BLACK
6
CONTINUOUS
10
0.8828740551181102
20
2.0521653543307088
11
0.8830988188976377
21
2.0532953149606299
0
LINE
8
BLACK
6
CONTINUOUS
10
0.8830988188976377
20
2.0532953149606299
11
0.8837388976377952
21
2.0542532677165353
0
LINE
8
BLACK
6
CONTINUOUS
10
0.8837388976377952
20
2.0542532677165353
11
0.8846968503937007
21
2.054893346456693
0
LINE
8
BLACK
6
CONTINUOUS
10
0.8846968503937007
20
2.054893346456693
11
0.885826811023622
21
2.0551181102362204
0
LINE
8
BLACK
6
CONTINUOUS
10
0.885826811023622
20
2.0551181102362204
11
0.8917323228346457
21
2.0551181102362204
0
LINE
8
BLACK
6
CONTINUOUS
10
0.8917323228346457
20
2.0551181102362204
11
0.8928622834645669
21
2.054893346456693
0
LINE
8
BLACK
6
CONTINUOUS
10
0.9125472834645669
20
2.054893346456693
11
0.9135052362204724
21
2.0542532677165353
0
LINE
8
BLACK
6
CONTINUOUS
10
0.9135052362204724
20
2.0542532677165353
11
0.9141453149606299
21
2.0532953149606299
0
LINE
8
BLACK
6
CONTINUOUS
10
0.9141453149606299
20
2.0532953149606299
11
0.9143700787401574
21
2.0521653543307088
0
LINE
8
BLACK
6
CONTINUOUS
10
0.9143700787401574
20
2.0521653543307088
11
0.9143700787401574
21
1.9970472440944882
0
LINE
8
BLACK
6
CONTINUOUS
10
0.9143700787401574
20
1.9970472440944882
11
0.9141453149606299
21
1.9959172834645669
0
LINE
8
BLACK
6
CONTINUOUS
10
0.9141453149606299
20
1.9959172834645669
11
0.9135052362204724
21
1.9949593307086613
0
LINE
8
BLACK
6
CONTINUOUS
10
0.9135052362204724
20
1.9949593307086613
11
0.9125472834645669
21
1.9943192519685038
0
LINE
8
BLACK
6
CONTINUOUS
10
0.9125472834645669
20
1.9943192519685038
11
0.9114173228346456
21
1.9940944881889764
0
LINE
8
BLACK
6
CONTINUOUS
10
0.9114173228346456
20
1.9940944881889764
11
0.905511811023622
21
1.9940944881889764
0
LINE
8
BLACK
6
CONTINUOUS
10
0.905511811023622
20
1.9940944881889764
11
0.9043818503937008
21
1.9943192519685038
0
LINE
8
BLACK
6
CONTINUOUS
10
0.9043818503937008
20
1.9943192519685038
11
0.9034238976377953
21
1.9949593307086613
0
LINE
8
BLACK
6
CONTINUOUS
10
0.9034238976377953
20
1.9949593307086613
11
0.9027838188976378
21
1.9959172834645669
0
LINE
8
BLACK
6
CONTINUOUS
10
0.9027838188976378
20
1.9959172834645669
11
0.9025590551181102
21
1.9970472440944882
0
LINE
8
BLACK
6
CONTINUOUS
10
0.9025590551181102
20
1.9970472440944882
11
0.9025590551181102
21
2.0521653543307088
0
LINE
8
BLACK
6
CONTINUOUS
10
0.9025590551181102
20
2.0521653543307088
11
0.9027838188976378
21
2.0532953149606299
0
LINE
8
BLACK
6
CONTINUOUS
10
0.9027838188976378
20
2.0532953149606299
11
0.9034238976377953
21
2.0542532677165353
0
LINE
8
BLACK
6
CONTINUOUS
10
0.9034238976377953
20
2.0542532677165353
11
0.9043818503937008
21
2.054893346456693
0
LINE
8
BLACK
6
CONTINUOUS
10
0.9043818503937008
20
2.054893346456693
11
0.905511811023622
21
2.0551181102362204
0
LINE
8
BLACK
6
CONTINUOUS
10
0.905511811023622
20
2.0551181102362204
11
0.9114173228346456
21
2.0551181102362204
0
LINE
8
BLACK
6
CONTINUOUS
10
0.9114173228346456
20
2.0551181102362204
11
0.9125472834645669
21
2.054893346456693
0
LINE
8
BLACK
6
CONTINUOUS
10
0.9322323228346456
20
2.054893346456693
11
0.9331902755905511
21
2.0542532677165353
0
LINE
8
BLACK
6
CONTINUOUS
10
0.9331902755905511
20
2.0542532677165353
11
0.9338303543307086
21
2.0532953149606299
0
LINE
8
BLACK
6
CONTINUOUS
10
0.9338303543307086
20
2.0532953149606299
11
0.9340551181102362
21
2.0521653543307088
0
LINE
8
BLACK
6
CONTINUOUS
10
0.9340551181102362
20
2.0521653543307088
11
0.9340551181102362
21
1.9970472440944882
0
LINE
8
BLACK
6
CONTINUOUS
10
0.9340551181102362
20
1.9970472440944882
11
0.9338303543307086
21
1.9959172834645669
0
LINE
8
BLACK
6
CONTINUOUS
10
0.9338303543307086
20
1.9959172834645669
11
0.9331902755905511
21
1.9949593307086613
0
LINE
8
BLACK
6
CONTINUOUS
10
0.9331902755905511
20
1.9949593307086613
11
0.9322323228346456
21
1.9943192519685038
0
LINE
8
BLACK
6
CONTINUOUS
10
0.9322323228346456
20
1.9943192519685038
11
0.9311023622047244
21
1.9940944881889764
0
LINE
8
BLACK
6
CONTINUOUS
10
0.9311023622047244
20
1.9940944881889764
11
0.9251968503937008
21
1.9940944881889764
0
LINE
8
BLACK
6
CONTINUOUS
10
0.9251968503937008
20
1.9940944881889764
11
0.9240668897637795
21
1.9943192519685038
0
LINE
8
BLACK
6
CONTINUOUS
10
0.9240668897637795
20
1.9943192519685038
11
0.923108937007874
21
1.9949593307086613
0
LINE
8
BLACK
6
CONTINUOUS
10
0.923108937007874
20
1.9949593307086613
11
0.9224688582677165
21
1.9959172834645669
0
LINE
8
BLACK
6
CONTINUOUS
10
0.9224688582677165
20
1.9959172834645669
11
0.922244094488189
21
1.9970472440944882
0
LINE
8
BLACK
6
CONTINUOUS
10
0.922244094488189
20
1.9970472440944882
11
0.922244094488189
21
2.0521653543307088
0
LINE
8
BLACK
6
CONTINUOUS
10
0.922244094488189
20
2.0521653543307088
11
0.9224688582677165
21
2.0532953149606299
0
LINE
8
BLACK
6
CONTINUOUS
10
0.9224688582677165
20
2.0532953149606299
11
0.923108937007874
21
2.0542532677165353
0
LINE
8
BLACK
6
CONTINUOUS
10
0.923108937007874
20
2.0542532677165353
11
0.9240668897637795
21
2.054893346456693
0
LINE
8
BLACK
6
CONTINUOUS
10
0.9240668897637795
20
2.054893346456693
11
0.9251968503937008
21
2.0551181102362204
0
LINE
8
BLACK
6
CONTINUOUS
10
0.9251968503937008
20
2.0551181102362204
11
0.9311023622047244
21
2.0551181102362204
0
LINE
8
BLACK
6
CONTINUOUS
10
0.9311023622047244
20
2.0551181102362204
11
0.9322323228346456
21
2.054893346456693
0
LINE
8
BLACK
6
CONTINUOUS
10
0.9519173622047243
20
2.054893346456693
11
0.9528753149606299
21
2.0542532677165353
0
LINE
8
BLACK
6
CONTINUOUS
10
0.9528753149606299
20
2.0542532677165353
11
0.9535153937007874
21
2.0532953149606299
0
LINE
8
BLACK
6
CONTINUOUS
10
0.9535153937007874
20
2.0532953149606299
11
0.9537401574803149
21
2.0521653543307088
0
LINE
8
BLACK
6
CONTINUOUS
10
0.9537401574803149
20
2.0521653543307088
11
0.9537401574803149
21
1.9970472440944882
0
LINE
8
BLACK
6
CONTINUOUS
10
0.9537401574803149
20
1.9970472440944882
11
0.9535153937007874
21
1.9959172834645669
0
LINE
8
BLACK
6
CONTINUOUS
10
0.9535153937007874
20
1.9959172834645669
11
0.9528753149606299
21
1.9949593307086613
0
LINE
8
BLACK
6
CONTINUOUS
10
0.9528753149606299
20
1.9949593307086613
11
0.9519173622047243
21
1.9943192519685038
0
LINE
8
BLACK
6
CONTINUOUS
10
0.9519173622047243
20
1.9943192519685038
11
0.9507874015748031
21
1.9940944881889764
0
LINE
8
BLACK
6
CONTINUOUS
10
0.9507874015748031
20
1.9940944881889764
11
0.9448818897637795
21
1.9940944881889764
0
LINE
8
BLACK
6
CONTINUOUS
10
0.9448818897637795
20
1.9940944881889764
11
0.9437519291338582
21
1.9943192519685038
0
LINE
8
BLACK
6
CONTINUOUS
10
0.9437519291338582
20
1.9943192519685038
11
0.9427939763779527
21
1.9949593307086613
0
LINE
8
BLACK
6
CONTINUOUS
10
0.9427939763779527
20
1.9949593307086613
11
0.9421538976377952
21
1.9959172834645669
0
LINE
8
BLACK
6
CONTINUOUS
10
0.9421538976377952
20
1.9959172834645669
11
0.9419291338582677
21
1.9970472440944882
0
LINE
8
BLACK
6
CONTINUOUS
10
0.9419291338582677
20
1.9970472440944882
11
0.9419291338582677
21
2.0521653543307088
0
LINE
8
BLACK
6
CONTINUOUS
10
0.9419291338582677
20
2.0521653543307088
11
0.9421538976377952
21
2.0532953149606299
0
LINE
8
BLACK
6
CONTINUOUS
10
0.9421538976377952
20
2.0532953149606299
11
0.9427939763779527
21
2.0542532677165353
0
LINE
8
BLACK
6
CONTINUOUS
10
0.9427939763779527
20
2.0542532677165353
11
0.9437519291338582
21
2.054893346456693
0
LINE
8
BLACK
6
CONTINUOUS
10
0.9437519291338582
20
2.054893346456693
11
0.9448818897637795
21
2.0551181102362204
0
LINE
8
BLACK
6
CONTINUOUS
10
0.9448818897637795
20
2.0551181102362204
11
0.9507874015748031
21
2.0551181102362204
0
LINE
8
BLACK
6
CONTINUOUS
10
0.9507874015748031
20
2.0551181102362204
11
0.9519173622047243
21
2.054893346456693
0
LINE
8
BLACK
6
CONTINUOUS
10
0.9716024015748032
20
2.054893346456693
11
0.9725603543307086
21
2.0542532677165353
0
LINE
8
BLACK
6
CONTINUOUS
10
0.9725603543307086
20
2.0542532677165353
11
0.9732004330708661
21
2.0532953149606299
0
LINE
8
BLACK
6
CONTINUOUS
10
0.9732004330708661
20
2.0532953149606299
11
0.9734251968503936
21
2.0521653543307088
0
LINE
8
BLACK
6
CONTINUOUS
10
0.9734251968503936
20
2.0521653543307088
11
0.9734251968503936
21
1.9970472440944882
0
LINE
8
BLACK
6
CONTINUOUS
10
0.9734251968503936
20
1.9970472440944882
11
0.9732004330708661
21
1.9959172834645669
0
LINE
8
BLACK
6
CONTINUOUS
10
0.9732004330708661
20
1.9959172834645669
11
0.9725603543307086
21
1.9949593307086613
0
LINE
8
BLACK
6
CONTINUOUS
10
0.9725603543307086
20
1.9949593307086613
11
0.9716024015748032
21
1.9943192519685038
0
LINE
8
BLACK
6
CONTINUOUS
10
0.9716024015748032
20
1.9943192519685038
11
0.9704724409448818
21
1.9940944881889764
0
LINE
8
BLACK
6
CONTINUOUS
10
0.9704724409448818
20
1.9940944881889764
11
0.9645669291338582
21
1.9940944881889764
0
LINE
8
BLACK
6
CONTINUOUS
10
0.9645669291338582
20
1.9940944881889764
11
0.963436968503937
21
1.9943192519685038
0
LINE
8
BLACK
6
CONTINUOUS
10
0.963436968503937
20
1.9943192519685038
11
0.9624790157480315
21
1.9949593307086613
0
LINE
8
BLACK
6
CONTINUOUS
10
0.9624790157480315
20
1.9949593307086613
11
0.961838937007874
21
1.9959172834645669
0
LINE
8
BLACK
6
CONTINUOUS
10
0.961838937007874
20
1.9959172834645669
11
0.9616141732283464
21
1.9970472440944882
0
LINE
8
BLACK
6
CONTINUOUS
10
0.9616141732283464
20
1.9970472440944882
11
0.9616141732283464
21
2.0521653543307088
0
LINE
8
BLACK
6
CONTINUOUS
10
0.9616141732283464
20
2.0521653543307088
11
0.961838937007874
21
2.0532953149606299
0
LINE
8
BLACK
6
CONTINUOUS
10
0.961838937007874
20
2.0532953149606299
11
0.9624790157480315
21
2.0542532677165353
0
LINE
8
BLACK
6
CONTINUOUS
10
0.9624790157480315
20
2.0542532677165353
11
0.963436968503937
21
2.054893346456693
0
LINE
8
BLACK
6
CONTINUOUS
10
0.963436968503937
20
2.054893346456693
11
0.9645669291338582
21
2.0551181102362204
0
LINE
8
BLACK
6
CONTINUOUS
10
0.9645669291338582
20
2.0551181102362204
11
0.9704724409448818
21
2.0551181102362204
0
LINE
8
BLACK
6
CONTINUOUS
10
0.9704724409448818
20
2.0551181102362204
11
0.9716024015748032
21
2.054893346456693
0
LINE
8
BLACK
6
CONTINUOUS
10
0.9912874803149606
20
2.054893346456693
11
0.9922454330708661
21
2.0542532677165353
0
LINE
8
BLACK
6
CONTINUOUS
10
0.9922454330708661
20
2.0542532677165353
11
0.9928855118110236
21
2.0532953149606299
0
LINE
8
BLACK
6
CONTINUOUS
10
0.9928855118110236
20
2.0532953149606299
11
0.9931102755905512
21
2.0521653543307088
0
LINE
8
BLACK
6
CONTINUOUS
10
0.9931102755905512
20
2.0521653543307088
11
0.9931102755905512
21
1.9970472440944882
0
LINE
8
BLACK
6
CONTINUOUS
10
0.9931102755905512
20
1.9970472440944882
11
0.9928855118110236
21
1.9959172834645669
0
LINE
8
BLACK
6
CONTINUOUS
10
0.9928855118110236
20
1.9959172834645669
11
0.9922454330708661
21
1.9949593307086613
0
LINE
8
BLACK
6
CONTINUOUS
10
0.9922454330708661
20
1.9949593307086613
11
0.9912874803149606
21
1.9943192519685038
0
LINE
8
BLACK
6
CONTINUOUS
10
0.9912874803149606
20
1.9943192519685038
11
0.9901575196850394
21
1.9940944881889764
0
LINE
8
BLACK
6
CONTINUOUS
10
0.9901575196850394
20
1.9940944881889764
11
0.9842520078740157
21
1.9940944881889764
0
LINE
8
BLACK
6
CONTINUOUS
10
0.9842520078740157
20
1.9940944881889764
11
0.9831220472440945
21
1.9943192519685038
0
LINE
8
BLACK
6
CONTINUOUS
10
0.9831220472440945
20
1.9943192519685038
11
0.982164094488189
21
1.9949593307086613
0
LINE
8
BLACK
6
CONTINUOUS
10
0.982164094488189
20
1.9949593307086613
11
0.9815240157480315
21
1.9959172834645669
0
LINE
8
BLACK
6
CONTINUOUS
10
0.9815240157480315
20
1.9959172834645669
11
0.9812992519685039
21
1.9970472440944882
0
LINE
8
BLACK
6
CONTINUOUS
10
0.9812992519685039
20
1.9970472440944882
11
0.9812992519685039
21
2.0521653543307088
0
LINE
8
BLACK
6
CONTINUOUS
10
0.9812992519685039
20
2.0521653543307088
11
0.9815240157480315
21
2.0532953149606299
0
LINE
8
BLACK
6
CONTINUOUS
10
0.9815240157480315
20
2.0532953149606299
11
0.982164094488189
21
2.0542532677165353
0
LINE
8
BLACK
6
CONTINUOUS
10
0.982164094488189
20
2.0542532677165353
11
0.9831220472440945
21
2.054893346456693
0
LINE
8
BLACK
6
CONTINUOUS
10
0.9831220472440945
20
2.054893346456693
11
0.9842520078740157
21
2.0551181102362204
0
LINE
8
BLACK
6
CONTINUOUS
10
0.9842520078740157
20
2.0551181102362204
11
0.9901575196850394
21
2.0551181102362204
0
LINE
8
BLACK
6
CONTINUOUS
10
0.9901575196850394
20
2.0551181102362204
11
0.9912874803149606
21
2.054893346456693
0
LINE
8
BLACK
6
CONTINUOUS
10
1.0109724803149607
20
2.054893346456693
11
1.0119304330708661
21
2.0542532677165353
0
LINE
8
BLACK
6
CONTINUOUS
10
1.0119304330708661
20
2.0542532677165353
11
1.0125705118110235
21
2.0532953149606299
0
LINE
8
BLACK
6
CONTINUOUS
10
1.0125705118110235
20
2.0532953149606299
11
1.0127952755905512
21
2.0521653543307088
0
LINE
8
BLACK
6
CONTINUOUS
10
1.0127952755905512
20
2.0521653543307088
11
1.0127952755905512
21
1.9970472440944882
0
LINE
8
BLACK
6
CONTINUOUS
10
1.0127952755905512
20
1.9970472440944882
11
1.0125705118110235
21
1.9959172834645669
0
LINE
8
BLACK
6
CONTINUOUS
10
1.0125705118110235
20
1.9959172834645669
11
1.0119304330708661
21
1.9949593307086613
0
LINE
8
BLACK
6
CONTINUOUS
10
1.0119304330708661
20
1.9949593307086613
11
1.0109724803149607
21
1.9943192519685038
0
LINE
8
BLACK
6
CONTINUOUS
10
1.0109724803149607
20
1.9943192519685038
11
1.0098425196850394
21
1.9940944881889764
0
LINE
8
BLACK
6
CONTINUOUS
10
1.0098425196850394
20
1.9940944881889764
11
1.0039370078740157
21
1.9940944881889764
0
LINE
8
BLACK
6
CONTINUOUS
10
1.0039370078740157
20
1.9940944881889764
11
1.0028070472440944
21
1.9943192519685038
0
LINE
8
BLACK
6
CONTINUOUS
10
1.0028070472440944
20
1.9943192519685038
11
1.001849094488189
21
1.9949593307086613
0
LINE
8
BLACK
6
CONTINUOUS
10
1.001849094488189
20
1.9949593307086613
11
1.0012090157480316
21
1.9959172834645669
0
LINE
8
BLACK
6
CONTINUOUS
10
1.0012090157480316
20
1.9959172834645669
11
1.0009842519685039
21
1.9970472440944882
0
LINE
8
BLACK
6
CONTINUOUS
10
1.0009842519685039
20
1.9970472440944882
11
1.0009842519685039
21
2.0521653543307088
0
LINE
8
BLACK
6
CONTINUOUS
10
1.0009842519685039
20
2.0521653543307088
11
1.0012090157480316
21
2.0532953149606299
0
LINE
8
BLACK
6
CONTINUOUS
10
1.0012090157480316
20
2.0532953149606299
11
1.001849094488189
21
2.0542532677165353
0
LINE
8
BLACK
6
CONTINUOUS
10
1.001849094488189
20
2.0542532677165353
11
1.0028070472440944
21
2.054893346456693
0
LINE
8
BLACK
6
CONTINUOUS
10
1.0028070472440944
20
2.054893346456693
11
1.0039370078740157
21
2.0551181102362204
0
LINE
8
BLACK
6
CONTINUOUS
10
1.0039370078740157
20
2.0551181102362204
11
1.0098425196850394
21
2.0551181102362204
0
LINE
8
BLACK
6
CONTINUOUS
10
1.0098425196850394
20
2.0551181102362204
11
1.0109724803149607
21
2.054893346456693
0
LINE
8
BLACK
6
CONTINUOUS
10
1.0306575196850394
20
2.054893346456693
11
1.0316154724409448
21
2.0542532677165353
0
LINE
8
BLACK
6
CONTINUOUS
10
1.0316154724409448
20
2.0542532677165353
11
1.0322555511811022
21
2.0532953149606299
0
LINE
8
BLACK
6
CONTINUOUS
10
1.0322555511811022
20
2.0532953149606299
11
1.0324803149606299
21
2.0521653543307088
0
LINE
8
BLACK
6
CONTINUOUS
10
1.0324803149606299
20
2.0521653543307088
11
1.0324803149606299
21
1.9970472440944882
0
LINE
8
BLACK
6
CONTINUOUS
10
1.0324803149606299
20
1.9970472440944882
11
1.0322555511811022
21
1.9959172834645669
0
LINE
8
BLACK
6
CONTINUOUS
10
1.0322555511811022
20
1.9959172834645669
11
1.0316154724409448
21
1.9949593307086613
0
LINE
8
BLACK
6
CONTINUOUS
10
1.0316154724409448
20
1.9949593307086613
11
1.0306575196850394
21
1.9943192519685038
0
LINE
8
BLACK
6
CONTINUOUS
10
1.0306575196850394
20
1.9943192519685038
11
1.0295275590551181
21
1.9940944881889764
0
LINE
8
BLACK
6
CONTINUOUS
10
1.0295275590551181
20
1.9940944881889764
11
1.0236220472440944
21
1.9940944881889764
0
LINE
8
BLACK
6
CONTINUOUS
10
1.0236220472440944
20
1.9940944881889764
11
1.0224920866141731
21
1.9943192519685038
0
LINE
8
BLACK
6
CONTINUOUS
10
1.0224920866141731
20
1.9943192519685038
11
1.0215341338582677
21
1.9949593307086613
0
LINE
8
BLACK
6
CONTINUOUS
10
1.0215341338582677
20
1.9949593307086613
11
1.0208940551181103
21
1.9959172834645669
0
LINE
8
BLACK
6
CONTINUOUS
10
1.0208940551181103
20
1.9959172834645669
11
1.0206692913385826
21
1.9970472440944882
0
LINE
8
BLACK
6
CONTINUOUS
10
1.0206692913385826
20
1.9970472440944882
11
1.0206692913385826
21
2.0521653543307088
0
LINE
8
BLACK
6
CONTINUOUS
10
1.0206692913385826
20
2.0521653543307088
11
1.0208940551181103
21
2.0532953149606299
0
LINE
8
BLACK
6
CONTINUOUS
10
1.0208940551181103
20
2.0532953149606299
11
1.0215341338582677
21
2.0542532677165353
0
LINE
8
BLACK
6
CONTINUOUS
10
1.0215341338582677
20
2.0542532677165353
11
1.0224920866141731
21
2.054893346456693
0
LINE
8
BLACK
6
CONTINUOUS
10
1.0224920866141731
20
2.054893346456693
11
1.0236220472440944
21
2.0551181102362204
0
LINE
8
BLACK
6
CONTINUOUS
10
1.0236220472440944
20
2.0551181102362204
11
1.0295275590551181
21
2.0551181102362204
0
LINE
8
BLACK
6
CONTINUOUS
10
1.0295275590551181
20
2.0551181102362204
11
1.0306575196850394
21
2.054893346456693
0
LINE
8
BLACK
6
CONTINUOUS
10
1.0503425590551181
20
2.054893346456693
11
1.0513005118110237
21
2.0542532677165353
0
LINE
8
BLACK
6
CONTINUOUS
10
1.0513005118110237
20
2.0542532677165353
11
1.0519405905511812
21
2.0532953149606299
0
LINE
8
BLACK
6
CONTINUOUS
10
1.0519405905511812
20
2.0532953149606299
11
1.0521653543307086
21
2.0521653543307088
0
LINE
8
BLACK
6
CONTINUOUS
10
1.0521653543307086
20
2.0521653543307088
11
1.0521653543307086
21
1.9970472440944882
0
LINE
8
BLACK
6
CONTINUOUS
10
1.0521653543307086
20
1.9970472440944882
11
1.0519405905511812
21
1.9959172834645669
0
LINE
8
BLACK
6
CONTINUOUS
10
1.0519405905511812
20
1.9959172834645669
11
1.0513005118110237
21
1.9949593307086613
0
LINE
8
BLACK
6
CONTINUOUS
10
1.0513005118110237
20
1.9949593307086613
11
1.0503425590551181
21
1.9943192519685038
0
LINE
8
BLACK
6
CONTINUOUS
10
1.0503425590551181
20
1.9943192519685038
11
1.0492125984251968
21
1.9940944881889764
0
LINE
8
BLACK
6
CONTINUOUS
10
1.0492125984251968
20
1.9940944881889764
11
1.0433070866141732
21
1.9940944881889764
0
LINE
8
BLACK
6
CONTINUOUS
10
1.0433070866141732
20
1.9940944881889764
11
1.0421771259842521
21
1.9943192519685038
0
LINE
8
BLACK
6
CONTINUOUS
10
1.0421771259842521
20
1.9943192519685038
11
1.0412191732283465
21
1.9949593307086613
0
LINE
8
BLACK
6
CONTINUOUS
10
1.0412191732283465
20
1.9949593307086613
11
1.040579094488189
21
1.9959172834645669
0
LINE
8
BLACK
6
CONTINUOUS
10
1.040579094488189
20
1.9959172834645669
11
1.0403543307086613
21
1.9970472440944882
0
LINE
8
BLACK
6
CONTINUOUS
10
1.0403543307086613
20
1.9970472440944882
11
1.0403543307086613
21
2.0521653543307088
0
LINE
8
BLACK
6
CONTINUOUS
10
1.0403543307086613
20
2.0521653543307088
11
1.040579094488189
21
2.0532953149606299
0
LINE
8
BLACK
6
CONTINUOUS
10
1.040579094488189
20
2.0532953149606299
11
1.0412191732283465
21
2.0542532677165353
0
LINE
8
BLACK
6
CONTINUOUS
10
1.0412191732283465
20
2.0542532677165353
11
1.0421771259842521
21
2.054893346456693
0
LINE
8
BLACK
6
CONTINUOUS
10
1.0421771259842521
20
2.054893346456693
11
1.0433070866141732
21
2.0551181102362204
0
LINE
8
BLACK
6
CONTINUOUS
10
1.0433070866141732
20
2.0551181102362204
11
1.0492125984251968
21
2.0551181102362204
0
LINE
8
BLACK
6
CONTINUOUS
10
1.0492125984251968
20
2.0551181102362204
11
1.0503425590551181
21
2.054893346456693
0
LINE
8
BLACK
6
CONTINUOUS
10
1.0700275984251968
20
2.054893346456693
11
1.0709855511811024
21
2.0542532677165353
0
LINE
8
BLACK
6
CONTINUOUS
10
1.0709855511811024
20
2.0542532677165353
11
1.0716256299212599
21
2.0532953149606299
0
LINE
8
BLACK
6
CONTINUOUS
10
1.0716256299212599
20
2.0532953149606299
11
1.0718503937007873
21
2.0521653543307088
0
LINE
8
BLACK
6
CONTINUOUS
10
1.0718503937007873
20
2.0521653543307088
11
1.0718503937007873
21
1.9970472440944882
0
LINE
8
BLACK
6
CONTINUOUS
10
1.0718503937007873
20
1.9970472440944882
11
1.0716256299212599
21
1.9959172834645669
0
LINE
8
BLACK
6
CONTINUOUS
10
1.0716256299212599
20
1.9959172834645669
11
1.0709855511811024
21
1.9949593307086613
0
LINE
8
BLACK
6
CONTINUOUS
10
1.0709855511811024
20
1.9949593307086613
11
1.0700275984251968
21
1.9943192519685038
0
LINE
8
BLACK
6
CONTINUOUS
10
1.0700275984251968
20
1.9943192519685038
11
1.0688976377952755
21
1.9940944881889764
0
LINE
8
BLACK
6
CONTINUOUS
10
1.0688976377952755
20
1.9940944881889764
11
1.0629921259842519
21
1.9940944881889764
0
LINE
8
BLACK
6
CONTINUOUS
10
1.0629921259842519
20
1.9940944881889764
11
1.0618621653543308
21
1.9943192519685038
0
LINE
8
BLACK
6
CONTINUOUS
10
1.0618621653543308
20
1.9943192519685038
11
1.0609042125984252
21
1.9949593307086613
0
LINE
8
BLACK
6
CONTINUOUS
10
1.0609042125984252
20
1.9949593307086613
11
1.0602641338582677
21
1.9959172834645669
0
LINE
8
BLACK
6
CONTINUOUS
10
1.0602641338582677
20
1.9959172834645669
11
1.0600393700787401
21
1.9970472440944882
0
LINE
8
BLACK
6
CONTINUOUS
10
1.0600393700787401
20
1.9970472440944882
11
1.0600393700787401
21
2.0521653543307088
0
LINE
8
BLACK
6
CONTINUOUS
10
1.0600393700787401
20
2.0521653543307088
11
1.0602641338582677
21
2.0532953149606299
0
LINE
8
BLACK
6
CONTINUOUS
10
1.0602641338582677
20
2.0532953149606299
11
1.0609042125984252
21
2.0542532677165353
0
LINE
8
BLACK
6
CONTINUOUS
10
1.0609042125984252
20
2.0542532677165353
11
1.0618621653543308
21
2.054893346456693
0
LINE
8
BLACK
6
CONTINUOUS
10
1.0618621653543308
20
2.054893346456693
11
1.0629921259842519
21
2.0551181102362204
0
LINE
8
BLACK
6
CONTINUOUS
10
1.0629921259842519
20
2.0551181102362204
11
1.0688976377952755
21
2.0551181102362204
0
LINE
8
BLACK
6
CONTINUOUS
10
1.0688976377952755
20
2.0551181102362204
11
1.0700275984251968
21
2.054893346456693
0
LINE
8
BLACK
6
CONTINUOUS
10
1.0897125984251967
20
2.054893346456693
11
1.0906705511811023
21
2.0542532677165353
0
LINE
8
BLACK
6
CONTINUOUS
10
1.0906705511811023
20
2.0542532677165353
11
1.0913106299212598
21
2.0532953149606299
0
LINE
8
BLACK
6
CONTINUOUS
10
1.0913106299212598
20
2.0532953149606299
11
1.0915353937007874
21
2.0521653543307088
0
LINE
8
BLACK
6
CONTINUOUS
10
1.0915353937007874
20
2.0521653543307088
11
1.0915353937007874
21
1.9970472440944882
0
LINE
8
BLACK
6
CONTINUOUS
10
1.0915353937007874
20
1.9970472440944882
11
1.0913106299212598
21
1.9959172834645669
0
LINE
8
BLACK
6
CONTINUOUS
10
1.0913106299212598
20
1.9959172834645669
11
1.0906705511811023
21
1.9949593307086613
0
LINE
8
BLACK
6
CONTINUOUS
10
1.0906705511811023
20
1.9949593307086613
11
1.0897125984251967
21
1.9943192519685038
0
LINE
8
BLACK
6
CONTINUOUS
10
1.0897125984251967
20
1.9943192519685038
11
1.0885826377952756
21
1.9940944881889764
0
LINE
8
BLACK
6
CONTINUOUS
10
1.0885826377952756
20
1.9940944881889764
11
1.082677125984252
21
1.9940944881889764
0
LINE
8
BLACK
6
CONTINUOUS
10
1.082677125984252
20
1.9940944881889764
11
1.0815471653543307
21
1.9943192519685038
0
LINE
8
BLACK
6
CONTINUOUS
10
1.0815471653543307
20
1.9943192519685038
11
1.0805892125984251
21
1.9949593307086613
0
LINE
8
BLACK
6
CONTINUOUS
10
1.0805892125984251
20
1.9949593307086613
11
1.0799491338582676
21
1.9959172834645669
0
LINE
8
BLACK
6
CONTINUOUS
10
1.0799491338582676
20
1.9959172834645669
11
1.0797243700787402
21
1.9970472440944882
0
LINE
8
BLACK
6
CONTINUOUS
10
1.0797243700787402
20
1.9970472440944882
11
1.0797243700787402
21
2.0521653543307088
0
LINE
8
BLACK
6
CONTINUOUS
10
1.0797243700787402
20
2.0521653543307088
11
1.0799491338582676
21
2.0532953149606299
0
LINE
8
BLACK
6
CONTINUOUS
10
1.0799491338582676
20
2.0532953149606299
11
1.0805892125984251
21
2.0542532677165353
0
LINE
8
BLACK
6
CONTINUOUS
10
1.0805892125984251
20
2.0542532677165353
11
1.0815471653543307
21
2.054893346456693
0
LINE
8
BLACK
6
CONTINUOUS
10
1.0815471653543307
20
2.054893346456693
11
1.082677125984252
21
2.0551181102362204
0
LINE
8
BLACK
6
CONTINUOUS
10
1.082677125984252
20
2.0551181102362204
11
1.0885826377952756
21
2.0551181102362204
0
LINE
8
BLACK
6
CONTINUOUS
10
1.0885826377952756
20
2.0551181102362204
11
1.0897125984251967
21
2.054893346456693
0
LINE
8
BLACK
6
CONTINUOUS
10
1.1093976771653542
20
2.054893346456693
11
1.1103556299212598
21
2.0542532677165353
0
LINE
8
BLACK
6
CONTINUOUS
10
1.1103556299212598
20
2.0542532677165353
11
1.1109957086614173
21
2.0532953149606299
0
LINE
8
BLACK
6
CONTINUOUS
10
1.1109957086614173
20
2.0532953149606299
11
1.1112204724409449
21
2.0521653543307088
0
LINE
8
BLACK
6
CONTINUOUS
10
1.1112204724409449
20
2.0521653543307088
11
1.1112204724409449
21
1.9970472440944882
0
LINE
8
BLACK
6
CONTINUOUS
10
1.1112204724409449
20
1.9970472440944882
11
1.1109957086614173
21
1.9959172834645669
0
LINE
8
BLACK
6
CONTINUOUS
10
1.1109957086614173
20
1.9959172834645669
11
1.1103556299212598
21
1.9949593307086613
0
LINE
8
BLACK
6
CONTINUOUS
10
1.1103556299212598
20
1.9949593307086613
11
1.1093976771653542
21
1.9943192519685038
0
LINE
8
BLACK
6
CONTINUOUS
10
1.1093976771653542
20
1.9943192519685038
11
1.1082677165354331
21
1.9940944881889764
0
LINE
8
BLACK
6
CONTINUOUS
10
1.1082677165354331
20
1.9940944881889764
11
1.1023622047244095
21
1.9940944881889764
0
LINE
8
BLACK
6
CONTINUOUS
10
1.1023622047244095
20
1.9940944881889764
11
1.1012322440944882
21
1.9943192519685038
0
LINE
8
BLACK
6
CONTINUOUS
10
1.1012322440944882
20
1.9943192519685038
11
1.1002742913385826
21
1.9949593307086613
0
LINE
8
BLACK
6
CONTINUOUS
10
1.1002742913385826
20
1.9949593307086613
11
1.0996342125984251
21
1.9959172834645669
0
LINE
8
BLACK
6
CONTINUOUS
10
1.0996342125984251
20
1.9959172834645669
11
1.0994094488188977
21
1.9970472440944882
0
LINE
8
BLACK
6
CONTINUOUS
10
1.0994094488188977
20
1.9970472440944882
11
1.0994094488188977
21
2.0521653543307088
0
LINE
8
BLACK
6
CONTINUOUS
10
1.0994094488188977
20
2.0521653543307088
11
1.0996342125984251
21
2.0532953149606299
0
LINE
8
BLACK
6
CONTINUOUS
10
1.0996342125984251
20
2.0532953149606299
11
1.1002742913385826
21
2.0542532677165353
0
LINE
8
BLACK
6
CONTINUOUS
10
1.1002742913385826
20
2.0542532677165353
11
1.1012322440944882
21
2.054893346456693
0
LINE
8
BLACK
6
CONTINUOUS
10
1.1012322440944882
20
2.054893346456693
11
1.1023622047244095
21
2.0551181102362204
0
LINE
8
BLACK
6
CONTINUOUS
10
1.1023622047244095
20
2.0551181102362204
11
1.1082677165354331
21
2.0551181102362204
0
LINE
8
BLACK
6
CONTINUOUS
10
1.1082677165354331
20
2.0551181102362204
11
1.1093976771653542
21
2.054893346456693
0
LINE
8
BLACK
6
CONTINUOUS
10
1.1290827165354331
20
2.054893346456693
11
1.1300406692913385
21
2.0542532677165353
0
LINE
8
BLACK
6
CONTINUOUS
10
1.1300406692913385
20
2.0542532677165353
11
1.130680748031496
21
2.0532953149606299
0
LINE
8
BLACK
6
CONTINUOUS
10
1.130680748031496
20
2.0532953149606299
11
1.1309055118110236
21
2.0521653543307088
0
LINE
8
BLACK
6
CONTINUOUS
10
1.1309055118110236
20
2.0521653543307088
11
1.1309055118110236
21
1.9970472440944882
0
LINE
8
BLACK
6
CONTINUOUS
10
1.1309055118110236
20
1.9970472440944882
11
1.130680748031496
21
1.9959172834645669
0
LINE
8
BLACK
6
CONTINUOUS
10
1.130680748031496
20
1.9959172834645669
11
1.1300406692913385
21
1.9949593307086613
0
LINE
8
BLACK
6
CONTINUOUS
10
1.1300406692913385
20
1.9949593307086613
11
1.1290827165354331
21
1.9943192519685038
0
LINE
8
BLACK
6
CONTINUOUS
10
1.1290827165354331
20
1.9943192519685038
11
1.1279527559055118
21
1.9940944881889764
0
LINE
8
BLACK
6
CONTINUOUS
10
1.1279527559055118
20
1.9940944881889764
11
1.1220472440944882
21
1.9940944881889764
0
LINE
8
BLACK
6
CONTINUOUS
10
1.1220472440944882
20
1.9940944881889764
11
1.1209172834645669
21
1.9943192519685038
0
LINE
8
BLACK
6
CONTINUOUS
10
1.1209172834645669
20
1.9943192519685038
11
1.1199593307086615
21
1.9949593307086613
0
LINE
8
BLACK
6
CONTINUOUS
10
1.1199593307086615
20
1.9949593307086613
11
1.119319251968504
21
1.9959172834645669
0
LINE
8
BLACK
6
CONTINUOUS
10
1.119319251968504
20
1.9959172834645669
11
1.1190944881889764
21
1.9970472440944882
0
LINE
8
BLACK
6
CONTINUOUS
10
1.1190944881889764
20
1.9970472440944882
11
1.1190944881889764
21
2.0521653543307088
0
LINE
8
BLACK
6
CONTINUOUS
10
1.1190944881889764
20
2.0521653543307088
11
1.119319251968504
21
2.0532953149606299
0
LINE
8
BLACK
6
CONTINUOUS
10
1.119319251968504
20
2.0532953149606299
11
1.1199593307086615
21
2.0542532677165353
0
LINE
8
BLACK
6
CONTINUOUS
10
1.1199593307086615
20
2.0542532677165353
11
1.1209172834645669
21
2.054893346456693
0
LINE
8
BLACK
6
CONTINUOUS
10
1.1209172834645669
20
2.054893346456693
11
1.1220472440944882
21
2.0551181102362204
0
LINE
8
BLACK
6
CONTINUOUS
10
1.1220472440944882
20
2.0551181102362204
11
1.1279527559055118
21
2.0551181102362204
0
LINE
8
BLACK
6
CONTINUOUS
10
1.1279527559055118
20
2.0551181102362204
11
1.1290827165354331
21
2.054893346456693
0
LINE
8
BLACK
6
CONTINUOUS
10
1.1487677559055118
20
2.054893346456693
11
1.1497257086614172
21
2.0542532677165353
0
LINE
8
BLACK
6
CONTINUOUS
10
1.1497257086614172
20
2.0542532677165353
11
1.1503657874015747
21
2.0532953149606299
0
LINE
8
BLACK
6
CONTINUOUS
10
1.1503657874015747
20
2.0532953149606299
11
1.1505905511811023
21
2.0521653543307088
0
LINE
8
BLACK
6
CONTINUOUS
10
1.1505905511811023
20
2.0521653543307088
11
1.1505905511811023
21
1.9970472440944882
0
LINE
8
BLACK
6
CONTINUOUS
10
1.1505905511811023
20
1.9970472440944882
11
1.1503657874015747
21
1.9959172834645669
0
LINE
8
BLACK
6
CONTINUOUS
10
1.1503657874015747
20
1.9959172834645669
11
1.1497257086614172
21
1.9949593307086613
0
LINE
8
BLACK
6
CONTINUOUS
10
1.1497257086614172
20
1.9949593307086613
11
1.1487677559055118
21
1.9943192519685038
0
LINE
8
BLACK
6
CONTINUOUS
10
1.1487677559055118
20
1.9943192519685038
11
1.1476377952755905
21
1.9940944881889764
0
LINE
8
BLACK
6
CONTINUOUS
10
1.1476377952755905
20
1.9940944881889764
11
1.1417322834645669
21
1.9940944881889764
0
LINE
8
BLACK
6
CONTINUOUS
10
1.1417322834645669
20
1.9940944881889764
11
1.1406023228346456
21
1.9943192519685038
0
LINE
8
BLACK
6
CONTINUOUS
10
1.1406023228346456
20
1.9943192519685038
11
1.1396443700787402
21
1.9949593307086613
0
LINE
8
BLACK
6
CONTINUOUS
10
1.1396443700787402
20
1.9949593307086613
11
1.1390042913385827
21
1.9959172834645669
0
LINE
8
BLACK
6
CONTINUOUS
10
1.1390042913385827
20
1.9959172834645669
11
1.1387795275590551
21
1.9970472440944882
0
LINE
8
BLACK
6
CONTINUOUS
10
1.1387795275590551
20
1.9970472440944882
11
1.1387795275590551
21
2.0521653543307088
0
LINE
8
BLACK
6
CONTINUOUS
10
1.1387795275590551
20
2.0521653543307088
11
1.1390042913385827
21
2.0532953149606299
0
LINE
8
BLACK
6
CONTINUOUS
10
1.1390042913385827
20
2.0532953149606299
11
1.1396443700787402
21
2.0542532677165353
0
LINE
8
BLACK
6
CONTINUOUS
10
1.1396443700787402
20
2.0542532677165353
11
1.1406023228346456
21
2.054893346456693
0
LINE
8
BLACK
6
CONTINUOUS
10
1.1406023228346456
20
2.054893346456693
11
1.1417322834645669
21
2.0551181102362204
0
LINE
8
BLACK
6
CONTINUOUS
10
1.1417322834645669
20
2.0551181102362204
11
1.1476377952755905
21
2.0551181102362204
0
LINE
8
BLACK
6
CONTINUOUS
10
1.1476377952755905
20
2.0551181102362204
11
1.1487677559055118
21
2.054893346456693
0
LINE
8
BLACK
6
CONTINUOUS
10
1.1684527952755905
20
2.054893346456693
11
1.1694107480314961
21
2.0542532677165353
0
LINE
8
BLACK
6
CONTINUOUS
10
1.1694107480314961
20
2.0542532677165353
11
1.1700508267716536
21
2.0532953149606299
0
LINE
8
BLACK
6
CONTINUOUS
10
1.1700508267716536
20
2.0532953149606299
11
1.170275590551181
21
2.0521653543307088
0
LINE
8
BLACK
6
CONTINUOUS
10
1.170275590551181
20
2.0521653543307088
11
1.170275590551181
21
1.9970472440944882
0
LINE
8
BLACK
6
CONTINUOUS
10
1.170275590551181
20
1.9970472440944882
11
1.1700508267716536
21
1.9959172834645669
0
LINE
8
BLACK
6
CONTINUOUS
10
1.1700508267716536
20
1.9959172834645669
11
1.1694107480314961
21
1.9949593307086613
0
LINE
8
BLACK
6
CONTINUOUS
10
1.1694107480314961
20
1.9949593307086613
11
1.1684527952755905
21
1.9943192519685038
0
LINE
8
BLACK
6
CONTINUOUS
10
1.1684527952755905
20
1.9943192519685038
11
1.1673228346456692
21
1.9940944881889764
0
LINE
8
BLACK
6
CONTINUOUS
10
1.1673228346456692
20
1.9940944881889764
11
1.1614173228346456
21
1.9940944881889764
0
LINE
8
BLACK
6
CONTINUOUS
10
1.1614173228346456
20
1.9940944881889764
11
1.1602873622047243
21
1.9943192519685038
0
LINE
8
BLACK
6
CONTINUOUS
10
1.1602873622047243
20
1.9943192519685038
11
1.1593294094488189
21
1.9949593307086613
0
LINE
8
BLACK
6
CONTINUOUS
10
1.1593294094488189
20
1.9949593307086613
11
1.1586893307086614
21
1.9959172834645669
0
LINE
8
BLACK
6
CONTINUOUS
10
1.1586893307086614
20
1.9959172834645669
11
1.1584645669291338
21
1.9970472440944882
0
LINE
8
BLACK
6
CONTINUOUS
10
1.1584645669291338
20
1.9970472440944882
11
1.1584645669291338
21
2.0521653543307088
0
LINE
8
BLACK
6
CONTINUOUS
10
1.1584645669291338
20
2.0521653543307088
11
1.1586893307086614
21
2.0532953149606299
0
LINE
8
BLACK
6
CONTINUOUS
10
1.1586893307086614
20
2.0532953149606299
11
1.1593294094488189
21
2.0542532677165353
0
LINE
8
BLACK
6
CONTINUOUS
10
1.1593294094488189
20
2.0542532677165353
11
1.1602873622047243
21
2.054893346456693
0
LINE
8
BLACK
6
CONTINUOUS
10
1.1602873622047243
20
2.054893346456693
11
1.1614173228346456
21
2.0551181102362204
0
LINE
8
BLACK
6
CONTINUOUS
10
1.1614173228346456
20
2.0551181102362204
11
1.1673228346456692
21
2.0551181102362204
0
LINE
8
BLACK
6
CONTINUOUS
10
1.1673228346456692
20
2.0551181102362204
11
1.1684527952755905
21
2.054893346456693
0
LINE
8
BLACK
6
CONTINUOUS
10
1.1881377952755905
20
2.054893346456693
11
1.1890957480314961
21
2.0542532677165353
0
LINE
8
BLACK
6
CONTINUOUS
10
1.1890957480314961
20
2.0542532677165353
11
1.1897358267716536
21
2.0532953149606299
0
LINE
8
BLACK
6
CONTINUOUS
10
1.1897358267716536
20
2.0532953149606299
11
1.189960590551181
21
2.0521653543307088
0
LINE
8
BLACK
6
CONTINUOUS
10
1.189960590551181
20
2.0521653543307088
11
1.189960590551181
21
1.9970472440944882
0
LINE
8
BLACK
6
CONTINUOUS
10
1.189960590551181
20
1.9970472440944882
11
1.1897358267716536
21
1.9959172834645669
0
LINE
8
BLACK
6
CONTINUOUS
10
1.1897358267716536
20
1.9959172834645669
11
1.1890957480314961
21
1.9949593307086613
0
LINE
8
BLACK
6
CONTINUOUS
10
1.1890957480314961
20
1.9949593307086613
11
1.1881377952755905
21
1.9943192519685038
0
LINE
8
BLACK
6
CONTINUOUS
10
1.1881377952755905
20
1.9943192519685038
11
1.1870078346456692
21
1.9940944881889764
0
LINE
8
BLACK
6
CONTINUOUS
10
1.1870078346456692
20
1.9940944881889764
11
1.1811023228346456
21
1.9940944881889764
0
LINE
8
BLACK
6
CONTINUOUS
10
1.1811023228346456
20
1.9940944881889764
11
1.1799723622047245
21
1.9943192519685038
0
LINE
8
BLACK
6
CONTINUOUS
10
1.1799723622047245
20
1.9943192519685038
11
1.1790144094488189
21
1.9949593307086613
0
LINE
8
BLACK
6
CONTINUOUS
10
1.1790144094488189
20
1.9949593307086613
11
1.1783743307086614
21
1.9959172834645669
0
LINE
8
BLACK
6
CONTINUOUS
10
1.1783743307086614
20
1.9959172834645669
11
1.1781495669291338
21
1.9970472440944882
0
LINE
8
BLACK
6
CONTINUOUS
10
1.1781495669291338
20
1.9970472440944882
11
1.1781495669291338
21
2.0521653543307088
0
LINE
8
BLACK
6
CONTINUOUS
10
1.1781495669291338
20
2.0521653543307088
11
1.1783743307086614
21
2.0532953149606299
0
LINE
8
BLACK
6
CONTINUOUS
10
1.1783743307086614
20
2.0532953149606299
11
1.1790144094488189
21
2.0542532677165353
0
LINE
8
BLACK
6
CONTINUOUS
10
1.1790144094488189
20
2.0542532677165353
11
1.1799723622047245
21
2.054893346456693
0
LINE
8
BLACK
6
CONTINUOUS
10
1.1799723622047245
20
2.054893346456693
11
1.1811023228346456
21
2.0551181102362204
0
LINE
8
BLACK
6
CONTINUOUS
10
1.1811023228346456
20
2.0551181102362204
11
1.1870078346456692
21
2.0551181102362204
0
LINE
8
BLACK
6
CONTINUOUS
10
1.1870078346456692
20
2.0551181102362204
11
1.1881377952755905
21
2.054893346456693
0
LINE
8
BLACK
6
CONTINUOUS
10
0.7062075196850394
20
2.0627940944881891
11
0.7094006692913386
21
2.0606605118110237
0
LINE
8
BLACK
6
CONTINUOUS
10
0.7094006692913386
20
2.0606605118110237
11
0.711534251968504
21
2.0574673622047244
0
LINE
8
BLACK
6
CONTINUOUS
10
0.711534251968504
20
2.0574673622047244
11
0.7122834645669291
21
2.0537007874015747
0
LINE
8
BLACK
6
CONTINUOUS
10
0.7122834645669291
20
2.0537007874015747
11
0.7122834645669291
21
2.0162992125984252
0
LINE
8
BLACK
6
CONTINUOUS
10
0.7122834645669291
20
2.0162992125984252
11
0.711534251968504
21
2.0125326377952755
0
LINE
8
BLACK
6
CONTINUOUS
10
0.711534251968504
20
2.0125326377952755
11
0.7094006692913386
21
2.0093394881889761
0
LINE
8
BLACK
6
CONTINUOUS
10
0.7094006692913386
20
2.0093394881889761
11
0.7062075196850394
21
2.0072059055118108
0
LINE
8
BLACK
6
CONTINUOUS
10
0.7062075196850394
20
2.0072059055118108
11
0.7024409448818898
21
2.0064566929133858
0
LINE
8
BLACK
6
CONTINUOUS
10
0.7024409448818898
20
2.0064566929133858
11
0.6758661417322834
21
2.0064566929133858
0
LINE
8
BLACK
6
CONTINUOUS
10
0.6758661417322834
20
2.0064566929133858
11
0.6720995669291339
21
2.0072059055118108
0
LINE
8
BLACK
6
CONTINUOUS
10
0.6720995669291339
20
2.0072059055118108
11
0.6689064173228346
21
2.0093394881889761
0
LINE
8
BLACK
6
CONTINUOUS
10
0.6689064173228346
20
2.0093394881889761
11
0.6667728346456693
21
2.0125326377952755
0
LINE
8
BLACK
6
CONTINUOUS
10
0.6667728346456693
20
2.0125326377952755
11
0.6660236220472441
21
2.0162992125984252
0
LINE
8
BLACK
6
CONTINUOUS
10
0.6660236220472441
20
2.0162992125984252
11
0.6660236220472441
21
2.0537007874015747
0
LINE
8
BLACK
6
CONTINUOUS
10
0.6660236220472441
20
2.0537007874015747
11
0.6667728346456693
21
2.0574673622047244
0
LINE
8
BLACK
6
CONTINUOUS
10
0.6667728346456693
20
2.0574673622047244
11
0.6689064173228346
21
2.0606605118110237
0
LINE
8
BLACK
6
CONTINUOUS
10
0.6689064173228346
20
2.0606605118110237
11
0.6720995669291339
21
2.0627940944881891
0
LINE
8
BLACK
6
CONTINUOUS
10
0.6720995669291339
20
2.0627940944881891
11
0.6758661417322834
21
2.063543307086614
0
LINE
8
BLACK
6
CONTINUOUS
10
0.6758661417322834
20
2.063543307086614
11
0.7024409448818898
21
2.063543307086614
0
LINE
8
BLACK
6
CONTINUOUS
10
0.7024409448818898
20
2.063543307086614
11
0.7062075196850394
21
2.0627940944881891
0
LINE
8
BLACK
6
CONTINUOUS
10
0.7879004330708661
20
2.0627940944881891
11
0.7910935826771653
21
2.0606605118110237
0
LINE
8
BLACK
6
CONTINUOUS
10
0.7910935826771653
20
2.0606605118110237
11
0.7932271653543307
21
2.0574673622047244
0
LINE
8
BLACK
6
CONTINUOUS
10
0.7932271653543307
20
2.0574673622047244
11
0.7939763779527559
21
2.0537007874015747
0
LINE
8
BLACK
6
CONTINUOUS
10
0.7939763779527559
20
2.0537007874015747
11
0.7939763779527559
21
2.0162992125984252
0
LINE
8
BLACK
6
CONTINUOUS
10
0.7939763779527559
20
2.0162992125984252
11
0.7932271653543307
21
2.0125326377952755
0
LINE
8
BLACK
6
CONTINUOUS
10
0.7932271653543307
20
2.0125326377952755
11
0.7910935826771653
21
2.0093394881889761
0
LINE
8
BLACK
6
CONTINUOUS
10
0.7910935826771653
20
2.0093394881889761
11
0.7879004330708661
21
2.0072059055118108
0
LINE
8
BLACK
6
CONTINUOUS
10
0.7879004330708661
20
2.0072059055118108
11
0.7841338582677165
21
2.0064566929133858
0
LINE
8
BLACK
6
CONTINUOUS
10
0.7841338582677165
20
2.0064566929133858
11
0.7575590551181102
21
2.0064566929133858
0
LINE
8
BLACK
6
CONTINUOUS
10
0.7575590551181102
20
2.0064566929133858
11
0.7537924803149606
21
2.0072059055118108
0
LINE
8
BLACK
6
CONTINUOUS
10
0.7537924803149606
20
2.0072059055118108
11
0.7505993307086614
21
2.0093394881889761
0
LINE
8
BLACK
6
CONTINUOUS
10
0.7505993307086614
20
2.0093394881889761
11
0.748465748031496
21
2.0125326377952755
0
LINE
8
BLACK
6
CONTINUOUS
10
0.748465748031496
20
2.0125326377952755
11
0.7477165354330708
21
2.0162992125984252
0
LINE
8
BLACK
6
CONTINUOUS
10
0.7477165354330708
20
2.0162992125984252
11
0.7477165354330708
21
2.0537007874015747
0
LINE
8
BLACK
6
CONTINUOUS
10
0.7477165354330708
20
2.0537007874015747
11
0.748465748031496
21
2.0574673622047244
0
LINE
8
BLACK
6
CONTINUOUS
10
0.748465748031496
20
2.0574673622047244
11
0.7505993307086614
21
2.0606605118110237
0
LINE
8
BLACK
6
CONTINUOUS
10
0.7505993307086614
20
2.0606605118110237
11
0.7537924803149606
21
2.0627940944881891
0
LINE
8
BLACK
6
CONTINUOUS
10
0.7537924803149606
20
2.0627940944881891
11
0.7575590551181102
21
2.063543307086614
0
LINE
8
BLACK
6
CONTINUOUS
10
0.7575590551181102
20
2.063543307086614
11
0.7841338582677165
21
2.063543307086614
0
LINE
8
BLACK
6
CONTINUOUS
10
0.7841338582677165
20
2.063543307086614
11
0.7879004330708661
21
2.0627940944881891
0
LINE
8
BLACK
6
CONTINUOUS
10
1.2974673622047244
20
2.0973807086614173
11
1.3006605118110235
21
2.095247125984252
0
LINE
8
BLACK
6
CONTINUOUS
10
1.3006605118110235
20
2.095247125984252
11
1.3027940944881888
21
2.0920539763779527
0
LINE
8
BLACK
6
CONTINUOUS
10
1.3027940944881888
20
2.0920539763779527
11
1.303543307086614
21
2.088287401574803
0
LINE
8
BLACK
6
CONTINUOUS
10
1.303543307086614
20
2.088287401574803
11
1.303543307086614
21
2.0617125984251969
0
LINE
8
BLACK
6
CONTINUOUS
10
1.303543307086614
20
2.0617125984251969
11
1.3027940944881888
21
2.0579460236220473
0
LINE
8
BLACK
6
CONTINUOUS
10
1.3027940944881888
20
2.0579460236220473
11
1.3006605118110235
21
2.0547528740157479
0
LINE
8
BLACK
6
CONTINUOUS
10
1.3006605118110235
20
2.0547528740157479
11
1.2974673622047244
21
2.0526192913385826
0
LINE
8
BLACK
6
CONTINUOUS
10
1.2974673622047244
20
2.0526192913385826
11
1.2937007874015747
21
2.0518700787401576
0
LINE
8
BLACK
6
CONTINUOUS
10
1.2937007874015747
20
2.0518700787401576
11
1.2562992125984251
21
2.0518700787401576
0
LINE
8
BLACK
6
CONTINUOUS
10
1.2562992125984251
20
2.0518700787401576
11
1.2525326377952755
21
2.0526192913385826
0
LINE
8
BLACK
6
CONTINUOUS
10
1.2525326377952755
20
2.0526192913385826
11
1.2493394881889763
21
2.0547528740157479
0
LINE
8
BLACK
6
CONTINUOUS
10
1.2493394881889763
20
2.0547528740157479
11
1.247205905511811
21
2.0579460236220473
0
LINE
8
BLACK
6
CONTINUOUS
10
1.247205905511811
20
2.0579460236220473
11
1.2464566929133858
21
2.0617125984251969
0
LINE
8
BLACK
6
CONTINUOUS
10
1.2464566929133858
20
2.0617125984251969
11
1.2464566929133858
21
2.088287401574803
0
LINE
8
BLACK
6
CONTINUOUS
10
1.2464566929133858
20
2.088287401574803
11
1.247205905511811
21
2.0920539763779527
0
LINE
8
BLACK
6
CONTINUOUS
10
1.247205905511811
20
2.0920539763779527
11
1.2493394881889763
21
2.095247125984252
0
LINE
8
BLACK
6
CONTINUOUS
10
1.2493394881889763
20
2.095247125984252
11
1.2525326377952755
21
2.0973807086614173
0
LINE
8
BLACK
6
CONTINUOUS
10
1.2525326377952755
20
2.0973807086614173
11
1.2562992125984251
21
2.0981299212598423
0
LINE
8
BLACK
6
CONTINUOUS
10
1.2562992125984251
20
2.0981299212598423
11
1.2937007874015747
21
2.0981299212598423
0
LINE
8
BLACK
6
CONTINUOUS
10
1.2937007874015747
20
2.0981299212598423
11
1.2974673622047244
21
2.0973807086614173
0
LINE
8
BLACK
6
CONTINUOUS
10
1.2974673622047244
20
2.1790736220472442
11
1.3006605118110235
21
2.1769400393700788
0
LINE
8
BLACK
6
CONTINUOUS
10
1.3006605118110235
20
2.1769400393700788
11
1.3027940944881888
21
2.1737468897637795
0
LINE
8
BLACK
6
CONTINUOUS
10
1.3027940944881888
20
2.1737468897637795
11
1.303543307086614
21
2.1699803149606298
0
LINE
8
BLACK
6
CONTINUOUS
10
1.303543307086614
20
2.1699803149606298
11
1.303543307086614
21
2.1434055118110238
0
LINE
8
BLACK
6
CONTINUOUS
10
1.303543307086614
20
2.1434055118110238
11
1.3027940944881888
21
2.1396389370078741
0
LINE
8
BLACK
6
CONTINUOUS
10
1.3027940944881888
20
2.1396389370078741
11
1.3006605118110235
21
2.1364457874015748
0
LINE
8
BLACK
6
CONTINUOUS
10
1.3006605118110235
20
2.1364457874015748
11
1.2974673622047244
21
2.1343122047244094
0
LINE
8
BLACK
6
CONTINUOUS
10
1.2974673622047244
20
2.1343122047244094
11
1.2937007874015747
21
2.133562992125984
0
LINE
8
BLACK
6
CONTINUOUS
10
1.2937007874015747
20
2.133562992125984
11
1.2562992125984251
21
2.133562992125984
0
LINE
8
BLACK
6
CONTINUOUS
10
1.2562992125984251
20
2.133562992125984
11
1.2525326377952755
21
2.1343122047244094
0
LINE
8
BLACK
6
CONTINUOUS
10
1.2525326377952755
20
2.1343122047244094
11
1.2493394881889763
21
2.1364457874015748
0
LINE
8
BLACK
6
CONTINUOUS
10
1.2493394881889763
20
2.1364457874015748
11
1.247205905511811
21
2.1396389370078741
0
LINE
8
BLACK
6
CONTINUOUS
10
1.247205905511811
20
2.1396389370078741
11
1.2464566929133858
21
2.1434055118110238
0
LINE
8
BLACK
6
CONTINUOUS
10
1.2464566929133858
20
2.1434055118110238
11
1.2464566929133858
21
2.1699803149606298
0
LINE
8
BLACK
6
CONTINUOUS
10
1.2464566929133858
20
2.1699803149606298
11
1.247205905511811
21
2.1737468897637795
0
LINE
8
BLACK
6
CONTINUOUS
10
1.247205905511811
20
2.1737468897637795
11
1.2493394881889763
21
2.1769400393700788
0
LINE
8
BLACK
6
CONTINUOUS
10
1.2493394881889763
20
2.1769400393700788
11
1.2525326377952755
21
2.1790736220472442
0
LINE
8
BLACK
6
CONTINUOUS
10
1.2525326377952755
20
2.1790736220472442
11
1.2562992125984251
21
2.1798228346456692
0
LINE
8
BLACK
6
CONTINUOUS
10
1.2562992125984251
20
2.1798228346456692
11
1.2937007874015747
21
2.1798228346456692
0
LINE
8
BLACK
6
CONTINUOUS
10
1.2937007874015747
20
2.1798228346456692
11
1.2974673622047244
21
2.1790736220472442
0
LINE
8
BLACK
6
CONTINUOUS
10
0.7062075196850394
20
2.192794094488189
11
0.7094006692913386
21
2.1906605118110236
0
LINE
8
BLACK
6
CONTINUOUS
10
0.7094006692913386
20
2.1906605118110236
11
0.711534251968504
21
2.1874673622047243
0
LINE
8
BLACK
6
CONTINUOUS
10
0.711534251968504
20
2.1874673622047243
11
0.7122834645669291
21
2.1837007874015746
0
LINE
8
BLACK
6
CONTINUOUS
10
0.7122834645669291
20
2.1837007874015746
11
0.7122834645669291
21
2.146299212598425
0
LINE
8
BLACK
6
CONTINUOUS
10
0.7122834645669291
20
2.146299212598425
11
0.711534251968504
21
2.1425326377952754
0
LINE
8
BLACK
6
CONTINUOUS
10
0.711534251968504
20
2.1425326377952754
11
0.7094006692913386
21
2.1393394881889765
0
LINE
8
BLACK
6
CONTINUOUS
10
0.7094006692913386
20
2.1393394881889765
11
0.7062075196850394
21
2.1372059055118111
0
LINE
8
BLACK
6
CONTINUOUS
10
0.7062075196850394
20
2.1372059055118111
11
0.7024409448818898
21
2.1364566929133857
0
LINE
8
BLACK
6
CONTINUOUS
10
0.7024409448818898
20
2.1364566929133857
11
0.6758661417322834
21
2.1364566929133857
0
LINE
8
BLACK
6
CONTINUOUS
10
0.6758661417322834
20
2.1364566929133857
11
0.6720995669291339
21
2.1372059055118111
0
LINE
8
BLACK
6
CONTINUOUS
10
0.6720995669291339
20
2.1372059055118111
11
0.6689064173228346
21
2.1393394881889765
0
LINE
8
BLACK
6
CONTINUOUS
10
0.6689064173228346
20
2.1393394881889765
11
0.6667728346456693
21
2.1425326377952754
0
LINE
8
BLACK
6
CONTINUOUS
10
0.6667728346456693
20
2.1425326377952754
11
0.6660236220472441
21
2.146299212598425
0
LINE
8
BLACK
6
CONTINUOUS
10
0.6660236220472441
20
2.146299212598425
11
0.6660236220472441
21
2.1837007874015746
0
LINE
8
BLACK
6
CONTINUOUS
10
0.6660236220472441
20
2.1837007874015746
11
0.6667728346456693
21
2.1874673622047243
0
LINE
8
BLACK
6
CONTINUOUS
10
0.6667728346456693
20
2.1874673622047243
11
0.6689064173228346
21
2.1906605118110236
0
LINE
8
BLACK
6
CONTINUOUS
10
0.6689064173228346
20
2.1906605118110236
11
0.6720995669291339
21
2.192794094488189
0
LINE
8
BLACK
6
CONTINUOUS
10
0.6720995669291339
20
2.192794094488189
11
0.6758661417322834
21
2.1935433070866139
0
LINE
8
BLACK
6
CONTINUOUS
10
0.6758661417322834
20
2.1935433070866139
11
0.7024409448818898
21
2.1935433070866139
0
LINE
8
BLACK
6
CONTINUOUS
10
0.7024409448818898
20
2.1935433070866139
11
0.7062075196850394
21
2.192794094488189
0
LINE
8
BLACK
6
CONTINUOUS
10
0.7879004330708661
20
2.192794094488189
11
0.7910935826771653
21
2.1906605118110236
0
LINE
8
BLACK
6
CONTINUOUS
10
0.7910935826771653
20
2.1906605118110236
11
0.7932271653543307
21
2.1874673622047243
0
LINE
8
BLACK
6
CONTINUOUS
10
0.7932271653543307
20
2.1874673622047243
11
0.7939763779527559
21
2.1837007874015746
0
LINE
8
BLACK
6
CONTINUOUS
10
0.7939763779527559
20
2.1837007874015746
11
0.7939763779527559
21
2.146299212598425
0
LINE
8
BLACK
6
CONTINUOUS
10
0.7939763779527559
20
2.146299212598425
11
0.7932271653543307
21
2.1425326377952754
0
LINE
8
BLACK
6
CONTINUOUS
10
0.7932271653543307
20
2.1425326377952754
11
0.7910935826771653
21
2.1393394881889765
0
LINE
8
BLACK
6
CONTINUOUS
10
0.7910935826771653
20
2.1393394881889765
11
0.7879004330708661
21
2.1372059055118111
0
LINE
8
BLACK
6
CONTINUOUS
10
0.7879004330708661
20
2.1372059055118111
11
0.7841338582677165
21
2.1364566929133857
0
LINE
8
BLACK
6
CONTINUOUS
10
0.7841338582677165
20
2.1364566929133857
11
0.7575590551181102
21
2.1364566929133857
0
LINE
8
BLACK
6
CONTINUOUS
10
0.7575590551181102
20
2.1364566929133857
11
0.7537924803149606
21
2.1372059055118111
0
LINE
8
BLACK
6
CONTINUOUS
10
0.7537924803149606
20
2.1372059055118111
11
0.7505993307086614
21
2.1393394881889765
0
LINE
8
BLACK
6
CONTINUOUS
10
0.7505993307086614
20
2.1393394881889765
11
0.748465748031496
21
2.1425326377952754
0
LINE
8
BLACK
6
CONTINUOUS
10
0.748465748031496
20
2.1425326377952754
11
0.7477165354330708
21
2.146299212598425
0
LINE
8
BLACK
6
CONTINUOUS
10
0.7477165354330708
20
2.146299212598425
11
0.7477165354330708
21
2.1837007874015746
0
LINE
8
BLACK
6
CONTINUOUS
10
0.7477165354330708
20
2.1837007874015746
11
0.748465748031496
21
2.1874673622047243
0
LINE
8
BLACK
6
CONTINUOUS
10
0.748465748031496
20
2.1874673622047243
11
0.7505993307086614
21
2.1906605118110236
0
LINE
8
BLACK
6
CONTINUOUS
10
0.7505993307086614
20
2.1906605118110236
11
0.7537924803149606
21
2.192794094488189
0
LINE
8
BLACK
6
CONTINUOUS
10
0.7537924803149606
20
2.192794094488189
11
0.7575590551181102
21
2.1935433070866139
0
LINE
8
BLACK
6
CONTINUOUS
10
0.7575590551181102
20
2.1935433070866139
11
0.7841338582677165
21
2.1935433070866139
0
LINE
8
BLACK
6
CONTINUOUS
10
0.7841338582677165
20
2.1935433070866139
11
0.7879004330708661
21
2.192794094488189
0
LINE
8
BLACK
6
CONTINUOUS
10
1.9124673622047244
20
3.0215342519685038
11
1.9156605118110235
21
3.0194006692913384
0
LINE
8
BLACK
6
CONTINUOUS
10
1.9156605118110235
20
3.0194006692913384
11
1.9177940944881888
21
3.0162075196850391
0
LINE
8
BLACK
6
CONTINUOUS
10
1.9177940944881888
20
3.0162075196850391
11
1.918543307086614
21
3.0124409448818898
0
LINE
8
BLACK
6
CONTINUOUS
10
1.918543307086614
20
3.0124409448818898
11
1.918543307086614
21
2.9858661417322834
0
LINE
8
BLACK
6
CONTINUOUS
10
1.918543307086614
20
2.9858661417322834
11
1.9177940944881888
21
2.9820995669291337
0
LINE
8
BLACK
6
CONTINUOUS
10
1.9177940944881888
20
2.9820995669291337
11
1.9156605118110235
21
2.9789064173228348
0
LINE
8
BLACK
6
CONTINUOUS
10
1.9156605118110235
20
2.9789064173228348
11
1.9124673622047244
21
2.9767728346456694
0
LINE
8
BLACK
6
CONTINUOUS
10
1.9124673622047244
20
2.9767728346456694
11
1.9087007874015747
21
2.976023622047244
0
LINE
8
BLACK
6
CONTINUOUS
10
1.9087007874015747
20
2.976023622047244
11
1.8712992125984251
21
2.976023622047244
0
LINE
8
BLACK
6
CONTINUOUS
10
1.8712992125984251
20
2.976023622047244
11
1.8675326377952755
21
2.9767728346456694
0
LINE
8
BLACK
6
CONTINUOUS
10
1.8675326377952755
20
2.9767728346456694
11
1.8643394881889763
21
2.9789064173228348
0
LINE
8
BLACK
6
CONTINUOUS
10
1.8643394881889763
20
2.9789064173228348
11
1.862205905511811
21
2.9820995669291337
0
LINE
8
BLACK
6
CONTINUOUS
10
1.862205905511811
20
2.9820995669291337
11
1.8614566929133858
21
2.9858661417322834
0
LINE
8
BLACK
6
CONTINUOUS
10
1.8614566929133858
20
2.9858661417322834
11
1.8614566929133858
21
3.0124409448818898
0
LINE
8
BLACK
6
CONTINUOUS
10
1.8614566929133858
20
3.0124409448818898
11
1.862205905511811
21
3.0162075196850391
0
LINE
8
BLACK
6
CONTINUOUS
10
1.862205905511811
20
3.0162075196850391
11
1.8643394881889763
21
3.0194006692913384
0
LINE
8
BLACK
6
CONTINUOUS
10
1.8643394881889763
20
3.0194006692913384
11
1.8675326377952755
21
3.0215342519685038
0
LINE
8
BLACK
6
CONTINUOUS
10
1.8675326377952755
20
3.0215342519685038
11
1.8712992125984251
21
3.0222834645669292
0
LINE
8
BLACK
6
CONTINUOUS
10
1.8712992125984251
20
3.0222834645669292
11
1.9087007874015747
21
3.0222834645669292
0
LINE
8
BLACK
6
CONTINUOUS
10
1.9087007874015747
20
3.0222834645669292
11
1.9124673622047244
21
3.0215342519685038
0
LINE
8
BLACK
6
CONTINUOUS
10
1.1740421653543307
20
3.0216917322834647
11
1.1772353149606298
21
3.0195581496062993
0
LINE
8
BLACK
6
CONTINUOUS
10
1.1772353149606298
20
3.0195581496062993
11
1.1793688976377952
21
3.016365
0
LINE
8
BLACK
6
CONTINUOUS
10
1.1793688976377952
20
3.016365
11
1.1801181102362204
21
3.0125984251968503
0
LINE
8
BLACK
6
CONTINUOUS
10
1.1801181102362204
20
3.0125984251968503
11
1.1801181102362204
21
2.9860236220472438
0
LINE
8
BLACK
6
CONTINUOUS
10
1.1801181102362204
20
2.9860236220472438
11
1.1793688976377952
21
2.9822570472440946
0
LINE
8
BLACK
6
CONTINUOUS
10
1.1793688976377952
20
2.9822570472440946
11
1.1772353149606298
21
2.9790638976377952
0
LINE
8
BLACK
6
CONTINUOUS
10
1.1772353149606298
20
2.9790638976377952
11
1.1740421653543307
21
2.9769303149606299
0
LINE
8
BLACK
6
CONTINUOUS
10
1.1740421653543307
20
2.9769303149606299
11
1.170275590551181
21
2.9761811023622045
0
LINE
8
BLACK
6
CONTINUOUS
10
1.170275590551181
20
2.9761811023622045
11
1.1328740157480315
21
2.9761811023622045
0
LINE
8
BLACK
6
CONTINUOUS
10
1.1328740157480315
20
2.9761811023622045
11
1.1291074409448818
21
2.9769303149606299
0
LINE
8
BLACK
6
CONTINUOUS
10
1.1291074409448818
20
2.9769303149606299
11
1.1259142913385827
21
2.9790638976377952
0
LINE
8
BLACK
6
CONTINUOUS
10
1.1259142913385827
20
2.9790638976377952
11
1.1237807086614173
21
2.9822570472440946
0
LINE
8
BLACK
6
CONTINUOUS
10
1.1237807086614173
20
2.9822570472440946
11
1.1230314960629921
21
2.9860236220472438
0
LINE
8
BLACK
6
CONTINUOUS
10
1.1230314960629921
20
2.9860236220472438
11
1.1230314960629921
21
3.0125984251968503
0
LINE
8
BLACK
6
CONTINUOUS
10
1.1230314960629921
20
3.0125984251968503
11
1.1237807086614173
21
3.016365
0
LINE
8
BLACK
6
CONTINUOUS
10
1.1237807086614173
20
3.016365
11
1.1259142913385827
21
3.0195581496062993
0
LINE
8
BLACK
6
CONTINUOUS
10
1.1259142913385827
20
3.0195581496062993
11
1.1291074409448818
21
3.0216917322834647
0
LINE
8
BLACK
6
CONTINUOUS
10
1.1291074409448818
20
3.0216917322834647
11
1.1328740157480315
21
3.0224409448818896
0
LINE
8
BLACK
6
CONTINUOUS
10
1.1328740157480315
20
3.0224409448818896
11
1.170275590551181
21
3.0224409448818896
0
LINE
8
BLACK
6
CONTINUOUS
10
1.170275590551181
20
3.0224409448818896
11
1.1740421653543307
21
3.0216917322834647
0
LINE
8
BLACK
6
CONTINUOUS
10
0.404803188976378
20
3.0513547244094488
11
0.4091694488188976
21
3.0492201968503938
0
LINE
8
BLACK
6
CONTINUOUS
10
0.4091694488188976
20
3.0492201968503938
11
0.4126060236220472
21
3.0457836220472441
0
LINE
8
BLACK
6
CONTINUOUS
10
0.4126060236220472
20
3.0457836220472441
11
0.4147405511811024
21
3.0414173622047245
0
LINE
8
BLACK
6
CONTINUOUS
10
0.4147405511811024
20
3.0414173622047245
11
0.4153543307086614
21
3.0372047244094489
0
LINE
8
BLACK
6
CONTINUOUS
10
0.4153543307086614
20
3.0372047244094489
11
0.4153543307086614
21
3.0076771653543308
0
LINE
8
BLACK
6
CONTINUOUS
10
0.4153543307086614
20
3.0076771653543308
11
0.4147405511811024
21
3.0034645275590552
0
LINE
8
BLACK
6
CONTINUOUS
10
0.4147405511811024
20
3.0034645275590552
11
0.4126060236220472
21
2.9990982677165352
0
LINE
8
BLACK
6
CONTINUOUS
10
0.4126060236220472
20
2.9990982677165352
11
0.4091694488188976
21
2.9956616929133859
0
LINE
8
BLACK
6
CONTINUOUS
10
0.4091694488188976
20
2.9956616929133859
11
0.404803188976378
21
2.9935271653543305
0
LINE
8
BLACK
6
CONTINUOUS
10
0.404803188976378
20
2.9935271653543305
11
0.4005905511811024
21
2.9929133858267716
0
LINE
8
BLACK
6
CONTINUOUS
10
0.4005905511811024
20
2.9929133858267716
11
0.3513779527559055
21
2.9929133858267716
0
LINE
8
BLACK
6
CONTINUOUS
10
0.3513779527559055
20
2.9929133858267716
11
0.3471653149606299
21
2.9935271653543305
0
LINE
8
BLACK
6
CONTINUOUS
10
0.3471653149606299
20
2.9935271653543305
11
0.3427990551181102
21
2.9956616929133859
0
LINE
8
BLACK
6
CONTINUOUS
10
0.3427990551181102
20
2.9956616929133859
11
0.3393624803149606
21
2.9990982677165352
0
LINE
8
BLACK
6
CONTINUOUS
10
0.3393624803149606
20
2.9990982677165352
11
0.3372279527559055
21
3.0034645275590552
0
LINE
8
BLACK
6
CONTINUOUS
10
0.3372279527559055
20
3.0034645275590552
11
0.3366141732283465
21
3.0076771653543308
0
LINE
8
BLACK
6
CONTINUOUS
10
0.3366141732283465
20
3.0076771653543308
11
0.3366141732283465
21
3.0372047244094489
0
LINE
8
BLACK
6
CONTINUOUS
10
0.3366141732283465
20
3.0372047244094489
11
0.3372279527559055
21
3.0414173622047245
0
LINE
8
BLACK
6
CONTINUOUS
10
0.3372279527559055
20
3.0414173622047245
11
0.3393624803149606
21
3.0457836220472441
0
LINE
8
BLACK
6
CONTINUOUS
10
0.3393624803149606
20
3.0457836220472441
11
0.3427990551181102
21
3.0492201968503938
0
LINE
8
BLACK
6
CONTINUOUS
10
0.3427990551181102
20
3.0492201968503938
11
0.3471653149606299
21
3.0513547244094488
0
LINE
8
BLACK
6
CONTINUOUS
10
0.3471653149606299
20
3.0513547244094488
11
0.3513779527559055
21
3.0519685039370077
0
LINE
8
BLACK
6
CONTINUOUS
10
0.3513779527559055
20
3.0519685039370077
11
0.4005905511811024
21
3.0519685039370077
0
LINE
8
BLACK
6
CONTINUOUS
10
0.4005905511811024
20
3.0519685039370077
11
0.404803188976378
21
3.0513547244094488
0
LINE
8
BLACK
6
CONTINUOUS
10
0.4865421653543307
20
3.0502350393700786
11
0.4897353149606299
21
3.0481014566929132
0
LINE
8
BLACK
6
CONTINUOUS
10
0.4897353149606299
20
3.0481014566929132
11
0.4918688976377953
21
3.0449083070866143
0
LINE
8
BLACK
6
CONTINUOUS
10
0.4918688976377953
20
3.0449083070866143
11
0.4926181102362205
21
3.0411417322834646
0
LINE
8
BLACK
6
CONTINUOUS
10
0.4926181102362205
20
3.0411417322834646
11
0.4926181102362205
21
3.0037401574803151
0
LINE
8
BLACK
6
CONTINUOUS
10
0.4926181102362205
20
3.0037401574803151
11
0.4918688976377953
21
2.9999735826771654
0
LINE
8
BLACK
6
CONTINUOUS
10
0.4918688976377953
20
2.9999735826771654
11
0.4897353149606299
21
2.9967804330708661
0
LINE
8
BLACK
6
CONTINUOUS
10
0.4897353149606299
20
2.9967804330708661
11
0.4865421653543307
21
2.9946468503937007
0
LINE
8
BLACK
6
CONTINUOUS
10
0.4865421653543307
20
2.9946468503937007
11
0.4827755905511811
21
2.9938976377952757
0
LINE
8
BLACK
6
CONTINUOUS
10
0.4827755905511811
20
2.9938976377952757
11
0.4562007874015748
21
2.9938976377952757
0
LINE
8
BLACK
6
CONTINUOUS
10
0.4562007874015748
20
2.9938976377952757
11
0.4524342125984252
21
2.9946468503937007
0
LINE
8
BLACK
6
CONTINUOUS
10
0.4524342125984252
20
2.9946468503937007
11
0.449241062992126
21
2.9967804330708661
0
LINE
8
BLACK
6
CONTINUOUS
10
0.449241062992126
20
2.9967804330708661
11
0.4471074803149606
21
2.9999735826771654
0
LINE
8
BLACK
6
CONTINUOUS
10
0.4471074803149606
20
2.9999735826771654
11
0.4463582677165354
21
3.0037401574803151
0
LINE
8
BLACK
6
CONTINUOUS
10
0.4463582677165354
20
3.0037401574803151
11
0.4463582677165354
21
3.0411417322834646
0
LINE
8
BLACK
6
CONTINUOUS
10
0.4463582677165354
20
3.0411417322834646
11
0.4471074803149606
21
3.0449083070866143
0
LINE
8
BLACK
6
CONTINUOUS
10
0.4471074803149606
20
3.0449083070866143
11
0.449241062992126
21
3.0481014566929132
0
LINE
8
BLACK
6
CONTINUOUS
10
0.449241062992126
20
3.0481014566929132
11
0.4524342125984252
21
3.0502350393700786
0
LINE
8
BLACK
6
CONTINUOUS
10
0.4524342125984252
20
3.0502350393700786
11
0.4562007874015748
21
3.050984251968504
0
LINE
8
BLACK
6
CONTINUOUS
10
0.4562007874015748
20
3.050984251968504
11
0.4827755905511811
21
3.050984251968504
0
LINE
8
BLACK
6
CONTINUOUS
10
0.4827755905511811
20
3.050984251968504
11
0.4865421653543307
21
3.0502350393700786
0
LINE
8
BLACK
6
CONTINUOUS
10
0.5682350787401574
20
3.0502350393700786
11
0.5714282283464567
21
3.0481014566929132
0
LINE
8
BLACK
6
CONTINUOUS
10
0.5714282283464567
20
3.0481014566929132
11
0.573561811023622
21
3.0449083070866143
0
LINE
8
BLACK
6
CONTINUOUS
10
0.573561811023622
20
3.0449083070866143
11
0.5743110236220472
21
3.0411417322834646
0
LINE
8
BLACK
6
CONTINUOUS
10
0.5743110236220472
20
3.0411417322834646
11
0.5743110236220472
21
3.0037401574803151
0
LINE
8
BLACK
6
CONTINUOUS
10
0.5743110236220472
20
3.0037401574803151
11
0.573561811023622
21
2.9999735826771654
0
LINE
8
BLACK
6
CONTINUOUS
10
0.573561811023622
20
2.9999735826771654
11
0.5714282283464567
21
2.9967804330708661
0
LINE
8
BLACK
6
CONTINUOUS
10
0.5714282283464567
20
2.9967804330708661
11
0.5682350787401574
21
2.9946468503937007
0
LINE
8
BLACK
6
CONTINUOUS
10
0.5682350787401574
20
2.9946468503937007
11
0.5644685039370079
21
2.9938976377952757
0
LINE
8
BLACK
6
CONTINUOUS
10
0.5644685039370079
20
2.9938976377952757
11
0.5378937007874015
21
2.9938976377952757
0
LINE
8
BLACK
6
CONTINUOUS
10
0.5378937007874015
20
2.9938976377952757
11
0.5341271259842519
21
2.9946468503937007
0
LINE
8
BLACK
6
CONTINUOUS
10
0.5341271259842519
20
2.9946468503937007
11
0.5309339763779527
21
2.9967804330708661
0
LINE
8
BLACK
6
CONTINUOUS
10
0.5309339763779527
20
2.9967804330708661
11
0.5288003937007874
21
2.9999735826771654
0
LINE
8
BLACK
6
CONTINUOUS
10
0.5288003937007874
20
2.9999735826771654
11
0.5280511811023622
21
3.0037401574803151
0
LINE
8
BLACK
6
CONTINUOUS
10
0.5280511811023622
20
3.0037401574803151
11
0.5280511811023622
21
3.0411417322834646
0
LINE
8
BLACK
6
CONTINUOUS
10
0.5280511811023622
20
3.0411417322834646
11
0.5288003937007874
21
3.0449083070866143
0
LINE
8
BLACK
6
CONTINUOUS
10
0.5288003937007874
20
3.0449083070866143
11
0.5309339763779527
21
3.0481014566929132
0
LINE
8
BLACK
6
CONTINUOUS
10
0.5309339763779527
20
3.0481014566929132
11
0.5341271259842519
21
3.0502350393700786
0
LINE
8
BLACK
6
CONTINUOUS
10
0.5341271259842519
20
3.0502350393700786
11
0.5378937007874015
21
3.050984251968504
0
LINE
8
BLACK
6
CONTINUOUS
10
0.5378937007874015
20
3.050984251968504
11
0.5644685039370079
21
3.050984251968504
0
LINE
8
BLACK
6
CONTINUOUS
10
0.5644685039370079
20
3.050984251968504
11
0.5682350787401574
21
3.0502350393700786
0
LINE
8
BLACK
6
CONTINUOUS
10
0.8010106692913386
20
3.0640145669291337
11
0.8042038188976378
21
3.0618809842519683
0
LINE
8
BLACK
6
CONTINUOUS
10
0.8042038188976378
20
3.0618809842519683
11
0.8063374015748032
21
3.0586878346456694
0
LINE
8
BLACK
6
CONTINUOUS
10
0.8063374015748032
20
3.0586878346456694
11
0.8070866141732284
21
3.0549212598425197
0
LINE
8
BLACK
6
CONTINUOUS
10
0.8070866141732284
20
3.0549212598425197
11
0.8070866141732284
21
3.0175196850393702
0
LINE
8
BLACK
6
CONTINUOUS
10
0.8070866141732284
20
3.0175196850393702
11
0.8063374015748032
21
3.0137531102362205
0
LINE
8
BLACK
6
CONTINUOUS
10
0.8063374015748032
20
3.0137531102362205
11
0.8042038188976378
21
3.0105599606299212
0
LINE
8
BLACK
6
CONTINUOUS
10
0.8042038188976378
20
3.0105599606299212
11
0.8010106692913386
21
3.0084263779527558
0
LINE
8
BLACK
6
CONTINUOUS
10
0.8010106692913386
20
3.0084263779527558
11
0.797244094488189
21
3.0076771653543308
0
LINE
8
BLACK
6
CONTINUOUS
10
0.797244094488189
20
3.0076771653543308
11
0.7706692913385826
21
3.0076771653543308
0
LINE
8
BLACK
6
CONTINUOUS
10
0.7706692913385826
20
3.0076771653543308
11
0.7669027165354331
21
3.0084263779527558
0
LINE
8
BLACK
6
CONTINUOUS
10
0.7669027165354331
20
3.0084263779527558
11
0.7637095669291338
21
3.0105599606299212
0
LINE
8
BLACK
6
CONTINUOUS
10
0.7637095669291338
20
3.0105599606299212
11
0.7615759842519685
21
3.0137531102362205
0
LINE
8
BLACK
6
CONTINUOUS
10
0.7615759842519685
20
3.0137531102362205
11
0.7608267716535433
21
3.0175196850393702
0
LINE
8
BLACK
6
CONTINUOUS
10
0.7608267716535433
20
3.0175196850393702
11
0.7608267716535433
21
3.0549212598425197
0
LINE
8
BLACK
6
CONTINUOUS
10
0.7608267716535433
20
3.0549212598425197
11
0.7615759842519685
21
3.0586878346456694
0
LINE
8
BLACK
6
CONTINUOUS
10
0.7615759842519685
20
3.0586878346456694
11
0.7637095669291338
21
3.0618809842519683
0
LINE
8
BLACK
6
CONTINUOUS
10
0.7637095669291338
20
3.0618809842519683
11
0.7669027165354331
21
3.0640145669291337
0
LINE
8
BLACK
6
CONTINUOUS
10
0.7669027165354331
20
3.0640145669291337
11
0.7706692913385826
21
3.0647637795275591
0
LINE
8
BLACK
6
CONTINUOUS
10
0.7706692913385826
20
3.0647637795275591
11
0.797244094488189
21
3.0647637795275591
0
LINE
8
BLACK
6
CONTINUOUS
10
0.797244094488189
20
3.0647637795275591
11
0.8010106692913386
21
3.0640145669291337
0
LINE
8
BLACK
6
CONTINUOUS
10
0.8827035826771653
20
3.0640145669291337
11
0.8858967322834645
21
3.0618809842519683
0
LINE
8
BLACK
6
CONTINUOUS
10
0.8858967322834645
20
3.0618809842519683
11
0.8880303149606299
21
3.0586878346456694
0
LINE
8
BLACK
6
CONTINUOUS
10
0.8880303149606299
20
3.0586878346456694
11
0.8887795275590551
21
3.0549212598425197
0
LINE
8
BLACK
6
CONTINUOUS
10
0.8887795275590551
20
3.0549212598425197
11
0.8887795275590551
21
3.0175196850393702
0
LINE
8
BLACK
6
CONTINUOUS
10
0.8887795275590551
20
3.0175196850393702
11
0.8880303149606299
21
3.0137531102362205
0
LINE
8
BLACK
6
CONTINUOUS
10
0.8880303149606299
20
3.0137531102362205
11
0.8858967322834645
21
3.0105599606299212
0
LINE
8
BLACK
6
CONTINUOUS
10
0.8858967322834645
20
3.0105599606299212
11
0.8827035826771653
21
3.0084263779527558
0
LINE
8
BLACK
6
CONTINUOUS
10
0.8827035826771653
20
3.0084263779527558
11
0.8789370078740157
21
3.0076771653543308
0
LINE
8
BLACK
6
CONTINUOUS
10
0.8789370078740157
20
3.0076771653543308
11
0.8523622047244094
21
3.0076771653543308
0
LINE
8
BLACK
6
CONTINUOUS
10
0.8523622047244094
20
3.0076771653543308
11
0.8485956299212598
21
3.0084263779527558
0
LINE
8
BLACK
6
CONTINUOUS
10
0.8485956299212598
20
3.0084263779527558
11
0.8454024803149606
21
3.0105599606299212
0
LINE
8
BLACK
6
CONTINUOUS
10
0.8454024803149606
20
3.0105599606299212
11
0.8432688976377952
21
3.0137531102362205
0
LINE
8
BLACK
6
CONTINUOUS
10
0.8432688976377952
20
3.0137531102362205
11
0.84251968503937
21
3.0175196850393702
0
LINE
8
BLACK
6
CONTINUOUS
10
0.84251968503937
20
3.0175196850393702
11
0.84251968503937
21
3.0549212598425197
0
LINE
8
BLACK
6
CONTINUOUS
10
0.84251968503937
20
3.0549212598425197
11
0.8432688976377952
21
3.0586878346456694
0
LINE
8
BLACK
6
CONTINUOUS
10
0.8432688976377952
20
3.0586878346456694
11
0.8454024803149606
21
3.0618809842519683
0
LINE
8
BLACK
6
CONTINUOUS
10
0.8454024803149606
20
3.0618809842519683
11
0.8485956299212598
21
3.0640145669291337
0
LINE
8
BLACK
6
CONTINUOUS
10
0.8485956299212598
20
3.0640145669291337
11
0.8523622047244094
21
3.0647637795275591
0
LINE
8
BLACK
6
CONTINUOUS
10
0.8523622047244094
20
3.0647637795275591
11
0.8789370078740157
21
3.0647637795275591
0
LINE
8
BLACK
6
CONTINUOUS
10
0.8789370078740157
20
3.0647637795275591
11
0.8827035826771653
21
3.0640145669291337
0
LINE
8
BLACK
6
CONTINUOUS
10
0.1518221653543307
20
3.1873453937007872
11
0.1570718110236221
21
3.1853873622047244
0
LINE
8
BLACK
6
CONTINUOUS
10
0.1570718110236221
20
3.1853873622047244
11
0.1615572047244095
21
3.1820296456692914
0
LINE
8
BLACK
6
CONTINUOUS
10
0.1615572047244095
20
3.1820296456692914
11
0.1649149212598425
21
3.177544251968504
0
LINE
8
BLACK
6
CONTINUOUS
10
0.1649149212598425
20
3.177544251968504
11
0.1668729527559055
21
3.1722946062992126
0
LINE
8
BLACK
6
CONTINUOUS
10
0.1668729527559055
20
3.1722946062992126
11
0.1673228346456693
21
3.1681102362204725
0
LINE
8
BLACK
6
CONTINUOUS
10
0.1673228346456693
20
3.1681102362204725
11
0.1673228346456693
21
3.0578740157480313
0
LINE
8
BLACK
6
CONTINUOUS
10
0.1673228346456693
20
3.0578740157480313
11
0.1668729527559055
21
3.0536896456692912
0
LINE
8
BLACK
6
CONTINUOUS
10
0.1668729527559055
20
3.0536896456692912
11
0.1649149212598425
21
3.0484399999999998
0
LINE
8
BLACK
6
CONTINUOUS
10
0.1649149212598425
20
3.0484399999999998
11
0.1615572047244095
21
3.0439546062992124
0
LINE
8
BLACK
6
CONTINUOUS
10
0.1615572047244095
20
3.0439546062992124
11
0.1570718110236221
21
3.0405968897637794
0
LINE
8
BLACK
6
CONTINUOUS
10
0.1570718110236221
20
3.0405968897637794
11
0.1518221653543307
21
3.0386388582677166
0
LINE
8
BLACK
6
CONTINUOUS
10
0.1518221653543307
20
3.0386388582677166
11
0.1476377952755905
21
3.0381889763779526
0
LINE
8
BLACK
6
CONTINUOUS
10
0.1476377952755905
20
3.0381889763779526
11
0.1082677165354331
21
3.0381889763779526
0
LINE
8
BLACK
6
CONTINUOUS
10
0.1082677165354331
20
3.0381889763779526
11
0.1040833464566929
21
3.0386388582677166
0
LINE
8
BLACK
6
CONTINUOUS
10
0.1040833464566929
20
3.0386388582677166
11
0.0988337007874016
21
3.0405968897637794
0
LINE
8
BLACK
6
CONTINUOUS
10
0.0988337007874016
20
3.0405968897637794
11
0.0943483070866142
21
3.0439546062992124
0
LINE
8
BLACK
6
CONTINUOUS
10
0.0943483070866142
20
3.0439546062992124
11
0.0909905905511811
21
3.0484399999999998
0
LINE
8
BLACK
6
CONTINUOUS
10
0.0909905905511811
20
3.0484399999999998
11
0.0890325590551181
21
3.0536896456692912
0
LINE
8
BLACK
6
CONTINUOUS
10
0.0890325590551181
20
3.0536896456692912
11
0.0885826771653543
21
3.0578740157480313
0
LINE
8
BLACK
6
CONTINUOUS
10
0.0885826771653543
20
3.0578740157480313
11
0.0885826771653543
21
3.1681102362204725
0
LINE
8
BLACK
6
CONTINUOUS
10
0.0885826771653543
20
3.1681102362204725
11
0.0890325590551181
21
3.1722946062992126
0
LINE
8
BLACK
6
CONTINUOUS
10
0.0890325590551181
20
3.1722946062992126
11
0.0909905905511811
21
3.177544251968504
0
LINE
8
BLACK
6
CONTINUOUS
10
0.0909905905511811
20
3.177544251968504
11
0.0943483070866142
21
3.1820296456692914
0
LINE
8
BLACK
6
CONTINUOUS
10
0.0943483070866142
20
3.1820296456692914
11
0.0988337007874016
21
3.1853873622047244
0
LINE
8
BLACK
6
CONTINUOUS
10
0.0988337007874016
20
3.1853873622047244
11
0.1040833464566929
21
3.1873453937007872
0
LINE
8
BLACK
6
CONTINUOUS
10
0.1040833464566929
20
3.1873453937007872
11
0.1082677165354331
21
3.1877952755905512
0
LINE
8
BLACK
6
CONTINUOUS
10
0.1082677165354331
20
3.1877952755905512
11
0.1476377952755905
21
3.1877952755905512
0
LINE
8
BLACK
6
CONTINUOUS
10
0.1476377952755905
20
3.1877952755905512
11
0.1518221653543307
21
3.1873453937007872
0
LINE
8
BLACK
6
CONTINUOUS
10
1.9124673622047244
20
3.1032271653543306
11
1.9156605118110235
21
3.1010935826771653
0
LINE
8
BLACK
6
CONTINUOUS
10
1.9156605118110235
20
3.1010935826771653
11
1.9177940944881888
21
3.0979004330708659
0
LINE
8
BLACK
6
CONTINUOUS
10
1.9177940944881888
20
3.0979004330708659
11
1.918543307086614
21
3.0941338582677163
0
LINE
8
BLACK
6
CONTINUOUS
10
1.918543307086614
20
3.0941338582677163
11
1.918543307086614
21
3.0675590551181102
0
LINE
8
BLACK
6
CONTINUOUS
10
1.918543307086614
20
3.0675590551181102
11
1.9177940944881888
21
3.0637924803149605
0
LINE
8
BLACK
6
CONTINUOUS
10
1.9177940944881888
20
3.0637924803149605
11
1.9156605118110235
21
3.0605993307086612
0
LINE
8
BLACK
6
CONTINUOUS
10
1.9156605118110235
20
3.0605993307086612
11
1.9124673622047244
21
3.0584657480314958
0
LINE
8
BLACK
6
CONTINUOUS
10
1.9124673622047244
20
3.0584657480314958
11
1.9087007874015747
21
3.0577165354330709
0
LINE
8
BLACK
6
CONTINUOUS
10
1.9087007874015747
20
3.0577165354330709
11
1.8712992125984251
21
3.0577165354330709
0
LINE
8
BLACK
6
CONTINUOUS
10
1.8712992125984251
20
3.0577165354330709
11
1.8675326377952755
21
3.0584657480314958
0
LINE
8
BLACK
6
CONTINUOUS
10
1.8675326377952755
20
3.0584657480314958
11
1.8643394881889763
21
3.0605993307086612
0
LINE
8
BLACK
6
CONTINUOUS
10
1.8643394881889763
20
3.0605993307086612
11
1.862205905511811
21
3.0637924803149605
0
LINE
8
BLACK
6
CONTINUOUS
10
1.862205905511811
20
3.0637924803149605
11
1.8614566929133858
21
3.0675590551181102
0
LINE
8
BLACK
6
CONTINUOUS
10
1.8614566929133858
20
3.0675590551181102
11
1.8614566929133858
21
3.0941338582677163
0
LINE
8
BLACK
6
CONTINUOUS
10
1.8614566929133858
20
3.0941338582677163
11
1.862205905511811
21
3.0979004330708659
0
LINE
8
BLACK
6
CONTINUOUS
10
1.862205905511811
20
3.0979004330708659
11
1.8643394881889763
21
3.1010935826771653
0
LINE
8
BLACK
6
CONTINUOUS
10
1.8643394881889763
20
3.1010935826771653
11
1.8675326377952755
21
3.1032271653543306
0
LINE
8
BLACK
6
CONTINUOUS
10
1.8675326377952755
20
3.1032271653543306
11
1.8712992125984251
21
3.103976377952756
0
LINE
8
BLACK
6
CONTINUOUS
10
1.8712992125984251
20
3.103976377952756
11
1.9087007874015747
21
3.103976377952756
0
LINE
8
BLACK
6
CONTINUOUS
10
1.9087007874015747
20
3.103976377952756
11
1.9124673622047244
21
3.1032271653543306
0
LINE
8
BLACK
6
CONTINUOUS
10
1.1740421653543307
20
3.1033846456692911
11
1.1772353149606298
21
3.1012510629921257
0
LINE
8
BLACK
6
CONTINUOUS
10
1.1772353149606298
20
3.1012510629921257
11
1.1793688976377952
21
3.0980579133858268
0
LINE
8
BLACK
6
CONTINUOUS
10
1.1793688976377952
20
3.0980579133858268
11
1.1801181102362204
21
3.0942913385826771
0
LINE
8
BLACK
6
CONTINUOUS
10
1.1801181102362204
20
3.0942913385826771
11
1.1801181102362204
21
3.0677165354330707
0
LINE
8
BLACK
6
CONTINUOUS
10
1.1801181102362204
20
3.0677165354330707
11
1.1793688976377952
21
3.063949960629921
0
LINE
8
BLACK
6
CONTINUOUS
10
1.1793688976377952
20
3.063949960629921
11
1.1772353149606298
21
3.0607568110236221
0
LINE
8
BLACK
6
CONTINUOUS
10
1.1772353149606298
20
3.0607568110236221
11
1.1740421653543307
21
3.0586232283464567
0
LINE
8
BLACK
6
CONTINUOUS
10
1.1740421653543307
20
3.0586232283464567
11
1.170275590551181
21
3.0578740157480313
0
LINE
8
BLACK
6
CONTINUOUS
10
1.170275590551181
20
3.0578740157480313
11
1.1328740157480315
21
3.0578740157480313
0
LINE
8
BLACK
6
CONTINUOUS
10
1.1328740157480315
20
3.0578740157480313
11
1.1291074409448818
21
3.0586232283464567
0
LINE
8
BLACK
6
CONTINUOUS
10
1.1291074409448818
20
3.0586232283464567
11
1.1259142913385827
21
3.0607568110236221
0
LINE
8
BLACK
6
CONTINUOUS
10
1.1259142913385827
20
3.0607568110236221
11
1.1237807086614173
21
3.063949960629921
0
LINE
8
BLACK
6
CONTINUOUS
10
1.1237807086614173
20
3.063949960629921
11
1.1230314960629921
21
3.0677165354330707
0
LINE
8
BLACK
6
CONTINUOUS
10
1.1230314960629921
20
3.0677165354330707
11
1.1230314960629921
21
3.0942913385826771
0
LINE
8
BLACK
6
CONTINUOUS
10
1.1230314960629921
20
3.0942913385826771
11
1.1237807086614173
21
3.0980579133858268
0
LINE
8
BLACK
6
CONTINUOUS
10
1.1237807086614173
20
3.0980579133858268
11
1.1259142913385827
21
3.1012510629921257
0
LINE
8
BLACK
6
CONTINUOUS
10
1.1259142913385827
20
3.1012510629921257
11
1.1291074409448818
21
3.1033846456692911
0
LINE
8
BLACK
6
CONTINUOUS
10
1.1291074409448818
20
3.1033846456692911
11
1.1328740157480315
21
3.1041338582677165
0
LINE
8
BLACK
6
CONTINUOUS
10
1.1328740157480315
20
3.1041338582677165
11
1.170275590551181
21
3.1041338582677165
0
LINE
8
BLACK
6
CONTINUOUS
10
1.170275590551181
20
3.1041338582677165
11
1.1740421653543307
21
3.1033846456692911
0
LINE
8
BLACK
6
CONTINUOUS
10
0.6317193307086614
20
3.2185421259842517
11
0.6349124803149606
21
3.2164085433070864
0
LINE
8
BLACK
6
CONTINUOUS
10
0.6349124803149606
20
3.2164085433070864
11
0.637046062992126
21
3.2132153937007875
0
LINE
8
BLACK
6
CONTINUOUS
10
0.637046062992126
20
3.2132153937007875
11
0.6377952755905512
21
3.2094488188976378
0
LINE
8
BLACK
6
CONTINUOUS
10
0.6377952755905512
20
3.2094488188976378
11
0.6377952755905512
21
3.0913385826771651
0
LINE
8
BLACK
6
CONTINUOUS
10
0.6377952755905512
20
3.0913385826771651
11
0.637046062992126
21
3.0875720078740159
0
LINE
8
BLACK
6
CONTINUOUS
10
0.637046062992126
20
3.0875720078740159
11
0.6349124803149606
21
3.0843788582677165
0
LINE
8
BLACK
6
CONTINUOUS
10
0.6349124803149606
20
3.0843788582677165
11
0.6317193307086614
21
3.0822452755905512
0
LINE
8
BLACK
6
CONTINUOUS
10
0.6317193307086614
20
3.0822452755905512
11
0.6279527559055118
21
3.0814960629921258
0
LINE
8
BLACK
6
CONTINUOUS
10
0.6279527559055118
20
3.0814960629921258
11
0.5767716535433071
21
3.0814960629921258
0
LINE
8
BLACK
6
CONTINUOUS
10
0.5767716535433071
20
3.0814960629921258
11
0.5730050787401575
21
3.0822452755905512
0
LINE
8
BLACK
6
CONTINUOUS
10
0.5730050787401575
20
3.0822452755905512
11
0.5698119291338583
21
3.0843788582677165
0
LINE
8
BLACK
6
CONTINUOUS
10
0.5698119291338583
20
3.0843788582677165
11
0.5676783464566929
21
3.0875720078740159
0
LINE
8
BLACK
6
CONTINUOUS
10
0.5676783464566929
20
3.0875720078740159
11
0.5669291338582677
21
3.0913385826771651
0
LINE
8
BLACK
6
CONTINUOUS
10
0.5669291338582677
20
3.0913385826771651
11
0.5669291338582677
21
3.2094488188976378
0
LINE
8
BLACK
6
CONTINUOUS
10
0.5669291338582677
20
3.2094488188976378
11
0.5676783464566929
21
3.2132153937007875
0
LINE
8
BLACK
6
CONTINUOUS
10
0.5676783464566929
20
3.2132153937007875
11
0.5698119291338583
21
3.2164085433070864
0
LINE
8
BLACK
6
CONTINUOUS
10
0.5698119291338583
20
3.2164085433070864
11
0.5730050787401575
21
3.2185421259842517
0
LINE
8
BLACK
6
CONTINUOUS
10
0.5730050787401575
20
3.2185421259842517
11
0.5767716535433071
21
3.2192913385826771
0
LINE
8
BLACK
6
CONTINUOUS
10
0.5767716535433071
20
3.2192913385826771
11
0.6279527559055118
21
3.2192913385826771
0
LINE
8
BLACK
6
CONTINUOUS
10
0.6279527559055118
20
3.2192913385826771
11
0.6317193307086614
21
3.2185421259842517
0
LINE
8
BLACK
6
CONTINUOUS
10
0.404803188976378
20
3.1419059055118108
11
0.4091694488188976
21
3.1397713779527558
0
LINE
8
BLACK
6
CONTINUOUS
10
0.4091694488188976
20
3.1397713779527558
11
0.4126060236220472
21
3.1363348031496061
0
LINE
8
BLACK
6
CONTINUOUS
10
0.4126060236220472
20
3.1363348031496061
11
0.4147405511811024
21
3.1319685433070865
0
LINE
8
BLACK
6
CONTINUOUS
10
0.4147405511811024
20
3.1319685433070865
11
0.4153543307086614
21
3.1277559055118109
0
LINE
8
BLACK
6
CONTINUOUS
10
0.4153543307086614
20
3.1277559055118109
11
0.4153543307086614
21
3.0982283464566929
0
LINE
8
BLACK
6
CONTINUOUS
10
0.4153543307086614
20
3.0982283464566929
11
0.4147405511811024
21
3.0940157086614173
0
LINE
8
BLACK
6
CONTINUOUS
10
0.4147405511811024
20
3.0940157086614173
11
0.4126060236220472
21
3.0896494488188977
0
LINE
8
BLACK
6
CONTINUOUS
10
0.4126060236220472
20
3.0896494488188977
11
0.4091694488188976
21
3.086212874015748
0
LINE
8
BLACK
6
CONTINUOUS
10
0.4091694488188976
20
3.086212874015748
11
0.404803188976378
21
3.084078346456693
0
LINE
8
BLACK
6
CONTINUOUS
10
0.404803188976378
20
3.084078346456693
11
0.4005905511811024
21
3.0834645669291336
0
LINE
8
BLACK
6
CONTINUOUS
10
0.4005905511811024
20
3.0834645669291336
11
0.3513779527559055
21
3.0834645669291336
0
LINE
8
BLACK
6
CONTINUOUS
10
0.3513779527559055
20
3.0834645669291336
11
0.3471653149606299
21
3.084078346456693
0
LINE
8
BLACK
6
CONTINUOUS
10
0.3471653149606299
20
3.084078346456693
11
0.3427990551181102
21
3.086212874015748
0
LINE
8
BLACK
6
CONTINUOUS
10
0.3427990551181102
20
3.086212874015748
11
0.3393624803149606
21
3.0896494488188977
0
LINE
8
BLACK
6
CONTINUOUS
10
0.3393624803149606
20
3.0896494488188977
11
0.3372279527559055
21
3.0940157086614173
0
LINE
8
BLACK
6
CONTINUOUS
10
0.3372279527559055
20
3.0940157086614173
11
0.3366141732283465
21
3.0982283464566929
0
LINE
8
BLACK
6
CONTINUOUS
10
0.3366141732283465
20
3.0982283464566929
11
0.3366141732283465
21
3.1277559055118109
0
LINE
8
BLACK
6
CONTINUOUS
10
0.3366141732283465
20
3.1277559055118109
11
0.3372279527559055
21
3.1319685433070865
0
LINE
8
BLACK
6
CONTINUOUS
10
0.3372279527559055
20
3.1319685433070865
11
0.3393624803149606
21
3.1363348031496061
0
LINE
8
BLACK
6
CONTINUOUS
10
0.3393624803149606
20
3.1363348031496061
11
0.3427990551181102
21
3.1397713779527558
0
LINE
8
BLACK
6
CONTINUOUS
10
0.3427990551181102
20
3.1397713779527558
11
0.3471653149606299
21
3.1419059055118108
0
LINE
8
BLACK
6
CONTINUOUS
10
0.3471653149606299
20
3.1419059055118108
11
0.3513779527559055
21
3.1425196850393702
0
LINE
8
BLACK
6
CONTINUOUS
10
0.3513779527559055
20
3.1425196850393702
11
0.4005905511811024
21
3.1425196850393702
0
LINE
8
BLACK
6
CONTINUOUS
10
0.4005905511811024
20
3.1425196850393702
11
0.404803188976378
21
3.1419059055118108
0
LINE
8
BLACK
6
CONTINUOUS
10
0.5008138188976378
20
3.1432468503937008
11
0.504006968503937
21
3.1411132677165354
0
LINE
8
BLACK
6
CONTINUOUS
10
0.504006968503937
20
3.1411132677165354
11
0.5061405511811023
21
3.1379201181102361
0
LINE
8
BLACK
6
CONTINUOUS
10
0.5061405511811023
20
3.1379201181102361
11
0.5068897637795275
21
3.1341535433070864
0
LINE
8
BLACK
6
CONTINUOUS
10
0.5068897637795275
20
3.1341535433070864
11
0.5068897637795275
21
3.1075787401574804
0
LINE
8
BLACK
6
CONTINUOUS
10
0.5068897637795275
20
3.1075787401574804
11
0.5061405511811023
21
3.1038121653543307
0
LINE
8
BLACK
6
CONTINUOUS
10
0.5061405511811023
20
3.1038121653543307
11
0.504006968503937
21
3.1006190157480313
0
LINE
8
BLACK
6
CONTINUOUS
10
0.504006968503937
20
3.1006190157480313
11
0.5008138188976378
21
3.098485433070866
0
LINE
8
BLACK
6
CONTINUOUS
10
0.5008138188976378
20
3.098485433070866
11
0.4970472440944882
21
3.097736220472441
0
LINE
8
BLACK
6
CONTINUOUS
10
0.4970472440944882
20
3.097736220472441
11
0.4596456692913386
21
3.097736220472441
0
LINE
8
BLACK
6
CONTINUOUS
10
0.4596456692913386
20
3.097736220472441
11
0.455879094488189
21
3.098485433070866
0
LINE
8
BLACK
6
CONTINUOUS
10
0.455879094488189
20
3.098485433070866
11
0.4526859448818897
21
3.1006190157480313
0
LINE
8
BLACK
6
CONTINUOUS
10
0.4526859448818897
20
3.1006190157480313
11
0.4505523622047244
21
3.1038121653543307
0
LINE
8
BLACK
6
CONTINUOUS
10
0.4505523622047244
20
3.1038121653543307
11
0.4498031496062992
21
3.1075787401574804
0
LINE
8
BLACK
6
CONTINUOUS
10
0.4498031496062992
20
3.1075787401574804
11
0.4498031496062992
21
3.1341535433070864
0
LINE
8
BLACK
6
CONTINUOUS
10
0.4498031496062992
20
3.1341535433070864
11
0.4505523622047244
21
3.1379201181102361
0
LINE
8
BLACK
6
CONTINUOUS
10
0.4505523622047244
20
3.1379201181102361
11
0.4526859448818897
21
3.1411132677165354
0
LINE
8
BLACK
6
CONTINUOUS
10
0.4526859448818897
20
3.1411132677165354
11
0.455879094488189
21
3.1432468503937008
0
LINE
8
BLACK
6
CONTINUOUS
10
0.455879094488189
20
3.1432468503937008
11
0.4596456692913386
21
3.1439960629921258
0
LINE
8
BLACK
6
CONTINUOUS
10
0.4596456692913386
20
3.1439960629921258
11
0.4970472440944882
21
3.1439960629921258
0
LINE
8
BLACK
6
CONTINUOUS
10
0.4970472440944882
20
3.1439960629921258
11
0.5008138188976378
21
3.1432468503937008
0
LINE
8
BLACK
6
CONTINUOUS
10
1.9124673622047244
20
3.1756877952755906
11
1.9156605118110235
21
3.1735542125984253
0
LINE
8
BLACK
6
CONTINUOUS
10
1.9156605118110235
20
3.1735542125984253
11
1.9177940944881888
21
3.1703610629921259
0
LINE
8
BLACK
6
CONTINUOUS
10
1.9177940944881888
20
3.1703610629921259
11
1.918543307086614
21
3.1665944881889763
0
LINE
8
BLACK
6
CONTINUOUS
10
1.918543307086614
20
3.1665944881889763
11
1.918543307086614
21
3.1400196850393698
0
LINE
8
BLACK
6
CONTINUOUS
10
1.918543307086614
20
3.1400196850393698
11
1.9177940944881888
21
3.1362531102362206
0
LINE
8
BLACK
6
CONTINUOUS
10
1.9177940944881888
20
3.1362531102362206
11
1.9156605118110235
21
3.1330599606299212
0
LINE
8
BLACK
6
CONTINUOUS
10
1.9156605118110235
20
3.1330599606299212
11
1.9124673622047244
21
3.1309263779527559
0
LINE
8
BLACK
6
CONTINUOUS
10
1.9124673622047244
20
3.1309263779527559
11
1.9087007874015747
21
3.1301771653543304
0
LINE
8
BLACK
6
CONTINUOUS
10
1.9087007874015747
20
3.1301771653543304
11
1.8712992125984251
21
3.1301771653543304
0
LINE
8
BLACK
6
CONTINUOUS
10
1.8712992125984251
20
3.1301771653543304
11
1.8675326377952755
21
3.1309263779527559
0
LINE
8
BLACK
6
CONTINUOUS
10
1.8675326377952755
20
3.1309263779527559
11
1.8643394881889763
21
3.1330599606299212
0
LINE
8
BLACK
6
CONTINUOUS
10
1.8643394881889763
20
3.1330599606299212
11
1.862205905511811
21
3.1362531102362206
0
LINE
8
BLACK
6
CONTINUOUS
10
1.862205905511811
20
3.1362531102362206
11
1.8614566929133858
21
3.1400196850393698
0
LINE
8
BLACK
6
CONTINUOUS
10
1.8614566929133858
20
3.1400196850393698
11
1.8614566929133858
21
3.1665944881889763
0
LINE
8
BLACK
6
CONTINUOUS
10
1.8614566929133858
20
3.1665944881889763
11
1.862205905511811
21
3.1703610629921259
0
LINE
8
BLACK
6
CONTINUOUS
10
1.862205905511811
20
3.1703610629921259
11
1.8643394881889763
21
3.1735542125984253
0
LINE
8
BLACK
6
CONTINUOUS
10
1.8643394881889763
20
3.1735542125984253
11
1.8675326377952755
21
3.1756877952755906
0
LINE
8
BLACK
6
CONTINUOUS
10
1.8675326377952755
20
3.1756877952755906
11
1.8712992125984251
21
3.1764370078740156
0
LINE
8
BLACK
6
CONTINUOUS
10
1.8712992125984251
20
3.1764370078740156
11
1.9087007874015747
21
3.1764370078740156
0
LINE
8
BLACK
6
CONTINUOUS
10
1.9087007874015747
20
3.1764370078740156
11
1.9124673622047244
21
3.1756877952755906
0
LINE
8
BLACK
6
CONTINUOUS
10
1.2527823228346457
20
3.2126366141732281
11
1.2559754724409449
21
3.2105030314960628
0
LINE
8
BLACK
6
CONTINUOUS
10
1.2559754724409449
20
3.2105030314960628
11
1.2581090551181102
21
3.2073098818897638
0
LINE
8
BLACK
6
CONTINUOUS
10
1.2581090551181102
20
3.2073098818897638
11
1.2588582677165354
21
3.2035433070866142
0
LINE
8
BLACK
6
CONTINUOUS
10
1.2588582677165354
20
3.2035433070866142
11
1.2588582677165354
21
3.1769685039370077
0
LINE
8
BLACK
6
CONTINUOUS
10
1.2588582677165354
20
3.1769685039370077
11
1.2581090551181102
21
3.173201929133858
0
LINE
8
BLACK
6
CONTINUOUS
10
1.2581090551181102
20
3.173201929133858
11
1.2559754724409449
21
3.1700087795275591
0
LINE
8
BLACK
6
CONTINUOUS
10
1.2559754724409449
20
3.1700087795275591
11
1.2527823228346457
21
3.1678751968503938
0
LINE
8
BLACK
6
CONTINUOUS
10
1.2527823228346457
20
3.1678751968503938
11
1.2490157480314961
21
3.1671259842519683
0
LINE
8
BLACK
6
CONTINUOUS
10
1.2490157480314961
20
3.1671259842519683
11
1.2116141732283465
21
3.1671259842519683
0
LINE
8
BLACK
6
CONTINUOUS
10
1.2116141732283465
20
3.1671259842519683
11
1.2078475984251968
21
3.1678751968503938
0
LINE
8
BLACK
6
CONTINUOUS
10
1.2078475984251968
20
3.1678751968503938
11
1.2046544488188977
21
3.1700087795275591
0
LINE
8
BLACK
6
CONTINUOUS
10
1.2046544488188977
20
3.1700087795275591
11
1.2025208661417321
21
3.173201929133858
0
LINE
8
BLACK
6
CONTINUOUS
10
1.2025208661417321
20
3.173201929133858
11
1.201771653543307
21
3.1769685039370077
0
LINE
8
BLACK
6
CONTINUOUS
10
1.201771653543307
20
3.1769685039370077
11
1.201771653543307
21
3.2035433070866142
0
LINE
8
BLACK
6
CONTINUOUS
10
1.201771653543307
20
3.2035433070866142
11
1.2025208661417321
21
3.2073098818897638
0
LINE
8
BLACK
6
CONTINUOUS
10
1.2025208661417321
20
3.2073098818897638
11
1.2046544488188977
21
3.2105030314960628
0
LINE
8
BLACK
6
CONTINUOUS
10
1.2046544488188977
20
3.2105030314960628
11
1.2078475984251968
21
3.2126366141732281
0
LINE
8
BLACK
6
CONTINUOUS
10
1.2078475984251968
20
3.2126366141732281
11
1.2116141732283465
21
3.2133858267716535
0
LINE
8
BLACK
6
CONTINUOUS
10
1.2116141732283465
20
3.2133858267716535
11
1.2490157480314961
21
3.2133858267716535
0
LINE
8
BLACK
6
CONTINUOUS
10
1.2490157480314961
20
3.2133858267716535
11
1.2527823228346457
21
3.2126366141732281
0
LINE
8
BLACK
6
CONTINUOUS
10
0.404803188976378
20
3.2324570866141733
11
0.4091694488188976
21
3.2303225590551179
0
LINE
8
BLACK
6
CONTINUOUS
10
0.4091694488188976
20
3.2303225590551179
11
0.4126060236220472
21
3.2268859842519686
0
LINE
8
BLACK
6
CONTINUOUS
10
0.4126060236220472
20
3.2268859842519686
11
0.4147405511811024
21
3.2225197244094486
0
LINE
8
BLACK
6
CONTINUOUS
10
0.4147405511811024
20
3.2225197244094486
11
0.4153543307086614
21
3.218307086614173
0
LINE
8
BLACK
6
CONTINUOUS
10
0.4153543307086614
20
3.218307086614173
11
0.4153543307086614
21
3.1887795275590549
0
LINE
8
BLACK
6
CONTINUOUS
10
0.4153543307086614
20
3.1887795275590549
11
0.4147405511811024
21
3.1845668897637793
0
LINE
8
BLACK
6
CONTINUOUS
10
0.4147405511811024
20
3.1845668897637793
11
0.4126060236220472
21
3.1802006299212597
0
LINE
8
BLACK
6
CONTINUOUS
10
0.4126060236220472
20
3.1802006299212597
11
0.4091694488188976
21
3.17676405511811
0
LINE
8
BLACK
6
CONTINUOUS
10
0.4091694488188976
20
3.17676405511811
11
0.404803188976378
21
3.174629527559055
0
LINE
8
BLACK
6
CONTINUOUS
10
0.404803188976378
20
3.174629527559055
11
0.4005905511811024
21
3.1740157480314961
0
LINE
8
BLACK
6
CONTINUOUS
10
0.4005905511811024
20
3.1740157480314961
11
0.3513779527559055
21
3.1740157480314961
0
LINE
8
BLACK
6
CONTINUOUS
10
0.3513779527559055
20
3.1740157480314961
11
0.3471653149606299
21
3.174629527559055
0
LINE
8
BLACK
6
CONTINUOUS
10
0.3471653149606299
20
3.174629527559055
11
0.3427990551181102
21
3.17676405511811
0
LINE
8
BLACK
6
CONTINUOUS
10
0.3427990551181102
20
3.17676405511811
11
0.3393624803149606
21
3.1802006299212597
0
LINE
8
BLACK
6
CONTINUOUS
10
0.3393624803149606
20
3.1802006299212597
11
0.3372279527559055
21
3.1845668897637793
0
LINE
8
BLACK
6
CONTINUOUS
10
0.3372279527559055
20
3.1845668897637793
11
0.3366141732283465
21
3.1887795275590549
0
LINE
8
BLACK
6
CONTINUOUS
10
0.3366141732283465
20
3.1887795275590549
11
0.3366141732283465
21
3.218307086614173
0
LINE
8
BLACK
6
CONTINUOUS
10
0.3366141732283465
20
3.218307086614173
11
0.3372279527559055
21
3.2225197244094486
0
LINE
8
BLACK
6
CONTINUOUS
10
0.3372279527559055
20
3.2225197244094486
11
0.3393624803149606
21
3.2268859842519686
0
LINE
8
BLACK
6
CONTINUOUS
10
0.3393624803149606
20
3.2268859842519686
11
0.3427990551181102
21
3.2303225590551179
0
LINE
8
BLACK
6
CONTINUOUS
10
0.3427990551181102
20
3.2303225590551179
11
0.3471653149606299
21
3.2324570866141733
0
LINE
8
BLACK
6
CONTINUOUS
10
0.3471653149606299
20
3.2324570866141733
11
0.3513779527559055
21
3.2330708661417322
0
LINE
8
BLACK
6
CONTINUOUS
10
0.3513779527559055
20
3.2330708661417322
11
0.4005905511811024
21
3.2330708661417322
0
LINE
8
BLACK
6
CONTINUOUS
10
0.4005905511811024
20
3.2330708661417322
11
0.404803188976378
21
3.2324570866141733
0
LINE
8
BLACK
6
CONTINUOUS
10
0.5008138188976378
20
3.2249397637795276
11
0.504006968503937
21
3.2228061811023623
0
LINE
8
BLACK
6
CONTINUOUS
10
0.504006968503937
20
3.2228061811023623
11
0.5061405511811023
21
3.2196130314960629
0
LINE
8
BLACK
6
CONTINUOUS
10
0.5061405511811023
20
3.2196130314960629
11
0.5068897637795275
21
3.2158464566929132
0
LINE
8
BLACK
6
CONTINUOUS
10
0.5068897637795275
20
3.2158464566929132
11
0.5068897637795275
21
3.1892716535433072
0
LINE
8
BLACK
6
CONTINUOUS
10
0.5068897637795275
20
3.1892716535433072
11
0.5061405511811023
21
3.1855050787401575
0
LINE
8
BLACK
6
CONTINUOUS
10
0.5061405511811023
20
3.1855050787401575
11
0.504006968503937
21
3.1823119291338582
0
LINE
8
BLACK
6
CONTINUOUS
10
0.504006968503937
20
3.1823119291338582
11
0.5008138188976378
21
3.1801783464566928
0
LINE
8
BLACK
6
CONTINUOUS
10
0.5008138188976378
20
3.1801783464566928
11
0.4970472440944882
21
3.1794291338582679
0
LINE
8
BLACK
6
CONTINUOUS
10
0.4970472440944882
20
3.1794291338582679
11
0.4596456692913386
21
3.1794291338582679
0
LINE
8
BLACK
6
CONTINUOUS
10
0.4596456692913386
20
3.1794291338582679
11
0.455879094488189
21
3.1801783464566928
0
LINE
8
BLACK
6
CONTINUOUS
10
0.455879094488189
20
3.1801783464566928
11
0.4526859448818897
21
3.1823119291338582
0
LINE
8
BLACK
6
CONTINUOUS
10
0.4526859448818897
20
3.1823119291338582
11
0.4505523622047244
21
3.1855050787401575
0
LINE
8
BLACK
6
CONTINUOUS
10
0.4505523622047244
20
3.1855050787401575
11
0.4498031496062992
21
3.1892716535433072
0
LINE
8
BLACK
6
CONTINUOUS
10
0.4498031496062992
20
3.1892716535433072
11
0.4498031496062992
21
3.2158464566929132
0
LINE
8
BLACK
6
CONTINUOUS
10
0.4498031496062992
20
3.2158464566929132
11
0.4505523622047244
21
3.2196130314960629
0
LINE
8
BLACK
6
CONTINUOUS
10
0.4505523622047244
20
3.2196130314960629
11
0.4526859448818897
21
3.2228061811023623
0
LINE
8
BLACK
6
CONTINUOUS
10
0.4526859448818897
20
3.2228061811023623
11
0.455879094488189
21
3.2249397637795276
0
LINE
8
BLACK
6
CONTINUOUS
10
0.455879094488189
20
3.2249397637795276
11
0.4596456692913386
21
3.2256889763779526
0
LINE
8
BLACK
6
CONTINUOUS
10
0.4596456692913386
20
3.2256889763779526
11
0.4970472440944882
21
3.2256889763779526
0
LINE
8
BLACK
6
CONTINUOUS
10
0.4970472440944882
20
3.2256889763779526
11
0.5008138188976378
21
3.2249397637795276
0
LINE
8
BLACK
6
CONTINUOUS
10
1.9124673622047244
20
3.257380708661417
11
1.9156605118110235
21
3.2552471259842517
0
LINE
8
BLACK
6
CONTINUOUS
10
1.9156605118110235
20
3.2552471259842517
11
1.9177940944881888
21
3.2520539763779528
0
LINE
8
BLACK
6
CONTINUOUS
10
1.9177940944881888
20
3.2520539763779528
11
1.918543307086614
21
3.2482874015748031
0
LINE
8
BLACK
6
CONTINUOUS
10
1.918543307086614
20
3.2482874015748031
11
1.918543307086614
21
3.2217125984251966
0
LINE
8
BLACK
6
CONTINUOUS
10
1.918543307086614
20
3.2217125984251966
11
1.9177940944881888
21
3.217946023622047
0
LINE
8
BLACK
6
CONTINUOUS
10
1.9177940944881888
20
3.217946023622047
11
1.9156605118110235
21
3.2147528740157481
0
LINE
8
BLACK
6
CONTINUOUS
10
1.9156605118110235
20
3.2147528740157481
11
1.9124673622047244
21
3.2126192913385827
0
LINE
8
BLACK
6
CONTINUOUS
10
1.9124673622047244
20
3.2126192913385827
11
1.9087007874015747
21
3.2118700787401573
0
LINE
8
BLACK
6
CONTINUOUS
10
1.9087007874015747
20
3.2118700787401573
11
1.8712992125984251
21
3.2118700787401573
0
LINE
8
BLACK
6
CONTINUOUS
10
1.8712992125984251
20
3.2118700787401573
11
1.8675326377952755
21
3.2126192913385827
0
LINE
8
BLACK
6
CONTINUOUS
10
1.8675326377952755
20
3.2126192913385827
11
1.8643394881889763
21
3.2147528740157481
0
LINE
8
BLACK
6
CONTINUOUS
10
1.8643394881889763
20
3.2147528740157481
11
1.862205905511811
21
3.217946023622047
0
LINE
8
BLACK
6
CONTINUOUS
10
1.862205905511811
20
3.217946023622047
11
1.8614566929133858
21
3.2217125984251966
0
LINE
8
BLACK
6
CONTINUOUS
10
1.8614566929133858
20
3.2217125984251966
11
1.8614566929133858
21
3.2482874015748031
0
LINE
8
BLACK
6
CONTINUOUS
10
1.8614566929133858
20
3.2482874015748031
11
1.862205905511811
21
3.2520539763779528
0
LINE
8
BLACK
6
CONTINUOUS
10
1.862205905511811
20
3.2520539763779528
11
1.8643394881889763
21
3.2552471259842517
0
LINE
8
BLACK
6
CONTINUOUS
10
1.8643394881889763
20
3.2552471259842517
11
1.8675326377952755
21
3.257380708661417
0
LINE
8
BLACK
6
CONTINUOUS
10
1.8675326377952755
20
3.257380708661417
11
1.8712992125984251
21
3.2581299212598425
0
LINE
8
BLACK
6
CONTINUOUS
10
1.8712992125984251
20
3.2581299212598425
11
1.9087007874015747
21
3.2581299212598425
0
LINE
8
BLACK
6
CONTINUOUS
10
1.9087007874015747
20
3.2581299212598425
11
1.9124673622047244
21
3.257380708661417
0
LINE
8
BLACK
6
CONTINUOUS
10
1.2527823228346457
20
3.2943295275590549
11
1.2559754724409449
21
3.2921959448818896
0
LINE
8
BLACK
6
CONTINUOUS
10
1.2559754724409449
20
3.2921959448818896
11
1.2581090551181102
21
3.2890027952755907
0
LINE
8
BLACK
6
CONTINUOUS
10
1.2581090551181102
20
3.2890027952755907
11
1.2588582677165354
21
3.285236220472441
0
LINE
8
BLACK
6
CONTINUOUS
10
1.2588582677165354
20
3.285236220472441
11
1.2588582677165354
21
3.2586614173228345
0
LINE
8
BLACK
6
CONTINUOUS
10
1.2588582677165354
20
3.2586614173228345
11
1.2581090551181102
21
3.2548948425196849
0
LINE
8
BLACK
6
CONTINUOUS
10
1.2581090551181102
20
3.2548948425196849
11
1.2559754724409449
21
3.251701692913386
0
LINE
8
BLACK
6
CONTINUOUS
10
1.2559754724409449
20
3.251701692913386
11
1.2527823228346457
21
3.2495681102362206
0
LINE
8
BLACK
6
CONTINUOUS
10
1.2527823228346457
20
3.2495681102362206
11
1.2490157480314961
21
3.2488188976377952
0
LINE
8
BLACK
6
CONTINUOUS
10
1.2490157480314961
20
3.2488188976377952
11
1.2116141732283465
21
3.2488188976377952
0
LINE
8
BLACK
6
CONTINUOUS
10
1.2116141732283465
20
3.2488188976377952
11
1.2078475984251968
21
3.2495681102362206
0
LINE
8
BLACK
6
CONTINUOUS
10
1.2078475984251968
20
3.2495681102362206
11
1.2046544488188977
21
3.251701692913386
0
LINE
8
BLACK
6
CONTINUOUS
10
1.2046544488188977
20
3.251701692913386
11
1.2025208661417321
21
3.2548948425196849
0
LINE
8
BLACK
6
CONTINUOUS
10
1.2025208661417321
20
3.2548948425196849
11
1.201771653543307
21
3.2586614173228345
0
LINE
8
BLACK
6
CONTINUOUS
10
1.201771653543307
20
3.2586614173228345
11
1.201771653543307
21
3.285236220472441
0
LINE
8
BLACK
6
CONTINUOUS
10
1.201771653543307
20
3.285236220472441
11
1.2025208661417321
21
3.2890027952755907
0
LINE
8
BLACK
6
CONTINUOUS
10
1.2025208661417321
20
3.2890027952755907
11
1.2046544488188977
21
3.2921959448818896
0
LINE
8
BLACK
6
CONTINUOUS
10
1.2046544488188977
20
3.2921959448818896
11
1.2078475984251968
21
3.2943295275590549
0
LINE
8
BLACK
6
CONTINUOUS
10
1.2078475984251968
20
3.2943295275590549
11
1.2116141732283465
21
3.2950787401574804
0
LINE
8
BLACK
6
CONTINUOUS
10
1.2116141732283465
20
3.2950787401574804
11
1.2490157480314961
21
3.2950787401574804
0
LINE
8
BLACK
6
CONTINUOUS
10
1.2490157480314961
20
3.2950787401574804
11
1.2527823228346457
21
3.2943295275590549
0
LINE
8
BLACK
6
CONTINUOUS
10
0.6317193307086614
20
3.4153925196850392
11
0.6349124803149606
21
3.4132589370078739
0
LINE
8
BLACK
6
CONTINUOUS
10
0.6349124803149606
20
3.4132589370078739
11
0.637046062992126
21
3.4100657874015745
0
LINE
8
BLACK
6
CONTINUOUS
10
0.637046062992126
20
3.4100657874015745
11
0.6377952755905512
21
3.4062992125984253
0
LINE
8
BLACK
6
CONTINUOUS
10
0.6377952755905512
20
3.4062992125984253
11
0.6377952755905512
21
3.2881889763779526
0
LINE
8
BLACK
6
CONTINUOUS
10
0.6377952755905512
20
3.2881889763779526
11
0.637046062992126
21
3.2844224015748029
0
LINE
8
BLACK
6
CONTINUOUS
10
0.637046062992126
20
3.2844224015748029
11
0.6349124803149606
21
3.281229251968504
0
LINE
8
BLACK
6
CONTINUOUS
10
0.6349124803149606
20
3.281229251968504
11
0.6317193307086614
21
3.2790956692913387
0
LINE
8
BLACK
6
CONTINUOUS
10
0.6317193307086614
20
3.2790956692913387
11
0.6279527559055118
21
3.2783464566929132
0
LINE
8
BLACK
6
CONTINUOUS
10
0.6279527559055118
20
3.2783464566929132
11
0.5767716535433071
21
3.2783464566929132
0
LINE
8
BLACK
6
CONTINUOUS
10
0.5767716535433071
20
3.2783464566929132
11
0.5730050787401575
21
3.2790956692913387
0
LINE
8
BLACK
6
CONTINUOUS
10
0.5730050787401575
20
3.2790956692913387
11
0.5698119291338583
21
3.281229251968504
0
LINE
8
BLACK
6
CONTINUOUS
10
0.5698119291338583
20
3.281229251968504
11
0.5676783464566929
21
3.2844224015748029
0
LINE
8
BLACK
6
CONTINUOUS
10
0.5676783464566929
20
3.2844224015748029
11
0.5669291338582677
21
3.2881889763779526
0
LINE
8
BLACK
6
CONTINUOUS
10
0.5669291338582677
20
3.2881889763779526
11
0.5669291338582677
21
3.4062992125984253
0
LINE
8
BLACK
6
CONTINUOUS
10
0.5669291338582677
20
3.4062992125984253
11
0.5676783464566929
21
3.4100657874015745
0
LINE
8
BLACK
6
CONTINUOUS
10
0.5676783464566929
20
3.4100657874015745
11
0.5698119291338583
21
3.4132589370078739
0
LINE
8
BLACK
6
CONTINUOUS
10
0.5698119291338583
20
3.4132589370078739
11
0.5730050787401575
21
3.4153925196850392
0
LINE
8
BLACK
6
CONTINUOUS
10
0.5730050787401575
20
3.4153925196850392
11
0.5767716535433071
21
3.4161417322834646
0
LINE
8
BLACK
6
CONTINUOUS
10
0.5767716535433071
20
3.4161417322834646
11
0.6279527559055118
21
3.4161417322834646
0
LINE
8
BLACK
6
CONTINUOUS
10
0.6279527559055118
20
3.4161417322834646
11
0.6317193307086614
21
3.4153925196850392
0
LINE
8
BLACK
6
CONTINUOUS
10
1.3826771653543306
20
3.3496062992125983
11
1.3649606299212598
21
3.3496062992125983
0
LINE
8
BLACK
6
CONTINUOUS
10
1.3649606299212598
20
3.3496062992125983
11
1.3649606299212598
21
3.400787401574803
0
LINE
8
BLACK
6
CONTINUOUS
10
1.3649606299212598
20
3.400787401574803
11
1.3826771653543306
21
3.400787401574803
0
LINE
8
BLACK
6
CONTINUOUS
10
1.3826771653543306
20
3.400787401574803
11
1.3826771653543306
21
3.3496062992125983
0
LINE
8
BLACK
6
CONTINUOUS
10
1.4082677165354331
20
3.3496062992125983
11
1.3905511811023621
21
3.3496062992125983
0
LINE
8
BLACK
6
CONTINUOUS
10
1.3905511811023621
20
3.3496062992125983
11
1.3905511811023621
21
3.400787401574803
0
LINE
8
BLACK
6
CONTINUOUS
10
1.3905511811023621
20
3.400787401574803
11
1.4082677165354331
21
3.400787401574803
0
LINE
8
BLACK
6
CONTINUOUS
10
1.4082677165354331
20
3.400787401574803
11
1.4082677165354331
21
3.3496062992125983
0
LINE
8
BLACK
6
CONTINUOUS
10
1.4338582677165355
20
3.3496062992125983
11
1.4161417322834646
21
3.3496062992125983
0
LINE
8
BLACK
6
CONTINUOUS
10
1.4161417322834646
20
3.3496062992125983
11
1.4161417322834646
21
3.400787401574803
0
LINE
8
BLACK
6
CONTINUOUS
10
1.4161417322834646
20
3.400787401574803
11
1.4338582677165355
21
3.400787401574803
0
LINE
8
BLACK
6
CONTINUOUS
10
1.4338582677165355
20
3.400787401574803
11
1.4338582677165355
21
3.3496062992125983
0
LINE
8
BLACK
6
CONTINUOUS
10
1.4594488188976378
20
3.3496062992125983
11
1.4417322834645669
21
3.3496062992125983
0
LINE
8
BLACK
6
CONTINUOUS
10
1.4417322834645669
20
3.3496062992125983
11
1.4417322834645669
21
3.400787401574803
0
LINE
8
BLACK
6
CONTINUOUS
10
1.4417322834645669
20
3.400787401574803
11
1.4594488188976378
21
3.400787401574803
0
LINE
8
BLACK
6
CONTINUOUS
10
1.4594488188976378
20
3.400787401574803
11
1.4594488188976378
21
3.3496062992125983
0
LINE
8
BLACK
6
CONTINUOUS
10
1.4850393700787401
20
3.3496062992125983
11
1.4673228346456693
21
3.3496062992125983
0
LINE
8
BLACK
6
CONTINUOUS
10
1.4673228346456693
20
3.3496062992125983
11
1.4673228346456693
21
3.400787401574803
0
LINE
8
BLACK
6
CONTINUOUS
10
1.4673228346456693
20
3.400787401574803
11
1.4850393700787401
21
3.400787401574803
0
LINE
8
BLACK
6
CONTINUOUS
10
1.4850393700787401
20
3.400787401574803
11
1.4850393700787401
21
3.3496062992125983
0
LINE
8
BLACK
6
CONTINUOUS
10
0.607113031496063
20
3.5748413385826772
11
0.6103061811023622
21
3.5727077559055118
0
LINE
8
BLACK
6
CONTINUOUS
10
0.6103061811023622
20
3.5727077559055118
11
0.6124397637795276
21
3.5695146062992125
0
LINE
8
BLACK
6
CONTINUOUS
10
0.6124397637795276
20
3.5695146062992125
11
0.6131889763779528
21
3.5657480314960628
0
LINE
8
BLACK
6
CONTINUOUS
10
0.6131889763779528
20
3.5657480314960628
11
0.6131889763779528
21
3.4515748031496063
0
LINE
8
BLACK
6
CONTINUOUS
10
0.6131889763779528
20
3.4515748031496063
11
0.6124397637795276
21
3.4478082283464566
0
LINE
8
BLACK
6
CONTINUOUS
10
0.6124397637795276
20
3.4478082283464566
11
0.6103061811023622
21
3.4446150787401573
0
LINE
8
BLACK
6
CONTINUOUS
10
0.6103061811023622
20
3.4446150787401573
11
0.607113031496063
21
3.4424814960629919
0
LINE
8
BLACK
6
CONTINUOUS
10
0.607113031496063
20
3.4424814960629919
11
0.6033464566929134
21
3.4417322834645669
0
LINE
8
BLACK
6
CONTINUOUS
10
0.6033464566929134
20
3.4417322834645669
11
0.5718503937007874
21
3.4417322834645669
0
LINE
8
BLACK
6
CONTINUOUS
10
0.5718503937007874
20
3.4417322834645669
11
0.5680838188976378
21
3.4424814960629919
0
LINE
8
BLACK
6
CONTINUOUS
10
0.5680838188976378
20
3.4424814960629919
11
0.5648906692913386
21
3.4446150787401573
0
LINE
8
BLACK
6
CONTINUOUS
10
0.5648906692913386
20
3.4446150787401573
11
0.5627570866141732
21
3.4478082283464566
0
LINE
8
BLACK
6
CONTINUOUS
10
0.5627570866141732
20
3.4478082283464566
11
0.562007874015748
21
3.4515748031496063
0
LINE
8
BLACK
6
CONTINUOUS
10
0.562007874015748
20
3.4515748031496063
11
0.562007874015748
21
3.5657480314960628
0
LINE
8
BLACK
6
CONTINUOUS
10
0.562007874015748
20
3.5657480314960628
11
0.5627570866141732
21
3.5695146062992125
0
LINE
8
BLACK
6
CONTINUOUS
10
0.5627570866141732
20
3.5695146062992125
11
0.5648906692913386
21
3.5727077559055118
0
LINE
8
BLACK
6
CONTINUOUS
10
0.5648906692913386
20
3.5727077559055118
11
0.5680838188976378
21
3.5748413385826772
0
LINE
8
BLACK
6
CONTINUOUS
10
0.5680838188976378
20
3.5748413385826772
11
0.5718503937007874
21
3.5755905511811021
0
LINE
8
BLACK
6
CONTINUOUS
10
0.5718503937007874
20
3.5755905511811021
11
0.6033464566929134
21
3.5755905511811021
0
LINE
8
BLACK
6
CONTINUOUS
10
0.6033464566929134
20
3.5755905511811021
11
0.607113031496063
21
3.5748413385826772
0
LINE
8
BLACK
6
CONTINUOUS
10
0.7823098818897638
20
3.5748413385826772
11
0.7855030314960629
21
3.5727077559055118
0
LINE
8
BLACK
6
CONTINUOUS
10
0.7855030314960629
20
3.5727077559055118
11
0.7876366141732283
21
3.5695146062992125
0
LINE
8
BLACK
6
CONTINUOUS
10
0.7876366141732283
20
3.5695146062992125
11
0.7883858267716535
21
3.5657480314960628
0
LINE
8
BLACK
6
CONTINUOUS
10
0.7883858267716535
20
3.5657480314960628
11
0.7883858267716535
21
3.4515748031496063
0
LINE
8
BLACK
6
CONTINUOUS
10
0.7883858267716535
20
3.4515748031496063
11
0.7876366141732283
21
3.4478082283464566
0
LINE
8
BLACK
6
CONTINUOUS
10
0.7876366141732283
20
3.4478082283464566
11
0.7855030314960629
21
3.4446150787401573
0
LINE
8
BLACK
6
CONTINUOUS
10
0.7855030314960629
20
3.4446150787401573
11
0.7823098818897638
21
3.4424814960629919
0
LINE
8
BLACK
6
CONTINUOUS
10
0.7823098818897638
20
3.4424814960629919
11
0.7785433070866141
21
3.4417322834645669
0
LINE
8
BLACK
6
CONTINUOUS
10
0.7785433070866141
20
3.4417322834645669
11
0.7470472440944882
21
3.4417322834645669
0
LINE
8
BLACK
6
CONTINUOUS
10
0.7470472440944882
20
3.4417322834645669
11
0.7432806692913385
21
3.4424814960629919
0
LINE
8
BLACK
6
CONTINUOUS
10
0.7432806692913385
20
3.4424814960629919
11
0.7400875196850394
21
3.4446150787401573
0
LINE
8
BLACK
6
CONTINUOUS
10
0.7400875196850394
20
3.4446150787401573
11
0.737953937007874
21
3.4478082283464566
0
LINE
8
BLACK
6
CONTINUOUS
10
0.737953937007874
20
3.4478082283464566
11
0.7372047244094488
21
3.4515748031496063
0
LINE
8
BLACK
6
CONTINUOUS
10
0.7372047244094488
20
3.4515748031496063
11
0.7372047244094488
21
3.5657480314960628
0
LINE
8
BLACK
6
CONTINUOUS
10
0.7372047244094488
20
3.5657480314960628
11
0.737953937007874
21
3.5695146062992125
0
LINE
8
BLACK
6
CONTINUOUS
10
0.737953937007874
20
3.5695146062992125
11
0.7400875196850394
21
3.5727077559055118
0
LINE
8
BLACK
6
CONTINUOUS
10
0.7400875196850394
20
3.5727077559055118
11
0.7432806692913385
21
3.5748413385826772
0
LINE
8
BLACK
6
CONTINUOUS
10
0.7432806692913385
20
3.5748413385826772
11
0.7470472440944882
21
3.5755905511811021
0
LINE
8
BLACK
6
CONTINUOUS
10
0.7470472440944882
20
3.5755905511811021
11
0.7785433070866141
21
3.5755905511811021
0
LINE
8
BLACK
6
CONTINUOUS
10
0.7785433070866141
20
3.5755905511811021
11
0.7823098818897638
21
3.5748413385826772
0
LINE
8
BLACK
6
CONTINUOUS
10
0.950616968503937
20
3.5433452755905512
11
0.9538101181102362
21
3.5412116929133859
0
LINE
8
BLACK
6
CONTINUOUS
10
0.9538101181102362
20
3.5412116929133859
11
0.9559437007874015
21
3.5380185433070865
0
LINE
8
BLACK
6
CONTINUOUS
10
0.9559437007874015
20
3.5380185433070865
11
0.9566929133858267
21
3.5342519685039369
0
LINE
8
BLACK
6
CONTINUOUS
10
0.9566929133858267
20
3.5342519685039369
11
0.9566929133858267
21
3.4830708661417322
0
LINE
8
BLACK
6
CONTINUOUS
10
0.9566929133858267
20
3.4830708661417322
11
0.9559437007874015
21
3.4793042913385825
0
LINE
8
BLACK
6
CONTINUOUS
10
0.9559437007874015
20
3.4793042913385825
11
0.9538101181102362
21
3.4761111417322832
0
LINE
8
BLACK
6
CONTINUOUS
10
0.9538101181102362
20
3.4761111417322832
11
0.950616968503937
21
3.4739775590551178
0
LINE
8
BLACK
6
CONTINUOUS
10
0.950616968503937
20
3.4739775590551178
11
0.9468503937007874
21
3.4732283464566929
0
LINE
8
BLACK
6
CONTINUOUS
10
0.9468503937007874
20
3.4732283464566929
11
0.8287401574803149
21
3.4732283464566929
0
LINE
8
BLACK
6
CONTINUOUS
10
0.8287401574803149
20
3.4732283464566929
11
0.8249735826771654
21
3.4739775590551178
0
LINE
8
BLACK
6
CONTINUOUS
10
0.8249735826771654
20
3.4739775590551178
11
0.8217804330708661
21
3.4761111417322832
0
LINE
8
BLACK
6
CONTINUOUS
10
0.8217804330708661
20
3.4761111417322832
11
0.8196468503937008
21
3.4793042913385825
0
LINE
8
BLACK
6
CONTINUOUS
10
0.8196468503937008
20
3.4793042913385825
11
0.8188976377952756
21
3.4830708661417322
0
LINE
8
BLACK
6
CONTINUOUS
10
0.8188976377952756
20
3.4830708661417322
11
0.8188976377952756
21
3.5342519685039369
0
LINE
8
BLACK
6
CONTINUOUS
10
0.8188976377952756
20
3.5342519685039369
11
0.8196468503937008
21
3.5380185433070865
0
LINE
8
BLACK
6
CONTINUOUS
10
0.8196468503937008
20
3.5380185433070865
11
0.8217804330708661
21
3.5412116929133859
0
LINE
8
BLACK
6
CONTINUOUS
10
0.8217804330708661
20
3.5412116929133859
11
0.8249735826771654
21
3.5433452755905512
0
LINE
8
BLACK
6
CONTINUOUS
10
0.8249735826771654
20
3.5433452755905512
11
0.8287401574803149
21
3.5440944881889762
0
LINE
8
BLACK
6
CONTINUOUS
10
0.8287401574803149
20
3.5440944881889762
11
0.9468503937007874
21
3.5440944881889762
0
LINE
8
BLACK
6
CONTINUOUS
10
0.9468503937007874
20
3.5440944881889762
11
0.950616968503937
21
3.5433452755905512
0
LINE
8
BLACK
6
CONTINUOUS
10
1.1474673622047245
20
3.5433452755905512
11
1.1506605118110236
21
3.5412116929133859
0
LINE
8
BLACK
6
CONTINUOUS
10
1.1506605118110236
20
3.5412116929133859
11
1.1527940944881889
21
3.5380185433070865
0
LINE
8
BLACK
6
CONTINUOUS
10
1.1527940944881889
20
3.5380185433070865
11
1.1535433070866141
21
3.5342519685039369
0
LINE
8
BLACK
6
CONTINUOUS
10
1.1535433070866141
20
3.5342519685039369
11
1.1535433070866141
21
3.4830708661417322
0
LINE
8
BLACK
6
CONTINUOUS
10
1.1535433070866141
20
3.4830708661417322
11
1.1527940944881889
21
3.4793042913385825
0
LINE
8
BLACK
6
CONTINUOUS
10
1.1527940944881889
20
3.4793042913385825
11
1.1506605118110236
21
3.4761111417322832
0
LINE
8
BLACK
6
CONTINUOUS
10
1.1506605118110236
20
3.4761111417322832
11
1.1474673622047245
21
3.4739775590551178
0
LINE
8
BLACK
6
CONTINUOUS
10
1.1474673622047245
20
3.4739775590551178
11
1.1437007874015748
21
3.4732283464566929
0
LINE
8
BLACK
6
CONTINUOUS
10
1.1437007874015748
20
3.4732283464566929
11
1.0255905511811023
21
3.4732283464566929
0
LINE
8
BLACK
6
CONTINUOUS
10
1.0255905511811023
20
3.4732283464566929
11
1.0218239763779526
21
3.4739775590551178
0
LINE
8
BLACK
6
CONTINUOUS
10
1.0218239763779526
20
3.4739775590551178
11
1.0186308267716535
21
3.4761111417322832
0
LINE
8
BLACK
6
CONTINUOUS
10
1.0186308267716535
20
3.4761111417322832
11
1.0164972440944882
21
3.4793042913385825
0
LINE
8
BLACK
6
CONTINUOUS
10
1.0164972440944882
20
3.4793042913385825
11
1.015748031496063
21
3.4830708661417322
0
LINE
8
BLACK
6
CONTINUOUS
10
1.015748031496063
20
3.4830708661417322
11
1.015748031496063
21
3.5342519685039369
0
LINE
8
BLACK
6
CONTINUOUS
10
1.015748031496063
20
3.5342519685039369
11
1.0164972440944882
21
3.5380185433070865
0
LINE
8
BLACK
6
CONTINUOUS
10
1.0164972440944882
20
3.5380185433070865
11
1.0186308267716535
21
3.5412116929133859
0
LINE
8
BLACK
6
CONTINUOUS
10
1.0186308267716535
20
3.5412116929133859
11
1.0218239763779526
21
3.5433452755905512
0
LINE
8
BLACK
6
CONTINUOUS
10
1.0218239763779526
20
3.5433452755905512
11
1.0255905511811023
21
3.5440944881889762
0
LINE
8
BLACK
6
CONTINUOUS
10
1.0255905511811023
20
3.5440944881889762
11
1.1437007874015748
21
3.5440944881889762
0
LINE
8
BLACK
6
CONTINUOUS
10
1.1437007874015748
20
3.5440944881889762
11
1.1474673622047245
21
3.5433452755905512
  0
ENDSEC
  0
EOF
