  0
SECTION
  2
HEADER
  9
$ANGBASE
  50
0.0
  9
$ANGDIR
  70
1
  9
$MEASUREMENT
  70
0
  0
ENDSEC
  0
SECTION
  2
TABLES
  0
TABLE
  2
LTYPE
  70
4
  0
LTYPE
  5
40F
  2
CONTINUOUS
  70
0
  3
Solid line
  72
65
  73
0
  40
0.0
  0
LTYPE
  5
410
  2
DASHDOT
 70
0
  3
Dash Dot ____ _ ____ _
 72
65
 73
4
 40
2.0
 49
1.25
 49
-0.25
 49
0.25
 49
-0.25
  0
LTYPE
  5
411
  2
DASHED
 70
0
  3
Dashed __ __ __ __ __
 72
65
 73
2
 40
0.75
 49
0.5
 49
-0.25
  0
LTYPE
  5
43B
  2
DOTTED
 70
0
  3
Dotted .  .  .  .
 72
65
 73
2
 40
0.2
 49
0.0
 49
-0.2
  0
ENDTAB
  0
TABLE
  2
STYLE
  70
4
  0
STYLE
  2
KICAD
  70
0
  40
0
  41
1
  42
1
  50
0
  71
0
  3
isocp.shx
  0
STYLE
  2
KICADB
  70
0
  40
0
  41
1
  42
1
  50
0
  71
0
  3
isocp.shx
  0
STYLE
  2
KICADI
  70
0
  40
0
  41
1
  42
1
  50
15
  71
0
  3
isocp.shx
  0
STYLE
  2
KICADBI
  70
0
  40
0
  41
1
  42
1
  50
15
  71
0
  3
isocp.shx
  0
ENDTAB
  0
TABLE
  2
LAYER
  70
1
  0
LAYER
  2
BLACK
  70
0
  62
7
  6
CONTINUOUS
  0
ENDTAB
  0
ENDSEC
  0
SECTION
  2
ENTITIES
0
LINE
8
BLACK
6
CONTINUOUS
10
0.8955891732283464
20
-0.1553645669291339
11
0.8966535826771653
21
-0.1558054724409449
0
LINE
8
BLACK
6
CONTINUOUS
10
0.8966535826771653
20
-0.1558054724409449
11
0.8974682283464567
21
-0.1566201181102362
0
LINE
8
BLACK
6
CONTINUOUS
10
0.8974682283464567
20
-0.1566201181102362
11
0.8979091338582676
21
-0.1576845275590551
0
LINE
8
BLACK
6
CONTINUOUS
10
0.8979091338582676
20
-0.1576845275590551
11
0.8979091338582676
21
-0.1588366535433071
0
LINE
8
BLACK
6
CONTINUOUS
10
0.8979091338582676
20
-0.1588366535433071
11
0.8974682283464567
21
-0.159901062992126
0
LINE
8
BLACK
6
CONTINUOUS
10
0.8974682283464567
20
-0.159901062992126
11
0.8966535826771653
21
-0.1607157086614173
0
LINE
8
BLACK
6
CONTINUOUS
10
0.8966535826771653
20
-0.1607157086614173
11
0.8955891732283464
21
-0.1611566141732284
0
LINE
8
BLACK
6
CONTINUOUS
10
0.8955891732283464
20
-0.1611566141732284
11
0.8950131102362204
21
-0.1612133464566929
0
LINE
8
BLACK
6
CONTINUOUS
10
0.8950131102362204
20
-0.1612133464566929
11
0.8789376771653543
21
-0.1612133464566929
0
LINE
8
BLACK
6
CONTINUOUS
10
0.8789376771653543
20
-0.1612133464566929
11
0.8779605511811024
21
-0.1709846062992126
0
LINE
8
BLACK
6
CONTINUOUS
10
0.8779605511811024
20
-0.1709846062992126
11
0.8786944881889763
21
-0.1706176771653543
0
LINE
8
BLACK
6
CONTINUOUS
10
0.8786944881889763
20
-0.1706176771653543
11
0.8792350787401575
21
-0.1704107874015748
0
LINE
8
BLACK
6
CONTINUOUS
10
0.8792350787401575
20
-0.1704107874015748
11
0.8793409448818897
21
-0.1704032283464567
0
LINE
8
BLACK
6
CONTINUOUS
10
0.8793409448818897
20
-0.1704032283464567
11
0.879438937007874
21
-0.1703626771653543
0
LINE
8
BLACK
6
CONTINUOUS
10
0.879438937007874
20
-0.1703626771653543
11
0.880015
21
-0.1703059448818898
0
LINE
8
BLACK
6
CONTINUOUS
10
0.880015
20
-0.1703059448818898
11
0.8893888188976378
21
-0.1703059448818898
0
LINE
8
BLACK
6
CONTINUOUS
10
0.8893888188976378
20
-0.1703059448818898
11
0.8899648818897637
21
-0.1703626771653543
0
LINE
8
BLACK
6
CONTINUOUS
10
0.8899648818897637
20
-0.1703626771653543
11
0.890062874015748
21
-0.1704032677165354
0
LINE
8
BLACK
6
CONTINUOUS
10
0.890062874015748
20
-0.1704032677165354
11
0.8901687007874015
21
-0.1704107874015748
0
LINE
8
BLACK
6
CONTINUOUS
10
0.8901687007874015
20
-0.1704107874015748
11
0.8907093307086614
21
-0.1706176771653543
0
LINE
8
BLACK
6
CONTINUOUS
10
0.8907093307086614
20
-0.1706176771653543
11
0.8944588582677165
21
-0.1724924409448819
0
LINE
8
BLACK
6
CONTINUOUS
10
0.8944588582677165
20
-0.1724924409448819
11
0.8947068503937008
21
-0.1726485039370079
0
LINE
8
BLACK
6
CONTINUOUS
10
0.8947068503937008
20
-0.1726485039370079
11
0.8947788188976378
21
-0.1726783464566929
0
LINE
8
BLACK
6
CONTINUOUS
10
0.8947788188976378
20
-0.1726783464566929
11
0.8948597637795276
21
-0.1727448031496063
0
LINE
8
BLACK
6
CONTINUOUS
10
0.8948597637795276
20
-0.1727448031496063
11
0.8949487401574803
21
-0.1728007874015748
0
LINE
8
BLACK
6
CONTINUOUS
10
0.8949487401574803
20
-0.1728007874015748
11
0.8949998818897638
21
-0.1728597637795276
0
LINE
8
BLACK
6
CONTINUOUS
10
0.8949998818897638
20
-0.1728597637795276
11
0.8952262598425197
21
-0.1730455511811023
0
LINE
8
BLACK
6
CONTINUOUS
10
0.8952262598425197
20
-0.1730455511811023
11
0.8971010236220472
21
-0.1749203149606299
0
LINE
8
BLACK
6
CONTINUOUS
10
0.8971010236220472
20
-0.1749203149606299
11
0.8972867716535433
21
-0.1751466535433071
0
LINE
8
BLACK
6
CONTINUOUS
10
0.8972867716535433
20
-0.1751466535433071
11
0.8973457874015748
21
-0.1751978346456693
0
LINE
8
BLACK
6
CONTINUOUS
10
0.8973457874015748
20
-0.1751978346456693
11
0.8974017322834645
21
-0.1752867716535433
0
LINE
8
BLACK
6
CONTINUOUS
10
0.8974017322834645
20
-0.1752867716535433
11
0.8974682283464567
21
-0.1753677559055118
0
LINE
8
BLACK
6
CONTINUOUS
10
0.8974682283464567
20
-0.1753677559055118
11
0.897498031496063
21
-0.1754396850393701
0
LINE
8
BLACK
6
CONTINUOUS
10
0.897498031496063
20
-0.1754396850393701
11
0.8976541338582676
21
-0.1756877165354331
0
LINE
8
BLACK
6
CONTINUOUS
10
0.8976541338582676
20
-0.1756877165354331
11
0.8995288976377953
21
-0.1794372440944882
0
LINE
8
BLACK
6
CONTINUOUS
10
0.8995288976377953
20
-0.1794372440944882
11
0.8997357874015748
21
-0.1799778346456693
0
LINE
8
BLACK
6
CONTINUOUS
10
0.8997357874015748
20
-0.1799778346456693
11
0.8997433070866142
21
-0.1800837007874016
0
LINE
8
BLACK
6
CONTINUOUS
10
0.8997433070866142
20
-0.1800837007874016
11
0.8997838976377952
21
-0.1801816929133858
0
LINE
8
BLACK
6
CONTINUOUS
10
0.8997838976377952
20
-0.1801816929133858
11
0.8998406299212598
21
-0.1807577559055118
0
LINE
8
BLACK
6
CONTINUOUS
10
0.8998406299212598
20
-0.1807577559055118
11
0.8998406299212598
21
-0.1901315748031496
0
LINE
8
BLACK
6
CONTINUOUS
10
0.8998406299212598
20
-0.1901315748031496
11
0.8997838976377952
21
-0.1907076377952756
0
LINE
8
BLACK
6
CONTINUOUS
10
0.8997838976377952
20
-0.1907076377952756
11
0.8997433070866142
21
-0.1908055905511811
0
LINE
8
BLACK
6
CONTINUOUS
10
0.8997433070866142
20
-0.1908055905511811
11
0.8997357874015748
21
-0.1909114960629921
0
LINE
8
BLACK
6
CONTINUOUS
10
0.8997357874015748
20
-0.1909114960629921
11
0.8995288976377953
21
-0.1914520866141732
0
LINE
8
BLACK
6
CONTINUOUS
10
0.8995288976377953
20
-0.1914520866141732
11
0.8976541338582676
21
-0.1952016141732283
0
LINE
8
BLACK
6
CONTINUOUS
10
0.8976541338582676
20
-0.1952016141732283
11
0.8974980708661418
21
-0.1954494881889764
0
LINE
8
BLACK
6
CONTINUOUS
10
0.8974980708661418
20
-0.1954494881889764
11
0.8974682677165354
21
-0.1955215354330709
0
LINE
8
BLACK
6
CONTINUOUS
10
0.8974682677165354
20
-0.1955215354330709
11
0.8974017322834645
21
-0.1956025590551181
0
LINE
8
BLACK
6
CONTINUOUS
10
0.8974017322834645
20
-0.1956025590551181
11
0.8973457874015748
21
-0.1956914960629921
0
LINE
8
BLACK
6
CONTINUOUS
10
0.8973457874015748
20
-0.1956914960629921
11
0.8972867716535433
21
-0.1957426377952756
0
LINE
8
BLACK
6
CONTINUOUS
10
0.8972867716535433
20
-0.1957426377952756
11
0.8971010236220472
21
-0.1959690157480315
0
LINE
8
BLACK
6
CONTINUOUS
10
0.8971010236220472
20
-0.1959690157480315
11
0.8952262992125984
21
-0.197843779527559
0
LINE
8
BLACK
6
CONTINUOUS
10
0.8952262992125984
20
-0.197843779527559
11
0.8949999212598425
21
-0.1980295275590551
0
LINE
8
BLACK
6
CONTINUOUS
10
0.8949999212598425
20
-0.1980295275590551
11
0.8949487401574803
21
-0.1980885826771653
0
LINE
8
BLACK
6
CONTINUOUS
10
0.8949487401574803
20
-0.1980885826771653
11
0.8948597637795276
21
-0.1981445669291338
0
LINE
8
BLACK
6
CONTINUOUS
10
0.8948597637795276
20
-0.1981445669291338
11
0.8947788188976378
21
-0.1982110236220472
0
LINE
8
BLACK
6
CONTINUOUS
10
0.8947788188976378
20
-0.1982110236220472
11
0.8947068503937008
21
-0.1982408267716535
0
LINE
8
BLACK
6
CONTINUOUS
10
0.8947068503937008
20
-0.1982408267716535
11
0.8944588582677165
21
-0.1983969291338583
0
LINE
8
BLACK
6
CONTINUOUS
10
0.8944588582677165
20
-0.1983969291338583
11
0.8907093307086614
21
-0.2002716929133858
0
LINE
8
BLACK
6
CONTINUOUS
10
0.8907093307086614
20
-0.2002716929133858
11
0.8901687007874015
21
-0.2004785826771653
0
LINE
8
BLACK
6
CONTINUOUS
10
0.8901687007874015
20
-0.2004785826771653
11
0.890062874015748
21
-0.200486062992126
0
LINE
8
BLACK
6
CONTINUOUS
10
0.890062874015748
20
-0.200486062992126
11
0.8899648818897637
21
-0.2005266929133858
0
LINE
8
BLACK
6
CONTINUOUS
10
0.8899648818897637
20
-0.2005266929133858
11
0.8893888188976378
21
-0.2005834251968504
0
LINE
8
BLACK
6
CONTINUOUS
10
0.8893888188976378
20
-0.2005834251968504
11
0.880015
21
-0.2005834251968504
0
LINE
8
BLACK
6
CONTINUOUS
10
0.880015
20
-0.2005834251968504
11
0.879438937007874
21
-0.2005266929133858
0
LINE
8
BLACK
6
CONTINUOUS
10
0.879438937007874
20
-0.2005266929133858
11
0.8793409448818897
21
-0.2004861023622047
0
LINE
8
BLACK
6
CONTINUOUS
10
0.8793409448818897
20
-0.2004861023622047
11
0.8792350787401575
21
-0.2004785826771653
0
LINE
8
BLACK
6
CONTINUOUS
10
0.8792350787401575
20
-0.2004785826771653
11
0.8786944881889763
21
-0.2002716929133858
0
LINE
8
BLACK
6
CONTINUOUS
10
0.8786944881889763
20
-0.2002716929133858
11
0.8749449606299212
21
-0.1983969291338583
0
LINE
8
BLACK
6
CONTINUOUS
10
0.8749449606299212
20
-0.1983969291338583
11
0.8746969291338582
21
-0.1982408267716535
0
LINE
8
BLACK
6
CONTINUOUS
10
0.8746969291338582
20
-0.1982408267716535
11
0.874625
21
-0.1982110236220472
0
LINE
8
BLACK
6
CONTINUOUS
10
0.874625
20
-0.1982110236220472
11
0.8745440157480314
21
-0.1981445669291338
0
LINE
8
BLACK
6
CONTINUOUS
10
0.8745440157480314
20
-0.1981445669291338
11
0.8744550787401575
21
-0.1980885826771653
0
LINE
8
BLACK
6
CONTINUOUS
10
0.8744550787401575
20
-0.1980885826771653
11
0.8744038582677165
21
-0.1980295275590551
0
LINE
8
BLACK
6
CONTINUOUS
10
0.8744038582677165
20
-0.1980295275590551
11
0.8741775196850393
21
-0.197843779527559
0
LINE
8
BLACK
6
CONTINUOUS
10
0.8741775196850393
20
-0.197843779527559
11
0.8723027559055118
21
-0.1959689763779527
0
LINE
8
BLACK
6
CONTINUOUS
10
0.8723027559055118
20
-0.1959689763779527
11
0.8719355511811023
21
-0.1955215354330709
0
LINE
8
BLACK
6
CONTINUOUS
10
0.8719355511811023
20
-0.1955215354330709
11
0.8714946850393701
21
-0.194457125984252
0
LINE
8
BLACK
6
CONTINUOUS
10
0.8714946850393701
20
-0.194457125984252
11
0.8714946850393701
21
-0.1933050393700787
0
LINE
8
BLACK
6
CONTINUOUS
10
0.8714946850393701
20
-0.1933050393700787
11
0.8719355905511811
21
-0.1922406299212598
0
LINE
8
BLACK
6
CONTINUOUS
10
0.8719355905511811
20
-0.1922406299212598
11
0.8727502755905512
21
-0.1914259448818898
0
LINE
8
BLACK
6
CONTINUOUS
10
0.8727502755905512
20
-0.1914259448818898
11
0.8738146850393701
21
-0.1909850787401575
0
LINE
8
BLACK
6
CONTINUOUS
10
0.8738146850393701
20
-0.1909850787401575
11
0.8749667716535433
21
-0.1909850787401575
0
LINE
8
BLACK
6
CONTINUOUS
10
0.8749667716535433
20
-0.1909850787401575
11
0.8760311811023622
21
-0.1914259842519685
0
LINE
8
BLACK
6
CONTINUOUS
10
0.8760311811023622
20
-0.1914259842519685
11
0.8764786614173228
21
-0.1917932283464567
0
LINE
8
BLACK
6
CONTINUOUS
10
0.8764786614173228
20
-0.1917932283464567
11
0.8780145669291338
21
-0.1933291732283464
0
LINE
8
BLACK
6
CONTINUOUS
10
0.8780145669291338
20
-0.1933291732283464
11
0.8807120472440945
21
-0.1946779133858268
0
LINE
8
BLACK
6
CONTINUOUS
10
0.8807120472440945
20
-0.1946779133858268
11
0.8886917716535433
21
-0.1946779133858268
0
LINE
8
BLACK
6
CONTINUOUS
10
0.8886917716535433
20
-0.1946779133858268
11
0.8913892125984252
21
-0.1933291732283464
0
LINE
8
BLACK
6
CONTINUOUS
10
0.8913892125984252
20
-0.1933291732283464
11
0.8925863385826771
21
-0.1921320078740157
0
LINE
8
BLACK
6
CONTINUOUS
10
0.8925863385826771
20
-0.1921320078740157
11
0.8939351181102362
21
-0.1894345275590551
0
LINE
8
BLACK
6
CONTINUOUS
10
0.8939351181102362
20
-0.1894345275590551
11
0.8939351181102362
21
-0.1814548031496063
0
LINE
8
BLACK
6
CONTINUOUS
10
0.8939351181102362
20
-0.1814548031496063
11
0.8925863779527559
21
-0.1787573228346457
0
LINE
8
BLACK
6
CONTINUOUS
10
0.8925863779527559
20
-0.1787573228346457
11
0.8913892519685039
21
-0.1775601968503937
0
LINE
8
BLACK
6
CONTINUOUS
10
0.8913892519685039
20
-0.1775601968503937
11
0.8886917716535433
21
-0.1762114566929134
0
LINE
8
BLACK
6
CONTINUOUS
10
0.8886917716535433
20
-0.1762114566929134
11
0.8807120472440945
21
-0.1762114566929134
0
LINE
8
BLACK
6
CONTINUOUS
10
0.8807120472440945
20
-0.1762114566929134
11
0.8780145669291338
21
-0.1775601968503937
0
LINE
8
BLACK
6
CONTINUOUS
10
0.8780145669291338
20
-0.1775601968503937
11
0.876478622047244
21
-0.1790961417322835
0
LINE
8
BLACK
6
CONTINUOUS
10
0.876478622047244
20
-0.1790961417322835
11
0.8760311811023622
21
-0.1794633464566929
0
LINE
8
BLACK
6
CONTINUOUS
10
0.8760311811023622
20
-0.1794633464566929
11
0.8758938188976377
21
-0.1795202362204724
0
LINE
8
BLACK
6
CONTINUOUS
10
0.8758938188976377
20
-0.1795202362204724
11
0.8757787401574803
21
-0.1796144094488189
0
LINE
8
BLACK
6
CONTINUOUS
10
0.8757787401574803
20
-0.1796144094488189
11
0.8753653543307086
21
-0.179739094488189
0
LINE
8
BLACK
6
CONTINUOUS
10
0.8753653543307086
20
-0.179739094488189
11
0.8749667322834646
21
-0.1799042519685039
0
LINE
8
BLACK
6
CONTINUOUS
10
0.8749667322834646
20
-0.1799042519685039
11
0.8748181102362205
21
-0.1799042519685039
0
LINE
8
BLACK
6
CONTINUOUS
10
0.8748181102362205
20
-0.1799042519685039
11
0.8746757480314961
21
-0.1799472047244094
0
LINE
8
BLACK
6
CONTINUOUS
10
0.8746757480314961
20
-0.1799472047244094
11
0.8742462204724409
21
-0.1799042519685039
0
LINE
8
BLACK
6
CONTINUOUS
10
0.8742462204724409
20
-0.1799042519685039
11
0.8738146850393701
21
-0.1799042519685039
0
LINE
8
BLACK
6
CONTINUOUS
10
0.8738146850393701
20
-0.1799042519685039
11
0.8736773228346456
21
-0.1798473228346457
0
LINE
8
BLACK
6
CONTINUOUS
10
0.8736773228346456
20
-0.1798473228346457
11
0.8735293307086613
21
-0.1798325590551181
0
LINE
8
BLACK
6
CONTINUOUS
10
0.8735293307086613
20
-0.1798325590551181
11
0.873148937007874
21
-0.1796285039370079
0
LINE
8
BLACK
6
CONTINUOUS
10
0.873148937007874
20
-0.1796285039370079
11
0.8727502362204724
21
-0.1794633464566929
0
LINE
8
BLACK
6
CONTINUOUS
10
0.8727502362204724
20
-0.1794633464566929
11
0.8726450393700788
21
-0.1793581496062992
0
LINE
8
BLACK
6
CONTINUOUS
10
0.8726450393700788
20
-0.1793581496062992
11
0.872514094488189
21
-0.1792879133858268
0
LINE
8
BLACK
6
CONTINUOUS
10
0.872514094488189
20
-0.1792879133858268
11
0.8722408267716535
21
-0.178953937007874
0
LINE
8
BLACK
6
CONTINUOUS
10
0.8722408267716535
20
-0.178953937007874
11
0.8719355905511811
21
-0.1786487007874016
0
LINE
8
BLACK
6
CONTINUOUS
10
0.8719355905511811
20
-0.1786487007874016
11
0.8718786614173228
21
-0.1785113385826771
0
LINE
8
BLACK
6
CONTINUOUS
10
0.8718786614173228
20
-0.1785113385826771
11
0.8717845275590551
21
-0.1783962598425197
0
LINE
8
BLACK
6
CONTINUOUS
10
0.8717845275590551
20
-0.1783962598425197
11
0.8716598031496062
21
-0.177982874015748
0
LINE
8
BLACK
6
CONTINUOUS
10
0.8716598031496062
20
-0.177982874015748
11
0.8714946850393701
21
-0.1775842519685039
0
LINE
8
BLACK
6
CONTINUOUS
10
0.8714946850393701
20
-0.1775842519685039
11
0.8714946850393701
21
-0.1774355905511811
0
LINE
8
BLACK
6
CONTINUOUS
10
0.8714946850393701
20
-0.1774355905511811
11
0.8714517322834645
21
-0.1772932677165354
0
LINE
8
BLACK
6
CONTINUOUS
10
0.8714517322834645
20
-0.1772932677165354
11
0.8714525984251968
21
-0.1767144094488189
0
LINE
8
BLACK
6
CONTINUOUS
10
0.8714525984251968
20
-0.1767144094488189
11
0.8733273622047244
21
-0.1579667716535433
0
LINE
8
BLACK
6
CONTINUOUS
10
0.8733273622047244
20
-0.1579667716535433
11
0.8733694488188977
21
-0.157756811023622
0
LINE
8
BLACK
6
CONTINUOUS
10
0.8733694488188977
20
-0.157756811023622
11
0.8733694488188977
21
-0.1576845275590551
0
LINE
8
BLACK
6
CONTINUOUS
10
0.8733694488188977
20
-0.1576845275590551
11
0.8733975196850393
21
-0.1576166929133858
0
LINE
8
BLACK
6
CONTINUOUS
10
0.8733975196850393
20
-0.1576166929133858
11
0.8734411417322835
21
-0.1573992125984252
0
LINE
8
BLACK
6
CONTINUOUS
10
0.8734411417322835
20
-0.1573992125984252
11
0.8736451574803149
21
-0.1570188976377953
0
LINE
8
BLACK
6
CONTINUOUS
10
0.8736451574803149
20
-0.1570188976377953
11
0.8738103543307086
21
-0.1566201181102362
0
LINE
8
BLACK
6
CONTINUOUS
10
0.8738103543307086
20
-0.1566201181102362
11
0.8739155118110236
21
-0.1565149212598425
0
LINE
8
BLACK
6
CONTINUOUS
10
0.8739155118110236
20
-0.1565149212598425
11
0.8739857874015747
21
-0.1563839763779528
0
LINE
8
BLACK
6
CONTINUOUS
10
0.8739857874015747
20
-0.1563839763779528
11
0.8743197244094488
21
-0.1561107086614173
0
LINE
8
BLACK
6
CONTINUOUS
10
0.8743197244094488
20
-0.1561107086614173
11
0.874625
21
-0.1558054724409449
0
LINE
8
BLACK
6
CONTINUOUS
10
0.874625
20
-0.1558054724409449
11
0.8747623228346456
21
-0.1557485433070866
0
LINE
8
BLACK
6
CONTINUOUS
10
0.8747623228346456
20
-0.1557485433070866
11
0.8748774409448818
21
-0.1556544094488189
0
LINE
8
BLACK
6
CONTINUOUS
10
0.8748774409448818
20
-0.1556544094488189
11
0.8752907086614173
21
-0.1555296850393701
0
LINE
8
BLACK
6
CONTINUOUS
10
0.8752907086614173
20
-0.1555296850393701
11
0.8756894094488189
21
-0.1553645669291339
0
LINE
8
BLACK
6
CONTINUOUS
10
0.8756894094488189
20
-0.1553645669291339
11
0.8759100787401575
21
-0.1553427952755906
0
LINE
8
BLACK
6
CONTINUOUS
10
0.8759100787401575
20
-0.1553427952755906
11
0.8759804330708661
21
-0.1553216141732283
0
LINE
8
BLACK
6
CONTINUOUS
10
0.8759804330708661
20
-0.1553216141732283
11
0.8760524015748031
21
-0.1553287795275591
0
LINE
8
BLACK
6
CONTINUOUS
10
0.8760524015748031
20
-0.1553287795275591
11
0.8762654724409449
21
-0.1553078346456693
0
LINE
8
BLACK
6
CONTINUOUS
10
0.8762654724409449
20
-0.1553078346456693
11
0.8950131102362204
21
-0.1553078346456693
0
LINE
8
BLACK
6
CONTINUOUS
10
0.8950131102362204
20
-0.1553078346456693
11
0.8955891732283464
21
-0.1553645669291339
0
LINE
8
BLACK
6
CONTINUOUS
10
0.9255854330708662
20
-0.1553645669291339
11
0.9256834251968503
21
-0.155405157480315
0
LINE
8
BLACK
6
CONTINUOUS
10
0.9256834251968503
20
-0.155405157480315
11
0.9257892519685039
21
-0.1554126771653543
0
LINE
8
BLACK
6
CONTINUOUS
10
0.9257892519685039
20
-0.1554126771653543
11
0.9263298818897637
21
-0.1556195669291339
0
LINE
8
BLACK
6
CONTINUOUS
10
0.9263298818897637
20
-0.1556195669291339
11
0.9300794094488188
21
-0.1574943307086614
0
LINE
8
BLACK
6
CONTINUOUS
10
0.9300794094488188
20
-0.1574943307086614
11
0.9303274015748031
21
-0.1576503937007874
0
LINE
8
BLACK
6
CONTINUOUS
10
0.9303274015748031
20
-0.1576503937007874
11
0.9303993700787402
21
-0.1576802362204724
0
LINE
8
BLACK
6
CONTINUOUS
10
0.9303993700787402
20
-0.1576802362204724
11
0.9304803149606299
21
-0.1577466929133858
0
LINE
8
BLACK
6
CONTINUOUS
10
0.9304803149606299
20
-0.1577466929133858
11
0.9305692913385827
21
-0.1578026771653543
0
LINE
8
BLACK
6
CONTINUOUS
10
0.9305692913385827
20
-0.1578026771653543
11
0.9306204330708662
21
-0.1578616535433071
0
LINE
8
BLACK
6
CONTINUOUS
10
0.9306204330708662
20
-0.1578616535433071
11
0.930846811023622
21
-0.1580474409448819
0
LINE
8
BLACK
6
CONTINUOUS
10
0.930846811023622
20
-0.1580474409448819
11
0.9327215748031495
21
-0.1599222047244094
0
LINE
8
BLACK
6
CONTINUOUS
10
0.9327215748031495
20
-0.1599222047244094
11
0.9329073228346456
21
-0.1601485433070866
0
LINE
8
BLACK
6
CONTINUOUS
10
0.9329073228346456
20
-0.1601485433070866
11
0.9329663385826772
21
-0.1601997244094488
0
LINE
8
BLACK
6
CONTINUOUS
10
0.9329663385826772
20
-0.1601997244094488
11
0.9330222834645669
21
-0.1602886614173228
0
LINE
8
BLACK
6
CONTINUOUS
10
0.9330222834645669
20
-0.1602886614173228
11
0.9330887795275591
21
-0.1603696456692913
0
LINE
8
BLACK
6
CONTINUOUS
10
0.9330887795275591
20
-0.1603696456692913
11
0.9331185826771653
21
-0.1604415748031496
0
LINE
8
BLACK
6
CONTINUOUS
10
0.9331185826771653
20
-0.1604415748031496
11
0.9332746850393701
21
-0.1606896062992126
0
LINE
8
BLACK
6
CONTINUOUS
10
0.9332746850393701
20
-0.1606896062992126
11
0.9351494488188976
21
-0.1644391338582677
0
LINE
8
BLACK
6
CONTINUOUS
10
0.9351494488188976
20
-0.1644391338582677
11
0.9351655511811023
21
-0.1644812204724409
0
LINE
8
BLACK
6
CONTINUOUS
10
0.9351655511811023
20
-0.1644812204724409
11
0.9351782677165354
21
-0.1644983858267716
0
LINE
8
BLACK
6
CONTINUOUS
10
0.9351782677165354
20
-0.1644983858267716
11
0.9352645669291338
21
-0.1647399606299212
0
LINE
8
BLACK
6
CONTINUOUS
10
0.9352645669291338
20
-0.1647399606299212
11
0.9353563385826772
21
-0.1649797244094488
0
LINE
8
BLACK
6
CONTINUOUS
10
0.9353563385826772
20
-0.1649797244094488
11
0.9353578346456692
21
-0.1650009842519685
0
LINE
8
BLACK
6
CONTINUOUS
10
0.9353578346456692
20
-0.1650009842519685
11
0.935373031496063
21
-0.1650435039370079
0
LINE
8
BLACK
6
CONTINUOUS
10
0.935373031496063
20
-0.1650435039370079
11
0.9372477952755905
21
-0.1725425590551181
0
LINE
8
BLACK
6
CONTINUOUS
10
0.9372477952755905
20
-0.1725425590551181
11
0.9372625590551181
21
-0.1726424015748032
0
LINE
8
BLACK
6
CONTINUOUS
10
0.9372625590551181
20
-0.1726424015748032
11
0.9372792125984252
21
-0.1726826377952756
0
LINE
8
BLACK
6
CONTINUOUS
10
0.9372792125984252
20
-0.1726826377952756
11
0.9373005511811023
21
-0.1728996456692913
0
LINE
8
BLACK
6
CONTINUOUS
10
0.9373005511811023
20
-0.1728996456692913
11
0.9373324409448819
21
-0.1731151574803149
0
LINE
8
BLACK
6
CONTINUOUS
10
0.9373324409448819
20
-0.1731151574803149
11
0.9373260236220472
21
-0.1731581496062992
0
LINE
8
BLACK
6
CONTINUOUS
10
0.9373260236220472
20
-0.1731581496062992
11
0.9373359448818898
21
-0.1732587007874016
0
LINE
8
BLACK
6
CONTINUOUS
10
0.9373359448818898
20
-0.1732587007874016
11
0.9373359448818898
21
-0.1826325196850394
0
LINE
8
BLACK
6
CONTINUOUS
10
0.9373359448818898
20
-0.1826325196850394
11
0.9373260236220472
21
-0.182733031496063
0
LINE
8
BLACK
6
CONTINUOUS
10
0.9373260236220472
20
-0.182733031496063
11
0.9373324409448819
21
-0.182776062992126
0
LINE
8
BLACK
6
CONTINUOUS
10
0.9373324409448819
20
-0.182776062992126
11
0.9373005511811023
21
-0.1829915354330709
0
LINE
8
BLACK
6
CONTINUOUS
10
0.9373005511811023
20
-0.1829915354330709
11
0.9372792125984252
21
-0.1832085826771654
0
LINE
8
BLACK
6
CONTINUOUS
10
0.9372792125984252
20
-0.1832085826771654
11
0.9372625590551181
21
-0.1832487795275591
0
LINE
8
BLACK
6
CONTINUOUS
10
0.9372625590551181
20
-0.1832487795275591
11
0.9372477952755905
21
-0.1833486614173228
0
LINE
8
BLACK
6
CONTINUOUS
10
0.9372477952755905
20
-0.1833486614173228
11
0.935373031496063
21
-0.1908477165354331
0
LINE
8
BLACK
6
CONTINUOUS
10
0.935373031496063
20
-0.1908477165354331
11
0.9353578346456692
21
-0.1908901968503937
0
LINE
8
BLACK
6
CONTINUOUS
10
0.9353578346456692
20
-0.1908901968503937
11
0.9353563385826772
21
-0.1909114960629921
0
LINE
8
BLACK
6
CONTINUOUS
10
0.9353563385826772
20
-0.1909114960629921
11
0.9352645669291338
21
-0.1911512204724409
0
LINE
8
BLACK
6
CONTINUOUS
10
0.9352645669291338
20
-0.1911512204724409
11
0.9351782677165354
21
-0.1913928346456693
0
LINE
8
BLACK
6
CONTINUOUS
10
0.9351782677165354
20
-0.1913928346456693
11
0.9351655511811023
21
-0.1914099606299212
0
LINE
8
BLACK
6
CONTINUOUS
10
0.9351655511811023
20
-0.1914099606299212
11
0.9351494488188976
21
-0.1914520866141732
0
LINE
8
BLACK
6
CONTINUOUS
10
0.9351494488188976
20
-0.1914520866141732
11
0.9332746850393701
21
-0.1952016141732283
0
LINE
8
BLACK
6
CONTINUOUS
10
0.9332746850393701
20
-0.1952016141732283
11
0.9331186220472441
21
-0.1954494881889764
0
LINE
8
BLACK
6
CONTINUOUS
10
0.9331186220472441
20
-0.1954494881889764
11
0.9330888188976377
21
-0.1955215354330709
0
LINE
8
BLACK
6
CONTINUOUS
10
0.9330888188976377
20
-0.1955215354330709
11
0.9330222834645669
21
-0.1956025590551181
0
LINE
8
BLACK
6
CONTINUOUS
10
0.9330222834645669
20
-0.1956025590551181
11
0.9329663385826772
21
-0.1956914960629921
0
LINE
8
BLACK
6
CONTINUOUS
10
0.9329663385826772
20
-0.1956914960629921
11
0.9329073228346456
21
-0.1957426377952756
0
LINE
8
BLACK
6
CONTINUOUS
10
0.9329073228346456
20
-0.1957426377952756
11
0.9327215748031495
21
-0.1959690157480315
0
LINE
8
BLACK
6
CONTINUOUS
10
0.9327215748031495
20
-0.1959690157480315
11
0.9308468503937007
21
-0.197843779527559
0
LINE
8
BLACK
6
CONTINUOUS
10
0.9308468503937007
20
-0.197843779527559
11
0.9306204724409448
21
-0.1980295275590551
0
LINE
8
BLACK
6
CONTINUOUS
10
0.9306204724409448
20
-0.1980295275590551
11
0.9305692913385827
21
-0.1980885826771653
0
LINE
8
BLACK
6
CONTINUOUS
10
0.9305692913385827
20
-0.1980885826771653
11
0.9304803149606299
21
-0.1981445669291338
0
LINE
8
BLACK
6
CONTINUOUS
10
0.9304803149606299
20
-0.1981445669291338
11
0.9303993700787402
21
-0.1982110236220472
0
LINE
8
BLACK
6
CONTINUOUS
10
0.9303993700787402
20
-0.1982110236220472
11
0.9303274015748031
21
-0.1982408267716535
0
LINE
8
BLACK
6
CONTINUOUS
10
0.9303274015748031
20
-0.1982408267716535
11
0.9300794094488188
21
-0.1983969291338583
0
LINE
8
BLACK
6
CONTINUOUS
10
0.9300794094488188
20
-0.1983969291338583
11
0.9263298818897637
21
-0.2002716929133858
0
LINE
8
BLACK
6
CONTINUOUS
10
0.9263298818897637
20
-0.2002716929133858
11
0.9257892519685039
21
-0.2004785826771653
0
LINE
8
BLACK
6
CONTINUOUS
10
0.9257892519685039
20
-0.2004785826771653
11
0.9256834251968503
21
-0.200486062992126
0
LINE
8
BLACK
6
CONTINUOUS
10
0.9256834251968503
20
-0.200486062992126
11
0.9255854330708662
21
-0.2005266929133858
0
LINE
8
BLACK
6
CONTINUOUS
10
0.9255854330708662
20
-0.2005266929133858
11
0.9250093700787402
21
-0.2005834251968504
0
LINE
8
BLACK
6
CONTINUOUS
10
0.9250093700787402
20
-0.2005834251968504
11
0.9212598425196851
21
-0.2005834251968504
0
LINE
8
BLACK
6
CONTINUOUS
10
0.9212598425196851
20
-0.2005834251968504
11
0.9206837795275591
21
-0.2005266929133858
0
LINE
8
BLACK
6
CONTINUOUS
10
0.9206837795275591
20
-0.2005266929133858
11
0.9205857874015748
21
-0.2004861023622047
0
LINE
8
BLACK
6
CONTINUOUS
10
0.9205857874015748
20
-0.2004861023622047
11
0.9204799212598425
21
-0.2004785826771653
0
LINE
8
BLACK
6
CONTINUOUS
10
0.9204799212598425
20
-0.2004785826771653
11
0.9199393307086614
21
-0.2002716929133858
0
LINE
8
BLACK
6
CONTINUOUS
10
0.9199393307086614
20
-0.2002716929133858
11
0.9161898031496063
21
-0.1983969291338583
0
LINE
8
BLACK
6
CONTINUOUS
10
0.9161898031496063
20
-0.1983969291338583
11
0.9159417716535433
21
-0.1982408267716535
0
LINE
8
BLACK
6
CONTINUOUS
10
0.9159417716535433
20
-0.1982408267716535
11
0.9158698425196851
21
-0.1982110236220472
0
LINE
8
BLACK
6
CONTINUOUS
10
0.9158698425196851
20
-0.1982110236220472
11
0.9157888582677165
21
-0.1981445669291338
0
LINE
8
BLACK
6
CONTINUOUS
10
0.9157888582677165
20
-0.1981445669291338
11
0.9156999212598425
21
-0.1980885826771653
0
LINE
8
BLACK
6
CONTINUOUS
10
0.9156999212598425
20
-0.1980885826771653
11
0.9156487007874016
21
-0.1980295275590551
0
LINE
8
BLACK
6
CONTINUOUS
10
0.9156487007874016
20
-0.1980295275590551
11
0.9154223622047244
21
-0.197843779527559
0
LINE
8
BLACK
6
CONTINUOUS
10
0.9154223622047244
20
-0.197843779527559
11
0.9135475984251968
21
-0.1959689763779527
0
LINE
8
BLACK
6
CONTINUOUS
10
0.9135475984251968
20
-0.1959689763779527
11
0.9133618503937008
21
-0.1957426377952756
0
LINE
8
BLACK
6
CONTINUOUS
10
0.9133618503937008
20
-0.1957426377952756
11
0.9133028740157481
21
-0.1956914960629921
0
LINE
8
BLACK
6
CONTINUOUS
10
0.9133028740157481
20
-0.1956914960629921
11
0.9132468897637795
21
-0.1956025590551181
0
LINE
8
BLACK
6
CONTINUOUS
10
0.9132468897637795
20
-0.1956025590551181
11
0.9131803937007874
21
-0.1955215354330709
0
LINE
8
BLACK
6
CONTINUOUS
10
0.9131803937007874
20
-0.1955215354330709
11
0.9131505511811023
21
-0.1954494881889764
0
LINE
8
BLACK
6
CONTINUOUS
10
0.9131505511811023
20
-0.1954494881889764
11
0.9129945275590551
21
-0.1952016141732283
0
LINE
8
BLACK
6
CONTINUOUS
10
0.9129945275590551
20
-0.1952016141732283
11
0.9111197637795275
21
-0.1914520866141732
0
LINE
8
BLACK
6
CONTINUOUS
10
0.9111197637795275
20
-0.1914520866141732
11
0.911103622047244
21
-0.1914099606299212
0
LINE
8
BLACK
6
CONTINUOUS
10
0.911103622047244
20
-0.1914099606299212
11
0.9110909448818898
21
-0.1913928346456693
0
LINE
8
BLACK
6
CONTINUOUS
10
0.9110909448818898
20
-0.1913928346456693
11
0.9110044881889764
21
-0.1911508661417323
0
LINE
8
BLACK
6
CONTINUOUS
10
0.9110044881889764
20
-0.1911508661417323
11
0.9109128740157481
21
-0.1909114566929134
0
LINE
8
BLACK
6
CONTINUOUS
10
0.9109128740157481
20
-0.1909114566929134
11
0.9109113385826771
21
-0.1908901968503937
0
LINE
8
BLACK
6
CONTINUOUS
10
0.9109113385826771
20
-0.1908901968503937
11
0.9108961811023621
21
-0.1908477165354331
0
LINE
8
BLACK
6
CONTINUOUS
10
0.9108961811023621
20
-0.1908477165354331
11
0.9090214173228346
21
-0.1833486614173228
0
LINE
8
BLACK
6
CONTINUOUS
10
0.9090214173228346
20
-0.1833486614173228
11
0.9090066141732284
21
-0.1832487795275591
0
LINE
8
BLACK
6
CONTINUOUS
10
0.9090066141732284
20
-0.1832487795275591
11
0.90899
21
-0.1832085826771654
0
LINE
8
BLACK
6
CONTINUOUS
10
0.90899
20
-0.1832085826771654
11
0.908968622047244
21
-0.1829915354330709
0
LINE
8
BLACK
6
CONTINUOUS
10
0.908968622047244
20
-0.1829915354330709
11
0.9089367716535433
21
-0.182776062992126
0
LINE
8
BLACK
6
CONTINUOUS
10
0.9089367716535433
20
-0.182776062992126
11
0.9089431496062992
21
-0.182733031496063
0
LINE
8
BLACK
6
CONTINUOUS
10
0.9089431496062992
20
-0.182733031496063
11
0.9089332677165354
21
-0.1826325196850394
0
LINE
8
BLACK
6
CONTINUOUS
10
0.9089332677165354
20
-0.1826325196850394
11
0.9089332677165354
21
-0.1732587007874016
0
LINE
8
BLACK
6
CONTINUOUS
10
0.9089332677165354
20
-0.1732587007874016
11
0.9089431496062992
21
-0.1731581496062992
0
LINE
8
BLACK
6
CONTINUOUS
10
0.9089431496062992
20
-0.1731581496062992
11
0.9089367716535433
21
-0.1731151574803149
0
LINE
8
BLACK
6
CONTINUOUS
10
0.9089367716535433
20
-0.1731151574803149
11
0.908968622047244
21
-0.1728996456692913
0
LINE
8
BLACK
6
CONTINUOUS
10
0.908968622047244
20
-0.1728996456692913
11
0.90899
21
-0.1726826377952756
0
LINE
8
BLACK
6
CONTINUOUS
10
0.90899
20
-0.1726826377952756
11
0.9090066141732284
21
-0.1726424015748032
0
LINE
8
BLACK
6
CONTINUOUS
10
0.9090066141732284
20
-0.1726424015748032
11
0.9090214173228346
21
-0.1725425590551181
0
LINE
8
BLACK
6
CONTINUOUS
10
0.9090214173228346
20
-0.1725425590551181
11
0.9108961811023621
21
-0.1650435039370079
0
LINE
8
BLACK
6
CONTINUOUS
10
0.9108961811023621
20
-0.1650435039370079
11
0.9109113385826771
21
-0.1650009842519685
0
LINE
8
BLACK
6
CONTINUOUS
10
0.9109113385826771
20
-0.1650009842519685
11
0.9109128740157481
21
-0.1649797637795276
0
LINE
8
BLACK
6
CONTINUOUS
10
0.9109128740157481
20
-0.1649797637795276
11
0.9110044881889764
21
-0.1647403149606299
0
LINE
8
BLACK
6
CONTINUOUS
10
0.9110044881889764
20
-0.1647403149606299
11
0.9110909448818898
21
-0.1644983858267716
0
LINE
8
BLACK
6
CONTINUOUS
10
0.9110909448818898
20
-0.1644983858267716
11
0.911103622047244
21
-0.1644812204724409
0
LINE
8
BLACK
6
CONTINUOUS
10
0.911103622047244
20
-0.1644812204724409
11
0.9111197637795275
21
-0.1644391338582677
0
LINE
8
BLACK
6
CONTINUOUS
10
0.9111197637795275
20
-0.1644391338582677
11
0.9129945275590551
21
-0.1606896062992126
0
LINE
8
BLACK
6
CONTINUOUS
10
0.9129945275590551
20
-0.1606896062992126
11
0.9131505905511811
21
-0.1604415748031496
0
LINE
8
BLACK
6
CONTINUOUS
10
0.9131505905511811
20
-0.1604415748031496
11
0.9131804330708662
21
-0.1603696456692913
0
LINE
8
BLACK
6
CONTINUOUS
10
0.9131804330708662
20
-0.1603696456692913
11
0.9132468897637795
21
-0.1602886614173228
0
LINE
8
BLACK
6
CONTINUOUS
10
0.9132468897637795
20
-0.1602886614173228
11
0.9133028740157481
21
-0.1601997244094488
0
LINE
8
BLACK
6
CONTINUOUS
10
0.9133028740157481
20
-0.1601997244094488
11
0.9133618503937008
21
-0.1601485433070866
0
LINE
8
BLACK
6
CONTINUOUS
10
0.9133618503937008
20
-0.1601485433070866
11
0.9135476377952756
21
-0.1599222047244094
0
LINE
8
BLACK
6
CONTINUOUS
10
0.9135476377952756
20
-0.1599222047244094
11
0.9154224015748031
21
-0.1580474409448819
0
LINE
8
BLACK
6
CONTINUOUS
10
0.9154224015748031
20
-0.1580474409448819
11
0.9156487401574803
21
-0.1578616535433071
0
LINE
8
BLACK
6
CONTINUOUS
10
0.9156487401574803
20
-0.1578616535433071
11
0.9156999212598425
21
-0.1578026771653543
0
LINE
8
BLACK
6
CONTINUOUS
10
0.9156999212598425
20
-0.1578026771653543
11
0.9157888582677165
21
-0.1577466929133858
0
LINE
8
BLACK
6
CONTINUOUS
10
0.9157888582677165
20
-0.1577466929133858
11
0.9158698425196851
21
-0.1576802362204724
0
LINE
8
BLACK
6
CONTINUOUS
10
0.9158698425196851
20
-0.1576802362204724
11
0.9159417716535433
21
-0.1576503937007874
0
LINE
8
BLACK
6
CONTINUOUS
10
0.9159417716535433
20
-0.1576503937007874
11
0.9161898031496063
21
-0.1574943307086614
0
LINE
8
BLACK
6
CONTINUOUS
10
0.9161898031496063
20
-0.1574943307086614
11
0.9199393307086614
21
-0.1556195669291339
0
LINE
8
BLACK
6
CONTINUOUS
10
0.9199393307086614
20
-0.1556195669291339
11
0.9204799212598425
21
-0.1554126771653543
0
LINE
8
BLACK
6
CONTINUOUS
10
0.9204799212598425
20
-0.1554126771653543
11
0.9205857874015748
21
-0.1554051181102362
0
LINE
8
BLACK
6
CONTINUOUS
10
0.9205857874015748
20
-0.1554051181102362
11
0.9206837795275591
21
-0.1553645669291339
0
LINE
8
BLACK
6
CONTINUOUS
10
0.9206837795275591
20
-0.1553645669291339
11
0.9212598425196851
21
-0.1553078346456693
0
LINE
8
BLACK
6
CONTINUOUS
10
0.9212598425196851
20
-0.1553078346456693
11
0.9250093700787402
21
-0.1553078346456693
0
LINE
8
BLACK
6
CONTINUOUS
10
0.9250093700787402
20
-0.1553078346456693
11
0.9255854330708662
21
-0.1553645669291339
0
LINE
8
BLACK
6
CONTINUOUS
10
0.9192594094488189
20
-0.1625620866141732
11
0.9180622834645669
21
-0.1637592125984252
0
LINE
8
BLACK
6
CONTINUOUS
10
0.9180622834645669
20
-0.1637592125984252
11
0.9165467716535433
21
-0.1667901968503937
0
LINE
8
BLACK
6
CONTINUOUS
10
0.9165467716535433
20
-0.1667901968503937
11
0.914838779527559
21
-0.1736222440944882
0
LINE
8
BLACK
6
CONTINUOUS
10
0.914838779527559
20
-0.1736222440944882
11
0.914838779527559
21
-0.1822689763779528
0
LINE
8
BLACK
6
CONTINUOUS
10
0.914838779527559
20
-0.1822689763779528
11
0.9165467716535433
21
-0.1891010236220472
0
LINE
8
BLACK
6
CONTINUOUS
10
0.9165467716535433
20
-0.1891010236220472
11
0.9180622834645669
21
-0.1921320078740157
0
LINE
8
BLACK
6
CONTINUOUS
10
0.9180622834645669
20
-0.1921320078740157
11
0.9192594094488189
21
-0.1933291732283464
0
LINE
8
BLACK
6
CONTINUOUS
10
0.9192594094488189
20
-0.1933291732283464
11
0.9219568897637795
21
-0.1946779133858268
0
LINE
8
BLACK
6
CONTINUOUS
10
0.9219568897637795
20
-0.1946779133858268
11
0.9243123228346456
21
-0.1946779133858268
0
LINE
8
BLACK
6
CONTINUOUS
10
0.9243123228346456
20
-0.1946779133858268
11
0.9270097637795275
21
-0.1933291732283464
0
LINE
8
BLACK
6
CONTINUOUS
10
0.9270097637795275
20
-0.1933291732283464
11
0.9282068897637795
21
-0.1921320078740157
0
LINE
8
BLACK
6
CONTINUOUS
10
0.9282068897637795
20
-0.1921320078740157
11
0.9297224015748031
21
-0.1891010236220472
0
LINE
8
BLACK
6
CONTINUOUS
10
0.9297224015748031
20
-0.1891010236220472
11
0.9314304330708661
21
-0.1822689763779528
0
LINE
8
BLACK
6
CONTINUOUS
10
0.9314304330708661
20
-0.1822689763779528
11
0.9314304330708661
21
-0.1736222440944882
0
LINE
8
BLACK
6
CONTINUOUS
10
0.9314304330708661
20
-0.1736222440944882
11
0.9297224015748031
21
-0.1667901968503937
0
LINE
8
BLACK
6
CONTINUOUS
10
0.9297224015748031
20
-0.1667901968503937
11
0.9282069291338583
21
-0.1637592125984252
0
LINE
8
BLACK
6
CONTINUOUS
10
0.9282069291338583
20
-0.1637592125984252
11
0.9270098031496062
21
-0.1625620866141732
0
LINE
8
BLACK
6
CONTINUOUS
10
0.9270098031496062
20
-0.1625620866141732
11
0.9243123228346456
21
-0.1612133464566929
0
LINE
8
BLACK
6
CONTINUOUS
10
0.9243123228346456
20
-0.1612133464566929
11
0.9219568897637795
21
-0.1612133464566929
0
LINE
8
BLACK
6
CONTINUOUS
10
0.9219568897637795
20
-0.1612133464566929
11
0.9192594094488189
21
-0.1625620866141732
0
LINE
8
BLACK
6
CONTINUOUS
10
0.9909307874015748
20
-0.1553378346456693
11
0.9910082677165354
21
-0.1553326771653543
0
LINE
8
BLACK
6
CONTINUOUS
10
0.9910082677165354
20
-0.1553326771653543
11
0.9910616141732284
21
-0.1553507086614173
0
LINE
8
BLACK
6
CONTINUOUS
10
0.9910616141732284
20
-0.1553507086614173
11
0.9912022047244095
21
-0.1553645669291339
0
LINE
8
BLACK
6
CONTINUOUS
10
0.9912022047244095
20
-0.1553645669291339
11
0.9916453937007874
21
-0.1555481496062992
0
LINE
8
BLACK
6
CONTINUOUS
10
0.9916453937007874
20
-0.1555481496062992
11
0.9920996456692913
21
-0.1557017716535433
0
LINE
8
BLACK
6
CONTINUOUS
10
0.9920996456692913
20
-0.1557017716535433
11
0.9921746062992126
21
-0.1557673228346457
0
LINE
8
BLACK
6
CONTINUOUS
10
0.9921746062992126
20
-0.1557673228346457
11
0.9922666141732284
21
-0.1558054724409449
0
LINE
8
BLACK
6
CONTINUOUS
10
0.9922666141732284
20
-0.1558054724409449
11
0.992605590551181
21
-0.1561444488188976
0
LINE
8
BLACK
6
CONTINUOUS
10
0.992605590551181
20
-0.1561444488188976
11
0.9929667322834645
21
-0.1564604330708661
0
LINE
8
BLACK
6
CONTINUOUS
10
0.9929667322834645
20
-0.1564604330708661
11
0.993010905511811
21
-0.1565497637795276
0
LINE
8
BLACK
6
CONTINUOUS
10
0.993010905511811
20
-0.1565497637795276
11
0.9930812598425197
21
-0.1566201181102362
0
LINE
8
BLACK
6
CONTINUOUS
10
0.9930812598425197
20
-0.1566201181102362
11
0.9932647244094488
21
-0.157063031496063
0
LINE
8
BLACK
6
CONTINUOUS
10
0.9932647244094488
20
-0.157063031496063
11
0.9934774409448819
21
-0.157493188976378
0
LINE
8
BLACK
6
CONTINUOUS
10
0.9934774409448819
20
-0.157493188976378
11
0.9934840551181102
21
-0.1575925196850394
0
LINE
8
BLACK
6
CONTINUOUS
10
0.9934840551181102
20
-0.1575925196850394
11
0.9935221653543307
21
-0.1576845275590551
0
LINE
8
BLACK
6
CONTINUOUS
10
0.9935221653543307
20
-0.1576845275590551
11
0.9935221653543307
21
-0.1581642125984252
0
LINE
8
BLACK
6
CONTINUOUS
10
0.9935221653543307
20
-0.1581642125984252
11
0.9935540551181102
21
-0.1586427165354331
0
LINE
8
BLACK
6
CONTINUOUS
10
0.9935540551181102
20
-0.1586427165354331
11
0.9935221653543307
21
-0.1587370078740157
0
LINE
8
BLACK
6
CONTINUOUS
10
0.9935221653543307
20
-0.1587370078740157
11
0.9935221653543307
21
-0.1588366535433071
0
LINE
8
BLACK
6
CONTINUOUS
10
0.9935221653543307
20
-0.1588366535433071
11
0.9933385433070866
21
-0.159279842519685
0
LINE
8
BLACK
6
CONTINUOUS
10
0.9933385433070866
20
-0.159279842519685
11
0.9931849606299212
21
-0.159734094488189
0
LINE
8
BLACK
6
CONTINUOUS
10
0.9931849606299212
20
-0.159734094488189
11
0.9931028346456693
21
-0.159848937007874
0
LINE
8
BLACK
6
CONTINUOUS
10
0.9931028346456693
20
-0.159848937007874
11
0.9930812598425197
21
-0.159901062992126
0
LINE
8
BLACK
6
CONTINUOUS
10
0.9930812598425197
20
-0.159901062992126
11
0.9930262992125984
21
-0.1599559842519685
0
LINE
8
BLACK
6
CONTINUOUS
10
0.9930262992125984
20
-0.1599559842519685
11
0.9928483070866142
21
-0.160205
0
LINE
8
BLACK
6
CONTINUOUS
10
0.9928483070866142
20
-0.160205
11
0.9839153937007874
21
-0.1704140157480315
0
LINE
8
BLACK
6
CONTINUOUS
10
0.9839153937007874
20
-0.1704140157480315
11
0.9844475984251968
21
-0.1706176771653543
0
LINE
8
BLACK
6
CONTINUOUS
10
0.9844475984251968
20
-0.1706176771653543
11
0.9881971259842519
21
-0.1724924409448819
0
LINE
8
BLACK
6
CONTINUOUS
10
0.9881971259842519
20
-0.1724924409448819
11
0.9884451181102362
21
-0.1726485039370079
0
LINE
8
BLACK
6
CONTINUOUS
10
0.9884451181102362
20
-0.1726485039370079
11
0.9885170866141733
21
-0.1726783464566929
0
LINE
8
BLACK
6
CONTINUOUS
10
0.9885170866141733
20
-0.1726783464566929
11
0.988598031496063
21
-0.1727448031496063
0
LINE
8
BLACK
6
CONTINUOUS
10
0.988598031496063
20
-0.1727448031496063
11
0.9886870078740158
21
-0.1728007874015748
0
LINE
8
BLACK
6
CONTINUOUS
10
0.9886870078740158
20
-0.1728007874015748
11
0.9887381496062992
21
-0.1728597637795276
0
LINE
8
BLACK
6
CONTINUOUS
10
0.9887381496062992
20
-0.1728597637795276
11
0.9889645275590551
21
-0.1730455511811023
0
LINE
8
BLACK
6
CONTINUOUS
10
0.9889645275590551
20
-0.1730455511811023
11
0.9908392913385826
21
-0.1749203149606299
0
LINE
8
BLACK
6
CONTINUOUS
10
0.9908392913385826
20
-0.1749203149606299
11
0.9910250393700787
21
-0.1751466535433071
0
LINE
8
BLACK
6
CONTINUOUS
10
0.9910250393700787
20
-0.1751466535433071
11
0.9910840551181103
21
-0.1751978346456693
0
LINE
8
BLACK
6
CONTINUOUS
10
0.9910840551181103
20
-0.1751978346456693
11
0.99114
21
-0.1752867716535433
0
LINE
8
BLACK
6
CONTINUOUS
10
0.99114
20
-0.1752867716535433
11
0.991206496062992
21
-0.1753677559055118
0
LINE
8
BLACK
6
CONTINUOUS
10
0.991206496062992
20
-0.1753677559055118
11
0.9912362992125984
21
-0.1754396850393701
0
LINE
8
BLACK
6
CONTINUOUS
10
0.9912362992125984
20
-0.1754396850393701
11
0.9913924015748031
21
-0.1756877165354331
0
LINE
8
BLACK
6
CONTINUOUS
10
0.9913924015748031
20
-0.1756877165354331
11
0.9932671653543307
21
-0.1794372440944882
0
LINE
8
BLACK
6
CONTINUOUS
10
0.9932671653543307
20
-0.1794372440944882
11
0.9934740551181103
21
-0.1799778346456693
0
LINE
8
BLACK
6
CONTINUOUS
10
0.9934740551181103
20
-0.1799778346456693
11
0.9934815748031496
21
-0.1800837007874016
0
LINE
8
BLACK
6
CONTINUOUS
10
0.9934815748031496
20
-0.1800837007874016
11
0.9935221653543307
21
-0.1801816929133858
0
LINE
8
BLACK
6
CONTINUOUS
10
0.9935221653543307
20
-0.1801816929133858
11
0.9935788976377953
21
-0.1807577559055118
0
LINE
8
BLACK
6
CONTINUOUS
10
0.9935788976377953
20
-0.1807577559055118
11
0.9935788976377953
21
-0.1901315748031496
0
LINE
8
BLACK
6
CONTINUOUS
10
0.9935788976377953
20
-0.1901315748031496
11
0.9935221653543307
21
-0.1907076377952756
0
LINE
8
BLACK
6
CONTINUOUS
10
0.9935221653543307
20
-0.1907076377952756
11
0.9934815748031496
21
-0.1908055905511811
0
LINE
8
BLACK
6
CONTINUOUS
10
0.9934815748031496
20
-0.1908055905511811
11
0.9934740551181103
21
-0.1909114960629921
0
LINE
8
BLACK
6
CONTINUOUS
10
0.9934740551181103
20
-0.1909114960629921
11
0.9932671653543307
21
-0.1914520866141732
0
LINE
8
BLACK
6
CONTINUOUS
10
0.9932671653543307
20
-0.1914520866141732
11
0.9913924015748031
21
-0.1952016141732283
0
LINE
8
BLACK
6
CONTINUOUS
10
0.9913924015748031
20
-0.1952016141732283
11
0.9912363385826771
21
-0.1954494881889764
0
LINE
8
BLACK
6
CONTINUOUS
10
0.9912363385826771
20
-0.1954494881889764
11
0.9912065354330708
21
-0.1955215354330709
0
LINE
8
BLACK
6
CONTINUOUS
10
0.9912065354330708
20
-0.1955215354330709
11
0.99114
21
-0.1956025590551181
0
LINE
8
BLACK
6
CONTINUOUS
10
0.99114
20
-0.1956025590551181
11
0.9910840551181103
21
-0.1956914960629921
0
LINE
8
BLACK
6
CONTINUOUS
10
0.9910840551181103
20
-0.1956914960629921
11
0.9910250393700787
21
-0.1957426377952756
0
LINE
8
BLACK
6
CONTINUOUS
10
0.9910250393700787
20
-0.1957426377952756
11
0.9908392913385826
21
-0.1959690157480315
0
LINE
8
BLACK
6
CONTINUOUS
10
0.9908392913385826
20
-0.1959690157480315
11
0.9889645669291338
21
-0.197843779527559
0
LINE
8
BLACK
6
CONTINUOUS
10
0.9889645669291338
20
-0.197843779527559
11
0.9887381889763779
21
-0.1980295275590551
0
LINE
8
BLACK
6
CONTINUOUS
10
0.9887381889763779
20
-0.1980295275590551
11
0.9886870078740158
21
-0.1980885826771653
0
LINE
8
BLACK
6
CONTINUOUS
10
0.9886870078740158
20
-0.1980885826771653
11
0.988598031496063
21
-0.1981445669291338
0
LINE
8
BLACK
6
CONTINUOUS
10
0.988598031496063
20
-0.1981445669291338
11
0.9885170866141733
21
-0.1982110236220472
0
LINE
8
BLACK
6
CONTINUOUS
10
0.9885170866141733
20
-0.1982110236220472
11
0.9884451181102362
21
-0.1982408267716535
0
LINE
8
BLACK
6
CONTINUOUS
10
0.9884451181102362
20
-0.1982408267716535
11
0.9881971259842519
21
-0.1983969291338583
0
LINE
8
BLACK
6
CONTINUOUS
10
0.9881971259842519
20
-0.1983969291338583
11
0.9844475984251968
21
-0.2002716929133858
0
LINE
8
BLACK
6
CONTINUOUS
10
0.9844475984251968
20
-0.2002716929133858
11
0.983906968503937
21
-0.2004785826771653
0
LINE
8
BLACK
6
CONTINUOUS
10
0.983906968503937
20
-0.2004785826771653
11
0.9838011417322834
21
-0.200486062992126
0
LINE
8
BLACK
6
CONTINUOUS
10
0.9838011417322834
20
-0.200486062992126
11
0.9837031496062992
21
-0.2005266929133858
0
LINE
8
BLACK
6
CONTINUOUS
10
0.9837031496062992
20
-0.2005266929133858
11
0.9831270866141733
21
-0.2005834251968504
0
LINE
8
BLACK
6
CONTINUOUS
10
0.9831270866141733
20
-0.2005834251968504
11
0.9718785039370078
21
-0.2005834251968504
0
LINE
8
BLACK
6
CONTINUOUS
10
0.9718785039370078
20
-0.2005834251968504
11
0.9713024409448818
21
-0.2005266929133858
0
LINE
8
BLACK
6
CONTINUOUS
10
0.9713024409448818
20
-0.2005266929133858
11
0.9712044488188977
21
-0.2004861023622047
0
LINE
8
BLACK
6
CONTINUOUS
10
0.9712044488188977
20
-0.2004861023622047
11
0.9710985826771653
21
-0.2004785826771653
0
LINE
8
BLACK
6
CONTINUOUS
10
0.9710985826771653
20
-0.2004785826771653
11
0.9705579921259843
21
-0.2002716929133858
0
LINE
8
BLACK
6
CONTINUOUS
10
0.9705579921259843
20
-0.2002716929133858
11
0.9668084645669291
21
-0.1983969291338583
0
LINE
8
BLACK
6
CONTINUOUS
10
0.9668084645669291
20
-0.1983969291338583
11
0.9665604330708661
21
-0.1982408267716535
0
LINE
8
BLACK
6
CONTINUOUS
10
0.9665604330708661
20
-0.1982408267716535
11
0.9664885039370078
21
-0.1982110236220472
0
LINE
8
BLACK
6
CONTINUOUS
10
0.9664885039370078
20
-0.1982110236220472
11
0.9664075196850394
21
-0.1981445669291338
0
LINE
8
BLACK
6
CONTINUOUS
10
0.9664075196850394
20
-0.1981445669291338
11
0.9663185826771653
21
-0.1980885826771653
0
LINE
8
BLACK
6
CONTINUOUS
10
0.9663185826771653
20
-0.1980885826771653
11
0.9662673622047244
21
-0.1980295275590551
0
LINE
8
BLACK
6
CONTINUOUS
10
0.9662673622047244
20
-0.1980295275590551
11
0.9660410236220472
21
-0.197843779527559
0
LINE
8
BLACK
6
CONTINUOUS
10
0.9660410236220472
20
-0.197843779527559
11
0.9641662598425197
21
-0.1959689763779527
0
LINE
8
BLACK
6
CONTINUOUS
10
0.9641662598425197
20
-0.1959689763779527
11
0.9637990551181103
21
-0.1955215354330709
0
LINE
8
BLACK
6
CONTINUOUS
10
0.9637990551181103
20
-0.1955215354330709
11
0.9633581889763779
21
-0.194457125984252
0
LINE
8
BLACK
6
CONTINUOUS
10
0.9633581889763779
20
-0.194457125984252
11
0.9633581889763779
21
-0.1933050393700787
0
LINE
8
BLACK
6
CONTINUOUS
10
0.9633581889763779
20
-0.1933050393700787
11
0.9637990944881889
21
-0.1922406299212598
0
LINE
8
BLACK
6
CONTINUOUS
10
0.9637990944881889
20
-0.1922406299212598
11
0.964613779527559
21
-0.1914259448818898
0
LINE
8
BLACK
6
CONTINUOUS
10
0.964613779527559
20
-0.1914259448818898
11
0.9656781889763779
21
-0.1909850787401575
0
LINE
8
BLACK
6
CONTINUOUS
10
0.9656781889763779
20
-0.1909850787401575
11
0.9668302755905511
21
-0.1909850787401575
0
LINE
8
BLACK
6
CONTINUOUS
10
0.9668302755905511
20
-0.1909850787401575
11
0.96789468503937
21
-0.1914259842519685
0
LINE
8
BLACK
6
CONTINUOUS
10
0.96789468503937
20
-0.1914259842519685
11
0.9683421653543307
21
-0.1917932283464567
0
LINE
8
BLACK
6
CONTINUOUS
10
0.9683421653543307
20
-0.1917932283464567
11
0.9698780708661418
21
-0.1933291732283464
0
LINE
8
BLACK
6
CONTINUOUS
10
0.9698780708661418
20
-0.1933291732283464
11
0.9725755511811024
21
-0.1946779133858268
0
LINE
8
BLACK
6
CONTINUOUS
10
0.9725755511811024
20
-0.1946779133858268
11
0.9824300393700787
21
-0.1946779133858268
0
LINE
8
BLACK
6
CONTINUOUS
10
0.9824300393700787
20
-0.1946779133858268
11
0.9851274803149606
21
-0.1933291732283464
0
LINE
8
BLACK
6
CONTINUOUS
10
0.9851274803149606
20
-0.1933291732283464
11
0.9863246062992126
21
-0.1921320078740157
0
LINE
8
BLACK
6
CONTINUOUS
10
0.9863246062992126
20
-0.1921320078740157
11
0.9876733858267717
21
-0.1894345275590551
0
LINE
8
BLACK
6
CONTINUOUS
10
0.9876733858267717
20
-0.1894345275590551
11
0.9876733858267717
21
-0.1814548031496063
0
LINE
8
BLACK
6
CONTINUOUS
10
0.9876733858267717
20
-0.1814548031496063
11
0.9863246456692913
21
-0.1787573228346457
0
LINE
8
BLACK
6
CONTINUOUS
10
0.9863246456692913
20
-0.1787573228346457
11
0.9851275196850393
21
-0.1775601968503937
0
LINE
8
BLACK
6
CONTINUOUS
10
0.9851275196850393
20
-0.1775601968503937
11
0.9824300393700787
21
-0.1762114566929134
0
LINE
8
BLACK
6
CONTINUOUS
10
0.9824300393700787
20
-0.1762114566929134
11
0.9775027952755905
21
-0.1762114566929134
0
LINE
8
BLACK
6
CONTINUOUS
10
0.9775027952755905
20
-0.1762114566929134
11
0.9771981102362205
21
-0.1761814173228347
0
LINE
8
BLACK
6
CONTINUOUS
10
0.9771981102362205
20
-0.1761814173228347
11
0.9771206692913386
21
-0.1761866141732283
0
LINE
8
BLACK
6
CONTINUOUS
10
0.9771206692913386
20
-0.1761866141732283
11
0.9770672834645669
21
-0.1761685433070866
0
LINE
8
BLACK
6
CONTINUOUS
10
0.9770672834645669
20
-0.1761685433070866
11
0.9769267322834645
21
-0.1761547244094488
0
LINE
8
BLACK
6
CONTINUOUS
10
0.9769267322834645
20
-0.1761547244094488
11
0.9764835039370079
21
-0.1759711023622047
0
LINE
8
BLACK
6
CONTINUOUS
10
0.9764835039370079
20
-0.1759711023622047
11
0.9760292913385826
21
-0.1758175196850394
0
LINE
8
BLACK
6
CONTINUOUS
10
0.9760292913385826
20
-0.1758175196850394
11
0.9759542913385827
21
-0.1757519291338583
0
LINE
8
BLACK
6
CONTINUOUS
10
0.9759542913385827
20
-0.1757519291338583
11
0.9758623228346457
21
-0.1757138188976378
0
LINE
8
BLACK
6
CONTINUOUS
10
0.9758623228346457
20
-0.1757138188976378
11
0.9755233070866142
21
-0.1753748031496063
0
LINE
8
BLACK
6
CONTINUOUS
10
0.9755233070866142
20
-0.1753748031496063
11
0.9751622047244094
21
-0.1750588582677165
0
LINE
8
BLACK
6
CONTINUOUS
10
0.9751622047244094
20
-0.1750588582677165
11
0.9751179921259843
21
-0.1749694881889764
0
LINE
8
BLACK
6
CONTINUOUS
10
0.9751179921259843
20
-0.1749694881889764
11
0.9750476771653543
21
-0.1748991732283464
0
LINE
8
BLACK
6
CONTINUOUS
10
0.9750476771653543
20
-0.1748991732283464
11
0.9748641732283464
21
-0.1744562204724409
0
LINE
8
BLACK
6
CONTINUOUS
10
0.9748641732283464
20
-0.1744562204724409
11
0.9746514960629921
21
-0.1740261023622047
0
LINE
8
BLACK
6
CONTINUOUS
10
0.9746514960629921
20
-0.1740261023622047
11
0.974644842519685
21
-0.1739267322834646
0
LINE
8
BLACK
6
CONTINUOUS
10
0.974644842519685
20
-0.1739267322834646
11
0.9746067716535433
21
-0.1738347637795276
0
LINE
8
BLACK
6
CONTINUOUS
10
0.9746067716535433
20
-0.1738347637795276
11
0.9746067716535433
21
-0.1733550393700787
0
LINE
8
BLACK
6
CONTINUOUS
10
0.9746067716535433
20
-0.1733550393700787
11
0.9745748818897637
21
-0.1728765748031496
0
LINE
8
BLACK
6
CONTINUOUS
10
0.9745748818897637
20
-0.1728765748031496
11
0.9746067716535433
21
-0.1727822440944882
0
LINE
8
BLACK
6
CONTINUOUS
10
0.9746067716535433
20
-0.1727822440944882
11
0.9746067716535433
21
-0.1726826377952756
0
LINE
8
BLACK
6
CONTINUOUS
10
0.9746067716535433
20
-0.1726826377952756
11
0.9747903543307086
21
-0.1722394094488189
0
LINE
8
BLACK
6
CONTINUOUS
10
0.9747903543307086
20
-0.1722394094488189
11
0.9749439763779527
21
-0.1717851968503937
0
LINE
8
BLACK
6
CONTINUOUS
10
0.9749439763779527
20
-0.1717851968503937
11
0.9750260629921259
21
-0.1716703149606299
0
LINE
8
BLACK
6
CONTINUOUS
10
0.9750260629921259
20
-0.1716703149606299
11
0.9750476771653543
21
-0.1716182283464567
0
LINE
8
BLACK
6
CONTINUOUS
10
0.9750476771653543
20
-0.1716182283464567
11
0.9751025984251969
21
-0.1715632677165354
0
LINE
8
BLACK
6
CONTINUOUS
10
0.9751025984251969
20
-0.1715632677165354
11
0.9752806299212599
21
-0.1713142913385827
0
LINE
8
BLACK
6
CONTINUOUS
10
0.9752806299212599
20
-0.1713142913385827
11
0.9841189763779528
21
-0.1612133464566929
0
LINE
8
BLACK
6
CONTINUOUS
10
0.9841189763779528
20
-0.1612133464566929
11
0.9662542125984251
21
-0.1612133464566929
0
LINE
8
BLACK
6
CONTINUOUS
10
0.9662542125984251
20
-0.1612133464566929
11
0.9656781496062992
21
-0.1611566141732284
0
LINE
8
BLACK
6
CONTINUOUS
10
0.9656781496062992
20
-0.1611566141732284
11
0.9646137401574802
21
-0.1607157086614173
0
LINE
8
BLACK
6
CONTINUOUS
10
0.9646137401574802
20
-0.1607157086614173
11
0.9637990944881889
21
-0.159901062992126
0
LINE
8
BLACK
6
CONTINUOUS
10
0.9637990944881889
20
-0.159901062992126
11
0.9633581889763779
21
-0.1588366535433071
0
LINE
8
BLACK
6
CONTINUOUS
10
0.9633581889763779
20
-0.1588366535433071
11
0.9633581889763779
21
-0.1576845275590551
0
LINE
8
BLACK
6
CONTINUOUS
10
0.9633581889763779
20
-0.1576845275590551
11
0.9637990944881889
21
-0.1566201181102362
0
LINE
8
BLACK
6
CONTINUOUS
10
0.9637990944881889
20
-0.1566201181102362
11
0.9646137401574802
21
-0.1558054724409449
0
LINE
8
BLACK
6
CONTINUOUS
10
0.9646137401574802
20
-0.1558054724409449
11
0.9656781496062992
21
-0.1553645669291339
0
LINE
8
BLACK
6
CONTINUOUS
10
0.9656781496062992
20
-0.1553645669291339
11
0.9662542125984251
21
-0.1553078346456693
0
LINE
8
BLACK
6
CONTINUOUS
10
0.9662542125984251
20
-0.1553078346456693
11
0.9906261417322835
21
-0.1553078346456693
0
LINE
8
BLACK
6
CONTINUOUS
10
0.9906261417322835
20
-0.1553078346456693
11
0.9909307874015748
21
-0.1553378346456693
0
LINE
8
BLACK
6
CONTINUOUS
10
0.9521762204724409
20
-0.1911275984251969
11
0.9528965354330708
21
-0.1914259448818898
0
LINE
8
BLACK
6
CONTINUOUS
10
0.9528965354330708
20
-0.1914259448818898
11
0.9528965748031496
21
-0.1914259842519685
0
LINE
8
BLACK
6
CONTINUOUS
10
0.9528965748031496
20
-0.1914259842519685
11
0.9533440551181103
21
-0.1917932283464567
0
LINE
8
BLACK
6
CONTINUOUS
10
0.9533440551181103
20
-0.1917932283464567
11
0.9552187795275591
21
-0.1936679921259842
0
LINE
8
BLACK
6
CONTINUOUS
10
0.9552187795275591
20
-0.1936679921259842
11
0.9555860236220473
21
-0.1941154724409449
0
LINE
8
BLACK
6
CONTINUOUS
10
0.9555860236220473
20
-0.1941154724409449
11
0.9560250787401574
21
-0.1951755511811024
0
LINE
8
BLACK
6
CONTINUOUS
10
0.9560250787401574
20
-0.1951755511811024
11
0.9560268897637795
21
-0.1951798818897638
0
LINE
8
BLACK
6
CONTINUOUS
10
0.9560268897637795
20
-0.1951798818897638
11
0.9560268897637795
21
-0.196331968503937
0
LINE
8
BLACK
6
CONTINUOUS
10
0.9560268897637795
20
-0.196331968503937
11
0.9555859842519685
21
-0.1973963779527559
0
LINE
8
BLACK
6
CONTINUOUS
10
0.9555859842519685
20
-0.1973963779527559
11
0.9552187795275591
21
-0.1978438188976378
0
LINE
8
BLACK
6
CONTINUOUS
10
0.9552187795275591
20
-0.1978438188976378
11
0.9533440157480315
21
-0.1997185826771654
0
LINE
8
BLACK
6
CONTINUOUS
10
0.9533440157480315
20
-0.1997185826771654
11
0.9528965748031496
21
-0.2000857874015748
0
LINE
8
BLACK
6
CONTINUOUS
10
0.9528965748031496
20
-0.2000857874015748
11
0.9518321653543307
21
-0.2005266929133858
0
LINE
8
BLACK
6
CONTINUOUS
10
0.9518321653543307
20
-0.2005266929133858
11
0.9518321259842519
21
-0.2005266929133858
0
LINE
8
BLACK
6
CONTINUOUS
10
0.9518321259842519
20
-0.2005266929133858
11
0.9506800787401575
21
-0.2005266929133858
0
LINE
8
BLACK
6
CONTINUOUS
10
0.9506800787401575
20
-0.2005266929133858
11
0.9506800393700787
21
-0.2005266929133858
0
LINE
8
BLACK
6
CONTINUOUS
10
0.9506800393700787
20
-0.2005266929133858
11
0.9496156299212598
21
-0.2000857874015748
0
LINE
8
BLACK
6
CONTINUOUS
10
0.9496156299212598
20
-0.2000857874015748
11
0.9491681889763779
21
-0.1997185826771654
0
LINE
8
BLACK
6
CONTINUOUS
10
0.9491681889763779
20
-0.1997185826771654
11
0.9472934251968503
21
-0.1978438188976378
0
LINE
8
BLACK
6
CONTINUOUS
10
0.9472934251968503
20
-0.1978438188976378
11
0.9469262204724409
21
-0.1973963779527559
0
LINE
8
BLACK
6
CONTINUOUS
10
0.9469262204724409
20
-0.1973963779527559
11
0.9466836220472441
21
-0.1968106692913386
0
LINE
8
BLACK
6
CONTINUOUS
10
0.9466836220472441
20
-0.1968106692913386
11
0.9464853149606299
21
-0.196331968503937
0
LINE
8
BLACK
6
CONTINUOUS
10
0.9464853149606299
20
-0.196331968503937
11
0.9464853149606299
21
-0.1951798818897638
0
LINE
8
BLACK
6
CONTINUOUS
10
0.9464853149606299
20
-0.1951798818897638
11
0.9469261811023622
21
-0.1941154724409449
0
LINE
8
BLACK
6
CONTINUOUS
10
0.9469261811023622
20
-0.1941154724409449
11
0.9472933858267716
21
-0.193668031496063
0
LINE
8
BLACK
6
CONTINUOUS
10
0.9472933858267716
20
-0.193668031496063
11
0.9491681496062991
21
-0.1917932283464567
0
LINE
8
BLACK
6
CONTINUOUS
10
0.9491681496062991
20
-0.1917932283464567
11
0.9496156299212598
21
-0.1914259842519685
0
LINE
8
BLACK
6
CONTINUOUS
10
0.9496156299212598
20
-0.1914259842519685
11
0.9496156692913386
21
-0.1914259448818898
0
LINE
8
BLACK
6
CONTINUOUS
10
0.9496156692913386
20
-0.1914259448818898
11
0.9503359842519685
21
-0.1911275984251969
0
LINE
8
BLACK
6
CONTINUOUS
10
0.9503359842519685
20
-0.1911275984251969
11
0.9506800393700787
21
-0.1909850787401575
0
LINE
8
BLACK
6
CONTINUOUS
10
0.9506800393700787
20
-0.1909850787401575
11
0.9518321259842519
21
-0.1909850787401575
0
LINE
8
BLACK
6
CONTINUOUS
10
0.9518321259842519
20
-0.1909850787401575
11
0.9518321653543307
21
-0.1909850787401575
0
LINE
8
BLACK
6
CONTINUOUS
10
0.9518321653543307
20
-0.1909850787401575
11
0.9521762204724409
21
-0.1911275984251969
0
LINE
8
BLACK
6
CONTINUOUS
10
1.0493199606299213
20
-0.1684879133858268
11
1.0494179527559055
21
-0.1685285039370079
0
LINE
8
BLACK
6
CONTINUOUS
10
1.0494179527559055
20
-0.1685285039370079
11
1.0495237795275589
21
-0.1685360236220473
0
LINE
8
BLACK
6
CONTINUOUS
10
1.0495237795275589
20
-0.1685360236220473
11
1.050064409448819
21
-0.1687429133858268
0
LINE
8
BLACK
6
CONTINUOUS
10
1.050064409448819
20
-0.1687429133858268
11
1.0538139370078741
21
-0.1706176771653543
0
LINE
8
BLACK
6
CONTINUOUS
10
1.0538139370078741
20
-0.1706176771653543
11
1.0539102755905512
21
-0.1706783070866142
0
LINE
8
BLACK
6
CONTINUOUS
10
1.0539102755905512
20
-0.1706783070866142
11
1.0539557086614173
21
-0.1706934645669291
0
LINE
8
BLACK
6
CONTINUOUS
10
1.0539557086614173
20
-0.1706934645669291
11
1.0540122440944881
21
-0.1707424803149606
0
LINE
8
BLACK
6
CONTINUOUS
10
1.0540122440944881
20
-0.1707424803149606
11
1.0543038188976377
21
-0.1709260236220472
0
LINE
8
BLACK
6
CONTINUOUS
10
1.0543038188976377
20
-0.1709260236220472
11
1.0543681889763779
21
-0.1710002362204724
0
LINE
8
BLACK
6
CONTINUOUS
10
1.0543681889763779
20
-0.1710002362204724
11
1.054432559055118
21
-0.1709260236220472
0
LINE
8
BLACK
6
CONTINUOUS
10
1.054432559055118
20
-0.1709260236220472
11
1.054724094488189
21
-0.1707424803149606
0
LINE
8
BLACK
6
CONTINUOUS
10
1.054724094488189
20
-0.1707424803149606
11
1.0547806692913386
21
-0.1706934645669291
0
LINE
8
BLACK
6
CONTINUOUS
10
1.0547806692913386
20
-0.1706934645669291
11
1.054826062992126
21
-0.1706783070866142
0
LINE
8
BLACK
6
CONTINUOUS
10
1.054826062992126
20
-0.1706783070866142
11
1.0549224409448819
21
-0.1706176771653543
0
LINE
8
BLACK
6
CONTINUOUS
10
1.0549224409448819
20
-0.1706176771653543
11
1.058671968503937
21
-0.1687429133858268
0
LINE
8
BLACK
6
CONTINUOUS
10
1.058671968503937
20
-0.1687429133858268
11
1.059212559055118
21
-0.1685360236220473
0
LINE
8
BLACK
6
CONTINUOUS
10
1.059212559055118
20
-0.1685360236220473
11
1.0593184251968504
21
-0.1685284645669291
0
LINE
8
BLACK
6
CONTINUOUS
10
1.0593184251968504
20
-0.1685284645669291
11
1.0594164173228346
21
-0.1684879133858268
0
LINE
8
BLACK
6
CONTINUOUS
10
1.0594164173228346
20
-0.1684879133858268
11
1.0599924803149605
21
-0.1684311811023622
0
LINE
8
BLACK
6
CONTINUOUS
10
1.0599924803149605
20
-0.1684311811023622
11
1.0656167716535432
21
-0.1684311811023622
0
LINE
8
BLACK
6
CONTINUOUS
10
1.0656167716535432
20
-0.1684311811023622
11
1.0661928346456693
21
-0.1684879133858268
0
LINE
8
BLACK
6
CONTINUOUS
10
1.0661928346456693
20
-0.1684879133858268
11
1.0662908267716535
21
-0.1685285039370079
0
LINE
8
BLACK
6
CONTINUOUS
10
1.0662908267716535
20
-0.1685285039370079
11
1.0663966535433071
21
-0.1685360236220473
0
LINE
8
BLACK
6
CONTINUOUS
10
1.0663966535433071
20
-0.1685360236220473
11
1.066937283464567
21
-0.1687429133858268
0
LINE
8
BLACK
6
CONTINUOUS
10
1.066937283464567
20
-0.1687429133858268
11
1.0706868503937008
21
-0.1706176771653543
0
LINE
8
BLACK
6
CONTINUOUS
10
1.0706868503937008
20
-0.1706176771653543
11
1.0707831496062992
21
-0.1706783070866142
0
LINE
8
BLACK
6
CONTINUOUS
10
1.0707831496062992
20
-0.1706783070866142
11
1.070828622047244
21
-0.1706934645669291
0
LINE
8
BLACK
6
CONTINUOUS
10
1.070828622047244
20
-0.1706934645669291
11
1.0708851968503936
21
-0.1707425196850394
0
LINE
8
BLACK
6
CONTINUOUS
10
1.0708851968503936
20
-0.1707425196850394
11
1.0711766929133859
21
-0.1709260236220472
0
LINE
8
BLACK
6
CONTINUOUS
10
1.0711766929133859
20
-0.1709260236220472
11
1.0714191732283465
21
-0.1712056299212598
0
LINE
8
BLACK
6
CONTINUOUS
10
1.0714191732283465
20
-0.1712056299212598
11
1.0716990157480315
21
-0.1714483070866142
0
LINE
8
BLACK
6
CONTINUOUS
10
1.0716990157480315
20
-0.1714483070866142
11
1.0718825196850394
21
-0.171739842519685
0
LINE
8
BLACK
6
CONTINUOUS
10
1.0718825196850394
20
-0.171739842519685
11
1.0719315748031495
21
-0.1717964173228347
0
LINE
8
BLACK
6
CONTINUOUS
10
1.0719315748031495
20
-0.1717964173228347
11
1.0719466929133858
21
-0.171841811023622
0
LINE
8
BLACK
6
CONTINUOUS
10
1.0719466929133858
20
-0.171841811023622
11
1.0720073622047244
21
-0.1719381889763779
0
LINE
8
BLACK
6
CONTINUOUS
10
1.0720073622047244
20
-0.1719381889763779
11
1.0738821259842519
21
-0.1756877165354331
0
LINE
8
BLACK
6
CONTINUOUS
10
1.0738821259842519
20
-0.1756877165354331
11
1.0740890157480314
21
-0.1762283070866142
0
LINE
8
BLACK
6
CONTINUOUS
10
1.0740890157480314
20
-0.1762283070866142
11
1.0740965354330709
21
-0.1763341732283465
0
LINE
8
BLACK
6
CONTINUOUS
10
1.0740965354330709
20
-0.1763341732283465
11
1.074137125984252
21
-0.1764321653543307
0
LINE
8
BLACK
6
CONTINUOUS
10
1.074137125984252
20
-0.1764321653543307
11
1.0741938582677164
21
-0.1770082283464567
0
LINE
8
BLACK
6
CONTINUOUS
10
1.0741938582677164
20
-0.1770082283464567
11
1.0741938582677164
21
-0.1976306692913386
0
LINE
8
BLACK
6
CONTINUOUS
10
1.0741938582677164
20
-0.1976306692913386
11
1.074137125984252
21
-0.1982067322834646
0
LINE
8
BLACK
6
CONTINUOUS
10
1.074137125984252
20
-0.1982067322834646
11
1.073696220472441
21
-0.1992711417322835
0
LINE
8
BLACK
6
CONTINUOUS
10
1.073696220472441
20
-0.1992711417322835
11
1.0728815748031495
21
-0.2000857874015748
0
LINE
8
BLACK
6
CONTINUOUS
10
1.0728815748031495
20
-0.2000857874015748
11
1.0718171653543307
21
-0.2005266929133858
0
LINE
8
BLACK
6
CONTINUOUS
10
1.0718171653543307
20
-0.2005266929133858
11
1.0706650393700787
21
-0.2005266929133858
0
LINE
8
BLACK
6
CONTINUOUS
10
1.0706650393700787
20
-0.2005266929133858
11
1.0696006299212599
21
-0.2000857874015748
0
LINE
8
BLACK
6
CONTINUOUS
10
1.0696006299212599
20
-0.2000857874015748
11
1.0687859842519685
21
-0.1992711417322835
0
LINE
8
BLACK
6
CONTINUOUS
10
1.0687859842519685
20
-0.1992711417322835
11
1.0683450787401574
21
-0.1982067322834646
0
LINE
8
BLACK
6
CONTINUOUS
10
1.0683450787401574
20
-0.1982067322834646
11
1.0682883464566928
21
-0.1976306692913386
0
LINE
8
BLACK
6
CONTINUOUS
10
1.0682883464566928
20
-0.1976306692913386
11
1.0682883464566928
21
-0.1777052755905512
0
LINE
8
BLACK
6
CONTINUOUS
10
1.0682883464566928
20
-0.1777052755905512
11
1.067165472440945
21
-0.1754595275590551
0
LINE
8
BLACK
6
CONTINUOUS
10
1.067165472440945
20
-0.1754595275590551
11
1.0649197244094488
21
-0.1743366929133858
0
LINE
8
BLACK
6
CONTINUOUS
10
1.0649197244094488
20
-0.1743366929133858
11
1.0606895275590551
21
-0.1743366929133858
0
LINE
8
BLACK
6
CONTINUOUS
10
1.0606895275590551
20
-0.1743366929133858
11
1.058443779527559
21
-0.1754595275590551
0
LINE
8
BLACK
6
CONTINUOUS
10
1.058443779527559
20
-0.1754595275590551
11
1.0573209448818897
21
-0.1777052755905512
0
LINE
8
BLACK
6
CONTINUOUS
10
1.0573209448818897
20
-0.1777052755905512
11
1.0573209448818897
21
-0.1976306692913386
0
LINE
8
BLACK
6
CONTINUOUS
10
1.0573209448818897
20
-0.1976306692913386
11
1.0572642125984251
21
-0.1982067322834646
0
LINE
8
BLACK
6
CONTINUOUS
10
1.0572642125984251
20
-0.1982067322834646
11
1.0568233070866142
21
-0.1992711417322835
0
LINE
8
BLACK
6
CONTINUOUS
10
1.0568233070866142
20
-0.1992711417322835
11
1.0560086614173227
21
-0.2000857874015748
0
LINE
8
BLACK
6
CONTINUOUS
10
1.0560086614173227
20
-0.2000857874015748
11
1.0549442519685039
21
-0.2005266929133858
0
LINE
8
BLACK
6
CONTINUOUS
10
1.0549442519685039
20
-0.2005266929133858
11
1.053792125984252
21
-0.2005266929133858
0
LINE
8
BLACK
6
CONTINUOUS
10
1.053792125984252
20
-0.2005266929133858
11
1.052727716535433
21
-0.2000857874015748
0
LINE
8
BLACK
6
CONTINUOUS
10
1.052727716535433
20
-0.2000857874015748
11
1.0519130708661417
21
-0.1992711417322835
0
LINE
8
BLACK
6
CONTINUOUS
10
1.0519130708661417
20
-0.1992711417322835
11
1.0514721653543306
21
-0.1982067322834646
0
LINE
8
BLACK
6
CONTINUOUS
10
1.0514721653543306
20
-0.1982067322834646
11
1.051415433070866
21
-0.1976306692913386
0
LINE
8
BLACK
6
CONTINUOUS
10
1.051415433070866
20
-0.1976306692913386
11
1.051415433070866
21
-0.1777052755905512
0
LINE
8
BLACK
6
CONTINUOUS
10
1.051415433070866
20
-0.1777052755905512
11
1.050292559055118
21
-0.1754595275590551
0
LINE
8
BLACK
6
CONTINUOUS
10
1.050292559055118
20
-0.1754595275590551
11
1.0480468503937008
21
-0.1743366929133858
0
LINE
8
BLACK
6
CONTINUOUS
10
1.0480468503937008
20
-0.1743366929133858
11
1.0438166535433071
21
-0.1743366929133858
0
LINE
8
BLACK
6
CONTINUOUS
10
1.0438166535433071
20
-0.1743366929133858
11
1.0411191732283465
21
-0.1756854330708661
0
LINE
8
BLACK
6
CONTINUOUS
10
1.0411191732283465
20
-0.1756854330708661
11
1.0404480708661417
21
-0.1763565354330709
0
LINE
8
BLACK
6
CONTINUOUS
10
1.0404480708661417
20
-0.1763565354330709
11
1.0404480708661417
21
-0.1976306692913386
0
LINE
8
BLACK
6
CONTINUOUS
10
1.0404480708661417
20
-0.1976306692913386
11
1.0403913385826771
21
-0.1982067322834646
0
LINE
8
BLACK
6
CONTINUOUS
10
1.0403913385826771
20
-0.1982067322834646
11
1.0399504330708662
21
-0.1992711417322835
0
LINE
8
BLACK
6
CONTINUOUS
10
1.0399504330708662
20
-0.1992711417322835
11
1.0391357874015748
21
-0.2000857874015748
0
LINE
8
BLACK
6
CONTINUOUS
10
1.0391357874015748
20
-0.2000857874015748
11
1.0380713779527559
21
-0.2005266929133858
0
LINE
8
BLACK
6
CONTINUOUS
10
1.0380713779527559
20
-0.2005266929133858
11
1.036919251968504
21
-0.2005266929133858
0
LINE
8
BLACK
6
CONTINUOUS
10
1.036919251968504
20
-0.2005266929133858
11
1.035854842519685
21
-0.2000857874015748
0
LINE
8
BLACK
6
CONTINUOUS
10
1.035854842519685
20
-0.2000857874015748
11
1.0350401968503937
21
-0.1992711417322835
0
LINE
8
BLACK
6
CONTINUOUS
10
1.0350401968503937
20
-0.1992711417322835
11
1.0345992913385826
21
-0.1982067322834646
0
LINE
8
BLACK
6
CONTINUOUS
10
1.0345992913385826
20
-0.1982067322834646
11
1.034542559055118
21
-0.1976306692913386
0
LINE
8
BLACK
6
CONTINUOUS
10
1.034542559055118
20
-0.1976306692913386
11
1.034542559055118
21
-0.171383937007874
0
LINE
8
BLACK
6
CONTINUOUS
10
1.034542559055118
20
-0.171383937007874
11
1.0345992913385826
21
-0.170807874015748
0
LINE
8
BLACK
6
CONTINUOUS
10
1.0345992913385826
20
-0.170807874015748
11
1.0350401968503937
21
-0.1697434645669291
0
LINE
8
BLACK
6
CONTINUOUS
10
1.0350401968503937
20
-0.1697434645669291
11
1.035854842519685
21
-0.1689288188976378
0
LINE
8
BLACK
6
CONTINUOUS
10
1.035854842519685
20
-0.1689288188976378
11
1.036919251968504
21
-0.1684879133858268
0
LINE
8
BLACK
6
CONTINUOUS
10
1.036919251968504
20
-0.1684879133858268
11
1.0380713779527559
21
-0.1684879133858268
0
LINE
8
BLACK
6
CONTINUOUS
10
1.0380713779527559
20
-0.1684879133858268
11
1.0391357874015748
21
-0.1689288188976378
0
LINE
8
BLACK
6
CONTINUOUS
10
1.0391357874015748
20
-0.1689288188976378
11
1.0398996062992125
21
-0.1696926377952756
0
LINE
8
BLACK
6
CONTINUOUS
10
1.0398996062992125
20
-0.1696926377952756
11
1.041799094488189
21
-0.1687429133858268
0
LINE
8
BLACK
6
CONTINUOUS
10
1.041799094488189
20
-0.1687429133858268
11
1.04233968503937
21
-0.1685360236220473
0
LINE
8
BLACK
6
CONTINUOUS
10
1.04233968503937
20
-0.1685360236220473
11
1.0424455511811024
21
-0.1685284645669291
0
LINE
8
BLACK
6
CONTINUOUS
10
1.0424455511811024
20
-0.1685284645669291
11
1.0425435433070867
21
-0.1684879133858268
0
LINE
8
BLACK
6
CONTINUOUS
10
1.0425435433070867
20
-0.1684879133858268
11
1.0431196062992125
21
-0.1684311811023622
0
LINE
8
BLACK
6
CONTINUOUS
10
1.0431196062992125
20
-0.1684311811023622
11
1.0487438976377952
21
-0.1684311811023622
0
LINE
8
BLACK
6
CONTINUOUS
10
1.0487438976377952
20
-0.1684311811023622
11
1.0493199606299213
21
-0.1684879133858268
0
LINE
8
BLACK
6
CONTINUOUS
10
1.1018133858267716
20
-0.1684879133858268
11
1.1019113779527558
21
-0.1685285039370079
0
LINE
8
BLACK
6
CONTINUOUS
10
1.1019113779527558
20
-0.1685285039370079
11
1.1020172047244094
21
-0.1685360236220473
0
LINE
8
BLACK
6
CONTINUOUS
10
1.1020172047244094
20
-0.1685360236220473
11
1.1025578346456693
21
-0.1687429133858268
0
LINE
8
BLACK
6
CONTINUOUS
10
1.1025578346456693
20
-0.1687429133858268
11
1.1063073622047244
21
-0.1706176771653543
0
LINE
8
BLACK
6
CONTINUOUS
10
1.1063073622047244
20
-0.1706176771653543
11
1.1064037007874015
21
-0.1706783070866142
0
LINE
8
BLACK
6
CONTINUOUS
10
1.1064037007874015
20
-0.1706783070866142
11
1.1064491338582676
21
-0.1706934645669291
0
LINE
8
BLACK
6
CONTINUOUS
10
1.1064491338582676
20
-0.1706934645669291
11
1.1065056692913386
21
-0.1707424803149606
0
LINE
8
BLACK
6
CONTINUOUS
10
1.1065056692913386
20
-0.1707424803149606
11
1.1067972440944882
21
-0.1709260236220472
0
LINE
8
BLACK
6
CONTINUOUS
10
1.1067972440944882
20
-0.1709260236220472
11
1.1068616141732284
21
-0.1710002362204724
0
LINE
8
BLACK
6
CONTINUOUS
10
1.1068616141732284
20
-0.1710002362204724
11
1.1069259842519685
21
-0.1709260236220472
0
LINE
8
BLACK
6
CONTINUOUS
10
1.1069259842519685
20
-0.1709260236220472
11
1.1072175196850393
21
-0.1707424803149606
0
LINE
8
BLACK
6
CONTINUOUS
10
1.1072175196850393
20
-0.1707424803149606
11
1.1072740944881889
21
-0.1706934645669291
0
LINE
8
BLACK
6
CONTINUOUS
10
1.1072740944881889
20
-0.1706934645669291
11
1.1073194881889763
21
-0.1706783070866142
0
LINE
8
BLACK
6
CONTINUOUS
10
1.1073194881889763
20
-0.1706783070866142
11
1.1074158661417322
21
-0.1706176771653543
0
LINE
8
BLACK
6
CONTINUOUS
10
1.1074158661417322
20
-0.1706176771653543
11
1.1111653937007875
21
-0.1687429133858268
0
LINE
8
BLACK
6
CONTINUOUS
10
1.1111653937007875
20
-0.1687429133858268
11
1.1117059842519685
21
-0.1685360236220473
0
LINE
8
BLACK
6
CONTINUOUS
10
1.1117059842519685
20
-0.1685360236220473
11
1.1118118503937007
21
-0.1685284645669291
0
LINE
8
BLACK
6
CONTINUOUS
10
1.1118118503937007
20
-0.1685284645669291
11
1.1119098425196849
21
-0.1684879133858268
0
LINE
8
BLACK
6
CONTINUOUS
10
1.1119098425196849
20
-0.1684879133858268
11
1.112485905511811
21
-0.1684311811023622
0
LINE
8
BLACK
6
CONTINUOUS
10
1.112485905511811
20
-0.1684311811023622
11
1.1181101968503937
21
-0.1684311811023622
0
LINE
8
BLACK
6
CONTINUOUS
10
1.1181101968503937
20
-0.1684311811023622
11
1.1186862598425196
21
-0.1684879133858268
0
LINE
8
BLACK
6
CONTINUOUS
10
1.1186862598425196
20
-0.1684879133858268
11
1.1187842519685038
21
-0.1685285039370079
0
LINE
8
BLACK
6
CONTINUOUS
10
1.1187842519685038
20
-0.1685285039370079
11
1.1188900787401574
21
-0.1685360236220473
0
LINE
8
BLACK
6
CONTINUOUS
10
1.1188900787401574
20
-0.1685360236220473
11
1.1194307086614173
21
-0.1687429133858268
0
LINE
8
BLACK
6
CONTINUOUS
10
1.1194307086614173
20
-0.1687429133858268
11
1.1231802755905511
21
-0.1706176771653543
0
LINE
8
BLACK
6
CONTINUOUS
10
1.1231802755905511
20
-0.1706176771653543
11
1.1232765748031497
21
-0.1706783070866142
0
LINE
8
BLACK
6
CONTINUOUS
10
1.1232765748031497
20
-0.1706783070866142
11
1.1233220472440946
21
-0.1706934645669291
0
LINE
8
BLACK
6
CONTINUOUS
10
1.1233220472440946
20
-0.1706934645669291
11
1.1233786220472441
21
-0.1707425196850394
0
LINE
8
BLACK
6
CONTINUOUS
10
1.1233786220472441
20
-0.1707425196850394
11
1.1236701181102362
21
-0.1709260236220472
0
LINE
8
BLACK
6
CONTINUOUS
10
1.1236701181102362
20
-0.1709260236220472
11
1.1239125984251968
21
-0.1712056299212598
0
LINE
8
BLACK
6
CONTINUOUS
10
1.1239125984251968
20
-0.1712056299212598
11
1.1241924409448818
21
-0.1714483070866142
0
LINE
8
BLACK
6
CONTINUOUS
10
1.1241924409448818
20
-0.1714483070866142
11
1.1243759448818897
21
-0.171739842519685
0
LINE
8
BLACK
6
CONTINUOUS
10
1.1243759448818897
20
-0.171739842519685
11
1.124425
21
-0.1717964173228347
0
LINE
8
BLACK
6
CONTINUOUS
10
1.124425
20
-0.1717964173228347
11
1.1244401181102361
21
-0.171841811023622
0
LINE
8
BLACK
6
CONTINUOUS
10
1.1244401181102361
20
-0.171841811023622
11
1.1245007874015749
21
-0.1719381889763779
0
LINE
8
BLACK
6
CONTINUOUS
10
1.1245007874015749
20
-0.1719381889763779
11
1.1263755511811024
21
-0.1756877165354331
0
LINE
8
BLACK
6
CONTINUOUS
10
1.1263755511811024
20
-0.1756877165354331
11
1.1265824409448819
21
-0.1762283070866142
0
LINE
8
BLACK
6
CONTINUOUS
10
1.1265824409448819
20
-0.1762283070866142
11
1.1265899606299212
21
-0.1763341732283465
0
LINE
8
BLACK
6
CONTINUOUS
10
1.1265899606299212
20
-0.1763341732283465
11
1.1266305511811023
21
-0.1764321653543307
0
LINE
8
BLACK
6
CONTINUOUS
10
1.1266305511811023
20
-0.1764321653543307
11
1.1266872834645669
21
-0.1770082283464567
0
LINE
8
BLACK
6
CONTINUOUS
10
1.1266872834645669
20
-0.1770082283464567
11
1.1266872834645669
21
-0.1976306692913386
0
LINE
8
BLACK
6
CONTINUOUS
10
1.1266872834645669
20
-0.1976306692913386
11
1.1266305511811023
21
-0.1982067322834646
0
LINE
8
BLACK
6
CONTINUOUS
10
1.1266305511811023
20
-0.1982067322834646
11
1.1261896456692913
21
-0.1992711417322835
0
LINE
8
BLACK
6
CONTINUOUS
10
1.1261896456692913
20
-0.1992711417322835
11
1.125375
21
-0.2000857874015748
0
LINE
8
BLACK
6
CONTINUOUS
10
1.125375
20
-0.2000857874015748
11
1.124310590551181
21
-0.2005266929133858
0
LINE
8
BLACK
6
CONTINUOUS
10
1.124310590551181
20
-0.2005266929133858
11
1.123158464566929
21
-0.2005266929133858
0
LINE
8
BLACK
6
CONTINUOUS
10
1.123158464566929
20
-0.2005266929133858
11
1.1220940551181102
21
-0.2000857874015748
0
LINE
8
BLACK
6
CONTINUOUS
10
1.1220940551181102
20
-0.2000857874015748
11
1.1212794094488188
21
-0.1992711417322835
0
LINE
8
BLACK
6
CONTINUOUS
10
1.1212794094488188
20
-0.1992711417322835
11
1.1208385039370079
21
-0.1982067322834646
0
LINE
8
BLACK
6
CONTINUOUS
10
1.1208385039370079
20
-0.1982067322834646
11
1.1207817716535433
21
-0.1976306692913386
0
LINE
8
BLACK
6
CONTINUOUS
10
1.1207817716535433
20
-0.1976306692913386
11
1.1207817716535433
21
-0.1777052755905512
0
LINE
8
BLACK
6
CONTINUOUS
10
1.1207817716535433
20
-0.1777052755905512
11
1.1196588976377952
21
-0.1754595275590551
0
LINE
8
BLACK
6
CONTINUOUS
10
1.1196588976377952
20
-0.1754595275590551
11
1.1174131496062991
21
-0.1743366929133858
0
LINE
8
BLACK
6
CONTINUOUS
10
1.1174131496062991
20
-0.1743366929133858
11
1.1131829527559054
21
-0.1743366929133858
0
LINE
8
BLACK
6
CONTINUOUS
10
1.1131829527559054
20
-0.1743366929133858
11
1.1109372047244095
21
-0.1754595275590551
0
LINE
8
BLACK
6
CONTINUOUS
10
1.1109372047244095
20
-0.1754595275590551
11
1.1098143700787402
21
-0.1777052755905512
0
LINE
8
BLACK
6
CONTINUOUS
10
1.1098143700787402
20
-0.1777052755905512
11
1.1098143700787402
21
-0.1976306692913386
0
LINE
8
BLACK
6
CONTINUOUS
10
1.1098143700787402
20
-0.1976306692913386
11
1.1097576377952756
21
-0.1982067322834646
0
LINE
8
BLACK
6
CONTINUOUS
10
1.1097576377952756
20
-0.1982067322834646
11
1.1093167322834645
21
-0.1992711417322835
0
LINE
8
BLACK
6
CONTINUOUS
10
1.1093167322834645
20
-0.1992711417322835
11
1.1085020866141733
21
-0.2000857874015748
0
LINE
8
BLACK
6
CONTINUOUS
10
1.1085020866141733
20
-0.2000857874015748
11
1.1074376771653542
21
-0.2005266929133858
0
LINE
8
BLACK
6
CONTINUOUS
10
1.1074376771653542
20
-0.2005266929133858
11
1.1062855511811023
21
-0.2005266929133858
0
LINE
8
BLACK
6
CONTINUOUS
10
1.1062855511811023
20
-0.2005266929133858
11
1.1052211417322835
21
-0.2000857874015748
0
LINE
8
BLACK
6
CONTINUOUS
10
1.1052211417322835
20
-0.2000857874015748
11
1.104406496062992
21
-0.1992711417322835
0
LINE
8
BLACK
6
CONTINUOUS
10
1.104406496062992
20
-0.1992711417322835
11
1.1039655905511812
21
-0.1982067322834646
0
LINE
8
BLACK
6
CONTINUOUS
10
1.1039655905511812
20
-0.1982067322834646
11
1.1039088582677166
21
-0.1976306692913386
0
LINE
8
BLACK
6
CONTINUOUS
10
1.1039088582677166
20
-0.1976306692913386
11
1.1039088582677166
21
-0.1777052755905512
0
LINE
8
BLACK
6
CONTINUOUS
10
1.1039088582677166
20
-0.1777052755905512
11
1.1027859842519685
21
-0.1754595275590551
0
LINE
8
BLACK
6
CONTINUOUS
10
1.1027859842519685
20
-0.1754595275590551
11
1.1005402755905511
21
-0.1743366929133858
0
LINE
8
BLACK
6
CONTINUOUS
10
1.1005402755905511
20
-0.1743366929133858
11
1.0963100787401574
21
-0.1743366929133858
0
LINE
8
BLACK
6
CONTINUOUS
10
1.0963100787401574
20
-0.1743366929133858
11
1.0936125984251968
21
-0.1756854330708661
0
LINE
8
BLACK
6
CONTINUOUS
10
1.0936125984251968
20
-0.1756854330708661
11
1.0929414960629922
21
-0.1763565354330709
0
LINE
8
BLACK
6
CONTINUOUS
10
1.0929414960629922
20
-0.1763565354330709
11
1.0929414960629922
21
-0.1976306692913386
0
LINE
8
BLACK
6
CONTINUOUS
10
1.0929414960629922
20
-0.1976306692913386
11
1.0928847637795276
21
-0.1982067322834646
0
LINE
8
BLACK
6
CONTINUOUS
10
1.0928847637795276
20
-0.1982067322834646
11
1.0924438582677165
21
-0.1992711417322835
0
LINE
8
BLACK
6
CONTINUOUS
10
1.0924438582677165
20
-0.1992711417322835
11
1.0916292125984253
21
-0.2000857874015748
0
LINE
8
BLACK
6
CONTINUOUS
10
1.0916292125984253
20
-0.2000857874015748
11
1.0905648031496062
21
-0.2005266929133858
0
LINE
8
BLACK
6
CONTINUOUS
10
1.0905648031496062
20
-0.2005266929133858
11
1.0894126771653543
21
-0.2005266929133858
0
LINE
8
BLACK
6
CONTINUOUS
10
1.0894126771653543
20
-0.2005266929133858
11
1.0883482677165355
21
-0.2000857874015748
0
LINE
8
BLACK
6
CONTINUOUS
10
1.0883482677165355
20
-0.2000857874015748
11
1.087533622047244
21
-0.1992711417322835
0
LINE
8
BLACK
6
CONTINUOUS
10
1.087533622047244
20
-0.1992711417322835
11
1.0870927165354332
21
-0.1982067322834646
0
LINE
8
BLACK
6
CONTINUOUS
10
1.0870927165354332
20
-0.1982067322834646
11
1.0870359842519686
21
-0.1976306692913386
0
LINE
8
BLACK
6
CONTINUOUS
10
1.0870359842519686
20
-0.1976306692913386
11
1.0870359842519686
21
-0.171383937007874
0
LINE
8
BLACK
6
CONTINUOUS
10
1.0870359842519686
20
-0.171383937007874
11
1.0870927165354332
21
-0.170807874015748
0
LINE
8
BLACK
6
CONTINUOUS
10
1.0870927165354332
20
-0.170807874015748
11
1.087533622047244
21
-0.1697434645669291
0
LINE
8
BLACK
6
CONTINUOUS
10
1.087533622047244
20
-0.1697434645669291
11
1.0883482677165355
21
-0.1689288188976378
0
LINE
8
BLACK
6
CONTINUOUS
10
1.0883482677165355
20
-0.1689288188976378
11
1.0894126771653543
21
-0.1684879133858268
0
LINE
8
BLACK
6
CONTINUOUS
10
1.0894126771653543
20
-0.1684879133858268
11
1.0905648031496062
21
-0.1684879133858268
0
LINE
8
BLACK
6
CONTINUOUS
10
1.0905648031496062
20
-0.1684879133858268
11
1.0916292125984253
21
-0.1689288188976378
0
LINE
8
BLACK
6
CONTINUOUS
10
1.0916292125984253
20
-0.1689288188976378
11
1.092393031496063
21
-0.1696926377952756
0
LINE
8
BLACK
6
CONTINUOUS
10
1.092393031496063
20
-0.1696926377952756
11
1.0942925196850393
21
-0.1687429133858268
0
LINE
8
BLACK
6
CONTINUOUS
10
1.0942925196850393
20
-0.1687429133858268
11
1.0948331102362205
21
-0.1685360236220473
0
LINE
8
BLACK
6
CONTINUOUS
10
1.0948331102362205
20
-0.1685360236220473
11
1.0949389763779527
21
-0.1685284645669291
0
LINE
8
BLACK
6
CONTINUOUS
10
1.0949389763779527
20
-0.1685284645669291
11
1.0950369685039369
21
-0.1684879133858268
0
LINE
8
BLACK
6
CONTINUOUS
10
1.0950369685039369
20
-0.1684879133858268
11
1.095613031496063
21
-0.1684311811023622
0
LINE
8
BLACK
6
CONTINUOUS
10
1.095613031496063
20
-0.1684311811023622
11
1.1012373228346457
21
-0.1684311811023622
0
LINE
8
BLACK
6
CONTINUOUS
10
1.1012373228346457
20
-0.1684311811023622
11
1.1018133858267716
21
-0.1684879133858268
0
LINE
8
BLACK
6
CONTINUOUS
10
0.0118186614173228
20
-0.0089317322834646
11
0.0119685039370079
21
-0.0096850393700787
0
LINE
8
BLACK
6
CONTINUOUS
10
0.0119685039370079
20
-0.0096850393700787
11
0.0119685039370079
21
-0.0967559842519685
0
LINE
8
BLACK
6
CONTINUOUS
10
0.0119685039370079
20
-0.0967559842519685
11
0.0534415748031496
21
-0.0751664960629921
0
LINE
8
BLACK
6
CONTINUOUS
10
0.0534415748031496
20
-0.0751664960629921
11
0.0541789763779528
21
-0.0749515354330709
0
LINE
8
BLACK
6
CONTINUOUS
10
0.0541789763779528
20
-0.0749515354330709
11
0.0556158661417323
21
-0.0754046062992126
0
LINE
8
BLACK
6
CONTINUOUS
10
0.0556158661417323
20
-0.0754046062992126
11
0.0563115354330709
21
-0.0767409842519685
0
LINE
8
BLACK
6
CONTINUOUS
10
0.0563115354330709
20
-0.0767409842519685
11
0.0558585039370079
21
-0.0781779133858268
0
LINE
8
BLACK
6
CONTINUOUS
10
0.0558585039370079
20
-0.0781779133858268
11
0.0552594881889764
21
-0.0786586614173228
0
LINE
8
BLACK
6
CONTINUOUS
10
0.0552594881889764
20
-0.0786586614173228
11
0.0180446456692913
21
-0.0980314960629921
0
LINE
8
BLACK
6
CONTINUOUS
10
0.0180446456692913
20
-0.0980314960629921
11
1.9819553937007874
21
-0.0980314960629921
0
LINE
8
BLACK
6
CONTINUOUS
10
1.9819553937007874
20
-0.0980314960629921
11
1.9447405118110235
21
-0.0786586614173228
0
LINE
8
BLACK
6
CONTINUOUS
10
1.9447405118110235
20
-0.0786586614173228
11
1.9441414960629921
21
-0.078177874015748
0
LINE
8
BLACK
6
CONTINUOUS
10
1.9441414960629921
20
-0.078177874015748
11
1.9436884251968503
21
-0.0767409842519685
0
LINE
8
BLACK
6
CONTINUOUS
10
1.9436884251968503
20
-0.0767409842519685
11
1.9443841338582677
21
-0.0754046062992126
0
LINE
8
BLACK
6
CONTINUOUS
10
1.9443841338582677
20
-0.0754046062992126
11
1.9458210236220472
21
-0.0749515354330709
0
LINE
8
BLACK
6
CONTINUOUS
10
1.9458210236220472
20
-0.0749515354330709
11
1.9465583858267717
21
-0.0751664566929134
0
LINE
8
BLACK
6
CONTINUOUS
10
1.9465583858267717
20
-0.0751664566929134
11
1.9880314960629921
21
-0.0967559842519685
0
LINE
8
BLACK
6
CONTINUOUS
10
1.9880314960629921
20
-0.0967559842519685
11
1.9880314960629921
21
-0.0096850393700787
0
LINE
8
BLACK
6
CONTINUOUS
10
1.9880314960629921
20
-0.0096850393700787
11
1.9881813385826772
21
-0.0089317322834646
0
LINE
8
BLACK
6
CONTINUOUS
10
1.9881813385826772
20
-0.0089317322834646
11
1.9892466929133858
21
-0.0078663779527559
0
LINE
8
BLACK
6
CONTINUOUS
10
1.9892466929133858
20
-0.0078663779527559
11
1.9907533070866141
21
-0.0078663779527559
0
LINE
8
BLACK
6
CONTINUOUS
10
1.9907533070866141
20
-0.0078663779527559
11
1.9918186614173228
21
-0.0089317322834646
0
LINE
8
BLACK
6
CONTINUOUS
10
1.9918186614173228
20
-0.0089317322834646
11
1.9919685039370079
21
-0.0096850393700787
0
LINE
8
BLACK
6
CONTINUOUS
10
1.9919685039370079
20
-0.0096850393700787
11
1.9919685039370079
21
-0.2480874015748031
0
LINE
8
BLACK
6
CONTINUOUS
10
1.9919685039370079
20
-0.2480874015748031
11
1.9918186614173228
21
-0.2488407086614173
0
LINE
8
BLACK
6
CONTINUOUS
10
1.9918186614173228
20
-0.2488407086614173
11
1.9907533070866141
21
-0.249906062992126
0
LINE
8
BLACK
6
CONTINUOUS
10
1.9907533070866141
20
-0.249906062992126
11
1.9892466929133858
21
-0.249906062992126
0
LINE
8
BLACK
6
CONTINUOUS
10
1.9892466929133858
20
-0.249906062992126
11
1.9881813385826772
21
-0.2488407086614173
0
LINE
8
BLACK
6
CONTINUOUS
10
1.9881813385826772
20
-0.2488407086614173
11
1.9880314960629921
21
-0.2480874015748031
0
LINE
8
BLACK
6
CONTINUOUS
10
1.9880314960629921
20
-0.2480874015748031
11
1.9880314960629921
21
-0.2282439763779527
0
LINE
8
BLACK
6
CONTINUOUS
10
1.9880314960629921
20
-0.2282439763779527
11
1.9465583858267717
21
-0.2498335433070866
0
LINE
8
BLACK
6
CONTINUOUS
10
1.9465583858267717
20
-0.2498335433070866
11
1.9458210236220472
21
-0.2500484645669291
0
LINE
8
BLACK
6
CONTINUOUS
10
1.9458210236220472
20
-0.2500484645669291
11
1.9443841338582677
21
-0.2495953937007874
0
LINE
8
BLACK
6
CONTINUOUS
10
1.9443841338582677
20
-0.2495953937007874
11
1.9436884251968503
21
-0.2482590157480315
0
LINE
8
BLACK
6
CONTINUOUS
10
1.9436884251968503
20
-0.2482590157480315
11
1.9441414960629921
21
-0.246822125984252
0
LINE
8
BLACK
6
CONTINUOUS
10
1.9441414960629921
20
-0.246822125984252
11
1.9447405118110235
21
-0.2463413385826771
0
LINE
8
BLACK
6
CONTINUOUS
10
1.9447405118110235
20
-0.2463413385826771
11
1.9819553937007874
21
-0.2269685039370079
0
LINE
8
BLACK
6
CONTINUOUS
10
1.9819553937007874
20
-0.2269685039370079
11
0.0180446456692913
21
-0.2269685039370079
0
LINE
8
BLACK
6
CONTINUOUS
10
0.0180446456692913
20
-0.2269685039370079
11
0.0552594881889764
21
-0.2463413385826771
0
LINE
8
BLACK
6
CONTINUOUS
10
0.0552594881889764
20
-0.2463413385826771
11
0.0558585039370079
21
-0.2468220866141732
0
LINE
8
BLACK
6
CONTINUOUS
10
0.0558585039370079
20
-0.2468220866141732
11
0.0563115354330709
21
-0.2482590157480315
0
LINE
8
BLACK
6
CONTINUOUS
10
0.0563115354330709
20
-0.2482590157480315
11
0.0556158661417323
21
-0.2495953937007874
0
LINE
8
BLACK
6
CONTINUOUS
10
0.0556158661417323
20
-0.2495953937007874
11
0.0541789763779528
21
-0.2500484645669291
0
LINE
8
BLACK
6
CONTINUOUS
10
0.0541789763779528
20
-0.2500484645669291
11
0.0534415748031496
21
-0.2498335039370079
0
LINE
8
BLACK
6
CONTINUOUS
10
0.0534415748031496
20
-0.2498335039370079
11
0.0119685039370079
21
-0.2282439763779527
0
LINE
8
BLACK
6
CONTINUOUS
10
0.0119685039370079
20
-0.2282439763779527
11
0.0119685039370079
21
-0.2480874015748031
0
LINE
8
BLACK
6
CONTINUOUS
10
0.0119685039370079
20
-0.2480874015748031
11
0.0118186614173228
21
-0.2488407086614173
0
LINE
8
BLACK
6
CONTINUOUS
10
0.0118186614173228
20
-0.2488407086614173
11
0.0107533070866142
21
-0.249906062992126
0
LINE
8
BLACK
6
CONTINUOUS
10
0.0107533070866142
20
-0.249906062992126
11
0.0092466929133858
21
-0.249906062992126
0
LINE
8
BLACK
6
CONTINUOUS
10
0.0092466929133858
20
-0.249906062992126
11
0.0081813385826772
21
-0.2488407086614173
0
LINE
8
BLACK
6
CONTINUOUS
10
0.0081813385826772
20
-0.2488407086614173
11
0.0080314960629921
21
-0.2480874015748031
0
LINE
8
BLACK
6
CONTINUOUS
10
0.0080314960629921
20
-0.2480874015748031
11
0.0080314960629921
21
-0.0096850393700787
0
LINE
8
BLACK
6
CONTINUOUS
10
0.0080314960629921
20
-0.0096850393700787
11
0.0081813385826772
21
-0.0089317322834646
0
LINE
8
BLACK
6
CONTINUOUS
10
0.0081813385826772
20
-0.0089317322834646
11
0.0092466929133858
21
-0.0078663779527559
0
LINE
8
BLACK
6
CONTINUOUS
10
0.0092466929133858
20
-0.0078663779527559
11
0.0107533070866142
21
-0.0078663779527559
0
LINE
8
BLACK
6
CONTINUOUS
10
0.0107533070866142
20
-0.0078663779527559
11
0.0118186614173228
21
-0.0089317322834646
0
LINE
8
BLACK
6
CONTINUOUS
10
0.0180446456692913
20
-0.1019685039370079
11
0.0552594881889764
21
-0.1213413385826772
0
LINE
8
BLACK
6
CONTINUOUS
10
0.0552594881889764
20
-0.1213413385826772
11
0.0558585039370079
21
-0.1218220866141732
0
LINE
8
BLACK
6
CONTINUOUS
10
0.0558585039370079
20
-0.1218220866141732
11
0.0563115354330709
21
-0.1232590157480315
0
LINE
8
BLACK
6
CONTINUOUS
10
0.0563115354330709
20
-0.1232590157480315
11
0.0556158661417323
21
-0.1245953937007874
0
LINE
8
BLACK
6
CONTINUOUS
10
0.0556158661417323
20
-0.1245953937007874
11
0.0541789763779528
21
-0.1250484645669291
0
LINE
8
BLACK
6
CONTINUOUS
10
0.0541789763779528
20
-0.1250484645669291
11
0.0534415748031496
21
-0.1248335039370079
0
LINE
8
BLACK
6
CONTINUOUS
10
0.0534415748031496
20
-0.1248335039370079
11
0.0119685039370079
21
-0.1032439763779528
0
LINE
8
BLACK
6
CONTINUOUS
10
0.0119685039370079
20
-0.1032439763779528
11
0.0119685039370079
21
-0.2217559842519685
0
LINE
8
BLACK
6
CONTINUOUS
10
0.0119685039370079
20
-0.2217559842519685
11
0.0534415748031496
21
-0.2001664960629921
0
LINE
8
BLACK
6
CONTINUOUS
10
0.0534415748031496
20
-0.2001664960629921
11
0.0541789763779528
21
-0.1999515354330709
0
LINE
8
BLACK
6
CONTINUOUS
10
0.0541789763779528
20
-0.1999515354330709
11
0.0556158661417323
21
-0.2004046062992126
0
LINE
8
BLACK
6
CONTINUOUS
10
0.0556158661417323
20
-0.2004046062992126
11
0.0563115354330709
21
-0.2017409842519685
0
LINE
8
BLACK
6
CONTINUOUS
10
0.0563115354330709
20
-0.2017409842519685
11
0.0558585039370079
21
-0.2031779133858268
0
LINE
8
BLACK
6
CONTINUOUS
10
0.0558585039370079
20
-0.2031779133858268
11
0.0552594881889764
21
-0.2036586614173228
0
LINE
8
BLACK
6
CONTINUOUS
10
0.0552594881889764
20
-0.2036586614173228
11
0.0180446456692913
21
-0.2230314960629921
0
LINE
8
BLACK
6
CONTINUOUS
10
0.0180446456692913
20
-0.2230314960629921
11
1.9819553937007874
21
-0.2230314960629921
0
LINE
8
BLACK
6
CONTINUOUS
10
1.9819553937007874
20
-0.2230314960629921
11
1.9447405118110235
21
-0.2036586614173228
0
LINE
8
BLACK
6
CONTINUOUS
10
1.9447405118110235
20
-0.2036586614173228
11
1.9441414960629921
21
-0.203177874015748
0
LINE
8
BLACK
6
CONTINUOUS
10
1.9441414960629921
20
-0.203177874015748
11
1.9436884251968503
21
-0.2017409842519685
0
LINE
8
BLACK
6
CONTINUOUS
10
1.9436884251968503
20
-0.2017409842519685
11
1.9443841338582677
21
-0.2004046062992126
0
LINE
8
BLACK
6
CONTINUOUS
10
1.9443841338582677
20
-0.2004046062992126
11
1.9458210236220472
21
-0.1999515354330709
0
LINE
8
BLACK
6
CONTINUOUS
10
1.9458210236220472
20
-0.1999515354330709
11
1.9465583858267717
21
-0.2001664566929134
0
LINE
8
BLACK
6
CONTINUOUS
10
1.9465583858267717
20
-0.2001664566929134
11
1.9880314960629921
21
-0.2217559842519685
0
LINE
8
BLACK
6
CONTINUOUS
10
1.9880314960629921
20
-0.2217559842519685
11
1.9880314960629921
21
-0.1032439763779528
0
LINE
8
BLACK
6
CONTINUOUS
10
1.9880314960629921
20
-0.1032439763779528
11
1.9465583858267717
21
-0.1248335433070866
0
LINE
8
BLACK
6
CONTINUOUS
10
1.9465583858267717
20
-0.1248335433070866
11
1.9458210236220472
21
-0.1250484645669291
0
LINE
8
BLACK
6
CONTINUOUS
10
1.9458210236220472
20
-0.1250484645669291
11
1.9443841338582677
21
-0.1245953937007874
0
LINE
8
BLACK
6
CONTINUOUS
10
1.9443841338582677
20
-0.1245953937007874
11
1.9436884251968503
21
-0.1232590157480315
0
LINE
8
BLACK
6
CONTINUOUS
10
1.9436884251968503
20
-0.1232590157480315
11
1.9441414960629921
21
-0.121822125984252
0
LINE
8
BLACK
6
CONTINUOUS
10
1.9441414960629921
20
-0.121822125984252
11
1.9447405118110235
21
-0.1213413385826772
0
LINE
8
BLACK
6
CONTINUOUS
10
1.9447405118110235
20
-0.1213413385826772
11
1.9819553937007874
21
-0.1019685039370079
0
LINE
8
BLACK
6
CONTINUOUS
10
1.9819553937007874
20
-0.1019685039370079
11
0.0180446456692913
21
-0.1019685039370079
0
LINE
8
BLACK
6
CONTINUOUS
10
0.8390538188976377
20
-0.0303645669291339
11
0.8393462204724409
21
-0.0303645669291339
0
LINE
8
BLACK
6
CONTINUOUS
10
0.8393462204724409
20
-0.0303645669291339
11
0.8396134645669291
21
-0.0304752755905512
0
LINE
8
BLACK
6
CONTINUOUS
10
0.8396134645669291
20
-0.0304752755905512
11
0.8398972834645669
21
-0.0305314173228346
0
LINE
8
BLACK
6
CONTINUOUS
10
0.8398972834645669
20
-0.0305314173228346
11
0.8401405511811023
21
-0.0306935826771654
0
LINE
8
BLACK
6
CONTINUOUS
10
0.8401405511811023
20
-0.0306935826771654
11
0.8404106299212598
21
-0.0308054724409449
0
LINE
8
BLACK
6
CONTINUOUS
10
0.8404106299212598
20
-0.0308054724409449
11
0.8406150787401575
21
-0.0310099212598425
0
LINE
8
BLACK
6
CONTINUOUS
10
0.8406150787401575
20
-0.0310099212598425
11
0.840855905511811
21
-0.0311704724409449
0
LINE
8
BLACK
6
CONTINUOUS
10
0.840855905511811
20
-0.0311704724409449
11
0.8410186220472441
21
-0.0314134645669291
0
LINE
8
BLACK
6
CONTINUOUS
10
0.8410186220472441
20
-0.0314134645669291
11
0.8412252755905512
21
-0.0316201181102362
0
LINE
8
BLACK
6
CONTINUOUS
10
0.8412252755905512
20
-0.0316201181102362
11
0.8413359448818898
21
-0.0318873228346457
0
LINE
8
BLACK
6
CONTINUOUS
10
0.8413359448818898
20
-0.0318873228346457
11
0.841496968503937
21
-0.0321277559055118
0
LINE
8
BLACK
6
CONTINUOUS
10
0.841496968503937
20
-0.0321277559055118
11
0.8415542913385826
21
-0.0324144094488189
0
LINE
8
BLACK
6
CONTINUOUS
10
0.8415542913385826
20
-0.0324144094488189
11
0.8416661811023621
21
-0.0326845275590551
0
LINE
8
BLACK
6
CONTINUOUS
10
0.8416661811023621
20
-0.0326845275590551
11
0.8417222834645669
21
-0.0332544488188976
0
LINE
8
BLACK
6
CONTINUOUS
10
0.8417222834645669
20
-0.0332544488188976
11
0.8417229133858267
21
-0.0332574803149606
0
LINE
8
BLACK
6
CONTINUOUS
10
0.8417229133858267
20
-0.0332574803149606
11
0.8417226771653543
21
-0.0332585039370079
0
LINE
8
BLACK
6
CONTINUOUS
10
0.8417226771653543
20
-0.0332585039370079
11
0.8417229133858267
21
-0.0332605905511811
0
LINE
8
BLACK
6
CONTINUOUS
10
0.8417229133858267
20
-0.0332605905511811
11
0.8417229133858267
21
-0.0696779133858268
0
LINE
8
BLACK
6
CONTINUOUS
10
0.8417229133858267
20
-0.0696779133858268
11
0.8500187401574802
21
-0.0696779133858268
0
LINE
8
BLACK
6
CONTINUOUS
10
0.8500187401574802
20
-0.0696779133858268
11
0.8505948031496062
21
-0.0697346456692913
0
LINE
8
BLACK
6
CONTINUOUS
10
0.8505948031496062
20
-0.0697346456692913
11
0.8516592125984251
21
-0.0701755511811024
0
LINE
8
BLACK
6
CONTINUOUS
10
0.8516592125984251
20
-0.0701755511811024
11
0.8524738582677165
21
-0.0709901968503937
0
LINE
8
BLACK
6
CONTINUOUS
10
0.8524738582677165
20
-0.0709901968503937
11
0.8529147637795276
21
-0.0720546062992126
0
LINE
8
BLACK
6
CONTINUOUS
10
0.8529147637795276
20
-0.0720546062992126
11
0.8529147637795276
21
-0.0732067322834646
0
LINE
8
BLACK
6
CONTINUOUS
10
0.8529147637795276
20
-0.0732067322834646
11
0.8524738582677165
21
-0.0742711417322835
0
LINE
8
BLACK
6
CONTINUOUS
10
0.8524738582677165
20
-0.0742711417322835
11
0.8516592125984251
21
-0.0750857874015748
0
LINE
8
BLACK
6
CONTINUOUS
10
0.8516592125984251
20
-0.0750857874015748
11
0.8505948031496062
21
-0.0755266929133858
0
LINE
8
BLACK
6
CONTINUOUS
10
0.8505948031496062
20
-0.0755266929133858
11
0.8500187401574802
21
-0.0755834251968504
0
LINE
8
BLACK
6
CONTINUOUS
10
0.8500187401574802
20
-0.0755834251968504
11
0.8275215748031496
21
-0.0755834251968504
0
LINE
8
BLACK
6
CONTINUOUS
10
0.8275215748031496
20
-0.0755834251968504
11
0.8269455118110236
21
-0.0755266929133858
0
LINE
8
BLACK
6
CONTINUOUS
10
0.8269455118110236
20
-0.0755266929133858
11
0.8258811023622047
21
-0.0750857874015748
0
LINE
8
BLACK
6
CONTINUOUS
10
0.8258811023622047
20
-0.0750857874015748
11
0.8250664566929133
21
-0.0742711417322835
0
LINE
8
BLACK
6
CONTINUOUS
10
0.8250664566929133
20
-0.0742711417322835
11
0.8246255511811024
21
-0.0732067322834646
0
LINE
8
BLACK
6
CONTINUOUS
10
0.8246255511811024
20
-0.0732067322834646
11
0.8246255511811024
21
-0.0720546062992126
0
LINE
8
BLACK
6
CONTINUOUS
10
0.8246255511811024
20
-0.0720546062992126
11
0.8250664566929133
21
-0.0709901968503937
0
LINE
8
BLACK
6
CONTINUOUS
10
0.8250664566929133
20
-0.0709901968503937
11
0.8258811023622047
21
-0.0701755511811024
0
LINE
8
BLACK
6
CONTINUOUS
10
0.8258811023622047
20
-0.0701755511811024
11
0.8269455118110236
21
-0.0697346456692913
0
LINE
8
BLACK
6
CONTINUOUS
10
0.8269455118110236
20
-0.0697346456692913
11
0.8275215748031496
21
-0.0696779133858268
0
LINE
8
BLACK
6
CONTINUOUS
10
0.8275215748031496
20
-0.0696779133858268
11
0.8358174015748031
21
-0.0696779133858268
0
LINE
8
BLACK
6
CONTINUOUS
10
0.8358174015748031
20
-0.0696779133858268
11
0.8358174015748031
21
-0.042263937007874
0
LINE
8
BLACK
6
CONTINUOUS
10
0.8358174015748031
20
-0.042263937007874
11
0.8333590157480315
21
-0.0447223228346457
0
LINE
8
BLACK
6
CONTINUOUS
10
0.8333590157480315
20
-0.0447223228346457
11
0.8331326377952756
21
-0.0449080708661417
0
LINE
8
BLACK
6
CONTINUOUS
10
0.8331326377952756
20
-0.0449080708661417
11
0.8330814960629921
21
-0.0449670866141732
0
LINE
8
BLACK
6
CONTINUOUS
10
0.8330814960629921
20
-0.0449670866141732
11
0.8329925196850394
21
-0.045023031496063
0
LINE
8
BLACK
6
CONTINUOUS
10
0.8329925196850394
20
-0.045023031496063
11
0.8329115748031496
21
-0.0450895275590551
0
LINE
8
BLACK
6
CONTINUOUS
10
0.8329115748031496
20
-0.0450895275590551
11
0.8328396062992126
21
-0.0451193307086614
0
LINE
8
BLACK
6
CONTINUOUS
10
0.8328396062992126
20
-0.0451193307086614
11
0.8325916141732284
21
-0.0452754330708661
0
LINE
8
BLACK
6
CONTINUOUS
10
0.8325916141732284
20
-0.0452754330708661
11
0.8288420866141732
21
-0.0471501968503937
0
LINE
8
BLACK
6
CONTINUOUS
10
0.8288420866141732
20
-0.0471501968503937
11
0.8283014566929133
21
-0.0473570866141732
0
LINE
8
BLACK
6
CONTINUOUS
10
0.8283014566929133
20
-0.0473570866141732
11
0.8271522440944882
21
-0.0474387401574803
0
LINE
8
BLACK
6
CONTINUOUS
10
0.8271522440944882
20
-0.0474387401574803
11
0.8260592913385827
21
-0.0470744094488189
0
LINE
8
BLACK
6
CONTINUOUS
10
0.8260592913385827
20
-0.0470744094488189
11
0.8251888976377952
21
-0.0463195669291339
0
LINE
8
BLACK
6
CONTINUOUS
10
0.8251888976377952
20
-0.0463195669291339
11
0.8246736614173228
21
-0.0452890551181102
0
LINE
8
BLACK
6
CONTINUOUS
10
0.8246736614173228
20
-0.0452890551181102
11
0.8245920078740158
21
-0.044139842519685
0
LINE
8
BLACK
6
CONTINUOUS
10
0.8245920078740158
20
-0.044139842519685
11
0.8249563385826771
21
-0.0430468897637795
0
LINE
8
BLACK
6
CONTINUOUS
10
0.8249563385826771
20
-0.0430468897637795
11
0.8257111811023622
21
-0.0421764960629921
0
LINE
8
BLACK
6
CONTINUOUS
10
0.8257111811023622
20
-0.0421764960629921
11
0.8262010629921259
21
-0.0418681496062992
0
LINE
8
BLACK
6
CONTINUOUS
10
0.8262010629921259
20
-0.0418681496062992
11
0.8295220078740158
21
-0.0402076771653543
0
LINE
8
BLACK
6
CONTINUOUS
10
0.8295220078740158
20
-0.0402076771653543
11
0.832725905511811
21
-0.0370037795275591
0
LINE
8
BLACK
6
CONTINUOUS
10
0.832725905511811
20
-0.0370037795275591
11
0.8363133070866141
21
-0.0316226771653543
0
LINE
8
BLACK
6
CONTINUOUS
10
0.8363133070866141
20
-0.0316226771653543
11
0.8363146456692914
21
-0.0316209842519685
0
LINE
8
BLACK
6
CONTINUOUS
10
0.8363146456692914
20
-0.0316209842519685
11
0.8363150393700787
21
-0.0316201181102362
0
LINE
8
BLACK
6
CONTINUOUS
10
0.8363150393700787
20
-0.0316201181102362
11
0.8363170472440945
21
-0.0316180708661417
0
LINE
8
BLACK
6
CONTINUOUS
10
0.8363170472440945
20
-0.0316180708661417
11
0.8366800787401575
21
-0.031174842519685
0
LINE
8
BLACK
6
CONTINUOUS
10
0.8366800787401575
20
-0.031174842519685
11
0.8369229527559054
21
-0.0310121653543307
0
LINE
8
BLACK
6
CONTINUOUS
10
0.8369229527559054
20
-0.0310121653543307
11
0.83712968503937
21
-0.0308054724409449
0
LINE
8
BLACK
6
CONTINUOUS
10
0.83712968503937
20
-0.0308054724409449
11
0.837396968503937
21
-0.0306947244094488
0
LINE
8
BLACK
6
CONTINUOUS
10
0.837396968503937
20
-0.0306947244094488
11
0.8376373622047244
21
-0.0305337795275591
0
LINE
8
BLACK
6
CONTINUOUS
10
0.8376373622047244
20
-0.0305337795275591
11
0.8379239763779527
21
-0.0304764173228346
0
LINE
8
BLACK
6
CONTINUOUS
10
0.8379239763779527
20
-0.0304764173228346
11
0.8381940944881889
21
-0.0303645669291339
0
LINE
8
BLACK
6
CONTINUOUS
10
0.8381940944881889
20
-0.0303645669291339
11
0.8384833858267716
21
-0.0303645669291339
0
LINE
8
BLACK
6
CONTINUOUS
10
0.8384833858267716
20
-0.0303645669291339
11
0.8387670472440945
21
-0.0303078346456693
0
LINE
8
BLACK
6
CONTINUOUS
10
0.8387670472440945
20
-0.0303078346456693
11
0.8390538188976377
21
-0.0303645669291339
0
LINE
8
BLACK
6
CONTINUOUS
10
0.880591062992126
20
-0.0303645669291339
11
0.8806890551181102
21
-0.030405157480315
0
LINE
8
BLACK
6
CONTINUOUS
10
0.8806890551181102
20
-0.030405157480315
11
0.8807948818897637
21
-0.0304126771653543
0
LINE
8
BLACK
6
CONTINUOUS
10
0.8807948818897637
20
-0.0304126771653543
11
0.8813355118110237
21
-0.0306195669291339
0
LINE
8
BLACK
6
CONTINUOUS
10
0.8813355118110237
20
-0.0306195669291339
11
0.8850850393700788
21
-0.0324943307086614
0
LINE
8
BLACK
6
CONTINUOUS
10
0.8850850393700788
20
-0.0324943307086614
11
0.885333031496063
21
-0.0326503937007874
0
LINE
8
BLACK
6
CONTINUOUS
10
0.885333031496063
20
-0.0326503937007874
11
0.885405
21
-0.0326802362204724
0
LINE
8
BLACK
6
CONTINUOUS
10
0.885405
20
-0.0326802362204724
11
0.8854859448818897
21
-0.0327466929133858
0
LINE
8
BLACK
6
CONTINUOUS
10
0.8854859448818897
20
-0.0327466929133858
11
0.8855749212598425
21
-0.0328026771653543
0
LINE
8
BLACK
6
CONTINUOUS
10
0.8855749212598425
20
-0.0328026771653543
11
0.885626062992126
21
-0.0328616535433071
0
LINE
8
BLACK
6
CONTINUOUS
10
0.885626062992126
20
-0.0328616535433071
11
0.8858524409448819
21
-0.0330474409448819
0
LINE
8
BLACK
6
CONTINUOUS
10
0.8858524409448819
20
-0.0330474409448819
11
0.8877272047244095
21
-0.0349222047244094
0
LINE
8
BLACK
6
CONTINUOUS
10
0.8877272047244095
20
-0.0349222047244094
11
0.8879129527559055
21
-0.0351485433070866
0
LINE
8
BLACK
6
CONTINUOUS
10
0.8879129527559055
20
-0.0351485433070866
11
0.887971968503937
21
-0.0351997244094488
0
LINE
8
BLACK
6
CONTINUOUS
10
0.887971968503937
20
-0.0351997244094488
11
0.8880279133858268
21
-0.0352886614173228
0
LINE
8
BLACK
6
CONTINUOUS
10
0.8880279133858268
20
-0.0352886614173228
11
0.8880944094488189
21
-0.0353696456692913
0
LINE
8
BLACK
6
CONTINUOUS
10
0.8880944094488189
20
-0.0353696456692913
11
0.8881242125984252
21
-0.0354415748031496
0
LINE
8
BLACK
6
CONTINUOUS
10
0.8881242125984252
20
-0.0354415748031496
11
0.8882803149606299
21
-0.0356896062992126
0
LINE
8
BLACK
6
CONTINUOUS
10
0.8882803149606299
20
-0.0356896062992126
11
0.8901550787401574
21
-0.0394391338582677
0
LINE
8
BLACK
6
CONTINUOUS
10
0.8901550787401574
20
-0.0394391338582677
11
0.890361968503937
21
-0.0399797244094488
0
LINE
8
BLACK
6
CONTINUOUS
10
0.890361968503937
20
-0.0399797244094488
11
0.8903694881889763
21
-0.0400855905511811
0
LINE
8
BLACK
6
CONTINUOUS
10
0.8903694881889763
20
-0.0400855905511811
11
0.8904100787401574
21
-0.0401835826771654
0
LINE
8
BLACK
6
CONTINUOUS
10
0.8904100787401574
20
-0.0401835826771654
11
0.890466811023622
21
-0.0407596456692913
0
LINE
8
BLACK
6
CONTINUOUS
10
0.890466811023622
20
-0.0407596456692913
11
0.890466811023622
21
-0.0557577559055118
0
LINE
8
BLACK
6
CONTINUOUS
10
0.890466811023622
20
-0.0557577559055118
11
0.8904568897637795
21
-0.0558582677165354
0
LINE
8
BLACK
6
CONTINUOUS
10
0.8904568897637795
20
-0.0558582677165354
11
0.8904633070866141
21
-0.0559012992125984
0
LINE
8
BLACK
6
CONTINUOUS
10
0.8904633070866141
20
-0.0559012992125984
11
0.8904314173228346
21
-0.0561167716535433
0
LINE
8
BLACK
6
CONTINUOUS
10
0.8904314173228346
20
-0.0561167716535433
11
0.8904100787401574
21
-0.0563338188976378
0
LINE
8
BLACK
6
CONTINUOUS
10
0.8904100787401574
20
-0.0563338188976378
11
0.8903934251968504
21
-0.0563740157480315
0
LINE
8
BLACK
6
CONTINUOUS
10
0.8903934251968504
20
-0.0563740157480315
11
0.8903786614173228
21
-0.0564738976377953
0
LINE
8
BLACK
6
CONTINUOUS
10
0.8903786614173228
20
-0.0564738976377953
11
0.8885038976377952
21
-0.0639729527559055
0
LINE
8
BLACK
6
CONTINUOUS
10
0.8885038976377952
20
-0.0639729527559055
11
0.8883825590551181
21
-0.0643124409448819
0
LINE
8
BLACK
6
CONTINUOUS
10
0.8883825590551181
20
-0.0643124409448819
11
0.8883684645669291
21
-0.0643838976377953
0
LINE
8
BLACK
6
CONTINUOUS
10
0.8883684645669291
20
-0.0643838976377953
11
0.8883338976377952
21
-0.0644486614173228
0
LINE
8
BLACK
6
CONTINUOUS
10
0.8883338976377952
20
-0.0644486614173228
11
0.8883091338582677
21
-0.0645180708661417
0
LINE
8
BLACK
6
CONTINUOUS
10
0.8883091338582677
20
-0.0645180708661417
11
0.888265590551181
21
-0.0645767716535433
0
LINE
8
BLACK
6
CONTINUOUS
10
0.888265590551181
20
-0.0645767716535433
11
0.8880961417322835
21
-0.0648946850393701
0
LINE
8
BLACK
6
CONTINUOUS
10
0.8880961417322835
20
-0.0648946850393701
11
0.8843466141732284
21
-0.0705190157480315
0
LINE
8
BLACK
6
CONTINUOUS
10
0.8843466141732284
20
-0.0705190157480315
11
0.8843452755905512
21
-0.0705205905511811
0
LINE
8
BLACK
6
CONTINUOUS
10
0.8843452755905512
20
-0.0705205905511811
11
0.8843449212598425
21
-0.0705215354330709
0
LINE
8
BLACK
6
CONTINUOUS
10
0.8843449212598425
20
-0.0705215354330709
11
0.8841664173228346
21
-0.0707390157480315
0
LINE
8
BLACK
6
CONTINUOUS
10
0.8841664173228346
20
-0.0707390157480315
11
0.883979842519685
21
-0.0709668503937008
0
LINE
8
BLACK
6
CONTINUOUS
10
0.883979842519685
20
-0.0709668503937008
11
0.8839789763779528
21
-0.0709674015748031
0
LINE
8
BLACK
6
CONTINUOUS
10
0.8839789763779528
20
-0.0709674015748031
11
0.8839776771653544
21
-0.0709690157480315
0
LINE
8
BLACK
6
CONTINUOUS
10
0.8839776771653544
20
-0.0709690157480315
11
0.8821029527559054
21
-0.072843779527559
0
LINE
8
BLACK
6
CONTINUOUS
10
0.8821029527559054
20
-0.072843779527559
11
0.8818765748031496
21
-0.0730295275590551
0
LINE
8
BLACK
6
CONTINUOUS
10
0.8818765748031496
20
-0.0730295275590551
11
0.8818253937007874
21
-0.0730885826771654
0
LINE
8
BLACK
6
CONTINUOUS
10
0.8818253937007874
20
-0.0730885826771654
11
0.8817364173228346
21
-0.0731445669291339
0
LINE
8
BLACK
6
CONTINUOUS
10
0.8817364173228346
20
-0.0731445669291339
11
0.8816554724409449
21
-0.0732110236220472
0
LINE
8
BLACK
6
CONTINUOUS
10
0.8816554724409449
20
-0.0732110236220472
11
0.8815835039370079
21
-0.0732408267716535
0
LINE
8
BLACK
6
CONTINUOUS
10
0.8815835039370079
20
-0.0732408267716535
11
0.8813355118110237
21
-0.0733969291338583
0
LINE
8
BLACK
6
CONTINUOUS
10
0.8813355118110237
20
-0.0733969291338583
11
0.8775859842519684
21
-0.0752716929133858
0
LINE
8
BLACK
6
CONTINUOUS
10
0.8775859842519684
20
-0.0752716929133858
11
0.8770453543307086
21
-0.0754785826771654
0
LINE
8
BLACK
6
CONTINUOUS
10
0.8770453543307086
20
-0.0754785826771654
11
0.8769395275590551
21
-0.075486062992126
0
LINE
8
BLACK
6
CONTINUOUS
10
0.8769395275590551
20
-0.075486062992126
11
0.8768415354330709
21
-0.0755266929133858
0
LINE
8
BLACK
6
CONTINUOUS
10
0.8768415354330709
20
-0.0755266929133858
11
0.8762654724409449
21
-0.0755834251968504
0
LINE
8
BLACK
6
CONTINUOUS
10
0.8762654724409449
20
-0.0755834251968504
11
0.8687664173228347
21
-0.0755834251968504
0
LINE
8
BLACK
6
CONTINUOUS
10
0.8687664173228347
20
-0.0755834251968504
11
0.8681903543307087
21
-0.0755266929133858
0
LINE
8
BLACK
6
CONTINUOUS
10
0.8681903543307087
20
-0.0755266929133858
11
0.8671259448818898
21
-0.0750857874015748
0
LINE
8
BLACK
6
CONTINUOUS
10
0.8671259448818898
20
-0.0750857874015748
11
0.8663112992125984
21
-0.0742711417322835
0
LINE
8
BLACK
6
CONTINUOUS
10
0.8663112992125984
20
-0.0742711417322835
11
0.8658703937007873
21
-0.0732067322834646
0
LINE
8
BLACK
6
CONTINUOUS
10
0.8658703937007873
20
-0.0732067322834646
11
0.8658703937007873
21
-0.0720546062992126
0
LINE
8
BLACK
6
CONTINUOUS
10
0.8658703937007873
20
-0.0720546062992126
11
0.8663112992125984
21
-0.0709901968503937
0
LINE
8
BLACK
6
CONTINUOUS
10
0.8663112992125984
20
-0.0709901968503937
11
0.8671259448818898
21
-0.0701755511811024
0
LINE
8
BLACK
6
CONTINUOUS
10
0.8671259448818898
20
-0.0701755511811024
11
0.8681903543307087
21
-0.0697346456692913
0
LINE
8
BLACK
6
CONTINUOUS
10
0.8681903543307087
20
-0.0697346456692913
11
0.8687664173228347
21
-0.0696779133858268
0
LINE
8
BLACK
6
CONTINUOUS
10
0.8687664173228347
20
-0.0696779133858268
11
0.8755684251968504
21
-0.0696779133858268
0
LINE
8
BLACK
6
CONTINUOUS
10
0.8755684251968504
20
-0.0696779133858268
11
0.8782658661417323
21
-0.0683291732283465
0
LINE
8
BLACK
6
CONTINUOUS
10
0.8782658661417323
20
-0.0683291732283465
11
0.879595
21
-0.067
0
LINE
8
BLACK
6
CONTINUOUS
10
0.879595
20
-0.067
11
0.8828987401574803
21
-0.0620444488188976
0
LINE
8
BLACK
6
CONTINUOUS
10
0.8828987401574803
20
-0.0620444488188976
11
0.8836280314960629
21
-0.0591272834645669
0
LINE
8
BLACK
6
CONTINUOUS
10
0.8836280314960629
20
-0.0591272834645669
11
0.8813355118110237
21
-0.0602735433070866
0
LINE
8
BLACK
6
CONTINUOUS
10
0.8813355118110237
20
-0.0602735433070866
11
0.8807948818897637
21
-0.0604804330708661
0
LINE
8
BLACK
6
CONTINUOUS
10
0.8807948818897637
20
-0.0604804330708661
11
0.8806890551181102
21
-0.0604879133858268
0
LINE
8
BLACK
6
CONTINUOUS
10
0.8806890551181102
20
-0.0604879133858268
11
0.880591062992126
21
-0.0605285433070866
0
LINE
8
BLACK
6
CONTINUOUS
10
0.880591062992126
20
-0.0605285433070866
11
0.880015
21
-0.0605852755905512
0
LINE
8
BLACK
6
CONTINUOUS
10
0.880015
20
-0.0605852755905512
11
0.8725159448818898
21
-0.0605852755905512
0
LINE
8
BLACK
6
CONTINUOUS
10
0.8725159448818898
20
-0.0605852755905512
11
0.8719398818897638
21
-0.0605285433070866
0
LINE
8
BLACK
6
CONTINUOUS
10
0.8719398818897638
20
-0.0605285433070866
11
0.8718418897637795
21
-0.0604879527559055
0
LINE
8
BLACK
6
CONTINUOUS
10
0.8718418897637795
20
-0.0604879527559055
11
0.8717360236220473
21
-0.0604804330708661
0
LINE
8
BLACK
6
CONTINUOUS
10
0.8717360236220473
20
-0.0604804330708661
11
0.8711954330708661
21
-0.0602735433070866
0
LINE
8
BLACK
6
CONTINUOUS
10
0.8711954330708661
20
-0.0602735433070866
11
0.867445905511811
21
-0.0583987795275591
0
LINE
8
BLACK
6
CONTINUOUS
10
0.867445905511811
20
-0.0583987795275591
11
0.867197874015748
21
-0.0582426771653543
0
LINE
8
BLACK
6
CONTINUOUS
10
0.867197874015748
20
-0.0582426771653543
11
0.8671259448818898
21
-0.058212874015748
0
LINE
8
BLACK
6
CONTINUOUS
10
0.8671259448818898
20
-0.058212874015748
11
0.8670449606299212
21
-0.0581463779527559
0
LINE
8
BLACK
6
CONTINUOUS
10
0.8670449606299212
20
-0.0581463779527559
11
0.8669560236220473
21
-0.0580904330708661
0
LINE
8
BLACK
6
CONTINUOUS
10
0.8669560236220473
20
-0.0580904330708661
11
0.866904842519685
21
-0.0580314173228346
0
LINE
8
BLACK
6
CONTINUOUS
10
0.866904842519685
20
-0.0580314173228346
11
0.8666785039370078
21
-0.0578456692913386
0
LINE
8
BLACK
6
CONTINUOUS
10
0.8666785039370078
20
-0.0578456692913386
11
0.8648037401574803
21
-0.055970905511811
0
LINE
8
BLACK
6
CONTINUOUS
10
0.8648037401574803
20
-0.055970905511811
11
0.8646179527559055
21
-0.0557445275590551
0
LINE
8
BLACK
6
CONTINUOUS
10
0.8646179527559055
20
-0.0557445275590551
11
0.8645589763779528
21
-0.0556933858267716
0
LINE
8
BLACK
6
CONTINUOUS
10
0.8645589763779528
20
-0.0556933858267716
11
0.8645029921259842
21
-0.0556044094488189
0
LINE
8
BLACK
6
CONTINUOUS
10
0.8645029921259842
20
-0.0556044094488189
11
0.8644365354330709
21
-0.0555234645669291
0
LINE
8
BLACK
6
CONTINUOUS
10
0.8644365354330709
20
-0.0555234645669291
11
0.8644066929133858
21
-0.0554514960629921
0
LINE
8
BLACK
6
CONTINUOUS
10
0.8644066929133858
20
-0.0554514960629921
11
0.8642506299212598
21
-0.0552035039370079
0
LINE
8
BLACK
6
CONTINUOUS
10
0.8642506299212598
20
-0.0552035039370079
11
0.8623758661417322
21
-0.0514539763779528
0
LINE
8
BLACK
6
CONTINUOUS
10
0.8623758661417322
20
-0.0514539763779528
11
0.8621689763779528
21
-0.0509133464566929
0
LINE
8
BLACK
6
CONTINUOUS
10
0.8621689763779528
20
-0.0509133464566929
11
0.8621614566929133
21
-0.0508075196850394
0
LINE
8
BLACK
6
CONTINUOUS
10
0.8621614566929133
20
-0.0508075196850394
11
0.8621208661417322
21
-0.0507095275590551
0
LINE
8
BLACK
6
CONTINUOUS
10
0.8621208661417322
20
-0.0507095275590551
11
0.8620641338582677
21
-0.0501334645669291
0
LINE
8
BLACK
6
CONTINUOUS
10
0.8620641338582677
20
-0.0501334645669291
11
0.8620641338582677
21
-0.0407596456692913
0
LINE
8
BLACK
6
CONTINUOUS
10
0.8620641338582677
20
-0.0407596456692913
11
0.8621208661417322
21
-0.0401835826771654
0
LINE
8
BLACK
6
CONTINUOUS
10
0.8621208661417322
20
-0.0401835826771654
11
0.8621614566929133
21
-0.0400855511811024
0
LINE
8
BLACK
6
CONTINUOUS
10
0.8621614566929133
20
-0.0400855511811024
11
0.8621689763779528
21
-0.0399797637795276
0
LINE
8
BLACK
6
CONTINUOUS
10
0.8621689763779528
20
-0.0399797637795276
11
0.8623758661417322
21
-0.0394391338582677
0
LINE
8
BLACK
6
CONTINUOUS
10
0.8623758661417322
20
-0.0394391338582677
11
0.8642506299212598
21
-0.0356896062992126
0
LINE
8
BLACK
6
CONTINUOUS
10
0.8642506299212598
20
-0.0356896062992126
11
0.8644066929133858
21
-0.0354415748031496
0
LINE
8
BLACK
6
CONTINUOUS
10
0.8644066929133858
20
-0.0354415748031496
11
0.8644365354330709
21
-0.0353696456692913
0
LINE
8
BLACK
6
CONTINUOUS
10
0.8644365354330709
20
-0.0353696456692913
11
0.8645029921259842
21
-0.0352886614173228
0
LINE
8
BLACK
6
CONTINUOUS
10
0.8645029921259842
20
-0.0352886614173228
11
0.8645589763779528
21
-0.0351997244094488
0
LINE
8
BLACK
6
CONTINUOUS
10
0.8645589763779528
20
-0.0351997244094488
11
0.8646179527559055
21
-0.0351485433070866
0
LINE
8
BLACK
6
CONTINUOUS
10
0.8646179527559055
20
-0.0351485433070866
11
0.8648037401574803
21
-0.0349222047244094
0
LINE
8
BLACK
6
CONTINUOUS
10
0.8648037401574803
20
-0.0349222047244094
11
0.8666785039370078
21
-0.0330474409448819
0
LINE
8
BLACK
6
CONTINUOUS
10
0.8666785039370078
20
-0.0330474409448819
11
0.866904842519685
21
-0.0328616535433071
0
LINE
8
BLACK
6
CONTINUOUS
10
0.866904842519685
20
-0.0328616535433071
11
0.8669560236220473
21
-0.0328026771653543
0
LINE
8
BLACK
6
CONTINUOUS
10
0.8669560236220473
20
-0.0328026771653543
11
0.8670449606299212
21
-0.0327466929133858
0
LINE
8
BLACK
6
CONTINUOUS
10
0.8670449606299212
20
-0.0327466929133858
11
0.8671259448818898
21
-0.0326802362204724
0
LINE
8
BLACK
6
CONTINUOUS
10
0.8671259448818898
20
-0.0326802362204724
11
0.867197874015748
21
-0.0326503937007874
0
LINE
8
BLACK
6
CONTINUOUS
10
0.867197874015748
20
-0.0326503937007874
11
0.867445905511811
21
-0.0324943307086614
0
LINE
8
BLACK
6
CONTINUOUS
10
0.867445905511811
20
-0.0324943307086614
11
0.8711954330708661
21
-0.0306195669291339
0
LINE
8
BLACK
6
CONTINUOUS
10
0.8711954330708661
20
-0.0306195669291339
11
0.8717360236220473
21
-0.0304126771653543
0
LINE
8
BLACK
6
CONTINUOUS
10
0.8717360236220473
20
-0.0304126771653543
11
0.8718418897637795
21
-0.0304051181102362
0
LINE
8
BLACK
6
CONTINUOUS
10
0.8718418897637795
20
-0.0304051181102362
11
0.8719398818897638
21
-0.0303645669291339
0
LINE
8
BLACK
6
CONTINUOUS
10
0.8719398818897638
20
-0.0303645669291339
11
0.8725159448818898
21
-0.0303078346456693
0
LINE
8
BLACK
6
CONTINUOUS
10
0.8725159448818898
20
-0.0303078346456693
11
0.880015
21
-0.0303078346456693
0
LINE
8
BLACK
6
CONTINUOUS
10
0.880015
20
-0.0303078346456693
11
0.880591062992126
21
-0.0303645669291339
0
LINE
8
BLACK
6
CONTINUOUS
10
0.8705155118110236
20
-0.0375620866141732
11
0.8693183858267717
21
-0.0387592125984252
0
LINE
8
BLACK
6
CONTINUOUS
10
0.8693183858267717
20
-0.0387592125984252
11
0.8679696456692914
21
-0.0414566929133858
0
LINE
8
BLACK
6
CONTINUOUS
10
0.8679696456692914
20
-0.0414566929133858
11
0.8679696456692914
21
-0.0494364173228346
0
LINE
8
BLACK
6
CONTINUOUS
10
0.8679696456692914
20
-0.0494364173228346
11
0.8693183858267717
21
-0.0521338976377953
0
LINE
8
BLACK
6
CONTINUOUS
10
0.8693183858267717
20
-0.0521338976377953
11
0.8705155118110236
21
-0.0533310236220472
0
LINE
8
BLACK
6
CONTINUOUS
10
0.8705155118110236
20
-0.0533310236220472
11
0.8732129921259842
21
-0.0546797637795276
0
LINE
8
BLACK
6
CONTINUOUS
10
0.8732129921259842
20
-0.0546797637795276
11
0.8793179527559055
21
-0.0546797637795276
0
LINE
8
BLACK
6
CONTINUOUS
10
0.8793179527559055
20
-0.0546797637795276
11
0.8820154330708662
21
-0.0533310236220472
0
LINE
8
BLACK
6
CONTINUOUS
10
0.8820154330708662
20
-0.0533310236220472
11
0.8832125590551181
21
-0.0521338976377953
0
LINE
8
BLACK
6
CONTINUOUS
10
0.8832125590551181
20
-0.0521338976377953
11
0.8845612992125984
21
-0.0494364173228346
0
LINE
8
BLACK
6
CONTINUOUS
10
0.8845612992125984
20
-0.0494364173228346
11
0.8845612992125984
21
-0.0414566929133858
0
LINE
8
BLACK
6
CONTINUOUS
10
0.8845612992125984
20
-0.0414566929133858
11
0.8832125590551181
21
-0.0387592125984252
0
LINE
8
BLACK
6
CONTINUOUS
10
0.8832125590551181
20
-0.0387592125984252
11
0.8820154330708662
21
-0.0375620866141732
0
LINE
8
BLACK
6
CONTINUOUS
10
0.8820154330708662
20
-0.0375620866141732
11
0.8793179527559055
21
-0.0362133464566929
0
LINE
8
BLACK
6
CONTINUOUS
10
0.8793179527559055
20
-0.0362133464566929
11
0.8732129921259842
21
-0.0362133464566929
0
LINE
8
BLACK
6
CONTINUOUS
10
0.8732129921259842
20
-0.0362133464566929
11
0.8705155118110236
21
-0.0375620866141732
0
LINE
8
BLACK
6
CONTINUOUS
10
0.9180863779527559
20
-0.0303645669291339
11
0.9181843700787401
21
-0.030405157480315
0
LINE
8
BLACK
6
CONTINUOUS
10
0.9181843700787401
20
-0.030405157480315
11
0.9182901968503937
21
-0.0304126771653543
0
LINE
8
BLACK
6
CONTINUOUS
10
0.9182901968503937
20
-0.0304126771653543
11
0.9188308267716535
21
-0.0306195669291339
0
LINE
8
BLACK
6
CONTINUOUS
10
0.9188308267716535
20
-0.0306195669291339
11
0.9225803543307086
21
-0.0324943307086614
0
LINE
8
BLACK
6
CONTINUOUS
10
0.9225803543307086
20
-0.0324943307086614
11
0.9228283464566929
21
-0.0326503937007874
0
LINE
8
BLACK
6
CONTINUOUS
10
0.9228283464566929
20
-0.0326503937007874
11
0.9229003149606299
21
-0.0326802362204724
0
LINE
8
BLACK
6
CONTINUOUS
10
0.9229003149606299
20
-0.0326802362204724
11
0.9229812598425197
21
-0.0327466929133858
0
LINE
8
BLACK
6
CONTINUOUS
10
0.9229812598425197
20
-0.0327466929133858
11
0.9230702362204725
21
-0.0328026771653543
0
LINE
8
BLACK
6
CONTINUOUS
10
0.9230702362204725
20
-0.0328026771653543
11
0.9231213779527558
21
-0.0328616535433071
0
LINE
8
BLACK
6
CONTINUOUS
10
0.9231213779527558
20
-0.0328616535433071
11
0.9233477559055118
21
-0.0330474409448819
0
LINE
8
BLACK
6
CONTINUOUS
10
0.9233477559055118
20
-0.0330474409448819
11
0.9252225196850393
21
-0.0349222047244094
0
LINE
8
BLACK
6
CONTINUOUS
10
0.9252225196850393
20
-0.0349222047244094
11
0.9254082677165354
21
-0.0351485433070866
0
LINE
8
BLACK
6
CONTINUOUS
10
0.9254082677165354
20
-0.0351485433070866
11
0.9254672834645669
21
-0.0351997244094488
0
LINE
8
BLACK
6
CONTINUOUS
10
0.9254672834645669
20
-0.0351997244094488
11
0.9255232283464566
21
-0.0352886614173228
0
LINE
8
BLACK
6
CONTINUOUS
10
0.9255232283464566
20
-0.0352886614173228
11
0.9255897244094488
21
-0.0353696456692913
0
LINE
8
BLACK
6
CONTINUOUS
10
0.9255897244094488
20
-0.0353696456692913
11
0.9256195275590551
21
-0.0354415748031496
0
LINE
8
BLACK
6
CONTINUOUS
10
0.9256195275590551
20
-0.0354415748031496
11
0.9257756299212598
21
-0.0356896062992126
0
LINE
8
BLACK
6
CONTINUOUS
10
0.9257756299212598
20
-0.0356896062992126
11
0.9276503937007874
21
-0.0394391338582677
0
LINE
8
BLACK
6
CONTINUOUS
10
0.9276503937007874
20
-0.0394391338582677
11
0.9278572834645669
21
-0.0399797244094488
0
LINE
8
BLACK
6
CONTINUOUS
10
0.9278572834645669
20
-0.0399797244094488
11
0.9278648031496063
21
-0.0400855905511811
0
LINE
8
BLACK
6
CONTINUOUS
10
0.9278648031496063
20
-0.0400855905511811
11
0.9279053937007874
21
-0.0401835826771654
0
LINE
8
BLACK
6
CONTINUOUS
10
0.9279053937007874
20
-0.0401835826771654
11
0.927962125984252
21
-0.0407596456692913
0
LINE
8
BLACK
6
CONTINUOUS
10
0.927962125984252
20
-0.0407596456692913
11
0.927962125984252
21
-0.0426344094488189
0
LINE
8
BLACK
6
CONTINUOUS
10
0.927962125984252
20
-0.0426344094488189
11
0.9279053937007874
21
-0.0432104724409449
0
LINE
8
BLACK
6
CONTINUOUS
10
0.9279053937007874
20
-0.0432104724409449
11
0.9278648031496063
21
-0.0433084251968504
0
LINE
8
BLACK
6
CONTINUOUS
10
0.9278648031496063
20
-0.0433084251968504
11
0.9278572834645669
21
-0.0434143307086614
0
LINE
8
BLACK
6
CONTINUOUS
10
0.9278572834645669
20
-0.0434143307086614
11
0.9276503937007874
21
-0.0439549212598425
0
LINE
8
BLACK
6
CONTINUOUS
10
0.9276503937007874
20
-0.0439549212598425
11
0.9257756299212598
21
-0.0477044488188976
0
LINE
8
BLACK
6
CONTINUOUS
10
0.9257756299212598
20
-0.0477044488188976
11
0.9256195275590551
21
-0.0479524409448819
0
LINE
8
BLACK
6
CONTINUOUS
10
0.9256195275590551
20
-0.0479524409448819
11
0.9255897244094488
21
-0.0480244094488189
0
LINE
8
BLACK
6
CONTINUOUS
10
0.9255897244094488
20
-0.0480244094488189
11
0.9255232283464566
21
-0.0481053543307087
0
LINE
8
BLACK
6
CONTINUOUS
10
0.9255232283464566
20
-0.0481053543307087
11
0.9254672834645669
21
-0.0481943307086614
0
LINE
8
BLACK
6
CONTINUOUS
10
0.9254672834645669
20
-0.0481943307086614
11
0.9254082677165354
21
-0.0482454724409449
0
LINE
8
BLACK
6
CONTINUOUS
10
0.9254082677165354
20
-0.0482454724409449
11
0.9252225196850393
21
-0.0484718503937008
0
LINE
8
BLACK
6
CONTINUOUS
10
0.9252225196850393
20
-0.0484718503937008
11
0.923560905511811
21
-0.0501334645669291
0
LINE
8
BLACK
6
CONTINUOUS
10
0.923560905511811
20
-0.0501334645669291
11
0.9252225196850393
21
-0.0517950787401575
0
LINE
8
BLACK
6
CONTINUOUS
10
0.9252225196850393
20
-0.0517950787401575
11
0.9254082677165354
21
-0.0520214173228346
0
LINE
8
BLACK
6
CONTINUOUS
10
0.9254082677165354
20
-0.0520214173228346
11
0.9254672834645669
21
-0.0520725984251968
0
LINE
8
BLACK
6
CONTINUOUS
10
0.9254672834645669
20
-0.0520725984251968
11
0.9255232283464566
21
-0.0521615354330709
0
LINE
8
BLACK
6
CONTINUOUS
10
0.9255232283464566
20
-0.0521615354330709
11
0.9255897244094488
21
-0.0522425196850394
0
LINE
8
BLACK
6
CONTINUOUS
10
0.9255897244094488
20
-0.0522425196850394
11
0.9256195275590551
21
-0.0523144488188976
0
LINE
8
BLACK
6
CONTINUOUS
10
0.9256195275590551
20
-0.0523144488188976
11
0.9257756299212598
21
-0.0525624803149606
0
LINE
8
BLACK
6
CONTINUOUS
10
0.9257756299212598
20
-0.0525624803149606
11
0.9276503937007874
21
-0.0563120078740157
0
LINE
8
BLACK
6
CONTINUOUS
10
0.9276503937007874
20
-0.0563120078740157
11
0.9278572834645669
21
-0.0568525984251968
0
LINE
8
BLACK
6
CONTINUOUS
10
0.9278572834645669
20
-0.0568525984251968
11
0.9278648031496063
21
-0.0569584645669291
0
LINE
8
BLACK
6
CONTINUOUS
10
0.9278648031496063
20
-0.0569584645669291
11
0.9279053937007874
21
-0.0570564566929134
0
LINE
8
BLACK
6
CONTINUOUS
10
0.9279053937007874
20
-0.0570564566929134
11
0.927962125984252
21
-0.0576325196850394
0
LINE
8
BLACK
6
CONTINUOUS
10
0.927962125984252
20
-0.0576325196850394
11
0.927962125984252
21
-0.0651315748031496
0
LINE
8
BLACK
6
CONTINUOUS
10
0.927962125984252
20
-0.0651315748031496
11
0.9279053937007874
21
-0.0657076377952756
0
LINE
8
BLACK
6
CONTINUOUS
10
0.9279053937007874
20
-0.0657076377952756
11
0.9278648031496063
21
-0.0658055905511811
0
LINE
8
BLACK
6
CONTINUOUS
10
0.9278648031496063
20
-0.0658055905511811
11
0.9278572834645669
21
-0.0659114960629921
0
LINE
8
BLACK
6
CONTINUOUS
10
0.9278572834645669
20
-0.0659114960629921
11
0.9276503937007874
21
-0.0664520866141732
0
LINE
8
BLACK
6
CONTINUOUS
10
0.9276503937007874
20
-0.0664520866141732
11
0.9257756299212598
21
-0.0702016141732283
0
LINE
8
BLACK
6
CONTINUOUS
10
0.9257756299212598
20
-0.0702016141732283
11
0.9256195669291338
21
-0.0704494881889764
0
LINE
8
BLACK
6
CONTINUOUS
10
0.9256195669291338
20
-0.0704494881889764
11
0.9255897637795275
21
-0.0705215354330709
0
LINE
8
BLACK
6
CONTINUOUS
10
0.9255897637795275
20
-0.0705215354330709
11
0.9255232283464566
21
-0.0706025590551181
0
LINE
8
BLACK
6
CONTINUOUS
10
0.9255232283464566
20
-0.0706025590551181
11
0.9254672834645669
21
-0.0706914960629921
0
LINE
8
BLACK
6
CONTINUOUS
10
0.9254672834645669
20
-0.0706914960629921
11
0.9254082677165354
21
-0.0707426377952756
0
LINE
8
BLACK
6
CONTINUOUS
10
0.9254082677165354
20
-0.0707426377952756
11
0.9252225196850393
21
-0.0709690157480315
0
LINE
8
BLACK
6
CONTINUOUS
10
0.9252225196850393
20
-0.0709690157480315
11
0.9233477952755905
21
-0.072843779527559
0
LINE
8
BLACK
6
CONTINUOUS
10
0.9233477952755905
20
-0.072843779527559
11
0.9231214173228346
21
-0.0730295275590551
0
LINE
8
BLACK
6
CONTINUOUS
10
0.9231214173228346
20
-0.0730295275590551
11
0.9230702362204725
21
-0.0730885826771654
0
LINE
8
BLACK
6
CONTINUOUS
10
0.9230702362204725
20
-0.0730885826771654
11
0.9229812598425197
21
-0.0731445669291339
0
LINE
8
BLACK
6
CONTINUOUS
10
0.9229812598425197
20
-0.0731445669291339
11
0.9229003149606299
21
-0.0732110236220472
0
LINE
8
BLACK
6
CONTINUOUS
10
0.9229003149606299
20
-0.0732110236220472
11
0.9228283464566929
21
-0.0732408267716535
0
LINE
8
BLACK
6
CONTINUOUS
10
0.9228283464566929
20
-0.0732408267716535
11
0.9225803543307086
21
-0.0733969291338583
0
LINE
8
BLACK
6
CONTINUOUS
10
0.9225803543307086
20
-0.0733969291338583
11
0.9188308267716535
21
-0.0752716929133858
0
LINE
8
BLACK
6
CONTINUOUS
10
0.9188308267716535
20
-0.0752716929133858
11
0.9182901968503937
21
-0.0754785826771654
0
LINE
8
BLACK
6
CONTINUOUS
10
0.9182901968503937
20
-0.0754785826771654
11
0.9181843700787401
21
-0.075486062992126
0
LINE
8
BLACK
6
CONTINUOUS
10
0.9181843700787401
20
-0.075486062992126
11
0.9180863779527559
21
-0.0755266929133858
0
LINE
8
BLACK
6
CONTINUOUS
10
0.9180863779527559
20
-0.0755266929133858
11
0.9175103149606298
21
-0.0755834251968504
0
LINE
8
BLACK
6
CONTINUOUS
10
0.9175103149606298
20
-0.0755834251968504
11
0.9100112598425196
21
-0.0755834251968504
0
LINE
8
BLACK
6
CONTINUOUS
10
0.9100112598425196
20
-0.0755834251968504
11
0.9094351968503936
21
-0.0755266929133858
0
LINE
8
BLACK
6
CONTINUOUS
10
0.9094351968503936
20
-0.0755266929133858
11
0.9093372047244094
21
-0.0754861023622047
0
LINE
8
BLACK
6
CONTINUOUS
10
0.9093372047244094
20
-0.0754861023622047
11
0.9092313385826771
21
-0.0754785826771654
0
LINE
8
BLACK
6
CONTINUOUS
10
0.9092313385826771
20
-0.0754785826771654
11
0.9086907480314961
21
-0.0752716929133858
0
LINE
8
BLACK
6
CONTINUOUS
10
0.9086907480314961
20
-0.0752716929133858
11
0.904941220472441
21
-0.0733969291338583
0
LINE
8
BLACK
6
CONTINUOUS
10
0.904941220472441
20
-0.0733969291338583
11
0.904693188976378
21
-0.0732408267716535
0
LINE
8
BLACK
6
CONTINUOUS
10
0.904693188976378
20
-0.0732408267716535
11
0.9046212598425196
21
-0.0732110236220472
0
LINE
8
BLACK
6
CONTINUOUS
10
0.9046212598425196
20
-0.0732110236220472
11
0.9045402755905512
21
-0.0731445669291339
0
LINE
8
BLACK
6
CONTINUOUS
10
0.9045402755905512
20
-0.0731445669291339
11
0.9044513385826771
21
-0.0730885826771654
0
LINE
8
BLACK
6
CONTINUOUS
10
0.9044513385826771
20
-0.0730885826771654
11
0.9044001181102362
21
-0.0730295275590551
0
LINE
8
BLACK
6
CONTINUOUS
10
0.9044001181102362
20
-0.0730295275590551
11
0.9041737795275591
21
-0.072843779527559
0
LINE
8
BLACK
6
CONTINUOUS
10
0.9041737795275591
20
-0.072843779527559
11
0.9022990157480315
21
-0.0709689763779528
0
LINE
8
BLACK
6
CONTINUOUS
10
0.9022990157480315
20
-0.0709689763779528
11
0.9021132677165354
21
-0.0707426377952756
0
LINE
8
BLACK
6
CONTINUOUS
10
0.9021132677165354
20
-0.0707426377952756
11
0.9020542913385826
21
-0.0706914960629921
0
LINE
8
BLACK
6
CONTINUOUS
10
0.9020542913385826
20
-0.0706914960629921
11
0.9019983070866141
21
-0.0706025590551181
0
LINE
8
BLACK
6
CONTINUOUS
10
0.9019983070866141
20
-0.0706025590551181
11
0.9019318110236221
21
-0.0705215354330709
0
LINE
8
BLACK
6
CONTINUOUS
10
0.9019318110236221
20
-0.0705215354330709
11
0.901901968503937
21
-0.0704494881889764
0
LINE
8
BLACK
6
CONTINUOUS
10
0.901901968503937
20
-0.0704494881889764
11
0.9017459448818897
21
-0.0702016141732283
0
LINE
8
BLACK
6
CONTINUOUS
10
0.9017459448818897
20
-0.0702016141732283
11
0.8998711811023622
21
-0.0664520866141732
0
LINE
8
BLACK
6
CONTINUOUS
10
0.8998711811023622
20
-0.0664520866141732
11
0.8996642913385826
21
-0.0659114566929134
0
LINE
8
BLACK
6
CONTINUOUS
10
0.8996642913385826
20
-0.0659114566929134
11
0.8996567716535433
21
-0.0658056299212598
0
LINE
8
BLACK
6
CONTINUOUS
10
0.8996567716535433
20
-0.0658056299212598
11
0.8996161811023622
21
-0.0657076377952756
0
LINE
8
BLACK
6
CONTINUOUS
10
0.8996161811023622
20
-0.0657076377952756
11
0.8995594488188976
21
-0.0651315748031496
0
LINE
8
BLACK
6
CONTINUOUS
10
0.8995594488188976
20
-0.0651315748031496
11
0.8995594488188976
21
-0.0576325196850394
0
LINE
8
BLACK
6
CONTINUOUS
10
0.8995594488188976
20
-0.0576325196850394
11
0.8996161811023622
21
-0.0570564566929134
0
LINE
8
BLACK
6
CONTINUOUS
10
0.8996161811023622
20
-0.0570564566929134
11
0.8996567716535433
21
-0.0569584251968504
0
LINE
8
BLACK
6
CONTINUOUS
10
0.8996567716535433
20
-0.0569584251968504
11
0.8996642913385826
21
-0.0568526377952756
0
LINE
8
BLACK
6
CONTINUOUS
10
0.8996642913385826
20
-0.0568526377952756
11
0.8998711811023622
21
-0.0563120078740157
0
LINE
8
BLACK
6
CONTINUOUS
10
0.8998711811023622
20
-0.0563120078740157
11
0.9017459448818897
21
-0.0525624803149606
0
LINE
8
BLACK
6
CONTINUOUS
10
0.9017459448818897
20
-0.0525624803149606
11
0.9019020078740158
21
-0.0523144488188976
0
LINE
8
BLACK
6
CONTINUOUS
10
0.9019020078740158
20
-0.0523144488188976
11
0.9019318503937007
21
-0.0522425196850394
0
LINE
8
BLACK
6
CONTINUOUS
10
0.9019318503937007
20
-0.0522425196850394
11
0.9019983070866141
21
-0.0521615354330709
0
LINE
8
BLACK
6
CONTINUOUS
10
0.9019983070866141
20
-0.0521615354330709
11
0.9020542913385826
21
-0.0520725984251968
0
LINE
8
BLACK
6
CONTINUOUS
10
0.9020542913385826
20
-0.0520725984251968
11
0.9021132677165354
21
-0.0520214173228346
0
LINE
8
BLACK
6
CONTINUOUS
10
0.9021132677165354
20
-0.0520214173228346
11
0.9022990551181103
21
-0.0517950787401575
0
LINE
8
BLACK
6
CONTINUOUS
10
0.9022990551181103
20
-0.0517950787401575
11
0.9039606692913386
21
-0.0501334645669291
0
LINE
8
BLACK
6
CONTINUOUS
10
0.9039606692913386
20
-0.0501334645669291
11
0.9022990551181103
21
-0.0484718503937008
0
LINE
8
BLACK
6
CONTINUOUS
10
0.9022990551181103
20
-0.0484718503937008
11
0.9021132677165354
21
-0.0482454724409449
0
LINE
8
BLACK
6
CONTINUOUS
10
0.9021132677165354
20
-0.0482454724409449
11
0.9020542913385826
21
-0.0481943307086614
0
LINE
8
BLACK
6
CONTINUOUS
10
0.9020542913385826
20
-0.0481943307086614
11
0.9019983070866141
21
-0.0481053543307087
0
LINE
8
BLACK
6
CONTINUOUS
10
0.9019983070866141
20
-0.0481053543307087
11
0.9019318503937007
21
-0.0480244094488189
0
LINE
8
BLACK
6
CONTINUOUS
10
0.9019318503937007
20
-0.0480244094488189
11
0.9019020078740158
21
-0.0479524409448819
0
LINE
8
BLACK
6
CONTINUOUS
10
0.9019020078740158
20
-0.0479524409448819
11
0.9017459448818897
21
-0.0477044488188976
0
LINE
8
BLACK
6
CONTINUOUS
10
0.9017459448818897
20
-0.0477044488188976
11
0.8998711811023622
21
-0.0439549212598425
0
LINE
8
BLACK
6
CONTINUOUS
10
0.8998711811023622
20
-0.0439549212598425
11
0.8996642913385826
21
-0.0434142913385827
0
LINE
8
BLACK
6
CONTINUOUS
10
0.8996642913385826
20
-0.0434142913385827
11
0.8996567716535433
21
-0.0433084645669291
0
LINE
8
BLACK
6
CONTINUOUS
10
0.8996567716535433
20
-0.0433084645669291
11
0.8996161811023622
21
-0.0432104724409449
0
LINE
8
BLACK
6
CONTINUOUS
10
0.8996161811023622
20
-0.0432104724409449
11
0.8995594488188976
21
-0.0426344094488189
0
LINE
8
BLACK
6
CONTINUOUS
10
0.8995594488188976
20
-0.0426344094488189
11
0.8995594488188976
21
-0.0407596456692913
0
LINE
8
BLACK
6
CONTINUOUS
10
0.8995594488188976
20
-0.0407596456692913
11
0.8996161811023622
21
-0.0401835826771654
0
LINE
8
BLACK
6
CONTINUOUS
10
0.8996161811023622
20
-0.0401835826771654
11
0.8996567716535433
21
-0.0400855511811024
0
LINE
8
BLACK
6
CONTINUOUS
10
0.8996567716535433
20
-0.0400855511811024
11
0.8996642913385826
21
-0.0399797637795276
0
LINE
8
BLACK
6
CONTINUOUS
10
0.8996642913385826
20
-0.0399797637795276
11
0.8998711811023622
21
-0.0394391338582677
0
LINE
8
BLACK
6
CONTINUOUS
10
0.8998711811023622
20
-0.0394391338582677
11
0.9017459448818897
21
-0.0356896062992126
0
LINE
8
BLACK
6
CONTINUOUS
10
0.9017459448818897
20
-0.0356896062992126
11
0.9019020078740158
21
-0.0354415748031496
0
LINE
8
BLACK
6
CONTINUOUS
10
0.9019020078740158
20
-0.0354415748031496
11
0.9019318503937007
21
-0.0353696456692913
0
LINE
8
BLACK
6
CONTINUOUS
10
0.9019318503937007
20
-0.0353696456692913
11
0.9019983070866141
21
-0.0352886614173228
0
LINE
8
BLACK
6
CONTINUOUS
10
0.9019983070866141
20
-0.0352886614173228
11
0.9020542913385826
21
-0.0351997244094488
0
LINE
8
BLACK
6
CONTINUOUS
10
0.9020542913385826
20
-0.0351997244094488
11
0.9021132677165354
21
-0.0351485433070866
0
LINE
8
BLACK
6
CONTINUOUS
10
0.9021132677165354
20
-0.0351485433070866
11
0.9022990551181103
21
-0.0349222047244094
0
LINE
8
BLACK
6
CONTINUOUS
10
0.9022990551181103
20
-0.0349222047244094
11
0.9041738188976378
21
-0.0330474409448819
0
LINE
8
BLACK
6
CONTINUOUS
10
0.9041738188976378
20
-0.0330474409448819
11
0.904400157480315
21
-0.0328616535433071
0
LINE
8
BLACK
6
CONTINUOUS
10
0.904400157480315
20
-0.0328616535433071
11
0.9044513385826771
21
-0.0328026771653543
0
LINE
8
BLACK
6
CONTINUOUS
10
0.9044513385826771
20
-0.0328026771653543
11
0.9045402755905512
21
-0.0327466929133858
0
LINE
8
BLACK
6
CONTINUOUS
10
0.9045402755905512
20
-0.0327466929133858
11
0.9046212598425196
21
-0.0326802362204724
0
LINE
8
BLACK
6
CONTINUOUS
10
0.9046212598425196
20
-0.0326802362204724
11
0.904693188976378
21
-0.0326503937007874
0
LINE
8
BLACK
6
CONTINUOUS
10
0.904693188976378
20
-0.0326503937007874
11
0.904941220472441
21
-0.0324943307086614
0
LINE
8
BLACK
6
CONTINUOUS
10
0.904941220472441
20
-0.0324943307086614
11
0.9086907480314961
21
-0.0306195669291339
0
LINE
8
BLACK
6
CONTINUOUS
10
0.9086907480314961
20
-0.0306195669291339
11
0.9092313385826771
21
-0.0304126771653543
0
LINE
8
BLACK
6
CONTINUOUS
10
0.9092313385826771
20
-0.0304126771653543
11
0.9093372047244094
21
-0.0304051181102362
0
LINE
8
BLACK
6
CONTINUOUS
10
0.9093372047244094
20
-0.0304051181102362
11
0.9094351968503936
21
-0.0303645669291339
0
LINE
8
BLACK
6
CONTINUOUS
10
0.9094351968503936
20
-0.0303645669291339
11
0.9100112598425196
21
-0.0303078346456693
0
LINE
8
BLACK
6
CONTINUOUS
10
0.9100112598425196
20
-0.0303078346456693
11
0.9175103149606298
21
-0.0303078346456693
0
LINE
8
BLACK
6
CONTINUOUS
10
0.9175103149606298
20
-0.0303078346456693
11
0.9180863779527559
21
-0.0303645669291339
0
LINE
8
BLACK
6
CONTINUOUS
10
0.9080108267716536
20
-0.0544349606299213
11
0.9068137007874015
21
-0.0556320866141732
0
LINE
8
BLACK
6
CONTINUOUS
10
0.9068137007874015
20
-0.0556320866141732
11
0.9054649606299212
21
-0.0583295669291339
0
LINE
8
BLACK
6
CONTINUOUS
10
0.9054649606299212
20
-0.0583295669291339
11
0.9054649606299212
21
-0.0644345275590551
0
LINE
8
BLACK
6
CONTINUOUS
10
0.9054649606299212
20
-0.0644345275590551
11
0.9068137007874015
21
-0.0671320078740157
0
LINE
8
BLACK
6
CONTINUOUS
10
0.9068137007874015
20
-0.0671320078740157
11
0.9080108267716536
21
-0.0683291732283465
0
LINE
8
BLACK
6
CONTINUOUS
10
0.9080108267716536
20
-0.0683291732283465
11
0.9107083070866141
21
-0.0696779133858268
0
LINE
8
BLACK
6
CONTINUOUS
10
0.9107083070866141
20
-0.0696779133858268
11
0.9168132677165354
21
-0.0696779133858268
0
LINE
8
BLACK
6
CONTINUOUS
10
0.9168132677165354
20
-0.0696779133858268
11
0.9195107086614173
21
-0.0683291732283465
0
LINE
8
BLACK
6
CONTINUOUS
10
0.9195107086614173
20
-0.0683291732283465
11
0.9207078346456693
21
-0.0671320078740157
0
LINE
8
BLACK
6
CONTINUOUS
10
0.9207078346456693
20
-0.0671320078740157
11
0.9220566141732284
21
-0.0644345275590551
0
LINE
8
BLACK
6
CONTINUOUS
10
0.9220566141732284
20
-0.0644345275590551
11
0.9220566141732284
21
-0.0583295669291339
0
LINE
8
BLACK
6
CONTINUOUS
10
0.9220566141732284
20
-0.0583295669291339
11
0.9207078740157481
21
-0.0556320866141732
0
LINE
8
BLACK
6
CONTINUOUS
10
0.9207078740157481
20
-0.0556320866141732
11
0.919510748031496
21
-0.0544349606299213
0
LINE
8
BLACK
6
CONTINUOUS
10
0.919510748031496
20
-0.0544349606299213
11
0.9168132677165354
21
-0.0530862204724409
0
LINE
8
BLACK
6
CONTINUOUS
10
0.9168132677165354
20
-0.0530862204724409
11
0.9107083070866141
21
-0.0530862204724409
0
LINE
8
BLACK
6
CONTINUOUS
10
0.9107083070866141
20
-0.0530862204724409
11
0.9080108267716536
21
-0.0544349606299213
0
LINE
8
BLACK
6
CONTINUOUS
10
0.9080108267716536
20
-0.0375620866141732
11
0.9068137007874015
21
-0.0387592125984252
0
LINE
8
BLACK
6
CONTINUOUS
10
0.9068137007874015
20
-0.0387592125984252
11
0.9054649606299212
21
-0.0414566929133858
0
LINE
8
BLACK
6
CONTINUOUS
10
0.9054649606299212
20
-0.0414566929133858
11
0.9054649606299212
21
-0.0419373622047244
0
LINE
8
BLACK
6
CONTINUOUS
10
0.9054649606299212
20
-0.0419373622047244
11
0.9068137007874015
21
-0.044634842519685
0
LINE
8
BLACK
6
CONTINUOUS
10
0.9068137007874015
20
-0.044634842519685
11
0.9080108267716536
21
-0.045831968503937
0
LINE
8
BLACK
6
CONTINUOUS
10
0.9080108267716536
20
-0.045831968503937
11
0.9107083070866141
21
-0.0471807086614173
0
LINE
8
BLACK
6
CONTINUOUS
10
0.9107083070866141
20
-0.0471807086614173
11
0.9168132677165354
21
-0.0471807086614173
0
LINE
8
BLACK
6
CONTINUOUS
10
0.9168132677165354
20
-0.0471807086614173
11
0.919510748031496
21
-0.045831968503937
0
LINE
8
BLACK
6
CONTINUOUS
10
0.919510748031496
20
-0.045831968503937
11
0.9207078740157481
21
-0.044634842519685
0
LINE
8
BLACK
6
CONTINUOUS
10
0.9207078740157481
20
-0.044634842519685
11
0.9220566141732284
21
-0.0419373622047244
0
LINE
8
BLACK
6
CONTINUOUS
10
0.9220566141732284
20
-0.0419373622047244
11
0.9220566141732284
21
-0.0414566929133858
0
LINE
8
BLACK
6
CONTINUOUS
10
0.9220566141732284
20
-0.0414566929133858
11
0.9207078740157481
21
-0.0387592125984252
0
LINE
8
BLACK
6
CONTINUOUS
10
0.9207078740157481
20
-0.0387592125984252
11
0.919510748031496
21
-0.0375620866141732
0
LINE
8
BLACK
6
CONTINUOUS
10
0.919510748031496
20
-0.0375620866141732
11
0.9168132677165354
21
-0.0362133464566929
0
LINE
8
BLACK
6
CONTINUOUS
10
0.9168132677165354
20
-0.0362133464566929
11
0.9107083070866141
21
-0.0362133464566929
0
LINE
8
BLACK
6
CONTINUOUS
10
0.9107083070866141
20
-0.0362133464566929
11
0.9080108267716536
21
-0.0375620866141732
0
LINE
8
BLACK
6
CONTINUOUS
10
0.9537069291338582
20
-0.0303645669291339
11
0.9538049212598425
21
-0.030405157480315
0
LINE
8
BLACK
6
CONTINUOUS
10
0.9538049212598425
20
-0.030405157480315
11
0.953910748031496
21
-0.0304126771653543
0
LINE
8
BLACK
6
CONTINUOUS
10
0.953910748031496
20
-0.0304126771653543
11
0.9544513779527559
21
-0.0306195669291339
0
LINE
8
BLACK
6
CONTINUOUS
10
0.9544513779527559
20
-0.0306195669291339
11
0.958200905511811
21
-0.0324943307086614
0
LINE
8
BLACK
6
CONTINUOUS
10
0.958200905511811
20
-0.0324943307086614
11
0.9584488976377953
21
-0.0326503937007874
0
LINE
8
BLACK
6
CONTINUOUS
10
0.9584488976377953
20
-0.0326503937007874
11
0.9585208661417323
21
-0.0326802362204724
0
LINE
8
BLACK
6
CONTINUOUS
10
0.9585208661417323
20
-0.0326802362204724
11
0.9586018110236221
21
-0.0327466929133858
0
LINE
8
BLACK
6
CONTINUOUS
10
0.9586018110236221
20
-0.0327466929133858
11
0.9586907874015748
21
-0.0328026771653543
0
LINE
8
BLACK
6
CONTINUOUS
10
0.9586907874015748
20
-0.0328026771653543
11
0.9587419291338583
21
-0.0328616535433071
0
LINE
8
BLACK
6
CONTINUOUS
10
0.9587419291338583
20
-0.0328616535433071
11
0.9589683070866142
21
-0.0330474409448819
0
LINE
8
BLACK
6
CONTINUOUS
10
0.9589683070866142
20
-0.0330474409448819
11
0.9608430708661417
21
-0.0349222047244094
0
LINE
8
BLACK
6
CONTINUOUS
10
0.9608430708661417
20
-0.0349222047244094
11
0.9610288188976378
21
-0.0351485433070866
0
LINE
8
BLACK
6
CONTINUOUS
10
0.9610288188976378
20
-0.0351485433070866
11
0.9610878346456693
21
-0.0351997244094488
0
LINE
8
BLACK
6
CONTINUOUS
10
0.9610878346456693
20
-0.0351997244094488
11
0.961143779527559
21
-0.0352886614173228
0
LINE
8
BLACK
6
CONTINUOUS
10
0.961143779527559
20
-0.0352886614173228
11
0.9612102755905512
21
-0.0353696456692913
0
LINE
8
BLACK
6
CONTINUOUS
10
0.9612102755905512
20
-0.0353696456692913
11
0.9612400787401575
21
-0.0354415748031496
0
LINE
8
BLACK
6
CONTINUOUS
10
0.9612400787401575
20
-0.0354415748031496
11
0.9613961811023621
21
-0.0356896062992126
0
LINE
8
BLACK
6
CONTINUOUS
10
0.9613961811023621
20
-0.0356896062992126
11
0.9632709448818897
21
-0.0394391338582677
0
LINE
8
BLACK
6
CONTINUOUS
10
0.9632709448818897
20
-0.0394391338582677
11
0.9632870472440944
21
-0.0394812204724409
0
LINE
8
BLACK
6
CONTINUOUS
10
0.9632870472440944
20
-0.0394812204724409
11
0.9632997637795275
21
-0.0394983858267717
0
LINE
8
BLACK
6
CONTINUOUS
10
0.9632997637795275
20
-0.0394983858267717
11
0.9633860629921259
21
-0.0397399606299213
0
LINE
8
BLACK
6
CONTINUOUS
10
0.9633860629921259
20
-0.0397399606299213
11
0.9634778346456693
21
-0.0399797244094488
0
LINE
8
BLACK
6
CONTINUOUS
10
0.9634778346456693
20
-0.0399797244094488
11
0.9634793307086614
21
-0.0400009842519685
0
LINE
8
BLACK
6
CONTINUOUS
10
0.9634793307086614
20
-0.0400009842519685
11
0.9634945275590551
21
-0.0400435039370079
0
LINE
8
BLACK
6
CONTINUOUS
10
0.9634945275590551
20
-0.0400435039370079
11
0.9653692913385826
21
-0.0475425590551181
0
LINE
8
BLACK
6
CONTINUOUS
10
0.9653692913385826
20
-0.0475425590551181
11
0.9653840551181102
21
-0.0476424015748032
0
LINE
8
BLACK
6
CONTINUOUS
10
0.9653840551181102
20
-0.0476424015748032
11
0.9654007086614173
21
-0.0476826377952756
0
LINE
8
BLACK
6
CONTINUOUS
10
0.9654007086614173
20
-0.0476826377952756
11
0.9654220472440944
21
-0.0478996456692913
0
LINE
8
BLACK
6
CONTINUOUS
10
0.9654220472440944
20
-0.0478996456692913
11
0.965453937007874
21
-0.048115157480315
0
LINE
8
BLACK
6
CONTINUOUS
10
0.965453937007874
20
-0.048115157480315
11
0.9654475196850394
21
-0.0481581496062992
0
LINE
8
BLACK
6
CONTINUOUS
10
0.9654475196850394
20
-0.0481581496062992
11
0.9654574409448818
21
-0.0482587007874016
0
LINE
8
BLACK
6
CONTINUOUS
10
0.9654574409448818
20
-0.0482587007874016
11
0.9654574409448818
21
-0.0576325196850394
0
LINE
8
BLACK
6
CONTINUOUS
10
0.9654574409448818
20
-0.0576325196850394
11
0.9654475196850394
21
-0.057733031496063
0
LINE
8
BLACK
6
CONTINUOUS
10
0.9654475196850394
20
-0.057733031496063
11
0.965453937007874
21
-0.057776062992126
0
LINE
8
BLACK
6
CONTINUOUS
10
0.965453937007874
20
-0.057776062992126
11
0.9654220472440944
21
-0.0579915354330709
0
LINE
8
BLACK
6
CONTINUOUS
10
0.9654220472440944
20
-0.0579915354330709
11
0.9654007086614173
21
-0.0582085826771654
0
LINE
8
BLACK
6
CONTINUOUS
10
0.9654007086614173
20
-0.0582085826771654
11
0.9653840551181102
21
-0.0582487795275591
0
LINE
8
BLACK
6
CONTINUOUS
10
0.9653840551181102
20
-0.0582487795275591
11
0.9653692913385826
21
-0.0583486614173228
0
LINE
8
BLACK
6
CONTINUOUS
10
0.9653692913385826
20
-0.0583486614173228
11
0.9634945275590551
21
-0.0658477165354331
0
LINE
8
BLACK
6
CONTINUOUS
10
0.9634945275590551
20
-0.0658477165354331
11
0.9634793307086614
21
-0.0658901968503937
0
LINE
8
BLACK
6
CONTINUOUS
10
0.9634793307086614
20
-0.0658901968503937
11
0.9634778346456693
21
-0.0659114960629921
0
LINE
8
BLACK
6
CONTINUOUS
10
0.9634778346456693
20
-0.0659114960629921
11
0.9633860629921259
21
-0.0661512204724409
0
LINE
8
BLACK
6
CONTINUOUS
10
0.9633860629921259
20
-0.0661512204724409
11
0.9632997637795275
21
-0.0663928346456693
0
LINE
8
BLACK
6
CONTINUOUS
10
0.9632997637795275
20
-0.0663928346456693
11
0.9632870472440944
21
-0.0664099606299213
0
LINE
8
BLACK
6
CONTINUOUS
10
0.9632870472440944
20
-0.0664099606299213
11
0.9632709448818897
21
-0.0664520866141732
0
LINE
8
BLACK
6
CONTINUOUS
10
0.9632709448818897
20
-0.0664520866141732
11
0.9613961811023621
21
-0.0702016141732283
0
LINE
8
BLACK
6
CONTINUOUS
10
0.9613961811023621
20
-0.0702016141732283
11
0.9612401181102362
21
-0.0704494881889764
0
LINE
8
BLACK
6
CONTINUOUS
10
0.9612401181102362
20
-0.0704494881889764
11
0.9612103149606299
21
-0.0705215354330709
0
LINE
8
BLACK
6
CONTINUOUS
10
0.9612103149606299
20
-0.0705215354330709
11
0.961143779527559
21
-0.0706025590551181
0
LINE
8
BLACK
6
CONTINUOUS
10
0.961143779527559
20
-0.0706025590551181
11
0.9610878346456693
21
-0.0706914960629921
0
LINE
8
BLACK
6
CONTINUOUS
10
0.9610878346456693
20
-0.0706914960629921
11
0.9610288188976378
21
-0.0707426377952756
0
LINE
8
BLACK
6
CONTINUOUS
10
0.9610288188976378
20
-0.0707426377952756
11
0.9608430708661417
21
-0.0709690157480315
0
LINE
8
BLACK
6
CONTINUOUS
10
0.9608430708661417
20
-0.0709690157480315
11
0.9589683464566929
21
-0.072843779527559
0
LINE
8
BLACK
6
CONTINUOUS
10
0.9589683464566929
20
-0.072843779527559
11
0.958741968503937
21
-0.0730295275590551
0
LINE
8
BLACK
6
CONTINUOUS
10
0.958741968503937
20
-0.0730295275590551
11
0.9586907874015748
21
-0.0730885826771654
0
LINE
8
BLACK
6
CONTINUOUS
10
0.9586907874015748
20
-0.0730885826771654
11
0.9586018110236221
21
-0.0731445669291339
0
LINE
8
BLACK
6
CONTINUOUS
10
0.9586018110236221
20
-0.0731445669291339
11
0.9585208661417323
21
-0.0732110236220472
0
LINE
8
BLACK
6
CONTINUOUS
10
0.9585208661417323
20
-0.0732110236220472
11
0.9584488976377953
21
-0.0732408267716535
0
LINE
8
BLACK
6
CONTINUOUS
10
0.9584488976377953
20
-0.0732408267716535
11
0.958200905511811
21
-0.0733969291338583
0
LINE
8
BLACK
6
CONTINUOUS
10
0.958200905511811
20
-0.0733969291338583
11
0.9544513779527559
21
-0.0752716929133858
0
LINE
8
BLACK
6
CONTINUOUS
10
0.9544513779527559
20
-0.0752716929133858
11
0.953910748031496
21
-0.0754785826771654
0
LINE
8
BLACK
6
CONTINUOUS
10
0.953910748031496
20
-0.0754785826771654
11
0.9538049212598425
21
-0.075486062992126
0
LINE
8
BLACK
6
CONTINUOUS
10
0.9538049212598425
20
-0.075486062992126
11
0.9537069291338582
21
-0.0755266929133858
0
LINE
8
BLACK
6
CONTINUOUS
10
0.9537069291338582
20
-0.0755266929133858
11
0.9531308661417323
21
-0.0755834251968504
0
LINE
8
BLACK
6
CONTINUOUS
10
0.9531308661417323
20
-0.0755834251968504
11
0.9493813385826771
21
-0.0755834251968504
0
LINE
8
BLACK
6
CONTINUOUS
10
0.9493813385826771
20
-0.0755834251968504
11
0.9488052755905512
21
-0.0755266929133858
0
LINE
8
BLACK
6
CONTINUOUS
10
0.9488052755905512
20
-0.0755266929133858
11
0.9487072834645669
21
-0.0754861023622047
0
LINE
8
BLACK
6
CONTINUOUS
10
0.9487072834645669
20
-0.0754861023622047
11
0.9486014173228347
21
-0.0754785826771654
0
LINE
8
BLACK
6
CONTINUOUS
10
0.9486014173228347
20
-0.0754785826771654
11
0.9480608267716535
21
-0.0752716929133858
0
LINE
8
BLACK
6
CONTINUOUS
10
0.9480608267716535
20
-0.0752716929133858
11
0.9443112992125984
21
-0.0733969291338583
0
LINE
8
BLACK
6
CONTINUOUS
10
0.9443112992125984
20
-0.0733969291338583
11
0.9440632677165354
21
-0.0732408267716535
0
LINE
8
BLACK
6
CONTINUOUS
10
0.9440632677165354
20
-0.0732408267716535
11
0.9439913385826771
21
-0.0732110236220472
0
LINE
8
BLACK
6
CONTINUOUS
10
0.9439913385826771
20
-0.0732110236220472
11
0.9439103543307087
21
-0.0731445669291339
0
LINE
8
BLACK
6
CONTINUOUS
10
0.9439103543307087
20
-0.0731445669291339
11
0.9438214173228346
21
-0.0730885826771654
0
LINE
8
BLACK
6
CONTINUOUS
10
0.9438214173228346
20
-0.0730885826771654
11
0.9437701968503937
21
-0.0730295275590551
0
LINE
8
BLACK
6
CONTINUOUS
10
0.9437701968503937
20
-0.0730295275590551
11
0.9435438582677165
21
-0.072843779527559
0
LINE
8
BLACK
6
CONTINUOUS
10
0.9435438582677165
20
-0.072843779527559
11
0.9416690944881889
21
-0.0709689763779528
0
LINE
8
BLACK
6
CONTINUOUS
10
0.9416690944881889
20
-0.0709689763779528
11
0.9414833464566928
21
-0.0707426377952756
0
LINE
8
BLACK
6
CONTINUOUS
10
0.9414833464566928
20
-0.0707426377952756
11
0.9414243700787401
21
-0.0706914960629921
0
LINE
8
BLACK
6
CONTINUOUS
10
0.9414243700787401
20
-0.0706914960629921
11
0.9413683858267716
21
-0.0706025590551181
0
LINE
8
BLACK
6
CONTINUOUS
10
0.9413683858267716
20
-0.0706025590551181
11
0.9413018897637795
21
-0.0705215354330709
0
LINE
8
BLACK
6
CONTINUOUS
10
0.9413018897637795
20
-0.0705215354330709
11
0.9412720472440944
21
-0.0704494881889764
0
LINE
8
BLACK
6
CONTINUOUS
10
0.9412720472440944
20
-0.0704494881889764
11
0.9411160236220473
21
-0.0702016141732283
0
LINE
8
BLACK
6
CONTINUOUS
10
0.9411160236220473
20
-0.0702016141732283
11
0.9392412598425197
21
-0.0664520866141732
0
LINE
8
BLACK
6
CONTINUOUS
10
0.9392412598425197
20
-0.0664520866141732
11
0.9392251181102362
21
-0.0664099606299213
0
LINE
8
BLACK
6
CONTINUOUS
10
0.9392251181102362
20
-0.0664099606299213
11
0.9392124409448819
21
-0.0663928346456693
0
LINE
8
BLACK
6
CONTINUOUS
10
0.9392124409448819
20
-0.0663928346456693
11
0.9391259842519685
21
-0.0661508661417323
0
LINE
8
BLACK
6
CONTINUOUS
10
0.9391259842519685
20
-0.0661508661417323
11
0.9390343700787401
21
-0.0659114566929134
0
LINE
8
BLACK
6
CONTINUOUS
10
0.9390343700787401
20
-0.0659114566929134
11
0.9390328346456692
21
-0.0658901968503937
0
LINE
8
BLACK
6
CONTINUOUS
10
0.9390328346456692
20
-0.0658901968503937
11
0.9390176771653543
21
-0.0658477165354331
0
LINE
8
BLACK
6
CONTINUOUS
10
0.9390176771653543
20
-0.0658477165354331
11
0.9371429133858268
21
-0.0583486614173228
0
LINE
8
BLACK
6
CONTINUOUS
10
0.9371429133858268
20
-0.0583486614173228
11
0.9371281102362204
21
-0.0582487795275591
0
LINE
8
BLACK
6
CONTINUOUS
10
0.9371281102362204
20
-0.0582487795275591
11
0.9371114960629922
21
-0.0582085826771654
0
LINE
8
BLACK
6
CONTINUOUS
10
0.9371114960629922
20
-0.0582085826771654
11
0.9370901181102362
21
-0.0579915354330709
0
LINE
8
BLACK
6
CONTINUOUS
10
0.9370901181102362
20
-0.0579915354330709
11
0.9370582677165354
21
-0.057776062992126
0
LINE
8
BLACK
6
CONTINUOUS
10
0.9370582677165354
20
-0.057776062992126
11
0.9370646456692913
21
-0.057733031496063
0
LINE
8
BLACK
6
CONTINUOUS
10
0.9370646456692913
20
-0.057733031496063
11
0.9370547637795276
21
-0.0576325196850394
0
LINE
8
BLACK
6
CONTINUOUS
10
0.9370547637795276
20
-0.0576325196850394
11
0.9370547637795276
21
-0.0482587007874016
0
LINE
8
BLACK
6
CONTINUOUS
10
0.9370547637795276
20
-0.0482587007874016
11
0.9370646456692913
21
-0.0481581496062992
0
LINE
8
BLACK
6
CONTINUOUS
10
0.9370646456692913
20
-0.0481581496062992
11
0.9370582677165354
21
-0.048115157480315
0
LINE
8
BLACK
6
CONTINUOUS
10
0.9370582677165354
20
-0.048115157480315
11
0.9370901181102362
21
-0.0478996456692913
0
LINE
8
BLACK
6
CONTINUOUS
10
0.9370901181102362
20
-0.0478996456692913
11
0.9371114960629922
21
-0.0476826377952756
0
LINE
8
BLACK
6
CONTINUOUS
10
0.9371114960629922
20
-0.0476826377952756
11
0.9371281102362204
21
-0.0476424015748032
0
LINE
8
BLACK
6
CONTINUOUS
10
0.9371281102362204
20
-0.0476424015748032
11
0.9371429133858268
21
-0.0475425590551181
0
LINE
8
BLACK
6
CONTINUOUS
10
0.9371429133858268
20
-0.0475425590551181
11
0.9390176771653543
21
-0.0400435039370079
0
LINE
8
BLACK
6
CONTINUOUS
10
0.9390176771653543
20
-0.0400435039370079
11
0.9390328346456692
21
-0.0400009842519685
0
LINE
8
BLACK
6
CONTINUOUS
10
0.9390328346456692
20
-0.0400009842519685
11
0.9390343700787401
21
-0.0399797637795276
0
LINE
8
BLACK
6
CONTINUOUS
10
0.9390343700787401
20
-0.0399797637795276
11
0.9391259842519685
21
-0.0397403149606299
0
LINE
8
BLACK
6
CONTINUOUS
10
0.9391259842519685
20
-0.0397403149606299
11
0.9392124409448819
21
-0.0394983858267717
0
LINE
8
BLACK
6
CONTINUOUS
10
0.9392124409448819
20
-0.0394983858267717
11
0.9392251181102362
21
-0.0394812204724409
0
LINE
8
BLACK
6
CONTINUOUS
10
0.9392251181102362
20
-0.0394812204724409
11
0.9392412598425197
21
-0.0394391338582677
0
LINE
8
BLACK
6
CONTINUOUS
10
0.9392412598425197
20
-0.0394391338582677
11
0.9411160236220473
21
-0.0356896062992126
0
LINE
8
BLACK
6
CONTINUOUS
10
0.9411160236220473
20
-0.0356896062992126
11
0.9412720866141732
21
-0.0354415748031496
0
LINE
8
BLACK
6
CONTINUOUS
10
0.9412720866141732
20
-0.0354415748031496
11
0.9413019291338582
21
-0.0353696456692913
0
LINE
8
BLACK
6
CONTINUOUS
10
0.9413019291338582
20
-0.0353696456692913
11
0.9413683858267716
21
-0.0352886614173228
0
LINE
8
BLACK
6
CONTINUOUS
10
0.9413683858267716
20
-0.0352886614173228
11
0.9414243700787401
21
-0.0351997244094488
0
LINE
8
BLACK
6
CONTINUOUS
10
0.9414243700787401
20
-0.0351997244094488
11
0.9414833464566928
21
-0.0351485433070866
0
LINE
8
BLACK
6
CONTINUOUS
10
0.9414833464566928
20
-0.0351485433070866
11
0.9416691338582677
21
-0.0349222047244094
0
LINE
8
BLACK
6
CONTINUOUS
10
0.9416691338582677
20
-0.0349222047244094
11
0.9435438976377952
21
-0.0330474409448819
0
LINE
8
BLACK
6
CONTINUOUS
10
0.9435438976377952
20
-0.0330474409448819
11
0.9437702362204724
21
-0.0328616535433071
0
LINE
8
BLACK
6
CONTINUOUS
10
0.9437702362204724
20
-0.0328616535433071
11
0.9438214173228346
21
-0.0328026771653543
0
LINE
8
BLACK
6
CONTINUOUS
10
0.9438214173228346
20
-0.0328026771653543
11
0.9439103543307087
21
-0.0327466929133858
0
LINE
8
BLACK
6
CONTINUOUS
10
0.9439103543307087
20
-0.0327466929133858
11
0.9439913385826771
21
-0.0326802362204724
0
LINE
8
BLACK
6
CONTINUOUS
10
0.9439913385826771
20
-0.0326802362204724
11
0.9440632677165354
21
-0.0326503937007874
0
LINE
8
BLACK
6
CONTINUOUS
10
0.9440632677165354
20
-0.0326503937007874
11
0.9443112992125984
21
-0.0324943307086614
0
LINE
8
BLACK
6
CONTINUOUS
10
0.9443112992125984
20
-0.0324943307086614
11
0.9480608267716535
21
-0.0306195669291339
0
LINE
8
BLACK
6
CONTINUOUS
10
0.9480608267716535
20
-0.0306195669291339
11
0.9486014173228347
21
-0.0304126771653543
0
LINE
8
BLACK
6
CONTINUOUS
10
0.9486014173228347
20
-0.0304126771653543
11
0.9487072834645669
21
-0.0304051181102362
0
LINE
8
BLACK
6
CONTINUOUS
10
0.9487072834645669
20
-0.0304051181102362
11
0.9488052755905512
21
-0.0303645669291339
0
LINE
8
BLACK
6
CONTINUOUS
10
0.9488052755905512
20
-0.0303645669291339
11
0.9493813385826771
21
-0.0303078346456693
0
LINE
8
BLACK
6
CONTINUOUS
10
0.9493813385826771
20
-0.0303078346456693
11
0.9531308661417323
21
-0.0303078346456693
0
LINE
8
BLACK
6
CONTINUOUS
10
0.9531308661417323
20
-0.0303078346456693
11
0.9537069291338582
21
-0.0303645669291339
0
LINE
8
BLACK
6
CONTINUOUS
10
0.947380905511811
20
-0.0375620866141732
11
0.9461837795275591
21
-0.0387592125984252
0
LINE
8
BLACK
6
CONTINUOUS
10
0.9461837795275591
20
-0.0387592125984252
11
0.9446682677165354
21
-0.0417901968503937
0
LINE
8
BLACK
6
CONTINUOUS
10
0.9446682677165354
20
-0.0417901968503937
11
0.9429602755905512
21
-0.0486222440944882
0
LINE
8
BLACK
6
CONTINUOUS
10
0.9429602755905512
20
-0.0486222440944882
11
0.9429602755905512
21
-0.0572689763779528
0
LINE
8
BLACK
6
CONTINUOUS
10
0.9429602755905512
20
-0.0572689763779528
11
0.9446682677165354
21
-0.0641010236220472
0
LINE
8
BLACK
6
CONTINUOUS
10
0.9446682677165354
20
-0.0641010236220472
11
0.9461837795275591
21
-0.0671320078740157
0
LINE
8
BLACK
6
CONTINUOUS
10
0.9461837795275591
20
-0.0671320078740157
11
0.947380905511811
21
-0.0683291732283465
0
LINE
8
BLACK
6
CONTINUOUS
10
0.947380905511811
20
-0.0683291732283465
11
0.9500783858267716
21
-0.0696779133858268
0
LINE
8
BLACK
6
CONTINUOUS
10
0.9500783858267716
20
-0.0696779133858268
11
0.9524338188976378
21
-0.0696779133858268
0
LINE
8
BLACK
6
CONTINUOUS
10
0.9524338188976378
20
-0.0696779133858268
11
0.9551312598425197
21
-0.0683291732283465
0
LINE
8
BLACK
6
CONTINUOUS
10
0.9551312598425197
20
-0.0683291732283465
11
0.9563283858267716
21
-0.0671320078740157
0
LINE
8
BLACK
6
CONTINUOUS
10
0.9563283858267716
20
-0.0671320078740157
11
0.9578438976377952
21
-0.0641010236220472
0
LINE
8
BLACK
6
CONTINUOUS
10
0.9578438976377952
20
-0.0641010236220472
11
0.9595519291338582
21
-0.0572689763779528
0
LINE
8
BLACK
6
CONTINUOUS
10
0.9595519291338582
20
-0.0572689763779528
11
0.9595519291338582
21
-0.0486222440944882
0
LINE
8
BLACK
6
CONTINUOUS
10
0.9595519291338582
20
-0.0486222440944882
11
0.9578438976377952
21
-0.0417901968503937
0
LINE
8
BLACK
6
CONTINUOUS
10
0.9578438976377952
20
-0.0417901968503937
11
0.9563284251968504
21
-0.0387592125984252
0
LINE
8
BLACK
6
CONTINUOUS
10
0.9563284251968504
20
-0.0387592125984252
11
0.9551312992125984
21
-0.0375620866141732
0
LINE
8
BLACK
6
CONTINUOUS
10
0.9551312992125984
20
-0.0375620866141732
11
0.9524338188976378
21
-0.0362133464566929
0
LINE
8
BLACK
6
CONTINUOUS
10
0.9524338188976378
20
-0.0362133464566929
11
0.9500783858267716
21
-0.0362133464566929
0
LINE
8
BLACK
6
CONTINUOUS
10
0.9500783858267716
20
-0.0362133464566929
11
0.947380905511811
21
-0.0375620866141732
0
LINE
8
BLACK
6
CONTINUOUS
10
1.0099498818897639
20
-0.0303645669291339
11
1.0100478740157479
21
-0.030405157480315
0
LINE
8
BLACK
6
CONTINUOUS
10
1.0100478740157479
20
-0.030405157480315
11
1.0101537007874015
21
-0.0304126771653543
0
LINE
8
BLACK
6
CONTINUOUS
10
1.0101537007874015
20
-0.0304126771653543
11
1.0106943307086613
21
-0.0306195669291339
0
LINE
8
BLACK
6
CONTINUOUS
10
1.0106943307086613
20
-0.0306195669291339
11
1.0144438582677164
21
-0.0324943307086614
0
LINE
8
BLACK
6
CONTINUOUS
10
1.0144438582677164
20
-0.0324943307086614
11
1.0146918503937008
21
-0.0326503937007874
0
LINE
8
BLACK
6
CONTINUOUS
10
1.0146918503937008
20
-0.0326503937007874
11
1.0147638188976378
21
-0.0326802362204724
0
LINE
8
BLACK
6
CONTINUOUS
10
1.0147638188976378
20
-0.0326802362204724
11
1.0148447637795275
21
-0.0327466929133858
0
LINE
8
BLACK
6
CONTINUOUS
10
1.0148447637795275
20
-0.0327466929133858
11
1.0149337401574803
21
-0.0328026771653543
0
LINE
8
BLACK
6
CONTINUOUS
10
1.0149337401574803
20
-0.0328026771653543
11
1.0149848818897638
21
-0.0328616535433071
0
LINE
8
BLACK
6
CONTINUOUS
10
1.0149848818897638
20
-0.0328616535433071
11
1.0152112598425196
21
-0.0330474409448819
0
LINE
8
BLACK
6
CONTINUOUS
10
1.0152112598425196
20
-0.0330474409448819
11
1.0170860236220471
21
-0.0349222047244094
0
LINE
8
BLACK
6
CONTINUOUS
10
1.0170860236220471
20
-0.0349222047244094
11
1.0172717716535433
21
-0.0351485433070866
0
LINE
8
BLACK
6
CONTINUOUS
10
1.0172717716535433
20
-0.0351485433070866
11
1.0173307874015747
21
-0.0351997244094488
0
LINE
8
BLACK
6
CONTINUOUS
10
1.0173307874015747
20
-0.0351997244094488
11
1.0173867322834644
21
-0.0352886614173228
0
LINE
8
BLACK
6
CONTINUOUS
10
1.0173867322834644
20
-0.0352886614173228
11
1.0174532283464566
21
-0.0353696456692913
0
LINE
8
BLACK
6
CONTINUOUS
10
1.0174532283464566
20
-0.0353696456692913
11
1.017483031496063
21
-0.0354415748031496
0
LINE
8
BLACK
6
CONTINUOUS
10
1.017483031496063
20
-0.0354415748031496
11
1.0176391338582678
21
-0.0356896062992126
0
LINE
8
BLACK
6
CONTINUOUS
10
1.0176391338582678
20
-0.0356896062992126
11
1.0195138976377953
21
-0.0394391338582677
0
LINE
8
BLACK
6
CONTINUOUS
10
1.0195138976377953
20
-0.0394391338582677
11
1.01953
21
-0.0394812204724409
0
LINE
8
BLACK
6
CONTINUOUS
10
1.01953
20
-0.0394812204724409
11
1.0195427165354332
21
-0.0394983858267717
0
LINE
8
BLACK
6
CONTINUOUS
10
1.0195427165354332
20
-0.0394983858267717
11
1.0196290157480314
21
-0.0397399606299213
0
LINE
8
BLACK
6
CONTINUOUS
10
1.0196290157480314
20
-0.0397399606299213
11
1.0197207874015748
21
-0.0399797244094488
0
LINE
8
BLACK
6
CONTINUOUS
10
1.0197207874015748
20
-0.0399797244094488
11
1.0197222834645669
21
-0.0400009842519685
0
LINE
8
BLACK
6
CONTINUOUS
10
1.0197222834645669
20
-0.0400009842519685
11
1.0197374803149606
21
-0.0400435039370079
0
LINE
8
BLACK
6
CONTINUOUS
10
1.0197374803149606
20
-0.0400435039370079
11
1.0216122440944881
21
-0.0475425590551181
0
LINE
8
BLACK
6
CONTINUOUS
10
1.0216122440944881
20
-0.0475425590551181
11
1.0216270078740157
21
-0.0476424015748032
0
LINE
8
BLACK
6
CONTINUOUS
10
1.0216270078740157
20
-0.0476424015748032
11
1.0216436614173228
21
-0.0476826377952756
0
LINE
8
BLACK
6
CONTINUOUS
10
1.0216436614173228
20
-0.0476826377952756
11
1.021665
21
-0.0478996456692913
0
LINE
8
BLACK
6
CONTINUOUS
10
1.021665
20
-0.0478996456692913
11
1.0216968897637795
21
-0.048115157480315
0
LINE
8
BLACK
6
CONTINUOUS
10
1.0216968897637795
20
-0.048115157480315
11
1.0216904724409448
21
-0.0481581496062992
0
LINE
8
BLACK
6
CONTINUOUS
10
1.0216904724409448
20
-0.0481581496062992
11
1.0217003937007874
21
-0.0482587007874016
0
LINE
8
BLACK
6
CONTINUOUS
10
1.0217003937007874
20
-0.0482587007874016
11
1.0217003937007874
21
-0.0576325196850394
0
LINE
8
BLACK
6
CONTINUOUS
10
1.0217003937007874
20
-0.0576325196850394
11
1.0216904724409448
21
-0.057733031496063
0
LINE
8
BLACK
6
CONTINUOUS
10
1.0216904724409448
20
-0.057733031496063
11
1.0216968897637795
21
-0.057776062992126
0
LINE
8
BLACK
6
CONTINUOUS
10
1.0216968897637795
20
-0.057776062992126
11
1.021665
21
-0.0579915354330709
0
LINE
8
BLACK
6
CONTINUOUS
10
1.021665
20
-0.0579915354330709
11
1.0216436614173228
21
-0.0582085826771654
0
LINE
8
BLACK
6
CONTINUOUS
10
1.0216436614173228
20
-0.0582085826771654
11
1.0216270078740157
21
-0.0582487795275591
0
LINE
8
BLACK
6
CONTINUOUS
10
1.0216270078740157
20
-0.0582487795275591
11
1.0216122440944881
21
-0.0583486614173228
0
LINE
8
BLACK
6
CONTINUOUS
10
1.0216122440944881
20
-0.0583486614173228
11
1.0197374803149606
21
-0.0658477165354331
0
LINE
8
BLACK
6
CONTINUOUS
10
1.0197374803149606
20
-0.0658477165354331
11
1.0197222834645669
21
-0.0658901968503937
0
LINE
8
BLACK
6
CONTINUOUS
10
1.0197222834645669
20
-0.0658901968503937
11
1.0197207874015748
21
-0.0659114960629921
0
LINE
8
BLACK
6
CONTINUOUS
10
1.0197207874015748
20
-0.0659114960629921
11
1.0196290157480314
21
-0.0661512204724409
0
LINE
8
BLACK
6
CONTINUOUS
10
1.0196290157480314
20
-0.0661512204724409
11
1.0195427165354332
21
-0.0663928346456693
0
LINE
8
BLACK
6
CONTINUOUS
10
1.0195427165354332
20
-0.0663928346456693
11
1.01953
21
-0.0664099606299213
0
LINE
8
BLACK
6
CONTINUOUS
10
1.01953
20
-0.0664099606299213
11
1.0195138976377953
21
-0.0664520866141732
0
LINE
8
BLACK
6
CONTINUOUS
10
1.0195138976377953
20
-0.0664520866141732
11
1.0176391338582678
21
-0.0702016141732283
0
LINE
8
BLACK
6
CONTINUOUS
10
1.0176391338582678
20
-0.0702016141732283
11
1.0174830708661418
21
-0.0704494881889764
0
LINE
8
BLACK
6
CONTINUOUS
10
1.0174830708661418
20
-0.0704494881889764
11
1.0174532677165353
21
-0.0705215354330709
0
LINE
8
BLACK
6
CONTINUOUS
10
1.0174532677165353
20
-0.0705215354330709
11
1.0173867322834644
21
-0.0706025590551181
0
LINE
8
BLACK
6
CONTINUOUS
10
1.0173867322834644
20
-0.0706025590551181
11
1.0173307874015747
21
-0.0706914960629921
0
LINE
8
BLACK
6
CONTINUOUS
10
1.0173307874015747
20
-0.0706914960629921
11
1.0172717716535433
21
-0.0707426377952756
0
LINE
8
BLACK
6
CONTINUOUS
10
1.0172717716535433
20
-0.0707426377952756
11
1.0170860236220471
21
-0.0709690157480315
0
LINE
8
BLACK
6
CONTINUOUS
10
1.0170860236220471
20
-0.0709690157480315
11
1.0152112992125983
21
-0.072843779527559
0
LINE
8
BLACK
6
CONTINUOUS
10
1.0152112992125983
20
-0.072843779527559
11
1.0149849212598425
21
-0.0730295275590551
0
LINE
8
BLACK
6
CONTINUOUS
10
1.0149849212598425
20
-0.0730295275590551
11
1.0149337401574803
21
-0.0730885826771654
0
LINE
8
BLACK
6
CONTINUOUS
10
1.0149337401574803
20
-0.0730885826771654
11
1.0148447637795275
21
-0.0731445669291339
0
LINE
8
BLACK
6
CONTINUOUS
10
1.0148447637795275
20
-0.0731445669291339
11
1.0147638188976378
21
-0.0732110236220472
0
LINE
8
BLACK
6
CONTINUOUS
10
1.0147638188976378
20
-0.0732110236220472
11
1.0146918503937008
21
-0.0732408267716535
0
LINE
8
BLACK
6
CONTINUOUS
10
1.0146918503937008
20
-0.0732408267716535
11
1.0144438582677164
21
-0.0733969291338583
0
LINE
8
BLACK
6
CONTINUOUS
10
1.0144438582677164
20
-0.0733969291338583
11
1.0106943307086613
21
-0.0752716929133858
0
LINE
8
BLACK
6
CONTINUOUS
10
1.0106943307086613
20
-0.0752716929133858
11
1.0101537007874015
21
-0.0754785826771654
0
LINE
8
BLACK
6
CONTINUOUS
10
1.0101537007874015
20
-0.0754785826771654
11
1.0100478740157479
21
-0.075486062992126
0
LINE
8
BLACK
6
CONTINUOUS
10
1.0100478740157479
20
-0.075486062992126
11
1.0099498818897639
21
-0.0755266929133858
0
LINE
8
BLACK
6
CONTINUOUS
10
1.0099498818897639
20
-0.0755266929133858
11
1.0093738188976378
21
-0.0755834251968504
0
LINE
8
BLACK
6
CONTINUOUS
10
1.0093738188976378
20
-0.0755834251968504
11
1.0056242913385827
21
-0.0755834251968504
0
LINE
8
BLACK
6
CONTINUOUS
10
1.0056242913385827
20
-0.0755834251968504
11
1.0050482283464566
21
-0.0755266929133858
0
LINE
8
BLACK
6
CONTINUOUS
10
1.0050482283464566
20
-0.0755266929133858
11
1.0049502362204725
21
-0.0754861023622047
0
LINE
8
BLACK
6
CONTINUOUS
10
1.0049502362204725
20
-0.0754861023622047
11
1.0048443700787402
21
-0.0754785826771654
0
LINE
8
BLACK
6
CONTINUOUS
10
1.0048443700787402
20
-0.0754785826771654
11
1.0043037795275591
21
-0.0752716929133858
0
LINE
8
BLACK
6
CONTINUOUS
10
1.0043037795275591
20
-0.0752716929133858
11
1.000554251968504
21
-0.0733969291338583
0
LINE
8
BLACK
6
CONTINUOUS
10
1.000554251968504
20
-0.0733969291338583
11
1.0003062204724409
21
-0.0732408267716535
0
LINE
8
BLACK
6
CONTINUOUS
10
1.0003062204724409
20
-0.0732408267716535
11
1.0002342913385827
21
-0.0732110236220472
0
LINE
8
BLACK
6
CONTINUOUS
10
1.0002342913385827
20
-0.0732110236220472
11
1.0001533070866142
21
-0.0731445669291339
0
LINE
8
BLACK
6
CONTINUOUS
10
1.0001533070866142
20
-0.0731445669291339
11
1.0000643700787402
21
-0.0730885826771654
0
LINE
8
BLACK
6
CONTINUOUS
10
1.0000643700787402
20
-0.0730885826771654
11
1.0000131496062992
21
-0.0730295275590551
0
LINE
8
BLACK
6
CONTINUOUS
10
1.0000131496062992
20
-0.0730295275590551
11
0.999786811023622
21
-0.072843779527559
0
LINE
8
BLACK
6
CONTINUOUS
10
0.999786811023622
20
-0.072843779527559
11
0.9979120472440944
21
-0.0709689763779528
0
LINE
8
BLACK
6
CONTINUOUS
10
0.9979120472440944
20
-0.0709689763779528
11
0.9977262992125984
21
-0.0707426377952756
0
LINE
8
BLACK
6
CONTINUOUS
10
0.9977262992125984
20
-0.0707426377952756
11
0.9976673228346457
21
-0.0706914960629921
0
LINE
8
BLACK
6
CONTINUOUS
10
0.9976673228346457
20
-0.0706914960629921
11
0.9976113385826771
21
-0.0706025590551181
0
LINE
8
BLACK
6
CONTINUOUS
10
0.9976113385826771
20
-0.0706025590551181
11
0.997544842519685
21
-0.0705215354330709
0
LINE
8
BLACK
6
CONTINUOUS
10
0.997544842519685
20
-0.0705215354330709
11
0.9975149999999999
21
-0.0704494881889764
0
LINE
8
BLACK
6
CONTINUOUS
10
0.9975149999999999
20
-0.0704494881889764
11
0.9973589763779528
21
-0.0702016141732283
0
LINE
8
BLACK
6
CONTINUOUS
10
0.9973589763779528
20
-0.0702016141732283
11
0.9954842125984251
21
-0.0664520866141732
0
LINE
8
BLACK
6
CONTINUOUS
10
0.9954842125984251
20
-0.0664520866141732
11
0.9954680708661418
21
-0.0664099606299213
0
LINE
8
BLACK
6
CONTINUOUS
10
0.9954680708661418
20
-0.0664099606299213
11
0.9954553937007874
21
-0.0663928346456693
0
LINE
8
BLACK
6
CONTINUOUS
10
0.9954553937007874
20
-0.0663928346456693
11
0.995368937007874
21
-0.0661508661417323
0
LINE
8
BLACK
6
CONTINUOUS
10
0.995368937007874
20
-0.0661508661417323
11
0.9952773228346457
21
-0.0659114566929134
0
LINE
8
BLACK
6
CONTINUOUS
10
0.9952773228346457
20
-0.0659114566929134
11
0.9952757874015747
21
-0.0658901968503937
0
LINE
8
BLACK
6
CONTINUOUS
10
0.9952757874015747
20
-0.0658901968503937
11
0.9952606299212599
21
-0.0658477165354331
0
LINE
8
BLACK
6
CONTINUOUS
10
0.9952606299212599
20
-0.0658477165354331
11
0.9933858661417323
21
-0.0583486614173228
0
LINE
8
BLACK
6
CONTINUOUS
10
0.9933858661417323
20
-0.0583486614173228
11
0.993371062992126
21
-0.0582487795275591
0
LINE
8
BLACK
6
CONTINUOUS
10
0.993371062992126
20
-0.0582487795275591
11
0.9933544488188976
21
-0.0582085826771654
0
LINE
8
BLACK
6
CONTINUOUS
10
0.9933544488188976
20
-0.0582085826771654
11
0.9933330708661418
21
-0.0579915354330709
0
LINE
8
BLACK
6
CONTINUOUS
10
0.9933330708661418
20
-0.0579915354330709
11
0.993301220472441
21
-0.057776062992126
0
LINE
8
BLACK
6
CONTINUOUS
10
0.993301220472441
20
-0.057776062992126
11
0.9933075984251968
21
-0.057733031496063
0
LINE
8
BLACK
6
CONTINUOUS
10
0.9933075984251968
20
-0.057733031496063
11
0.9932977165354331
21
-0.0576325196850394
0
LINE
8
BLACK
6
CONTINUOUS
10
0.9932977165354331
20
-0.0576325196850394
11
0.9932977165354331
21
-0.0482587007874016
0
LINE
8
BLACK
6
CONTINUOUS
10
0.9932977165354331
20
-0.0482587007874016
11
0.9933075984251968
21
-0.0481581496062992
0
LINE
8
BLACK
6
CONTINUOUS
10
0.9933075984251968
20
-0.0481581496062992
11
0.993301220472441
21
-0.048115157480315
0
LINE
8
BLACK
6
CONTINUOUS
10
0.993301220472441
20
-0.048115157480315
11
0.9933330708661418
21
-0.0478996456692913
0
LINE
8
BLACK
6
CONTINUOUS
10
0.9933330708661418
20
-0.0478996456692913
11
0.9933544488188976
21
-0.0476826377952756
0
LINE
8
BLACK
6
CONTINUOUS
10
0.9933544488188976
20
-0.0476826377952756
11
0.993371062992126
21
-0.0476424015748032
0
LINE
8
BLACK
6
CONTINUOUS
10
0.993371062992126
20
-0.0476424015748032
11
0.9933858661417323
21
-0.0475425590551181
0
LINE
8
BLACK
6
CONTINUOUS
10
0.9933858661417323
20
-0.0475425590551181
11
0.9952606299212599
21
-0.0400435039370079
0
LINE
8
BLACK
6
CONTINUOUS
10
0.9952606299212599
20
-0.0400435039370079
11
0.9952757874015747
21
-0.0400009842519685
0
LINE
8
BLACK
6
CONTINUOUS
10
0.9952757874015747
20
-0.0400009842519685
11
0.9952773228346457
21
-0.0399797637795276
0
LINE
8
BLACK
6
CONTINUOUS
10
0.9952773228346457
20
-0.0399797637795276
11
0.995368937007874
21
-0.0397403149606299
0
LINE
8
BLACK
6
CONTINUOUS
10
0.995368937007874
20
-0.0397403149606299
11
0.9954553937007874
21
-0.0394983858267717
0
LINE
8
BLACK
6
CONTINUOUS
10
0.9954553937007874
20
-0.0394983858267717
11
0.9954680708661418
21
-0.0394812204724409
0
LINE
8
BLACK
6
CONTINUOUS
10
0.9954680708661418
20
-0.0394812204724409
11
0.9954842125984251
21
-0.0394391338582677
0
LINE
8
BLACK
6
CONTINUOUS
10
0.9954842125984251
20
-0.0394391338582677
11
0.9973589763779528
21
-0.0356896062992126
0
LINE
8
BLACK
6
CONTINUOUS
10
0.9973589763779528
20
-0.0356896062992126
11
0.9975150393700787
21
-0.0354415748031496
0
LINE
8
BLACK
6
CONTINUOUS
10
0.9975150393700787
20
-0.0354415748031496
11
0.9975448818897638
21
-0.0353696456692913
0
LINE
8
BLACK
6
CONTINUOUS
10
0.9975448818897638
20
-0.0353696456692913
11
0.9976113385826771
21
-0.0352886614173228
0
LINE
8
BLACK
6
CONTINUOUS
10
0.9976113385826771
20
-0.0352886614173228
11
0.9976673228346457
21
-0.0351997244094488
0
LINE
8
BLACK
6
CONTINUOUS
10
0.9976673228346457
20
-0.0351997244094488
11
0.9977262992125984
21
-0.0351485433070866
0
LINE
8
BLACK
6
CONTINUOUS
10
0.9977262992125984
20
-0.0351485433070866
11
0.9979120866141732
21
-0.0349222047244094
0
LINE
8
BLACK
6
CONTINUOUS
10
0.9979120866141732
20
-0.0349222047244094
11
0.9997868503937007
21
-0.0330474409448819
0
LINE
8
BLACK
6
CONTINUOUS
10
0.9997868503937007
20
-0.0330474409448819
11
1.0000131889763779
21
-0.0328616535433071
0
LINE
8
BLACK
6
CONTINUOUS
10
1.0000131889763779
20
-0.0328616535433071
11
1.0000643700787402
21
-0.0328026771653543
0
LINE
8
BLACK
6
CONTINUOUS
10
1.0000643700787402
20
-0.0328026771653543
11
1.0001533070866142
21
-0.0327466929133858
0
LINE
8
BLACK
6
CONTINUOUS
10
1.0001533070866142
20
-0.0327466929133858
11
1.0002342913385827
21
-0.0326802362204724
0
LINE
8
BLACK
6
CONTINUOUS
10
1.0002342913385827
20
-0.0326802362204724
11
1.0003062204724409
21
-0.0326503937007874
0
LINE
8
BLACK
6
CONTINUOUS
10
1.0003062204724409
20
-0.0326503937007874
11
1.000554251968504
21
-0.0324943307086614
0
LINE
8
BLACK
6
CONTINUOUS
10
1.000554251968504
20
-0.0324943307086614
11
1.0043037795275591
21
-0.0306195669291339
0
LINE
8
BLACK
6
CONTINUOUS
10
1.0043037795275591
20
-0.0306195669291339
11
1.0048443700787402
21
-0.0304126771653543
0
LINE
8
BLACK
6
CONTINUOUS
10
1.0048443700787402
20
-0.0304126771653543
11
1.0049502362204725
21
-0.0304051181102362
0
LINE
8
BLACK
6
CONTINUOUS
10
1.0049502362204725
20
-0.0304051181102362
11
1.0050482283464566
21
-0.0303645669291339
0
LINE
8
BLACK
6
CONTINUOUS
10
1.0050482283464566
20
-0.0303645669291339
11
1.0056242913385827
21
-0.0303078346456693
0
LINE
8
BLACK
6
CONTINUOUS
10
1.0056242913385827
20
-0.0303078346456693
11
1.0093738188976378
21
-0.0303078346456693
0
LINE
8
BLACK
6
CONTINUOUS
10
1.0093738188976378
20
-0.0303078346456693
11
1.0099498818897639
21
-0.0303645669291339
0
LINE
8
BLACK
6
CONTINUOUS
10
1.0036238582677166
20
-0.0375620866141732
11
1.0024267322834646
21
-0.0387592125984252
0
LINE
8
BLACK
6
CONTINUOUS
10
1.0024267322834646
20
-0.0387592125984252
11
1.0009112204724409
21
-0.0417901968503937
0
LINE
8
BLACK
6
CONTINUOUS
10
1.0009112204724409
20
-0.0417901968503937
11
0.9992032283464567
21
-0.0486222440944882
0
LINE
8
BLACK
6
CONTINUOUS
10
0.9992032283464567
20
-0.0486222440944882
11
0.9992032283464567
21
-0.0572689763779528
0
LINE
8
BLACK
6
CONTINUOUS
10
0.9992032283464567
20
-0.0572689763779528
11
1.0009112204724409
21
-0.0641010236220472
0
LINE
8
BLACK
6
CONTINUOUS
10
1.0009112204724409
20
-0.0641010236220472
11
1.0024267322834646
21
-0.0671320078740157
0
LINE
8
BLACK
6
CONTINUOUS
10
1.0024267322834646
20
-0.0671320078740157
11
1.0036238582677166
21
-0.0683291732283465
0
LINE
8
BLACK
6
CONTINUOUS
10
1.0036238582677166
20
-0.0683291732283465
11
1.0063213385826772
21
-0.0696779133858268
0
LINE
8
BLACK
6
CONTINUOUS
10
1.0063213385826772
20
-0.0696779133858268
11
1.0086767716535432
21
-0.0696779133858268
0
LINE
8
BLACK
6
CONTINUOUS
10
1.0086767716535432
20
-0.0696779133858268
11
1.0113742125984251
21
-0.0683291732283465
0
LINE
8
BLACK
6
CONTINUOUS
10
1.0113742125984251
20
-0.0683291732283465
11
1.0125713385826771
21
-0.0671320078740157
0
LINE
8
BLACK
6
CONTINUOUS
10
1.0125713385826771
20
-0.0671320078740157
11
1.0140868503937008
21
-0.0641010236220472
0
LINE
8
BLACK
6
CONTINUOUS
10
1.0140868503937008
20
-0.0641010236220472
11
1.0157948818897637
21
-0.0572689763779528
0
LINE
8
BLACK
6
CONTINUOUS
10
1.0157948818897637
20
-0.0572689763779528
11
1.0157948818897637
21
-0.0486222440944882
0
LINE
8
BLACK
6
CONTINUOUS
10
1.0157948818897637
20
-0.0486222440944882
11
1.0140868503937008
21
-0.0417901968503937
0
LINE
8
BLACK
6
CONTINUOUS
10
1.0140868503937008
20
-0.0417901968503937
11
1.0125713779527559
21
-0.0387592125984252
0
LINE
8
BLACK
6
CONTINUOUS
10
1.0125713779527559
20
-0.0387592125984252
11
1.0113742519685038
21
-0.0375620866141732
0
LINE
8
BLACK
6
CONTINUOUS
10
1.0113742519685038
20
-0.0375620866141732
11
1.0086767716535432
21
-0.0362133464566929
0
LINE
8
BLACK
6
CONTINUOUS
10
1.0086767716535432
20
-0.0362133464566929
11
1.0063213385826772
21
-0.0362133464566929
0
LINE
8
BLACK
6
CONTINUOUS
10
1.0063213385826772
20
-0.0362133464566929
11
1.0036238582677166
21
-0.0375620866141732
0
LINE
8
BLACK
6
CONTINUOUS
10
1.1674301968503937
20
-0.0434879133858268
11
1.167528188976378
21
-0.0435285039370079
0
LINE
8
BLACK
6
CONTINUOUS
10
1.167528188976378
20
-0.0435285039370079
11
1.1676340157480314
21
-0.0435360236220472
0
LINE
8
BLACK
6
CONTINUOUS
10
1.1676340157480314
20
-0.0435360236220472
11
1.1681746456692914
21
-0.0437429133858268
0
LINE
8
BLACK
6
CONTINUOUS
10
1.1681746456692914
20
-0.0437429133858268
11
1.1719241732283465
21
-0.0456176771653543
0
LINE
8
BLACK
6
CONTINUOUS
10
1.1719241732283465
20
-0.0456176771653543
11
1.1724140551181101
21
-0.0459260236220472
0
LINE
8
BLACK
6
CONTINUOUS
10
1.1724140551181101
20
-0.0459260236220472
11
1.1731688976377952
21
-0.0467964173228346
0
LINE
8
BLACK
6
CONTINUOUS
10
1.1731688976377952
20
-0.0467964173228346
11
1.1735332283464566
21
-0.0478893700787402
0
LINE
8
BLACK
6
CONTINUOUS
10
1.1735332283464566
20
-0.0478893700787402
11
1.1734515748031495
21
-0.0490385826771654
0
LINE
8
BLACK
6
CONTINUOUS
10
1.1734515748031495
20
-0.0490385826771654
11
1.1729362992125985
21
-0.050069094488189
0
LINE
8
BLACK
6
CONTINUOUS
10
1.1729362992125985
20
-0.050069094488189
11
1.1720659448818898
21
-0.050823937007874
0
LINE
8
BLACK
6
CONTINUOUS
10
1.1720659448818898
20
-0.050823937007874
11
1.1709729527559054
21
-0.0511882677165354
0
LINE
8
BLACK
6
CONTINUOUS
10
1.1709729527559054
20
-0.0511882677165354
11
1.1698237401574803
21
-0.0511066141732283
0
LINE
8
BLACK
6
CONTINUOUS
10
1.1698237401574803
20
-0.0511066141732283
11
1.1692831496062992
21
-0.0508997244094488
0
LINE
8
BLACK
6
CONTINUOUS
10
1.1692831496062992
20
-0.0508997244094488
11
1.1661570866141733
21
-0.0493366929133858
0
LINE
8
BLACK
6
CONTINUOUS
10
1.1661570866141733
20
-0.0493366929133858
11
1.1619268897637796
21
-0.0493366929133858
0
LINE
8
BLACK
6
CONTINUOUS
10
1.1619268897637796
20
-0.0493366929133858
11
1.1596811417322834
21
-0.0504595275590551
0
LINE
8
BLACK
6
CONTINUOUS
10
1.1596811417322834
20
-0.0504595275590551
11
1.1585583070866141
21
-0.0527052755905512
0
LINE
8
BLACK
6
CONTINUOUS
10
1.1585583070866141
20
-0.0527052755905512
11
1.1585583070866141
21
-0.0531859448818898
0
LINE
8
BLACK
6
CONTINUOUS
10
1.1585583070866141
20
-0.0531859448818898
11
1.1596811417322834
21
-0.0554316535433071
0
LINE
8
BLACK
6
CONTINUOUS
10
1.1596811417322834
20
-0.0554316535433071
11
1.1619268897637796
21
-0.0565545275590551
0
LINE
8
BLACK
6
CONTINUOUS
10
1.1619268897637796
20
-0.0565545275590551
11
1.1668541338582676
21
-0.0565545275590551
0
LINE
8
BLACK
6
CONTINUOUS
10
1.1668541338582676
20
-0.0565545275590551
11
1.1674301968503937
21
-0.0566112598425197
0
LINE
8
BLACK
6
CONTINUOUS
10
1.1674301968503937
20
-0.0566112598425197
11
1.167528188976378
21
-0.0566518503937008
0
LINE
8
BLACK
6
CONTINUOUS
10
1.167528188976378
20
-0.0566518503937008
11
1.1676340157480314
21
-0.0566593700787402
0
LINE
8
BLACK
6
CONTINUOUS
10
1.1676340157480314
20
-0.0566593700787402
11
1.1681746456692914
21
-0.0568662598425197
0
LINE
8
BLACK
6
CONTINUOUS
10
1.1681746456692914
20
-0.0568662598425197
11
1.1719241732283465
21
-0.0587410236220472
0
LINE
8
BLACK
6
CONTINUOUS
10
1.1719241732283465
20
-0.0587410236220472
11
1.1720205118110236
21
-0.0588016535433071
0
LINE
8
BLACK
6
CONTINUOUS
10
1.1720205118110236
20
-0.0588016535433071
11
1.1720659448818898
21
-0.058816811023622
0
LINE
8
BLACK
6
CONTINUOUS
10
1.1720659448818898
20
-0.058816811023622
11
1.1721224803149606
21
-0.0588658267716535
0
LINE
8
BLACK
6
CONTINUOUS
10
1.1721224803149606
20
-0.0588658267716535
11
1.1724140551181101
21
-0.0590493700787402
0
LINE
8
BLACK
6
CONTINUOUS
10
1.1724140551181101
20
-0.0590493700787402
11
1.1726566141732284
21
-0.0593290551181102
0
LINE
8
BLACK
6
CONTINUOUS
10
1.1726566141732284
20
-0.0593290551181102
11
1.1729363385826772
21
-0.0595716535433071
0
LINE
8
BLACK
6
CONTINUOUS
10
1.1729363385826772
20
-0.0595716535433071
11
1.1731198425196849
21
-0.0598631889763779
0
LINE
8
BLACK
6
CONTINUOUS
10
1.1731198425196849
20
-0.0598631889763779
11
1.1731688976377952
21
-0.0599197637795276
0
LINE
8
BLACK
6
CONTINUOUS
10
1.1731688976377952
20
-0.0599197637795276
11
1.1731840157480316
21
-0.059965157480315
0
LINE
8
BLACK
6
CONTINUOUS
10
1.1731840157480316
20
-0.059965157480315
11
1.1732446850393701
21
-0.0600615354330709
0
LINE
8
BLACK
6
CONTINUOUS
10
1.1732446850393701
20
-0.0600615354330709
11
1.1751194488188976
21
-0.063811062992126
0
LINE
8
BLACK
6
CONTINUOUS
10
1.1751194488188976
20
-0.063811062992126
11
1.1753263385826771
21
-0.0643516535433071
0
LINE
8
BLACK
6
CONTINUOUS
10
1.1753263385826771
20
-0.0643516535433071
11
1.1753338582677164
21
-0.0644575196850394
0
LINE
8
BLACK
6
CONTINUOUS
10
1.1753338582677164
20
-0.0644575196850394
11
1.1753744488188975
21
-0.0645555118110236
0
LINE
8
BLACK
6
CONTINUOUS
10
1.1753744488188975
20
-0.0645555118110236
11
1.1754311811023621
21
-0.0651315748031496
0
LINE
8
BLACK
6
CONTINUOUS
10
1.1754311811023621
20
-0.0651315748031496
11
1.1754311811023621
21
-0.0670063385826772
0
LINE
8
BLACK
6
CONTINUOUS
10
1.1754311811023621
20
-0.0670063385826772
11
1.1753744488188975
21
-0.0675824015748031
0
LINE
8
BLACK
6
CONTINUOUS
10
1.1753744488188975
20
-0.0675824015748031
11
1.1753338188976377
21
-0.0676803937007874
0
LINE
8
BLACK
6
CONTINUOUS
10
1.1753338188976377
20
-0.0676803937007874
11
1.1753263385826771
21
-0.0677862204724409
0
LINE
8
BLACK
6
CONTINUOUS
10
1.1753263385826771
20
-0.0677862204724409
11
1.1751194488188976
21
-0.0683268503937008
0
LINE
8
BLACK
6
CONTINUOUS
10
1.1751194488188976
20
-0.0683268503937008
11
1.1732446850393701
21
-0.0720764173228346
0
LINE
8
BLACK
6
CONTINUOUS
10
1.1732446850393701
20
-0.0720764173228346
11
1.1731840157480316
21
-0.0721727559055118
0
LINE
8
BLACK
6
CONTINUOUS
10
1.1731840157480316
20
-0.0721727559055118
11
1.1731688976377952
21
-0.072218188976378
0
LINE
8
BLACK
6
CONTINUOUS
10
1.1731688976377952
20
-0.072218188976378
11
1.1731198425196849
21
-0.0722747244094488
0
LINE
8
BLACK
6
CONTINUOUS
10
1.1731198425196849
20
-0.0722747244094488
11
1.1729363385826772
21
-0.0725662992125984
0
LINE
8
BLACK
6
CONTINUOUS
10
1.1729363385826772
20
-0.0725662992125984
11
1.1726566141732284
21
-0.0728088582677165
0
LINE
8
BLACK
6
CONTINUOUS
10
1.1726566141732284
20
-0.0728088582677165
11
1.1724140551181101
21
-0.0730885826771654
0
LINE
8
BLACK
6
CONTINUOUS
10
1.1724140551181101
20
-0.0730885826771654
11
1.1721224803149606
21
-0.0732720866141732
0
LINE
8
BLACK
6
CONTINUOUS
10
1.1721224803149606
20
-0.0732720866141732
11
1.1720659448818898
21
-0.0733211417322835
0
LINE
8
BLACK
6
CONTINUOUS
10
1.1720659448818898
20
-0.0733211417322835
11
1.1720205118110236
21
-0.0733362598425197
0
LINE
8
BLACK
6
CONTINUOUS
10
1.1720205118110236
20
-0.0733362598425197
11
1.1719241732283465
21
-0.0733969291338583
0
LINE
8
BLACK
6
CONTINUOUS
10
1.1719241732283465
20
-0.0733969291338583
11
1.1681746456692914
21
-0.0752716929133858
0
LINE
8
BLACK
6
CONTINUOUS
10
1.1681746456692914
20
-0.0752716929133858
11
1.1676340157480314
21
-0.0754785826771654
0
LINE
8
BLACK
6
CONTINUOUS
10
1.1676340157480314
20
-0.0754785826771654
11
1.167528188976378
21
-0.075486062992126
0
LINE
8
BLACK
6
CONTINUOUS
10
1.167528188976378
20
-0.075486062992126
11
1.1674301968503937
21
-0.0755266929133858
0
LINE
8
BLACK
6
CONTINUOUS
10
1.1674301968503937
20
-0.0755266929133858
11
1.1668541338582676
21
-0.0755834251968504
0
LINE
8
BLACK
6
CONTINUOUS
10
1.1668541338582676
20
-0.0755834251968504
11
1.1593550787401574
21
-0.0755834251968504
0
LINE
8
BLACK
6
CONTINUOUS
10
1.1593550787401574
20
-0.0755834251968504
11
1.1587790157480315
21
-0.0755266929133858
0
LINE
8
BLACK
6
CONTINUOUS
10
1.1587790157480315
20
-0.0755266929133858
11
1.1586810236220473
21
-0.0754861023622047
0
LINE
8
BLACK
6
CONTINUOUS
10
1.1586810236220473
20
-0.0754861023622047
11
1.1585751574803149
21
-0.0754785826771654
0
LINE
8
BLACK
6
CONTINUOUS
10
1.1585751574803149
20
-0.0754785826771654
11
1.1580345669291339
21
-0.0752716929133858
0
LINE
8
BLACK
6
CONTINUOUS
10
1.1580345669291339
20
-0.0752716929133858
11
1.1542850393700788
21
-0.0733969291338583
0
LINE
8
BLACK
6
CONTINUOUS
10
1.1542850393700788
20
-0.0733969291338583
11
1.1537951574803149
21
-0.0730885826771654
0
LINE
8
BLACK
6
CONTINUOUS
10
1.1537951574803149
20
-0.0730885826771654
11
1.1530403149606299
21
-0.072218188976378
0
LINE
8
BLACK
6
CONTINUOUS
10
1.1530403149606299
20
-0.072218188976378
11
1.1526759842519685
21
-0.0711252362204724
0
LINE
8
BLACK
6
CONTINUOUS
10
1.1526759842519685
20
-0.0711252362204724
11
1.1527576377952755
21
-0.0699760236220472
0
LINE
8
BLACK
6
CONTINUOUS
10
1.1527576377952755
20
-0.0699760236220472
11
1.1532728740157481
21
-0.0689455118110236
0
LINE
8
BLACK
6
CONTINUOUS
10
1.1532728740157481
20
-0.0689455118110236
11
1.1541432677165353
21
-0.0681906692913386
0
LINE
8
BLACK
6
CONTINUOUS
10
1.1541432677165353
20
-0.0681906692913386
11
1.1552362204724409
21
-0.0678263385826772
0
LINE
8
BLACK
6
CONTINUOUS
10
1.1552362204724409
20
-0.0678263385826772
11
1.1563854330708661
21
-0.0679079921259843
0
LINE
8
BLACK
6
CONTINUOUS
10
1.1563854330708661
20
-0.0679079921259843
11
1.1569260629921259
21
-0.0681148818897638
0
LINE
8
BLACK
6
CONTINUOUS
10
1.1569260629921259
20
-0.0681148818897638
11
1.160052125984252
21
-0.0696779133858268
0
LINE
8
BLACK
6
CONTINUOUS
10
1.160052125984252
20
-0.0696779133858268
11
1.1661570866141733
21
-0.0696779133858268
0
LINE
8
BLACK
6
CONTINUOUS
10
1.1661570866141733
20
-0.0696779133858268
11
1.1684027952755904
21
-0.0685550393700787
0
LINE
8
BLACK
6
CONTINUOUS
10
1.1684027952755904
20
-0.0685550393700787
11
1.1695256692913385
21
-0.0663092913385827
0
LINE
8
BLACK
6
CONTINUOUS
10
1.1695256692913385
20
-0.0663092913385827
11
1.1695256692913385
21
-0.0658286220472441
0
LINE
8
BLACK
6
CONTINUOUS
10
1.1695256692913385
20
-0.0658286220472441
11
1.1684027952755904
21
-0.063582874015748
0
LINE
8
BLACK
6
CONTINUOUS
10
1.1684027952755904
20
-0.063582874015748
11
1.1661570866141733
21
-0.0624600393700787
0
LINE
8
BLACK
6
CONTINUOUS
10
1.1661570866141733
20
-0.0624600393700787
11
1.161229842519685
21
-0.0624600393700787
0
LINE
8
BLACK
6
CONTINUOUS
10
1.161229842519685
20
-0.0624600393700787
11
1.1606537795275591
21
-0.0624033070866142
0
LINE
8
BLACK
6
CONTINUOUS
10
1.1606537795275591
20
-0.0624033070866142
11
1.1605557874015748
21
-0.0623627165354331
0
LINE
8
BLACK
6
CONTINUOUS
10
1.1605557874015748
20
-0.0623627165354331
11
1.1604499212598425
21
-0.0623551968503937
0
LINE
8
BLACK
6
CONTINUOUS
10
1.1604499212598425
20
-0.0623551968503937
11
1.1599093307086614
21
-0.0621483070866142
0
LINE
8
BLACK
6
CONTINUOUS
10
1.1599093307086614
20
-0.0621483070866142
11
1.1561598031496063
21
-0.0602735433070866
0
LINE
8
BLACK
6
CONTINUOUS
10
1.1561598031496063
20
-0.0602735433070866
11
1.1560634251968505
21
-0.060212874015748
0
LINE
8
BLACK
6
CONTINUOUS
10
1.1560634251968505
20
-0.060212874015748
11
1.1560180314960629
21
-0.0601977559055118
0
LINE
8
BLACK
6
CONTINUOUS
10
1.1560180314960629
20
-0.0601977559055118
11
1.1559614566929133
21
-0.0601487007874016
0
LINE
8
BLACK
6
CONTINUOUS
10
1.1559614566929133
20
-0.0601487007874016
11
1.1556699212598425
21
-0.0599651968503937
0
LINE
8
BLACK
6
CONTINUOUS
10
1.1556699212598425
20
-0.0599651968503937
11
1.1554273228346457
21
-0.0596854724409449
0
LINE
8
BLACK
6
CONTINUOUS
10
1.1554273228346457
20
-0.0596854724409449
11
1.1551476377952756
21
-0.0594429133858268
0
LINE
8
BLACK
6
CONTINUOUS
10
1.1551476377952756
20
-0.0594429133858268
11
1.1549640944881889
21
-0.0591513385826772
0
LINE
8
BLACK
6
CONTINUOUS
10
1.1549640944881889
20
-0.0591513385826772
11
1.1549150787401574
21
-0.0590948031496063
0
LINE
8
BLACK
6
CONTINUOUS
10
1.1549150787401574
20
-0.0590948031496063
11
1.1548999212598425
21
-0.0590493700787402
0
LINE
8
BLACK
6
CONTINUOUS
10
1.1548999212598425
20
-0.0590493700787402
11
1.1548392913385825
21
-0.058953031496063
0
LINE
8
BLACK
6
CONTINUOUS
10
1.1548392913385825
20
-0.058953031496063
11
1.152964527559055
21
-0.0552035039370079
0
LINE
8
BLACK
6
CONTINUOUS
10
1.152964527559055
20
-0.0552035039370079
11
1.1527576377952755
21
-0.054662874015748
0
LINE
8
BLACK
6
CONTINUOUS
10
1.1527576377952755
20
-0.054662874015748
11
1.1527501181102362
21
-0.0545570472440945
0
LINE
8
BLACK
6
CONTINUOUS
10
1.1527501181102362
20
-0.0545570472440945
11
1.1527095275590551
21
-0.0544590551181102
0
LINE
8
BLACK
6
CONTINUOUS
10
1.1527095275590551
20
-0.0544590551181102
11
1.1526527952755905
21
-0.0538829921259842
0
LINE
8
BLACK
6
CONTINUOUS
10
1.1526527952755905
20
-0.0538829921259842
11
1.1526527952755905
21
-0.0520082283464567
0
LINE
8
BLACK
6
CONTINUOUS
10
1.1526527952755905
20
-0.0520082283464567
11
1.1527095275590551
21
-0.0514321653543307
0
LINE
8
BLACK
6
CONTINUOUS
10
1.1527095275590551
20
-0.0514321653543307
11
1.1527501181102362
21
-0.0513341338582677
0
LINE
8
BLACK
6
CONTINUOUS
10
1.1527501181102362
20
-0.0513341338582677
11
1.1527576377952755
21
-0.0512283464566929
0
LINE
8
BLACK
6
CONTINUOUS
10
1.1527576377952755
20
-0.0512283464566929
11
1.152964527559055
21
-0.0506877165354331
0
LINE
8
BLACK
6
CONTINUOUS
10
1.152964527559055
20
-0.0506877165354331
11
1.1548392913385825
21
-0.0469381889763779
0
LINE
8
BLACK
6
CONTINUOUS
10
1.1548392913385825
20
-0.0469381889763779
11
1.1548999212598425
21
-0.046841811023622
0
LINE
8
BLACK
6
CONTINUOUS
10
1.1548999212598425
20
-0.046841811023622
11
1.1549150787401574
21
-0.0467964173228346
0
LINE
8
BLACK
6
CONTINUOUS
10
1.1549150787401574
20
-0.0467964173228346
11
1.1549640944881889
21
-0.046739842519685
0
LINE
8
BLACK
6
CONTINUOUS
10
1.1549640944881889
20
-0.046739842519685
11
1.1551476377952756
21
-0.0464483070866142
0
LINE
8
BLACK
6
CONTINUOUS
10
1.1551476377952756
20
-0.0464483070866142
11
1.1554273228346457
21
-0.0462057086614173
0
LINE
8
BLACK
6
CONTINUOUS
10
1.1554273228346457
20
-0.0462057086614173
11
1.1556699212598425
21
-0.0459260236220472
0
LINE
8
BLACK
6
CONTINUOUS
10
1.1556699212598425
20
-0.0459260236220472
11
1.1559614566929133
21
-0.0457424803149606
0
LINE
8
BLACK
6
CONTINUOUS
10
1.1559614566929133
20
-0.0457424803149606
11
1.1560180314960629
21
-0.0456934645669291
0
LINE
8
BLACK
6
CONTINUOUS
10
1.1560180314960629
20
-0.0456934645669291
11
1.1560634251968505
21
-0.0456783070866142
0
LINE
8
BLACK
6
CONTINUOUS
10
1.1560634251968505
20
-0.0456783070866142
11
1.1561598031496063
21
-0.0456176771653543
0
LINE
8
BLACK
6
CONTINUOUS
10
1.1561598031496063
20
-0.0456176771653543
11
1.1599093307086614
21
-0.0437429133858268
0
LINE
8
BLACK
6
CONTINUOUS
10
1.1599093307086614
20
-0.0437429133858268
11
1.1604499212598425
21
-0.0435360236220472
0
LINE
8
BLACK
6
CONTINUOUS
10
1.1604499212598425
20
-0.0435360236220472
11
1.1605557874015748
21
-0.0435284645669291
0
LINE
8
BLACK
6
CONTINUOUS
10
1.1605557874015748
20
-0.0435284645669291
11
1.1606537795275591
21
-0.0434879133858268
0
LINE
8
BLACK
6
CONTINUOUS
10
1.1606537795275591
20
-0.0434879133858268
11
1.161229842519685
21
-0.0434311811023622
0
LINE
8
BLACK
6
CONTINUOUS
10
1.161229842519685
20
-0.0434311811023622
11
1.1668541338582676
21
-0.0434311811023622
0
LINE
8
BLACK
6
CONTINUOUS
10
1.1668541338582676
20
-0.0434311811023622
11
1.1674301968503937
21
-0.0434879133858268
0
LINE
8
BLACK
6
CONTINUOUS
10
1.1384983464566929
20
-0.0308054724409449
11
1.1393129921259841
21
-0.0316201181102362
0
LINE
8
BLACK
6
CONTINUOUS
10
1.1393129921259841
20
-0.0316201181102362
11
1.1397538976377952
21
-0.0326845275590551
0
LINE
8
BLACK
6
CONTINUOUS
10
1.1397538976377952
20
-0.0326845275590551
11
1.1398106299212598
21
-0.0332605905511811
0
LINE
8
BLACK
6
CONTINUOUS
10
1.1398106299212598
20
-0.0332605905511811
11
1.1398106299212598
21
-0.0663092913385827
0
LINE
8
BLACK
6
CONTINUOUS
10
1.1398106299212598
20
-0.0663092913385827
11
1.1409334645669291
21
-0.0685550393700787
0
LINE
8
BLACK
6
CONTINUOUS
10
1.1409334645669291
20
-0.0685550393700787
11
1.1438026771653542
21
-0.0699896456692913
0
LINE
8
BLACK
6
CONTINUOUS
10
1.1438026771653542
20
-0.0699896456692913
11
1.1442925590551181
21
-0.0702979921259843
0
LINE
8
BLACK
6
CONTINUOUS
10
1.1442925590551181
20
-0.0702979921259843
11
1.1450474015748031
21
-0.0711683858267717
0
LINE
8
BLACK
6
CONTINUOUS
10
1.1450474015748031
20
-0.0711683858267717
11
1.1454117322834645
21
-0.0722613385826772
0
LINE
8
BLACK
6
CONTINUOUS
10
1.1454117322834645
20
-0.0722613385826772
11
1.1453300787401575
21
-0.0734105511811024
0
LINE
8
BLACK
6
CONTINUOUS
10
1.1453300787401575
20
-0.0734105511811024
11
1.1448148031496064
21
-0.074441062992126
0
LINE
8
BLACK
6
CONTINUOUS
10
1.1448148031496064
20
-0.074441062992126
11
1.1439444488188977
21
-0.075195905511811
0
LINE
8
BLACK
6
CONTINUOUS
10
1.1439444488188977
20
-0.075195905511811
11
1.1428514566929133
21
-0.0755602362204724
0
LINE
8
BLACK
6
CONTINUOUS
10
1.1428514566929133
20
-0.0755602362204724
11
1.1417022440944882
21
-0.0754785826771654
0
LINE
8
BLACK
6
CONTINUOUS
10
1.1417022440944882
20
-0.0754785826771654
11
1.1411616535433071
21
-0.0752716929133858
0
LINE
8
BLACK
6
CONTINUOUS
10
1.1411616535433071
20
-0.0752716929133858
11
1.137412125984252
21
-0.0733969291338583
0
LINE
8
BLACK
6
CONTINUOUS
10
1.137412125984252
20
-0.0733969291338583
11
1.1373157480314959
21
-0.0733362598425197
0
LINE
8
BLACK
6
CONTINUOUS
10
1.1373157480314959
20
-0.0733362598425197
11
1.1372703543307086
21
-0.0733211417322835
0
LINE
8
BLACK
6
CONTINUOUS
10
1.1372703543307086
20
-0.0733211417322835
11
1.137213779527559
21
-0.0732720866141732
0
LINE
8
BLACK
6
CONTINUOUS
10
1.137213779527559
20
-0.0732720866141732
11
1.1369222440944882
21
-0.0730885826771654
0
LINE
8
BLACK
6
CONTINUOUS
10
1.1369222440944882
20
-0.0730885826771654
11
1.1366795669291339
21
-0.0728087401574803
0
LINE
8
BLACK
6
CONTINUOUS
10
1.1366795669291339
20
-0.0728087401574803
11
1.1363999606299213
21
-0.0725662598425197
0
LINE
8
BLACK
6
CONTINUOUS
10
1.1363999606299213
20
-0.0725662598425197
11
1.1362164566929134
21
-0.0722747637795276
0
LINE
8
BLACK
6
CONTINUOUS
10
1.1362164566929134
20
-0.0722747637795276
11
1.1361674015748031
21
-0.072218188976378
0
LINE
8
BLACK
6
CONTINUOUS
10
1.1361674015748031
20
-0.072218188976378
11
1.1361522440944882
21
-0.0721727165354331
0
LINE
8
BLACK
6
CONTINUOUS
10
1.1361522440944882
20
-0.0721727165354331
11
1.1360916141732282
21
-0.0720764173228346
0
LINE
8
BLACK
6
CONTINUOUS
10
1.1360916141732282
20
-0.0720764173228346
11
1.1342168503937007
21
-0.0683268503937008
0
LINE
8
BLACK
6
CONTINUOUS
10
1.1342168503937007
20
-0.0683268503937008
11
1.1340099606299212
21
-0.0677862204724409
0
LINE
8
BLACK
6
CONTINUOUS
10
1.1340099606299212
20
-0.0677862204724409
11
1.1340024409448819
21
-0.0676803937007874
0
LINE
8
BLACK
6
CONTINUOUS
10
1.1340024409448819
20
-0.0676803937007874
11
1.1339618503937008
21
-0.0675824015748031
0
LINE
8
BLACK
6
CONTINUOUS
10
1.1339618503937008
20
-0.0675824015748031
11
1.1339051181102362
21
-0.0670063385826772
0
LINE
8
BLACK
6
CONTINUOUS
10
1.1339051181102362
20
-0.0670063385826772
11
1.1339051181102362
21
-0.0332605905511811
0
LINE
8
BLACK
6
CONTINUOUS
10
1.1339051181102362
20
-0.0332605905511811
11
1.1339618503937008
21
-0.0326845275590551
0
LINE
8
BLACK
6
CONTINUOUS
10
1.1339618503937008
20
-0.0326845275590551
11
1.1344027559055119
21
-0.0316201181102362
0
LINE
8
BLACK
6
CONTINUOUS
10
1.1344027559055119
20
-0.0316201181102362
11
1.1352174015748031
21
-0.0308054724409449
0
LINE
8
BLACK
6
CONTINUOUS
10
1.1352174015748031
20
-0.0308054724409449
11
1.1362818110236219
21
-0.0303645669291339
0
LINE
8
BLACK
6
CONTINUOUS
10
1.1362818110236219
20
-0.0303645669291339
11
1.1374339370078741
21
-0.0303645669291339
0
LINE
8
BLACK
6
CONTINUOUS
10
1.1374339370078741
20
-0.0303645669291339
11
1.1384983464566929
21
-0.0308054724409449
0
LINE
8
BLACK
6
CONTINUOUS
10
0.9802977165354331
20
-0.0661275984251968
11
0.9810180314960629
21
-0.0664259448818898
0
LINE
8
BLACK
6
CONTINUOUS
10
0.9810180314960629
20
-0.0664259448818898
11
0.9810180708661417
21
-0.0664259842519685
0
LINE
8
BLACK
6
CONTINUOUS
10
0.9810180708661417
20
-0.0664259842519685
11
0.9814655511811023
21
-0.0667932283464567
0
LINE
8
BLACK
6
CONTINUOUS
10
0.9814655511811023
20
-0.0667932283464567
11
0.9833402755905511
21
-0.0686679921259842
0
LINE
8
BLACK
6
CONTINUOUS
10
0.9833402755905511
20
-0.0686679921259842
11
0.9837075196850393
21
-0.0691154724409449
0
LINE
8
BLACK
6
CONTINUOUS
10
0.9837075196850393
20
-0.0691154724409449
11
0.9840796456692913
21
-0.0700138976377953
0
LINE
8
BLACK
6
CONTINUOUS
10
0.9840796456692913
20
-0.0700138976377953
11
0.9841483858267717
21
-0.0701798818897638
0
LINE
8
BLACK
6
CONTINUOUS
10
0.9841483858267717
20
-0.0701798818897638
11
0.9841483858267717
21
-0.071331968503937
0
LINE
8
BLACK
6
CONTINUOUS
10
0.9841483858267717
20
-0.071331968503937
11
0.9837074803149606
21
-0.0723963779527559
0
LINE
8
BLACK
6
CONTINUOUS
10
0.9837074803149606
20
-0.0723963779527559
11
0.9833402755905511
21
-0.0728438188976378
0
LINE
8
BLACK
6
CONTINUOUS
10
0.9833402755905511
20
-0.0728438188976378
11
0.9814655118110236
21
-0.0747185826771654
0
LINE
8
BLACK
6
CONTINUOUS
10
0.9814655118110236
20
-0.0747185826771654
11
0.9810180708661417
21
-0.0750857874015748
0
LINE
8
BLACK
6
CONTINUOUS
10
0.9810180708661417
20
-0.0750857874015748
11
0.9799536614173228
21
-0.0755266929133858
0
LINE
8
BLACK
6
CONTINUOUS
10
0.9799536614173228
20
-0.0755266929133858
11
0.9799536220472441
21
-0.0755266929133858
0
LINE
8
BLACK
6
CONTINUOUS
10
0.9799536220472441
20
-0.0755266929133858
11
0.9788015748031496
21
-0.0755266929133858
0
LINE
8
BLACK
6
CONTINUOUS
10
0.9788015748031496
20
-0.0755266929133858
11
0.9788015354330708
21
-0.0755266929133858
0
LINE
8
BLACK
6
CONTINUOUS
10
0.9788015354330708
20
-0.0755266929133858
11
0.977737125984252
21
-0.0750857874015748
0
LINE
8
BLACK
6
CONTINUOUS
10
0.977737125984252
20
-0.0750857874015748
11
0.9772896850393701
21
-0.0747185826771654
0
LINE
8
BLACK
6
CONTINUOUS
10
0.9772896850393701
20
-0.0747185826771654
11
0.9754149212598425
21
-0.0728438188976378
0
LINE
8
BLACK
6
CONTINUOUS
10
0.9754149212598425
20
-0.0728438188976378
11
0.9750477165354331
21
-0.0723963779527559
0
LINE
8
BLACK
6
CONTINUOUS
10
0.9750477165354331
20
-0.0723963779527559
11
0.9748051181102362
21
-0.0718106692913386
0
LINE
8
BLACK
6
CONTINUOUS
10
0.9748051181102362
20
-0.0718106692913386
11
0.974606811023622
21
-0.071331968503937
0
LINE
8
BLACK
6
CONTINUOUS
10
0.974606811023622
20
-0.071331968503937
11
0.974606811023622
21
-0.0701798818897638
0
LINE
8
BLACK
6
CONTINUOUS
10
0.974606811023622
20
-0.0701798818897638
11
0.9750476771653543
21
-0.0691154724409449
0
LINE
8
BLACK
6
CONTINUOUS
10
0.9750476771653543
20
-0.0691154724409449
11
0.9754148818897638
21
-0.068668031496063
0
LINE
8
BLACK
6
CONTINUOUS
10
0.9754148818897638
20
-0.068668031496063
11
0.9772896456692913
21
-0.0667932283464567
0
LINE
8
BLACK
6
CONTINUOUS
10
0.9772896456692913
20
-0.0667932283464567
11
0.977737125984252
21
-0.0664259842519685
0
LINE
8
BLACK
6
CONTINUOUS
10
0.977737125984252
20
-0.0664259842519685
11
0.9777371653543306
21
-0.0664259448818898
0
LINE
8
BLACK
6
CONTINUOUS
10
0.9777371653543306
20
-0.0664259448818898
11
0.9784574803149606
21
-0.0661275984251968
0
LINE
8
BLACK
6
CONTINUOUS
10
0.9784574803149606
20
-0.0661275984251968
11
0.9788015354330708
21
-0.0659850787401575
0
LINE
8
BLACK
6
CONTINUOUS
10
0.9788015354330708
20
-0.0659850787401575
11
0.9799536220472441
21
-0.0659850787401575
0
LINE
8
BLACK
6
CONTINUOUS
10
0.9799536220472441
20
-0.0659850787401575
11
0.9799536614173228
21
-0.0659850787401575
0
LINE
8
BLACK
6
CONTINUOUS
10
0.9799536614173228
20
-0.0659850787401575
11
0.9802977165354331
21
-0.0661275984251968
0
LINE
8
BLACK
6
CONTINUOUS
10
1.0774414566929134
20
-0.0434879133858268
11
1.0775394488188976
21
-0.0435285039370079
0
LINE
8
BLACK
6
CONTINUOUS
10
1.0775394488188976
20
-0.0435285039370079
11
1.0776452755905512
21
-0.0435360236220472
0
LINE
8
BLACK
6
CONTINUOUS
10
1.0776452755905512
20
-0.0435360236220472
11
1.078185905511811
21
-0.0437429133858268
0
LINE
8
BLACK
6
CONTINUOUS
10
1.078185905511811
20
-0.0437429133858268
11
1.0819354330708661
21
-0.0456176771653543
0
LINE
8
BLACK
6
CONTINUOUS
10
1.0819354330708661
20
-0.0456176771653543
11
1.0820317716535433
21
-0.0456783070866142
0
LINE
8
BLACK
6
CONTINUOUS
10
1.0820317716535433
20
-0.0456783070866142
11
1.0820772047244094
21
-0.0456934645669291
0
LINE
8
BLACK
6
CONTINUOUS
10
1.0820772047244094
20
-0.0456934645669291
11
1.0821337401574802
21
-0.0457424803149606
0
LINE
8
BLACK
6
CONTINUOUS
10
1.0821337401574802
20
-0.0457424803149606
11
1.08242531496063
21
-0.0459260236220472
0
LINE
8
BLACK
6
CONTINUOUS
10
1.08242531496063
20
-0.0459260236220472
11
1.0824896850393702
21
-0.0460002362204724
0
LINE
8
BLACK
6
CONTINUOUS
10
1.0824896850393702
20
-0.0460002362204724
11
1.0825540551181103
21
-0.0459260236220472
0
LINE
8
BLACK
6
CONTINUOUS
10
1.0825540551181103
20
-0.0459260236220472
11
1.0828455905511811
21
-0.0457424803149606
0
LINE
8
BLACK
6
CONTINUOUS
10
1.0828455905511811
20
-0.0457424803149606
11
1.0829021653543307
21
-0.0456934645669291
0
LINE
8
BLACK
6
CONTINUOUS
10
1.0829021653543307
20
-0.0456934645669291
11
1.0829475590551181
21
-0.0456783070866142
0
LINE
8
BLACK
6
CONTINUOUS
10
1.0829475590551181
20
-0.0456783070866142
11
1.0830439370078739
21
-0.0456176771653543
0
LINE
8
BLACK
6
CONTINUOUS
10
1.0830439370078739
20
-0.0456176771653543
11
1.086793464566929
21
-0.0437429133858268
0
LINE
8
BLACK
6
CONTINUOUS
10
1.086793464566929
20
-0.0437429133858268
11
1.0873340551181103
21
-0.0435360236220472
0
LINE
8
BLACK
6
CONTINUOUS
10
1.0873340551181103
20
-0.0435360236220472
11
1.0874399212598425
21
-0.0435284645669291
0
LINE
8
BLACK
6
CONTINUOUS
10
1.0874399212598425
20
-0.0435284645669291
11
1.0875379133858267
21
-0.0434879133858268
0
LINE
8
BLACK
6
CONTINUOUS
10
1.0875379133858267
20
-0.0434879133858268
11
1.0881139763779528
21
-0.0434311811023622
0
LINE
8
BLACK
6
CONTINUOUS
10
1.0881139763779528
20
-0.0434311811023622
11
1.0937382677165355
21
-0.0434311811023622
0
LINE
8
BLACK
6
CONTINUOUS
10
1.0937382677165355
20
-0.0434311811023622
11
1.0943143307086614
21
-0.0434879133858268
0
LINE
8
BLACK
6
CONTINUOUS
10
1.0943143307086614
20
-0.0434879133858268
11
1.0944123228346456
21
-0.0435285039370079
0
LINE
8
BLACK
6
CONTINUOUS
10
1.0944123228346456
20
-0.0435285039370079
11
1.0945181496062992
21
-0.0435360236220472
0
LINE
8
BLACK
6
CONTINUOUS
10
1.0945181496062992
20
-0.0435360236220472
11
1.095058779527559
21
-0.0437429133858268
0
LINE
8
BLACK
6
CONTINUOUS
10
1.095058779527559
20
-0.0437429133858268
11
1.0988083464566929
21
-0.0456176771653543
0
LINE
8
BLACK
6
CONTINUOUS
10
1.0988083464566929
20
-0.0456176771653543
11
1.0989046456692912
21
-0.0456783070866142
0
LINE
8
BLACK
6
CONTINUOUS
10
1.0989046456692912
20
-0.0456783070866142
11
1.0989501181102361
21
-0.0456934645669291
0
LINE
8
BLACK
6
CONTINUOUS
10
1.0989501181102361
20
-0.0456934645669291
11
1.0990066929133857
21
-0.0457425196850394
0
LINE
8
BLACK
6
CONTINUOUS
10
1.0990066929133857
20
-0.0457425196850394
11
1.099298188976378
21
-0.0459260236220472
0
LINE
8
BLACK
6
CONTINUOUS
10
1.099298188976378
20
-0.0459260236220472
11
1.0995406692913385
21
-0.0462056299212598
0
LINE
8
BLACK
6
CONTINUOUS
10
1.0995406692913385
20
-0.0462056299212598
11
1.0998205118110236
21
-0.0464483070866142
0
LINE
8
BLACK
6
CONTINUOUS
10
1.0998205118110236
20
-0.0464483070866142
11
1.1000040157480315
21
-0.046739842519685
0
LINE
8
BLACK
6
CONTINUOUS
10
1.1000040157480315
20
-0.046739842519685
11
1.1000530708661418
21
-0.0467964173228346
0
LINE
8
BLACK
6
CONTINUOUS
10
1.1000530708661418
20
-0.0467964173228346
11
1.1000681889763779
21
-0.046841811023622
0
LINE
8
BLACK
6
CONTINUOUS
10
1.1000681889763779
20
-0.046841811023622
11
1.1001288582677164
21
-0.0469381889763779
0
LINE
8
BLACK
6
CONTINUOUS
10
1.1001288582677164
20
-0.0469381889763779
11
1.102003622047244
21
-0.0506877165354331
0
LINE
8
BLACK
6
CONTINUOUS
10
1.102003622047244
20
-0.0506877165354331
11
1.1022105118110237
21
-0.0512283070866142
0
LINE
8
BLACK
6
CONTINUOUS
10
1.1022105118110237
20
-0.0512283070866142
11
1.102218031496063
21
-0.0513341732283465
0
LINE
8
BLACK
6
CONTINUOUS
10
1.102218031496063
20
-0.0513341732283465
11
1.1022586220472441
21
-0.0514321653543307
0
LINE
8
BLACK
6
CONTINUOUS
10
1.1022586220472441
20
-0.0514321653543307
11
1.1023153543307087
21
-0.0520082283464567
0
LINE
8
BLACK
6
CONTINUOUS
10
1.1023153543307087
20
-0.0520082283464567
11
1.1023153543307087
21
-0.0726306692913386
0
LINE
8
BLACK
6
CONTINUOUS
10
1.1023153543307087
20
-0.0726306692913386
11
1.1022586220472441
21
-0.0732067322834646
0
LINE
8
BLACK
6
CONTINUOUS
10
1.1022586220472441
20
-0.0732067322834646
11
1.101817716535433
21
-0.0742711417322835
0
LINE
8
BLACK
6
CONTINUOUS
10
1.101817716535433
20
-0.0742711417322835
11
1.1010030708661418
21
-0.0750857874015748
0
LINE
8
BLACK
6
CONTINUOUS
10
1.1010030708661418
20
-0.0750857874015748
11
1.0999386614173228
21
-0.0755266929133858
0
LINE
8
BLACK
6
CONTINUOUS
10
1.0999386614173228
20
-0.0755266929133858
11
1.0987865354330708
21
-0.0755266929133858
0
LINE
8
BLACK
6
CONTINUOUS
10
1.0987865354330708
20
-0.0755266929133858
11
1.097722125984252
21
-0.0750857874015748
0
LINE
8
BLACK
6
CONTINUOUS
10
1.097722125984252
20
-0.0750857874015748
11
1.0969074803149605
21
-0.0742711417322835
0
LINE
8
BLACK
6
CONTINUOUS
10
1.0969074803149605
20
-0.0742711417322835
11
1.0964665748031497
21
-0.0732067322834646
0
LINE
8
BLACK
6
CONTINUOUS
10
1.0964665748031497
20
-0.0732067322834646
11
1.0964098425196851
21
-0.0726306692913386
0
LINE
8
BLACK
6
CONTINUOUS
10
1.0964098425196851
20
-0.0726306692913386
11
1.0964098425196851
21
-0.0527052755905512
0
LINE
8
BLACK
6
CONTINUOUS
10
1.0964098425196851
20
-0.0527052755905512
11
1.095286968503937
21
-0.0504595275590551
0
LINE
8
BLACK
6
CONTINUOUS
10
1.095286968503937
20
-0.0504595275590551
11
1.0930412204724409
21
-0.0493366929133858
0
LINE
8
BLACK
6
CONTINUOUS
10
1.0930412204724409
20
-0.0493366929133858
11
1.0888110236220472
21
-0.0493366929133858
0
LINE
8
BLACK
6
CONTINUOUS
10
1.0888110236220472
20
-0.0493366929133858
11
1.086565275590551
21
-0.0504595275590551
0
LINE
8
BLACK
6
CONTINUOUS
10
1.086565275590551
20
-0.0504595275590551
11
1.085442440944882
21
-0.0527052755905512
0
LINE
8
BLACK
6
CONTINUOUS
10
1.085442440944882
20
-0.0527052755905512
11
1.085442440944882
21
-0.0726306692913386
0
LINE
8
BLACK
6
CONTINUOUS
10
1.085442440944882
20
-0.0726306692913386
11
1.0853857086614174
21
-0.0732067322834646
0
LINE
8
BLACK
6
CONTINUOUS
10
1.0853857086614174
20
-0.0732067322834646
11
1.0849448031496063
21
-0.0742711417322835
0
LINE
8
BLACK
6
CONTINUOUS
10
1.0849448031496063
20
-0.0742711417322835
11
1.0841301574803148
21
-0.0750857874015748
0
LINE
8
BLACK
6
CONTINUOUS
10
1.0841301574803148
20
-0.0750857874015748
11
1.083065748031496
21
-0.0755266929133858
0
LINE
8
BLACK
6
CONTINUOUS
10
1.083065748031496
20
-0.0755266929133858
11
1.0819136220472441
21
-0.0755266929133858
0
LINE
8
BLACK
6
CONTINUOUS
10
1.0819136220472441
20
-0.0755266929133858
11
1.0808492125984253
21
-0.0750857874015748
0
LINE
8
BLACK
6
CONTINUOUS
10
1.0808492125984253
20
-0.0750857874015748
11
1.0800345669291338
21
-0.0742711417322835
0
LINE
8
BLACK
6
CONTINUOUS
10
1.0800345669291338
20
-0.0742711417322835
11
1.0795936614173227
21
-0.0732067322834646
0
LINE
8
BLACK
6
CONTINUOUS
10
1.0795936614173227
20
-0.0732067322834646
11
1.0795369291338583
21
-0.0726306692913386
0
LINE
8
BLACK
6
CONTINUOUS
10
1.0795369291338583
20
-0.0726306692913386
11
1.0795369291338583
21
-0.0527052755905512
0
LINE
8
BLACK
6
CONTINUOUS
10
1.0795369291338583
20
-0.0527052755905512
11
1.0784140551181103
21
-0.0504595275590551
0
LINE
8
BLACK
6
CONTINUOUS
10
1.0784140551181103
20
-0.0504595275590551
11
1.0761683464566929
21
-0.0493366929133858
0
LINE
8
BLACK
6
CONTINUOUS
10
1.0761683464566929
20
-0.0493366929133858
11
1.0719381496062992
21
-0.0493366929133858
0
LINE
8
BLACK
6
CONTINUOUS
10
1.0719381496062992
20
-0.0493366929133858
11
1.0692406692913385
21
-0.0506854330708661
0
LINE
8
BLACK
6
CONTINUOUS
10
1.0692406692913385
20
-0.0506854330708661
11
1.0685695669291337
21
-0.0513565354330709
0
LINE
8
BLACK
6
CONTINUOUS
10
1.0685695669291337
20
-0.0513565354330709
11
1.0685695669291337
21
-0.0726306692913386
0
LINE
8
BLACK
6
CONTINUOUS
10
1.0685695669291337
20
-0.0726306692913386
11
1.0685128346456694
21
-0.0732067322834646
0
LINE
8
BLACK
6
CONTINUOUS
10
1.0685128346456694
20
-0.0732067322834646
11
1.0680719291338583
21
-0.0742711417322835
0
LINE
8
BLACK
6
CONTINUOUS
10
1.0680719291338583
20
-0.0742711417322835
11
1.0672572834645668
21
-0.0750857874015748
0
LINE
8
BLACK
6
CONTINUOUS
10
1.0672572834645668
20
-0.0750857874015748
11
1.066192874015748
21
-0.0755266929133858
0
LINE
8
BLACK
6
CONTINUOUS
10
1.066192874015748
20
-0.0755266929133858
11
1.0650407480314961
21
-0.0755266929133858
0
LINE
8
BLACK
6
CONTINUOUS
10
1.0650407480314961
20
-0.0755266929133858
11
1.063976338582677
21
-0.0750857874015748
0
LINE
8
BLACK
6
CONTINUOUS
10
1.063976338582677
20
-0.0750857874015748
11
1.0631616929133858
21
-0.0742711417322835
0
LINE
8
BLACK
6
CONTINUOUS
10
1.0631616929133858
20
-0.0742711417322835
11
1.0627207874015747
21
-0.0732067322834646
0
LINE
8
BLACK
6
CONTINUOUS
10
1.0627207874015747
20
-0.0732067322834646
11
1.0626640551181101
21
-0.0726306692913386
0
LINE
8
BLACK
6
CONTINUOUS
10
1.0626640551181101
20
-0.0726306692913386
11
1.0626640551181101
21
-0.046383937007874
0
LINE
8
BLACK
6
CONTINUOUS
10
1.0626640551181101
20
-0.046383937007874
11
1.0627207874015747
21
-0.045807874015748
0
LINE
8
BLACK
6
CONTINUOUS
10
1.0627207874015747
20
-0.045807874015748
11
1.0631616929133858
21
-0.0447434645669291
0
LINE
8
BLACK
6
CONTINUOUS
10
1.0631616929133858
20
-0.0447434645669291
11
1.063976338582677
21
-0.0439288188976378
0
LINE
8
BLACK
6
CONTINUOUS
10
1.063976338582677
20
-0.0439288188976378
11
1.0650407480314961
21
-0.0434879133858268
0
LINE
8
BLACK
6
CONTINUOUS
10
1.0650407480314961
20
-0.0434879133858268
11
1.066192874015748
21
-0.0434879133858268
0
LINE
8
BLACK
6
CONTINUOUS
10
1.066192874015748
20
-0.0434879133858268
11
1.0672572834645668
21
-0.0439288188976378
0
LINE
8
BLACK
6
CONTINUOUS
10
1.0672572834645668
20
-0.0439288188976378
11
1.0680211023622046
21
-0.0446926377952756
0
LINE
8
BLACK
6
CONTINUOUS
10
1.0680211023622046
20
-0.0446926377952756
11
1.069920590551181
21
-0.0437429133858268
0
LINE
8
BLACK
6
CONTINUOUS
10
1.069920590551181
20
-0.0437429133858268
11
1.0704611811023621
21
-0.0435360236220472
0
LINE
8
BLACK
6
CONTINUOUS
10
1.0704611811023621
20
-0.0435360236220472
11
1.0705670472440945
21
-0.0435284645669291
0
LINE
8
BLACK
6
CONTINUOUS
10
1.0705670472440945
20
-0.0435284645669291
11
1.0706650393700787
21
-0.0434879133858268
0
LINE
8
BLACK
6
CONTINUOUS
10
1.0706650393700787
20
-0.0434879133858268
11
1.0712411023622046
21
-0.0434311811023622
0
LINE
8
BLACK
6
CONTINUOUS
10
1.0712411023622046
20
-0.0434311811023622
11
1.0768653937007875
21
-0.0434311811023622
0
LINE
8
BLACK
6
CONTINUOUS
10
1.0768653937007875
20
-0.0434311811023622
11
1.0774414566929134
21
-0.0434879133858268
0
LINE
8
BLACK
6
CONTINUOUS
10
1.1197507086614173
20
-0.0439288188976378
11
1.1205653543307086
21
-0.0447434645669291
0
LINE
8
BLACK
6
CONTINUOUS
10
1.1205653543307086
20
-0.0447434645669291
11
1.1210062598425197
21
-0.045807874015748
0
LINE
8
BLACK
6
CONTINUOUS
10
1.1210062598425197
20
-0.045807874015748
11
1.1210629921259843
21
-0.046383937007874
0
LINE
8
BLACK
6
CONTINUOUS
10
1.1210629921259843
20
-0.046383937007874
11
1.1210629921259843
21
-0.0726306692913386
0
LINE
8
BLACK
6
CONTINUOUS
10
1.1210629921259843
20
-0.0726306692913386
11
1.1210062598425197
21
-0.0732067322834646
0
LINE
8
BLACK
6
CONTINUOUS
10
1.1210062598425197
20
-0.0732067322834646
11
1.1205653543307086
21
-0.0742711417322835
0
LINE
8
BLACK
6
CONTINUOUS
10
1.1205653543307086
20
-0.0742711417322835
11
1.1197507086614173
21
-0.0750857874015748
0
LINE
8
BLACK
6
CONTINUOUS
10
1.1197507086614173
20
-0.0750857874015748
11
1.1186862992125983
21
-0.0755266929133858
0
LINE
8
BLACK
6
CONTINUOUS
10
1.1186862992125983
20
-0.0755266929133858
11
1.1175341732283464
21
-0.0755266929133858
0
LINE
8
BLACK
6
CONTINUOUS
10
1.1175341732283464
20
-0.0755266929133858
11
1.1164697637795276
21
-0.0750857874015748
0
LINE
8
BLACK
6
CONTINUOUS
10
1.1164697637795276
20
-0.0750857874015748
11
1.1156551181102361
21
-0.0742711417322835
0
LINE
8
BLACK
6
CONTINUOUS
10
1.1156551181102361
20
-0.0742711417322835
11
1.1152142125984252
21
-0.0732067322834646
0
LINE
8
BLACK
6
CONTINUOUS
10
1.1152142125984252
20
-0.0732067322834646
11
1.1151574803149606
21
-0.0726306692913386
0
LINE
8
BLACK
6
CONTINUOUS
10
1.1151574803149606
20
-0.0726306692913386
11
1.1151574803149606
21
-0.046383937007874
0
LINE
8
BLACK
6
CONTINUOUS
10
1.1151574803149606
20
-0.046383937007874
11
1.1152142125984252
21
-0.045807874015748
0
LINE
8
BLACK
6
CONTINUOUS
10
1.1152142125984252
20
-0.045807874015748
11
1.1156551181102361
21
-0.0447434645669291
0
LINE
8
BLACK
6
CONTINUOUS
10
1.1156551181102361
20
-0.0447434645669291
11
1.1164697637795276
21
-0.0439288188976378
0
LINE
8
BLACK
6
CONTINUOUS
10
1.1164697637795276
20
-0.0439288188976378
11
1.1175341732283464
21
-0.0434879133858268
0
LINE
8
BLACK
6
CONTINUOUS
10
1.1175341732283464
20
-0.0434879133858268
11
1.1186862992125983
21
-0.0434879133858268
0
LINE
8
BLACK
6
CONTINUOUS
10
1.1186862992125983
20
-0.0434879133858268
11
1.1197507086614173
21
-0.0439288188976378
0
LINE
8
BLACK
6
CONTINUOUS
10
1.1197507086614173
20
-0.0308054724409449
11
1.1201981496062992
21
-0.0311726771653543
0
LINE
8
BLACK
6
CONTINUOUS
10
1.1201981496062992
20
-0.0311726771653543
11
1.1220729133858267
21
-0.0330474409448819
0
LINE
8
BLACK
6
CONTINUOUS
10
1.1220729133858267
20
-0.0330474409448819
11
1.1224401181102361
21
-0.0334948818897638
0
LINE
8
BLACK
6
CONTINUOUS
10
1.1224401181102361
20
-0.0334948818897638
11
1.1225816929133858
21
-0.0338366535433071
0
LINE
8
BLACK
6
CONTINUOUS
10
1.1225816929133858
20
-0.0338366535433071
11
1.1228810236220472
21
-0.0345593307086614
0
LINE
8
BLACK
6
CONTINUOUS
10
1.1228810236220472
20
-0.0345593307086614
11
1.1228810236220472
21
-0.0357114173228346
0
LINE
8
BLACK
6
CONTINUOUS
10
1.1228810236220472
20
-0.0357114173228346
11
1.1224401181102361
21
-0.0367758267716535
0
LINE
8
BLACK
6
CONTINUOUS
10
1.1224401181102361
20
-0.0367758267716535
11
1.1220729133858267
21
-0.0372232677165354
0
LINE
8
BLACK
6
CONTINUOUS
10
1.1220729133858267
20
-0.0372232677165354
11
1.1201981496062992
21
-0.039098031496063
0
LINE
8
BLACK
6
CONTINUOUS
10
1.1201981496062992
20
-0.039098031496063
11
1.1197507086614173
21
-0.0394652362204724
0
LINE
8
BLACK
6
CONTINUOUS
10
1.1197507086614173
20
-0.0394652362204724
11
1.1186862992125983
21
-0.0399061417322835
0
LINE
8
BLACK
6
CONTINUOUS
10
1.1186862992125983
20
-0.0399061417322835
11
1.1186862598425196
21
-0.0399061417322835
0
LINE
8
BLACK
6
CONTINUOUS
10
1.1186862598425196
20
-0.0399061417322835
11
1.1175342125984251
21
-0.0399061417322835
0
LINE
8
BLACK
6
CONTINUOUS
10
1.1175342125984251
20
-0.0399061417322835
11
1.1175341732283464
21
-0.0399061417322835
0
LINE
8
BLACK
6
CONTINUOUS
10
1.1175341732283464
20
-0.0399061417322835
11
1.1164697637795276
21
-0.0394652362204724
0
LINE
8
BLACK
6
CONTINUOUS
10
1.1164697637795276
20
-0.0394652362204724
11
1.1160223228346458
21
-0.039098031496063
0
LINE
8
BLACK
6
CONTINUOUS
10
1.1160223228346458
20
-0.039098031496063
11
1.114147559055118
21
-0.0372232677165354
0
LINE
8
BLACK
6
CONTINUOUS
10
1.114147559055118
20
-0.0372232677165354
11
1.1137803543307085
21
-0.0367758267716535
0
LINE
8
BLACK
6
CONTINUOUS
10
1.1137803543307085
20
-0.0367758267716535
11
1.1133394488188977
21
-0.0357113779527559
0
LINE
8
BLACK
6
CONTINUOUS
10
1.1133394488188977
20
-0.0357113779527559
11
1.1133394488188977
21
-0.0345593307086614
0
LINE
8
BLACK
6
CONTINUOUS
10
1.1133394488188977
20
-0.0345593307086614
11
1.1137803543307085
21
-0.0334948818897638
0
LINE
8
BLACK
6
CONTINUOUS
10
1.1137803543307085
20
-0.0334948818897638
11
1.114147559055118
21
-0.0330474409448819
0
LINE
8
BLACK
6
CONTINUOUS
10
1.114147559055118
20
-0.0330474409448819
11
1.1160223228346458
21
-0.0311726771653543
0
LINE
8
BLACK
6
CONTINUOUS
10
1.1160223228346458
20
-0.0311726771653543
11
1.1164697637795276
21
-0.0308054724409449
0
LINE
8
BLACK
6
CONTINUOUS
10
1.1164697637795276
20
-0.0308054724409449
11
1.1175341732283464
21
-0.0303645669291339
0
LINE
8
BLACK
6
CONTINUOUS
10
1.1175341732283464
20
-0.0303645669291339
11
1.1186862598425196
21
-0.0303645669291339
0
LINE
8
BLACK
6
CONTINUOUS
10
1.1186862598425196
20
-0.0303645669291339
11
1.1186862992125983
21
-0.0303645669291339
0
LINE
8
BLACK
6
CONTINUOUS
10
1.1186862992125983
20
-0.0303645669291339
11
1.1197507086614173
21
-0.0308054724409449
0
LINE
8
BLACK
6
CONTINUOUS
10
2.1808582677165353
20
1.7048307874015747
11
2.1809012992125982
21
1.7048371653543306
0
LINE
8
BLACK
6
CONTINUOUS
10
2.1809012992125982
20
1.7048371653543306
11
2.1811167716535431
21
1.7048053149606299
0
LINE
8
BLACK
6
CONTINUOUS
10
2.1811167716535431
20
1.7048053149606299
11
2.1813338188976377
21
1.7047839370078739
0
LINE
8
BLACK
6
CONTINUOUS
10
2.1813338188976377
20
1.7047839370078739
11
2.1813740157480312
21
1.7047673228346456
0
LINE
8
BLACK
6
CONTINUOUS
10
2.1813740157480312
20
1.7047673228346456
11
2.1814738976377952
21
1.7047525196850393
0
LINE
8
BLACK
6
CONTINUOUS
10
2.1814738976377952
20
1.7047525196850393
11
2.1889729527559054
21
1.7028777559055117
0
LINE
8
BLACK
6
CONTINUOUS
10
2.1889729527559054
20
1.7028777559055117
11
2.1893124015748029
21
1.7027564960629922
0
LINE
8
BLACK
6
CONTINUOUS
10
2.1893124015748029
20
1.7027564960629922
11
2.1893839370078738
21
1.7027423228346457
0
LINE
8
BLACK
6
CONTINUOUS
10
2.1893839370078738
20
1.7027423228346457
11
2.189448779527559
21
1.7027077559055117
0
LINE
8
BLACK
6
CONTINUOUS
10
2.189448779527559
20
1.7027077559055117
11
2.1895180708661415
21
1.7026829921259843
0
LINE
8
BLACK
6
CONTINUOUS
10
2.1895180708661415
20
1.7026829921259843
11
2.1895766535433072
21
1.7026395669291339
0
LINE
8
BLACK
6
CONTINUOUS
10
2.1895766535433072
20
1.7026395669291339
11
2.1898947244094487
21
1.7024699999999999
0
LINE
8
BLACK
6
CONTINUOUS
10
2.1898947244094487
20
1.7024699999999999
11
2.1955190157480313
21
1.6987204724409448
0
LINE
8
BLACK
6
CONTINUOUS
10
2.1955190157480313
20
1.6987204724409448
11
2.195520590551181
21
1.6987191732283464
0
LINE
8
BLACK
6
CONTINUOUS
10
2.195520590551181
20
1.6987191732283464
11
2.1955215354330706
21
1.6987187795275591
0
LINE
8
BLACK
6
CONTINUOUS
10
2.1955215354330706
20
1.6987187795275591
11
2.1957410629921261
21
1.698538622047244
0
LINE
8
BLACK
6
CONTINUOUS
10
2.1957410629921261
20
1.698538622047244
11
2.1959668503937007
21
1.6983537007874014
0
LINE
8
BLACK
6
CONTINUOUS
10
2.1959668503937007
20
1.6983537007874014
11
2.1959674015748032
21
1.6983528740157481
0
LINE
8
BLACK
6
CONTINUOUS
10
2.1959674015748032
20
1.6983528740157481
11
2.1959689763779529
21
1.6983515748031495
0
LINE
8
BLACK
6
CONTINUOUS
10
2.1959689763779529
20
1.6983515748031495
11
2.1978437795275592
21
1.6964768110236219
0
LINE
8
BLACK
6
CONTINUOUS
10
2.1978437795275592
20
1.6964768110236219
11
2.1980295275590551
21
1.6962504724409448
0
LINE
8
BLACK
6
CONTINUOUS
10
2.1980295275590551
20
1.6962504724409448
11
2.1980885826771654
21
1.6961992519685039
0
LINE
8
BLACK
6
CONTINUOUS
10
2.1980885826771654
20
1.6961992519685039
11
2.198144566929134
21
1.6961103149606298
0
LINE
8
BLACK
6
CONTINUOUS
10
2.198144566929134
20
1.6961103149606298
11
2.1982110236220471
21
1.6960293307086614
0
LINE
8
BLACK
6
CONTINUOUS
10
2.1982110236220471
20
1.6960293307086614
11
2.1982408267716536
21
1.6959574015748031
0
LINE
8
BLACK
6
CONTINUOUS
10
2.1982408267716536
20
1.6959574015748031
11
2.1983969291338581
21
1.69570937007874
0
LINE
8
BLACK
6
CONTINUOUS
10
2.1983969291338581
20
1.69570937007874
11
2.2002716929133856
21
1.6919598425196849
0
LINE
8
BLACK
6
CONTINUOUS
10
2.2002716929133856
20
1.6919598425196849
11
2.2004785826771651
21
1.6914192519685038
0
LINE
8
BLACK
6
CONTINUOUS
10
2.2004785826771651
20
1.6914192519685038
11
2.2004861023622047
21
1.6913133858267717
0
LINE
8
BLACK
6
CONTINUOUS
10
2.2004861023622047
20
1.6913133858267717
11
2.2005266929133858
21
1.6912153937007874
0
LINE
8
BLACK
6
CONTINUOUS
10
2.2005266929133858
20
1.6912153937007874
11
2.2005834251968501
21
1.6906393307086613
0
LINE
8
BLACK
6
CONTINUOUS
10
2.2005834251968501
20
1.6906393307086613
11
2.2005834251968501
21
1.6831402755905511
0
LINE
8
BLACK
6
CONTINUOUS
10
2.2005834251968501
20
1.6831402755905511
11
2.2005266929133858
21
1.6825642125984253
0
LINE
8
BLACK
6
CONTINUOUS
10
2.2005266929133858
20
1.6825642125984253
11
2.2000857874015747
21
1.6814998031496062
0
LINE
8
BLACK
6
CONTINUOUS
10
2.2000857874015747
20
1.6814998031496062
11
2.1992711417322832
21
1.680685157480315
0
LINE
8
BLACK
6
CONTINUOUS
10
2.1992711417322832
20
1.680685157480315
11
2.1982067322834644
21
1.6802442519685039
0
LINE
8
BLACK
6
CONTINUOUS
10
2.1982067322834644
20
1.6802442519685039
11
2.1970546062992127
21
1.6802442519685039
0
LINE
8
BLACK
6
CONTINUOUS
10
2.1970546062992127
20
1.6802442519685039
11
2.1959901968503939
21
1.680685157480315
0
LINE
8
BLACK
6
CONTINUOUS
10
2.1959901968503939
20
1.680685157480315
11
2.1951755511811024
21
1.6814998031496062
0
LINE
8
BLACK
6
CONTINUOUS
10
2.1951755511811024
20
1.6814998031496062
11
2.1947346456692913
21
1.6825642125984253
0
LINE
8
BLACK
6
CONTINUOUS
10
2.1947346456692913
20
1.6825642125984253
11
2.1946779133858265
21
1.6831402755905511
0
LINE
8
BLACK
6
CONTINUOUS
10
2.1946779133858265
20
1.6831402755905511
11
2.1946779133858265
21
1.689942283464567
0
LINE
8
BLACK
6
CONTINUOUS
10
2.1946779133858265
20
1.689942283464567
11
2.1933291732283462
21
1.6926397637795276
0
LINE
8
BLACK
6
CONTINUOUS
10
2.1933291732283462
20
1.6926397637795276
11
2.1919999212598427
21
1.6939689763779526
0
LINE
8
BLACK
6
CONTINUOUS
10
2.1919999212598427
20
1.6939689763779526
11
2.1870444488188974
21
1.6972725984251968
0
LINE
8
BLACK
6
CONTINUOUS
10
2.1870444488188974
20
1.6972725984251968
11
2.1841272834645671
21
1.6980018897637794
0
LINE
8
BLACK
6
CONTINUOUS
10
2.1841272834645671
20
1.6980018897637794
11
2.1852735433070865
21
1.69570937007874
0
LINE
8
BLACK
6
CONTINUOUS
10
2.1852735433070865
20
1.69570937007874
11
2.1854804330708659
21
1.695168779527559
0
LINE
8
BLACK
6
CONTINUOUS
10
2.1854804330708659
20
1.695168779527559
11
2.1854879527559055
21
1.6950629133858268
0
LINE
8
BLACK
6
CONTINUOUS
10
2.1854879527559055
20
1.6950629133858268
11
2.1855285433070866
21
1.6949649212598425
0
LINE
8
BLACK
6
CONTINUOUS
10
2.1855285433070866
20
1.6949649212598425
11
2.1855852755905509
21
1.6943888582677165
0
LINE
8
BLACK
6
CONTINUOUS
10
2.1855852755905509
20
1.6943888582677165
11
2.1855852755905509
21
1.6868898031496062
0
LINE
8
BLACK
6
CONTINUOUS
10
2.1855852755905509
20
1.6868898031496062
11
2.1855285433070866
21
1.6863137401574804
0
LINE
8
BLACK
6
CONTINUOUS
10
2.1855285433070866
20
1.6863137401574804
11
2.1854879527559055
21
1.6862157874015749
0
LINE
8
BLACK
6
CONTINUOUS
10
2.1854879527559055
20
1.6862157874015749
11
2.1854804330708659
21
1.6861098818897637
0
LINE
8
BLACK
6
CONTINUOUS
10
2.1854804330708659
20
1.6861098818897637
11
2.1852735433070865
21
1.6855692913385827
0
LINE
8
BLACK
6
CONTINUOUS
10
2.1852735433070865
20
1.6855692913385827
11
2.1833987795275589
21
1.6818197637795276
0
LINE
8
BLACK
6
CONTINUOUS
10
2.1833987795275589
20
1.6818197637795276
11
2.1832426771653544
21
1.6815717716535432
0
LINE
8
BLACK
6
CONTINUOUS
10
2.1832426771653544
20
1.6815717716535432
11
2.1832128740157479
21
1.6814998031496062
0
LINE
8
BLACK
6
CONTINUOUS
10
2.1832128740157479
20
1.6814998031496062
11
2.183146377952756
21
1.6814188582677165
0
LINE
8
BLACK
6
CONTINUOUS
10
2.183146377952756
20
1.6814188582677165
11
2.1830904330708663
21
1.6813298818897637
0
LINE
8
BLACK
6
CONTINUOUS
10
2.1830904330708663
20
1.6813298818897637
11
2.1830314173228347
21
1.6812787401574802
0
LINE
8
BLACK
6
CONTINUOUS
10
2.1830314173228347
20
1.6812787401574802
11
2.1828456692913387
21
1.6810523622047244
0
LINE
8
BLACK
6
CONTINUOUS
10
2.1828456692913387
20
1.6810523622047244
11
2.1809709055118112
21
1.6791775984251969
0
LINE
8
BLACK
6
CONTINUOUS
10
2.1809709055118112
20
1.6791775984251969
11
2.1807445275590549
21
1.6789918503937007
0
LINE
8
BLACK
6
CONTINUOUS
10
2.1807445275590549
20
1.6789918503937007
11
2.1806933858267716
21
1.6789328346456693
0
LINE
8
BLACK
6
CONTINUOUS
10
2.1806933858267716
20
1.6789328346456693
11
2.1806044094488191
21
1.6788768897637796
0
LINE
8
BLACK
6
CONTINUOUS
10
2.1806044094488191
20
1.6788768897637796
11
2.1805234645669289
21
1.6788103937007874
0
LINE
8
BLACK
6
CONTINUOUS
10
2.1805234645669289
20
1.6788103937007874
11
2.1804514960629922
21
1.678780590551181
0
LINE
8
BLACK
6
CONTINUOUS
10
2.1804514960629922
20
1.678780590551181
11
2.1802035039370078
21
1.6786244881889762
0
LINE
8
BLACK
6
CONTINUOUS
10
2.1802035039370078
20
1.6786244881889762
11
2.1764539763779527
21
1.6767497244094487
0
LINE
8
BLACK
6
CONTINUOUS
10
2.1764539763779527
20
1.6767497244094487
11
2.1759133464566927
21
1.6765428346456692
0
LINE
8
BLACK
6
CONTINUOUS
10
2.1759133464566927
20
1.6765428346456692
11
2.1758075196850393
21
1.6765353543307087
0
LINE
8
BLACK
6
CONTINUOUS
10
2.1758075196850393
20
1.6765353543307087
11
2.175709527559055
21
1.6764947244094488
0
LINE
8
BLACK
6
CONTINUOUS
10
2.175709527559055
20
1.6764947244094488
11
2.1751334645669291
21
1.6764379921259842
0
LINE
8
BLACK
6
CONTINUOUS
10
2.1751334645669291
20
1.6764379921259842
11
2.1657596456692914
21
1.6764379921259842
0
LINE
8
BLACK
6
CONTINUOUS
10
2.1657596456692914
20
1.6764379921259842
11
2.1651835826771655
21
1.6764947244094488
0
LINE
8
BLACK
6
CONTINUOUS
10
2.1651835826771655
20
1.6764947244094488
11
2.1650855905511812
21
1.6765353149606299
0
LINE
8
BLACK
6
CONTINUOUS
10
2.1650855905511812
20
1.6765353149606299
11
2.1649797244094486
21
1.6765428346456692
0
LINE
8
BLACK
6
CONTINUOUS
10
2.1649797244094486
20
1.6765428346456692
11
2.1644391338582678
21
1.6767497244094487
0
LINE
8
BLACK
6
CONTINUOUS
10
2.1644391338582678
20
1.6767497244094487
11
2.1606896062992127
21
1.6786244881889762
0
LINE
8
BLACK
6
CONTINUOUS
10
2.1606896062992127
20
1.6786244881889762
11
2.1604415748031496
21
1.678780590551181
0
LINE
8
BLACK
6
CONTINUOUS
10
2.1604415748031496
20
1.678780590551181
11
2.1603696456692911
21
1.6788103937007874
0
LINE
8
BLACK
6
CONTINUOUS
10
2.1603696456692911
20
1.6788103937007874
11
2.1602886614173227
21
1.6788768897637796
0
LINE
8
BLACK
6
CONTINUOUS
10
2.1602886614173227
20
1.6788768897637796
11
2.1601997244094489
21
1.6789328346456693
0
LINE
8
BLACK
6
CONTINUOUS
10
2.1601997244094489
20
1.6789328346456693
11
2.1601485433070864
21
1.6789918503937007
0
LINE
8
BLACK
6
CONTINUOUS
10
2.1601485433070864
20
1.6789918503937007
11
2.1599222047244093
21
1.6791775984251969
0
LINE
8
BLACK
6
CONTINUOUS
10
2.1599222047244093
20
1.6791775984251969
11
2.1580474409448818
21
1.6810523622047244
0
LINE
8
BLACK
6
CONTINUOUS
10
2.1580474409448818
20
1.6810523622047244
11
2.1578616535433071
21
1.6812787401574802
0
LINE
8
BLACK
6
CONTINUOUS
10
2.1578616535433071
20
1.6812787401574802
11
2.1578026771653542
21
1.6813298818897637
0
LINE
8
BLACK
6
CONTINUOUS
10
2.1578026771653542
20
1.6813298818897637
11
2.1577466929133857
21
1.6814188582677165
0
LINE
8
BLACK
6
CONTINUOUS
10
2.1577466929133857
20
1.6814188582677165
11
2.1576802362204726
21
1.6814998031496062
0
LINE
8
BLACK
6
CONTINUOUS
10
2.1576802362204726
20
1.6814998031496062
11
2.1576503937007874
21
1.6815717716535432
0
LINE
8
BLACK
6
CONTINUOUS
10
2.1576503937007874
20
1.6815717716535432
11
2.1574943307086616
21
1.6818197637795276
0
LINE
8
BLACK
6
CONTINUOUS
10
2.1574943307086616
20
1.6818197637795276
11
2.1556195669291336
21
1.6855692913385827
0
LINE
8
BLACK
6
CONTINUOUS
10
2.1556195669291336
20
1.6855692913385827
11
2.1554126771653541
21
1.6861099212598425
0
LINE
8
BLACK
6
CONTINUOUS
10
2.1554126771653541
20
1.6861099212598425
11
2.155405157480315
21
1.6862157480314961
0
LINE
8
BLACK
6
CONTINUOUS
10
2.155405157480315
20
1.6862157480314961
11
2.1553645669291339
21
1.6863137401574804
0
LINE
8
BLACK
6
CONTINUOUS
10
2.1553645669291339
20
1.6863137401574804
11
2.1553078346456691
21
1.6868898031496062
0
LINE
8
BLACK
6
CONTINUOUS
10
2.1553078346456691
20
1.6868898031496062
11
2.1553078346456691
21
1.6943888582677165
0
LINE
8
BLACK
6
CONTINUOUS
10
2.1553078346456691
20
1.6943888582677165
11
2.1553645669291339
21
1.6949649212598425
0
LINE
8
BLACK
6
CONTINUOUS
10
2.1553645669291339
20
1.6949649212598425
11
2.155405157480315
21
1.6950629527559056
0
LINE
8
BLACK
6
CONTINUOUS
10
2.155405157480315
20
1.6950629527559056
11
2.1554126771653541
21
1.6951687401574802
0
LINE
8
BLACK
6
CONTINUOUS
10
2.1554126771653541
20
1.6951687401574802
11
2.1556195669291336
21
1.69570937007874
0
LINE
8
BLACK
6
CONTINUOUS
10
2.1556195669291336
20
1.69570937007874
11
2.1574943307086616
21
1.6994588976377953
0
LINE
8
BLACK
6
CONTINUOUS
10
2.1574943307086616
20
1.6994588976377953
11
2.1576503937007874
21
1.6997069291338582
0
LINE
8
BLACK
6
CONTINUOUS
10
2.1576503937007874
20
1.6997069291338582
11
2.1576802362204726
21
1.6997788582677165
0
LINE
8
BLACK
6
CONTINUOUS
10
2.1576802362204726
20
1.6997788582677165
11
2.1577466929133857
21
1.6998598425196849
0
LINE
8
BLACK
6
CONTINUOUS
10
2.1577466929133857
20
1.6998598425196849
11
2.1578026771653542
21
1.699948779527559
0
LINE
8
BLACK
6
CONTINUOUS
10
2.1578026771653542
20
1.699948779527559
11
2.1578616535433071
21
1.6999999606299212
0
LINE
8
BLACK
6
CONTINUOUS
10
2.1578616535433071
20
1.6999999606299212
11
2.1580474409448818
21
1.7002262992125985
0
LINE
8
BLACK
6
CONTINUOUS
10
2.1580474409448818
20
1.7002262992125985
11
2.1599222047244093
21
1.702101062992126
0
LINE
8
BLACK
6
CONTINUOUS
10
2.1599222047244093
20
1.702101062992126
11
2.1601485433070864
21
1.7022868503937008
0
LINE
8
BLACK
6
CONTINUOUS
10
2.1601485433070864
20
1.7022868503937008
11
2.1601997244094489
21
1.7023458267716536
0
LINE
8
BLACK
6
CONTINUOUS
10
2.1601997244094489
20
1.7023458267716536
11
2.1602886614173227
21
1.7024018110236221
0
LINE
8
BLACK
6
CONTINUOUS
10
2.1602886614173227
20
1.7024018110236221
11
2.1603696456692911
21
1.7024682677165355
0
LINE
8
BLACK
6
CONTINUOUS
10
2.1603696456692911
20
1.7024682677165355
11
2.1604415748031496
21
1.7024981102362204
0
LINE
8
BLACK
6
CONTINUOUS
10
2.1604415748031496
20
1.7024981102362204
11
2.1606896062992127
21
1.7026541732283464
0
LINE
8
BLACK
6
CONTINUOUS
10
2.1606896062992127
20
1.7026541732283464
11
2.1644391338582678
21
1.704528937007874
0
LINE
8
BLACK
6
CONTINUOUS
10
2.1644391338582678
20
1.704528937007874
11
2.1649797244094486
21
1.7047358267716535
0
LINE
8
BLACK
6
CONTINUOUS
10
2.1649797244094486
20
1.7047358267716535
11
2.1650855905511812
21
1.7047433858267715
0
LINE
8
BLACK
6
CONTINUOUS
10
2.1650855905511812
20
1.7047433858267715
11
2.1651835826771655
21
1.7047839370078739
0
LINE
8
BLACK
6
CONTINUOUS
10
2.1651835826771655
20
1.7047839370078739
11
2.1657596456692914
21
1.7048406692913385
0
LINE
8
BLACK
6
CONTINUOUS
10
2.1657596456692914
20
1.7048406692913385
11
2.1807577559055118
21
1.7048406692913385
0
LINE
8
BLACK
6
CONTINUOUS
10
2.1807577559055118
20
1.7048406692913385
11
2.1808582677165353
21
1.7048307874015747
0
LINE
8
BLACK
6
CONTINUOUS
10
2.1637592125984253
20
1.6975864173228346
11
2.162562086614173
21
1.6963892913385827
0
LINE
8
BLACK
6
CONTINUOUS
10
2.162562086614173
20
1.6963892913385827
11
2.1612133464566927
21
1.6936918110236221
0
LINE
8
BLACK
6
CONTINUOUS
10
2.1612133464566927
20
1.6936918110236221
11
2.1612133464566927
21
1.6875868503937008
0
LINE
8
BLACK
6
CONTINUOUS
10
2.1612133464566927
20
1.6875868503937008
11
2.162562086614173
21
1.6848893700787402
0
LINE
8
BLACK
6
CONTINUOUS
10
2.162562086614173
20
1.6848893700787402
11
2.1637592125984253
21
1.6836922440944881
0
LINE
8
BLACK
6
CONTINUOUS
10
2.1637592125984253
20
1.6836922440944881
11
2.1664566929133859
21
1.6823435039370078
0
LINE
8
BLACK
6
CONTINUOUS
10
2.1664566929133859
20
1.6823435039370078
11
2.1744364173228345
21
1.6823435039370078
0
LINE
8
BLACK
6
CONTINUOUS
10
2.1744364173228345
20
1.6823435039370078
11
2.1771338976377952
21
1.6836922440944881
0
LINE
8
BLACK
6
CONTINUOUS
10
2.1771338976377952
20
1.6836922440944881
11
2.178331023622047
21
1.6848893700787402
0
LINE
8
BLACK
6
CONTINUOUS
10
2.178331023622047
20
1.6848893700787402
11
2.1796797637795273
21
1.6875868503937008
0
LINE
8
BLACK
6
CONTINUOUS
10
2.1796797637795273
20
1.6875868503937008
11
2.1796797637795273
21
1.6936918110236221
0
LINE
8
BLACK
6
CONTINUOUS
10
2.1796797637795273
20
1.6936918110236221
11
2.178331023622047
21
1.6963892913385827
0
LINE
8
BLACK
6
CONTINUOUS
10
2.178331023622047
20
1.6963892913385827
11
2.1771338976377952
21
1.6975864173228346
0
LINE
8
BLACK
6
CONTINUOUS
10
2.1771338976377952
20
1.6975864173228346
11
2.1744364173228345
21
1.6989351574803149
0
LINE
8
BLACK
6
CONTINUOUS
10
2.1744364173228345
20
1.6989351574803149
11
2.1664566929133859
21
1.6989351574803149
0
LINE
8
BLACK
6
CONTINUOUS
10
2.1664566929133859
20
1.6989351574803149
11
2.1637592125984253
21
1.6975864173228346
0
LINE
8
BLACK
6
CONTINUOUS
10
2.1992711417322832
20
1.7418383464566929
11
2.2000857874015747
21
1.7410237007874014
0
LINE
8
BLACK
6
CONTINUOUS
10
2.2000857874015747
20
1.7410237007874014
11
2.2005266929133858
21
1.7399592913385826
0
LINE
8
BLACK
6
CONTINUOUS
10
2.2005266929133858
20
1.7399592913385826
11
2.2005834251968501
21
1.7393832283464568
0
LINE
8
BLACK
6
CONTINUOUS
10
2.2005834251968501
20
1.7393832283464568
11
2.2005834251968501
21
1.7168860629921259
0
LINE
8
BLACK
6
CONTINUOUS
10
2.2005834251968501
20
1.7168860629921259
11
2.2005266929133858
21
1.71631
0
LINE
8
BLACK
6
CONTINUOUS
10
2.2005266929133858
20
1.71631
11
2.2000857874015747
21
1.715245590551181
0
LINE
8
BLACK
6
CONTINUOUS
10
2.2000857874015747
20
1.715245590551181
11
2.1992711417322832
21
1.7144309448818897
0
LINE
8
BLACK
6
CONTINUOUS
10
2.1992711417322832
20
1.7144309448818897
11
2.1982067322834644
21
1.7139900393700787
0
LINE
8
BLACK
6
CONTINUOUS
10
2.1982067322834644
20
1.7139900393700787
11
2.1970546062992127
21
1.7139900393700787
0
LINE
8
BLACK
6
CONTINUOUS
10
2.1970546062992127
20
1.7139900393700787
11
2.1959901968503939
21
1.7144309448818897
0
LINE
8
BLACK
6
CONTINUOUS
10
2.1959901968503939
20
1.7144309448818897
11
2.1951755511811024
21
1.715245590551181
0
LINE
8
BLACK
6
CONTINUOUS
10
2.1951755511811024
20
1.715245590551181
11
2.1947346456692913
21
1.71631
0
LINE
8
BLACK
6
CONTINUOUS
10
2.1947346456692913
20
1.71631
11
2.1946779133858265
21
1.7168860629921259
0
LINE
8
BLACK
6
CONTINUOUS
10
2.1946779133858265
20
1.7168860629921259
11
2.1946779133858265
21
1.7251818897637794
0
LINE
8
BLACK
6
CONTINUOUS
10
2.1946779133858265
20
1.7251818897637794
11
2.1672639370078741
21
1.7251818897637794
0
LINE
8
BLACK
6
CONTINUOUS
10
2.1672639370078741
20
1.7251818897637794
11
2.1697223228346458
21
1.7227235039370079
0
LINE
8
BLACK
6
CONTINUOUS
10
2.1697223228346458
20
1.7227235039370079
11
2.1699081496062993
21
1.7224971259842519
0
LINE
8
BLACK
6
CONTINUOUS
10
2.1699081496062993
20
1.7224971259842519
11
2.1699670866141734
21
1.7224459842519684
0
LINE
8
BLACK
6
CONTINUOUS
10
2.1699670866141734
20
1.7224459842519684
11
2.1700229527559056
21
1.7223572440944881
0
LINE
8
BLACK
6
CONTINUOUS
10
2.1700229527559056
20
1.7223572440944881
11
2.1700895669291338
21
1.7222760629921259
0
LINE
8
BLACK
6
CONTINUOUS
10
2.1700895669291338
20
1.7222760629921259
11
2.170119409448819
21
1.7222039370078739
0
LINE
8
BLACK
6
CONTINUOUS
10
2.170119409448819
20
1.7222039370078739
11
2.170275433070866
21
1.7219561023622048
0
LINE
8
BLACK
6
CONTINUOUS
10
2.170275433070866
20
1.7219561023622048
11
2.1721501968503936
21
1.7182065748031496
0
LINE
8
BLACK
6
CONTINUOUS
10
2.1721501968503936
20
1.7182065748031496
11
2.172357086614173
21
1.7176659842519684
0
LINE
8
BLACK
6
CONTINUOUS
10
2.172357086614173
20
1.7176659842519684
11
2.1724387401574803
21
1.7165167716535432
0
LINE
8
BLACK
6
CONTINUOUS
10
2.1724387401574803
20
1.7165167716535432
11
2.1720744094488187
21
1.7154237795275591
0
LINE
8
BLACK
6
CONTINUOUS
10
2.1720744094488187
20
1.7154237795275591
11
2.1713195669291339
21
1.7145534251968504
0
LINE
8
BLACK
6
CONTINUOUS
10
2.1713195669291339
20
1.7145534251968504
11
2.17028905511811
21
1.7140381496062991
0
LINE
8
BLACK
6
CONTINUOUS
10
2.17028905511811
20
1.7140381496062991
11
2.1691398425196851
21
1.7139564960629921
0
LINE
8
BLACK
6
CONTINUOUS
10
2.1691398425196851
20
1.7139564960629921
11
2.1680468897637795
21
1.7143208267716534
0
LINE
8
BLACK
6
CONTINUOUS
10
2.1680468897637795
20
1.7143208267716534
11
2.167176496062992
21
1.7150756692913385
0
LINE
8
BLACK
6
CONTINUOUS
10
2.167176496062992
20
1.7150756692913385
11
2.1668681496062994
21
1.7155655511811023
0
LINE
8
BLACK
6
CONTINUOUS
10
2.1668681496062994
20
1.7155655511811023
11
2.1652076771653541
21
1.7188864960629922
0
LINE
8
BLACK
6
CONTINUOUS
10
2.1652076771653541
20
1.7188864960629922
11
2.1620037007874013
21
1.7220904724409449
0
LINE
8
BLACK
6
CONTINUOUS
10
2.1620037007874013
20
1.7220904724409449
11
2.1566226771653545
21
1.7256777952755906
0
LINE
8
BLACK
6
CONTINUOUS
10
2.1566226771653545
20
1.7256777952755906
11
2.1566209842519686
21
1.7256791732283465
0
LINE
8
BLACK
6
CONTINUOUS
10
2.1566209842519686
20
1.7256791732283465
11
2.156620118110236
21
1.7256795275590551
0
LINE
8
BLACK
6
CONTINUOUS
10
2.156620118110236
20
1.7256795275590551
11
2.1566180708661418
21
1.7256815748031495
0
LINE
8
BLACK
6
CONTINUOUS
10
2.1566180708661418
20
1.7256815748031495
11
2.1561748425196852
21
1.7260445669291338
0
LINE
8
BLACK
6
CONTINUOUS
10
2.1561748425196852
20
1.7260445669291338
11
2.1560121653543307
21
1.7262874803149606
0
LINE
8
BLACK
6
CONTINUOUS
10
2.1560121653543307
20
1.7262874803149606
11
2.155805472440945
21
1.7264941732283463
0
LINE
8
BLACK
6
CONTINUOUS
10
2.155805472440945
20
1.7264941732283463
11
2.1556947244094489
21
1.726761496062992
0
LINE
8
BLACK
6
CONTINUOUS
10
2.1556947244094489
20
1.726761496062992
11
2.1555337795275591
21
1.7270018503937008
0
LINE
8
BLACK
6
CONTINUOUS
10
2.1555337795275591
20
1.7270018503937008
11
2.1554764173228347
21
1.7272885039370078
0
LINE
8
BLACK
6
CONTINUOUS
10
2.1554764173228347
20
1.7272885039370078
11
2.1553645669291339
21
1.7275585826771653
0
LINE
8
BLACK
6
CONTINUOUS
10
2.1553645669291339
20
1.7275585826771653
11
2.1553645669291339
21
1.7278479133858267
0
LINE
8
BLACK
6
CONTINUOUS
10
2.1553645669291339
20
1.7278479133858267
11
2.1553078346456691
21
1.7281315354330709
0
LINE
8
BLACK
6
CONTINUOUS
10
2.1553078346456691
20
1.7281315354330709
11
2.1553645669291339
21
1.7284183464566929
0
LINE
8
BLACK
6
CONTINUOUS
10
2.1553645669291339
20
1.7284183464566929
11
2.1553645669291339
21
1.7287107086614173
0
LINE
8
BLACK
6
CONTINUOUS
10
2.1553645669291339
20
1.7287107086614173
11
2.1554752755905513
21
1.7289779921259842
0
LINE
8
BLACK
6
CONTINUOUS
10
2.1554752755905513
20
1.7289779921259842
11
2.1555314173228344
21
1.7292617716535432
0
LINE
8
BLACK
6
CONTINUOUS
10
2.1555314173228344
20
1.7292617716535432
11
2.1556935826771655
21
1.7295050393700786
0
LINE
8
BLACK
6
CONTINUOUS
10
2.1556935826771655
20
1.7295050393700786
11
2.155805472440945
21
1.7297751181102361
0
LINE
8
BLACK
6
CONTINUOUS
10
2.155805472440945
20
1.7297751181102361
11
2.1560099999999998
21
1.7299796850393701
0
LINE
8
BLACK
6
CONTINUOUS
10
2.1560099999999998
20
1.7299796850393701
11
2.1561705118110237
21
1.7302203937007874
0
LINE
8
BLACK
6
CONTINUOUS
10
2.1561705118110237
20
1.7302203937007874
11
2.1564133858267716
21
1.7303830708661416
0
LINE
8
BLACK
6
CONTINUOUS
10
2.1564133858267716
20
1.7303830708661416
11
2.156620118110236
21
1.7305897637795276
0
LINE
8
BLACK
6
CONTINUOUS
10
2.156620118110236
20
1.7305897637795276
11
2.156887401574803
21
1.7307005118110237
0
LINE
8
BLACK
6
CONTINUOUS
10
2.156887401574803
20
1.7307005118110237
11
2.1571277952755903
21
1.7308614566929132
0
LINE
8
BLACK
6
CONTINUOUS
10
2.1571277952755903
20
1.7308614566929132
11
2.157414409448819
21
1.7309188188976377
0
LINE
8
BLACK
6
CONTINUOUS
10
2.157414409448819
20
1.7309188188976377
11
2.1576845275590553
21
1.7310306692913386
0
LINE
8
BLACK
6
CONTINUOUS
10
2.1576845275590553
20
1.7310306692913386
11
2.1582544488188975
21
1.7310868110236219
0
LINE
8
BLACK
6
CONTINUOUS
10
2.1582544488188975
20
1.7310868110236219
11
2.1582574803149606
21
1.731087401574803
0
LINE
8
BLACK
6
CONTINUOUS
10
2.1582574803149606
20
1.731087401574803
11
2.1582585039370077
21
1.7310872047244095
0
LINE
8
BLACK
6
CONTINUOUS
10
2.1582585039370077
20
1.7310872047244095
11
2.1582605905511811
21
1.731087401574803
0
LINE
8
BLACK
6
CONTINUOUS
10
2.1582605905511811
20
1.731087401574803
11
2.1946779133858265
21
1.731087401574803
0
LINE
8
BLACK
6
CONTINUOUS
10
2.1946779133858265
20
1.731087401574803
11
2.1946779133858265
21
1.7393832283464568
0
LINE
8
BLACK
6
CONTINUOUS
10
2.1946779133858265
20
1.7393832283464568
11
2.1947346456692913
21
1.7399592913385826
0
LINE
8
BLACK
6
CONTINUOUS
10
2.1947346456692913
20
1.7399592913385826
11
2.1951755511811024
21
1.7410237007874014
0
LINE
8
BLACK
6
CONTINUOUS
10
2.1951755511811024
20
1.7410237007874014
11
2.1959901968503939
21
1.7418383464566929
0
LINE
8
BLACK
6
CONTINUOUS
10
2.1959901968503939
20
1.7418383464566929
11
2.1970546062992127
21
1.742279251968504
0
LINE
8
BLACK
6
CONTINUOUS
10
2.1970546062992127
20
1.742279251968504
11
2.1982067322834644
21
1.742279251968504
0
LINE
8
BLACK
6
CONTINUOUS
10
2.1982067322834644
20
1.742279251968504
11
2.1992711417322832
21
1.7418383464566929
0
LINE
8
BLACK
6
CONTINUOUS
10
2.1973962992125982
20
1.7605860629921259
11
2.1973963779527557
21
1.7605860236220472
0
LINE
8
BLACK
6
CONTINUOUS
10
2.1973963779527557
20
1.7605860236220472
11
2.1978438188976379
21
1.7602188188976378
0
LINE
8
BLACK
6
CONTINUOUS
10
2.1978438188976379
20
1.7602188188976378
11
2.1997185826771655
21
1.7583440551181102
0
LINE
8
BLACK
6
CONTINUOUS
10
2.1997185826771655
20
1.7583440551181102
11
2.2000857874015747
21
1.7578966141732284
0
LINE
8
BLACK
6
CONTINUOUS
10
2.2000857874015747
20
1.7578966141732284
11
2.2002273622047244
21
1.757554842519685
0
LINE
8
BLACK
6
CONTINUOUS
10
2.2002273622047244
20
1.757554842519685
11
2.2005266929133858
21
1.7568321653543306
0
LINE
8
BLACK
6
CONTINUOUS
10
2.2005266929133858
20
1.7568321653543306
11
2.2005266929133858
21
1.7556800787401574
0
LINE
8
BLACK
6
CONTINUOUS
10
2.2005266929133858
20
1.7556800787401574
11
2.2000857874015747
21
1.7546156692913386
0
LINE
8
BLACK
6
CONTINUOUS
10
2.2000857874015747
20
1.7546156692913386
11
2.1997185826771655
21
1.7541682283464566
0
LINE
8
BLACK
6
CONTINUOUS
10
2.1997185826771655
20
1.7541682283464566
11
2.1978438188976379
21
1.752293464566929
0
LINE
8
BLACK
6
CONTINUOUS
10
2.1978438188976379
20
1.752293464566929
11
2.1973963779527557
21
1.7519262598425196
0
LINE
8
BLACK
6
CONTINUOUS
10
2.1973963779527557
20
1.7519262598425196
11
2.1963319685039369
21
1.7514853543307087
0
LINE
8
BLACK
6
CONTINUOUS
10
2.1963319685039369
20
1.7514853543307087
11
2.1951798818897639
21
1.7514853543307087
0
LINE
8
BLACK
6
CONTINUOUS
10
2.1951798818897639
20
1.7514853543307087
11
2.1941154724409446
21
1.7519262204724408
0
LINE
8
BLACK
6
CONTINUOUS
10
2.1941154724409446
20
1.7519262204724408
11
2.1936679921259841
21
1.752293464566929
0
LINE
8
BLACK
6
CONTINUOUS
10
2.1936679921259841
20
1.752293464566929
11
2.1917932283464565
21
1.7541681889763778
0
LINE
8
BLACK
6
CONTINUOUS
10
2.1917932283464565
20
1.7541681889763778
11
2.1914259842519686
21
1.7546156692913386
0
LINE
8
BLACK
6
CONTINUOUS
10
2.1914259842519686
20
1.7546156692913386
11
2.1914259448818898
21
1.7546157086614174
0
LINE
8
BLACK
6
CONTINUOUS
10
2.1914259448818898
20
1.7546157086614174
11
2.1909850787401575
21
1.7556801181102362
0
LINE
8
BLACK
6
CONTINUOUS
10
2.1909850787401575
20
1.7556801181102362
11
2.1909850787401575
21
1.7568322047244094
0
LINE
8
BLACK
6
CONTINUOUS
10
2.1909850787401575
20
1.7568322047244094
11
2.1912844094488189
21
1.757554842519685
0
LINE
8
BLACK
6
CONTINUOUS
10
2.1912844094488189
20
1.757554842519685
11
2.1914259448818898
21
1.7578965748031496
0
LINE
8
BLACK
6
CONTINUOUS
10
2.1914259448818898
20
1.7578965748031496
11
2.1914259842519686
21
1.7578966141732284
0
LINE
8
BLACK
6
CONTINUOUS
10
2.1914259842519686
20
1.7578966141732284
11
2.1917932283464565
21
1.758344094488189
0
LINE
8
BLACK
6
CONTINUOUS
10
2.1917932283464565
20
1.758344094488189
11
2.1936679921259841
21
1.7602188188976378
0
LINE
8
BLACK
6
CONTINUOUS
10
2.1936679921259841
20
1.7602188188976378
11
2.1941154724409446
21
1.7605860629921259
0
LINE
8
BLACK
6
CONTINUOUS
10
2.1941154724409446
20
1.7605860629921259
11
2.1951798818897639
21
1.7610269291338583
0
LINE
8
BLACK
6
CONTINUOUS
10
2.1951798818897639
20
1.7610269291338583
11
2.1963319685039369
21
1.7610269291338583
0
LINE
8
BLACK
6
CONTINUOUS
10
2.1963319685039369
20
1.7610269291338583
11
2.1973962992125982
21
1.7605860629921259
0
LINE
8
BLACK
6
CONTINUOUS
10
2.1698007086614171
20
1.7985502362204724
11
2.1698784645669291
21
1.798555748031496
0
LINE
8
BLACK
6
CONTINUOUS
10
2.1698784645669291
20
1.798555748031496
11
2.1699807086614173
21
1.7985325196850392
0
LINE
8
BLACK
6
CONTINUOUS
10
2.1699807086614173
20
1.7985325196850392
11
2.1700852362204723
21
1.7985222047244094
0
LINE
8
BLACK
6
CONTINUOUS
10
2.1700852362204723
20
1.7985222047244094
11
2.1701573228346458
21
1.7984923622047244
0
LINE
8
BLACK
6
CONTINUOUS
10
2.1701573228346458
20
1.7984923622047244
11
2.1704429133858265
21
1.7984274015748032
0
LINE
8
BLACK
6
CONTINUOUS
10
2.1704429133858265
20
1.7984274015748032
11
2.1760672047244096
21
1.7965526377952756
0
LINE
8
BLACK
6
CONTINUOUS
10
2.1760672047244096
20
1.7965526377952756
11
2.1765957480314961
21
1.7963166535433071
0
LINE
8
BLACK
6
CONTINUOUS
10
2.1765957480314961
20
1.7963166535433071
11
2.176675866141732
21
1.7962471653543306
0
LINE
8
BLACK
6
CONTINUOUS
10
2.176675866141732
20
1.7962471653543306
11
2.1767739370078738
21
1.7962065354330707
0
LINE
8
BLACK
6
CONTINUOUS
10
2.1767739370078738
20
1.7962065354330707
11
2.1772213779527561
21
1.7958393307086613
0
LINE
8
BLACK
6
CONTINUOUS
10
2.1772213779527561
20
1.7958393307086613
11
2.1946779133858265
21
1.7783828346456692
0
LINE
8
BLACK
6
CONTINUOUS
10
2.1946779133858265
20
1.7783828346456692
11
2.1946779133858265
21
1.7956261811023622
0
LINE
8
BLACK
6
CONTINUOUS
10
2.1946779133858265
20
1.7956261811023622
11
2.1947346456692913
21
1.7962022440944883
0
LINE
8
BLACK
6
CONTINUOUS
10
2.1947346456692913
20
1.7962022440944883
11
2.1951755511811024
21
1.7972666535433071
0
LINE
8
BLACK
6
CONTINUOUS
10
2.1951755511811024
20
1.7972666535433071
11
2.1959901968503939
21
1.7980812992125983
0
LINE
8
BLACK
6
CONTINUOUS
10
2.1959901968503939
20
1.7980812992125983
11
2.1970546062992127
21
1.7985222047244094
0
LINE
8
BLACK
6
CONTINUOUS
10
2.1970546062992127
20
1.7985222047244094
11
2.1982067322834644
21
1.7985222047244094
0
LINE
8
BLACK
6
CONTINUOUS
10
2.1982067322834644
20
1.7985222047244094
11
2.1992711417322832
21
1.7980812992125983
0
LINE
8
BLACK
6
CONTINUOUS
10
2.1992711417322832
20
1.7980812992125983
11
2.2000857874015747
21
1.7972666535433071
0
LINE
8
BLACK
6
CONTINUOUS
10
2.2000857874015747
20
1.7972666535433071
11
2.2005266929133858
21
1.7962022440944883
0
LINE
8
BLACK
6
CONTINUOUS
10
2.2005266929133858
20
1.7962022440944883
11
2.2005834251968501
21
1.7956261811023622
0
LINE
8
BLACK
6
CONTINUOUS
10
2.2005834251968501
20
1.7956261811023622
11
2.2005834251968501
21
1.7712542519685039
0
LINE
8
BLACK
6
CONTINUOUS
10
2.2005834251968501
20
1.7712542519685039
11
2.2005266929133858
21
1.7706781889763779
0
LINE
8
BLACK
6
CONTINUOUS
10
2.2005266929133858
20
1.7706781889763779
11
2.2003975590551179
21
1.7703664566929134
0
LINE
8
BLACK
6
CONTINUOUS
10
2.2003975590551179
20
1.7703664566929134
11
2.2000858267716534
21
1.769613779527559
0
LINE
8
BLACK
6
CONTINUOUS
10
2.2000858267716534
20
1.769613779527559
11
2.1992711417322832
21
1.7687991338582676
0
LINE
8
BLACK
6
CONTINUOUS
10
2.1992711417322832
20
1.7687991338582676
11
2.1982067322834644
21
1.7683582283464567
0
LINE
8
BLACK
6
CONTINUOUS
10
2.1982067322834644
20
1.7683582283464567
11
2.1970546456692914
21
1.7683582283464567
0
LINE
8
BLACK
6
CONTINUOUS
10
2.1970546456692914
20
1.7683582283464567
11
2.1970546062992127
21
1.7683582283464567
0
LINE
8
BLACK
6
CONTINUOUS
10
2.1970546062992127
20
1.7683582283464567
11
2.1967428346456694
21
1.7684873622047244
0
LINE
8
BLACK
6
CONTINUOUS
10
2.1967428346456694
20
1.7684873622047244
11
2.1959901968503939
21
1.7687990944881888
0
LINE
8
BLACK
6
CONTINUOUS
10
2.1959901968503939
20
1.7687990944881888
11
2.1955427559055116
21
1.769166338582677
0
LINE
8
BLACK
6
CONTINUOUS
10
2.1955427559055116
20
1.769166338582677
11
2.1735384251968504
21
1.7911706299212597
0
LINE
8
BLACK
6
CONTINUOUS
10
2.1735384251968504
20
1.7911706299212597
11
2.1690300393700785
21
1.7926734251968504
0
LINE
8
BLACK
6
CONTINUOUS
10
2.1690300393700785
20
1.7926734251968504
11
2.1664566929133859
21
1.7926734251968504
0
LINE
8
BLACK
6
CONTINUOUS
10
2.1664566929133859
20
1.7926734251968504
11
2.1637592125984253
21
1.79132468503937
0
LINE
8
BLACK
6
CONTINUOUS
10
2.1637592125984253
20
1.79132468503937
11
2.162562086614173
21
1.790127559055118
0
LINE
8
BLACK
6
CONTINUOUS
10
2.162562086614173
20
1.790127559055118
11
2.1612133464566927
21
1.7874300787401574
0
LINE
8
BLACK
6
CONTINUOUS
10
2.1612133464566927
20
1.7874300787401574
11
2.1612133464566927
21
1.7794503543307085
0
LINE
8
BLACK
6
CONTINUOUS
10
2.1612133464566927
20
1.7794503543307085
11
2.162562086614173
21
1.7767528740157479
0
LINE
8
BLACK
6
CONTINUOUS
10
2.162562086614173
20
1.7767528740157479
11
2.1640980314960627
21
1.7752169291338582
0
LINE
8
BLACK
6
CONTINUOUS
10
2.1640980314960627
20
1.7752169291338582
11
2.1644652362204724
21
1.7747694881889764
0
LINE
8
BLACK
6
CONTINUOUS
10
2.1644652362204724
20
1.7747694881889764
11
2.1649061417322835
21
1.7737050787401574
0
LINE
8
BLACK
6
CONTINUOUS
10
2.1649061417322835
20
1.7737050787401574
11
2.1649061417322835
21
1.7725529921259842
0
LINE
8
BLACK
6
CONTINUOUS
10
2.1649061417322835
20
1.7725529921259842
11
2.1644652362204724
21
1.7714885826771654
0
LINE
8
BLACK
6
CONTINUOUS
10
2.1644652362204724
20
1.7714885826771654
11
2.1636505511811022
21
1.7706738976377951
0
LINE
8
BLACK
6
CONTINUOUS
10
2.1636505511811022
20
1.7706738976377951
11
2.1625861417322834
21
1.7702329921259843
0
LINE
8
BLACK
6
CONTINUOUS
10
2.1625861417322834
20
1.7702329921259843
11
2.1614340551181104
21
1.7702329921259843
0
LINE
8
BLACK
6
CONTINUOUS
10
2.1614340551181104
20
1.7702329921259843
11
2.1603696456692911
21
1.7706738976377951
0
LINE
8
BLACK
6
CONTINUOUS
10
2.1603696456692911
20
1.7706738976377951
11
2.1599222047244093
21
1.7710411023622046
0
LINE
8
BLACK
6
CONTINUOUS
10
2.1599222047244093
20
1.7710411023622046
11
2.1580474409448818
21
1.7729158661417321
0
LINE
8
BLACK
6
CONTINUOUS
10
2.1580474409448818
20
1.7729158661417321
11
2.1578616535433071
21
1.7731422440944882
0
LINE
8
BLACK
6
CONTINUOUS
10
2.1578616535433071
20
1.7731422440944882
11
2.1578026771653542
21
1.7731933858267717
0
LINE
8
BLACK
6
CONTINUOUS
10
2.1578026771653542
20
1.7731933858267717
11
2.1577466929133857
21
1.7732823622047245
0
LINE
8
BLACK
6
CONTINUOUS
10
2.1577466929133857
20
1.7732823622047245
11
2.1576802362204726
21
1.7733633070866142
0
LINE
8
BLACK
6
CONTINUOUS
10
2.1576802362204726
20
1.7733633070866142
11
2.1576503937007874
21
1.7734352755905511
0
LINE
8
BLACK
6
CONTINUOUS
10
2.1576503937007874
20
1.7734352755905511
11
2.1574943307086616
21
1.7736832677165353
0
LINE
8
BLACK
6
CONTINUOUS
10
2.1574943307086616
20
1.7736832677165353
11
2.1556195669291336
21
1.7774327952755906
0
LINE
8
BLACK
6
CONTINUOUS
10
2.1556195669291336
20
1.7774327952755906
11
2.1554126771653541
21
1.7779734251968504
0
LINE
8
BLACK
6
CONTINUOUS
10
2.1554126771653541
20
1.7779734251968504
11
2.155405157480315
21
1.7780792519685038
0
LINE
8
BLACK
6
CONTINUOUS
10
2.155405157480315
20
1.7780792519685038
11
2.1553645669291339
21
1.7781772440944881
0
LINE
8
BLACK
6
CONTINUOUS
10
2.1553645669291339
20
1.7781772440944881
11
2.1553078346456691
21
1.7787533070866142
0
LINE
8
BLACK
6
CONTINUOUS
10
2.1553078346456691
20
1.7787533070866142
11
2.1553078346456691
21
1.7881271259842519
0
LINE
8
BLACK
6
CONTINUOUS
10
2.1553078346456691
20
1.7881271259842519
11
2.1553645669291339
21
1.7887031889763778
0
LINE
8
BLACK
6
CONTINUOUS
10
2.1553645669291339
20
1.7887031889763778
11
2.155405157480315
21
1.7888012204724408
0
LINE
8
BLACK
6
CONTINUOUS
10
2.155405157480315
20
1.7888012204724408
11
2.1554126771653541
21
1.7889070078740157
0
LINE
8
BLACK
6
CONTINUOUS
10
2.1554126771653541
20
1.7889070078740157
11
2.1556195669291336
21
1.7894476377952755
0
LINE
8
BLACK
6
CONTINUOUS
10
2.1556195669291336
20
1.7894476377952755
11
2.1574943307086616
21
1.7931971653543306
0
LINE
8
BLACK
6
CONTINUOUS
10
2.1574943307086616
20
1.7931971653543306
11
2.1576503937007874
21
1.7934451968503937
0
LINE
8
BLACK
6
CONTINUOUS
10
2.1576503937007874
20
1.7934451968503937
11
2.1576802362204726
21
1.7935171259842519
0
LINE
8
BLACK
6
CONTINUOUS
10
2.1576802362204726
20
1.7935171259842519
11
2.1577466929133857
21
1.7935981102362204
0
LINE
8
BLACK
6
CONTINUOUS
10
2.1577466929133857
20
1.7935981102362204
11
2.1578026771653542
21
1.7936870472440944
0
LINE
8
BLACK
6
CONTINUOUS
10
2.1578026771653542
20
1.7936870472440944
11
2.1578616535433071
21
1.7937382283464567
0
LINE
8
BLACK
6
CONTINUOUS
10
2.1578616535433071
20
1.7937382283464567
11
2.1580474409448818
21
1.7939645669291338
0
LINE
8
BLACK
6
CONTINUOUS
10
2.1580474409448818
20
1.7939645669291338
11
2.1599222047244093
21
1.7958393307086613
0
LINE
8
BLACK
6
CONTINUOUS
10
2.1599222047244093
20
1.7958393307086613
11
2.1601485433070864
21
1.7960251181102362
0
LINE
8
BLACK
6
CONTINUOUS
10
2.1601485433070864
20
1.7960251181102362
11
2.1601997244094489
21
1.7960840944881888
0
LINE
8
BLACK
6
CONTINUOUS
10
2.1601997244094489
20
1.7960840944881888
11
2.1602886614173227
21
1.7961400787401574
0
LINE
8
BLACK
6
CONTINUOUS
10
2.1602886614173227
20
1.7961400787401574
11
2.1603696456692911
21
1.7962065354330707
0
LINE
8
BLACK
6
CONTINUOUS
10
2.1603696456692911
20
1.7962065354330707
11
2.1604415748031496
21
1.7962363779527559
0
LINE
8
BLACK
6
CONTINUOUS
10
2.1604415748031496
20
1.7962363779527559
11
2.1606896062992127
21
1.7963924409448819
0
LINE
8
BLACK
6
CONTINUOUS
10
2.1606896062992127
20
1.7963924409448819
11
2.1644391338582678
21
1.7982672047244095
0
LINE
8
BLACK
6
CONTINUOUS
10
2.1644391338582678
20
1.7982672047244095
11
2.1649797244094486
21
1.798474094488189
0
LINE
8
BLACK
6
CONTINUOUS
10
2.1649797244094486
20
1.798474094488189
11
2.1650855905511812
21
1.798481653543307
0
LINE
8
BLACK
6
CONTINUOUS
10
2.1650855905511812
20
1.798481653543307
11
2.1651835826771655
21
1.7985222047244094
0
LINE
8
BLACK
6
CONTINUOUS
10
2.1651835826771655
20
1.7985222047244094
11
2.1657596456692914
21
1.798578937007874
0
LINE
8
BLACK
6
CONTINUOUS
10
2.1657596456692914
20
1.798578937007874
11
2.1695091732283465
21
1.798578937007874
0
LINE
8
BLACK
6
CONTINUOUS
10
2.1695091732283465
20
1.798578937007874
11
2.1698007086614171
21
1.7985502362204724
0
LINE
8
BLACK
6
CONTINUOUS
10
2.1982067322834644
20
1.8791371653543307
11
2.1992711417322832
21
1.8786962598425196
0
LINE
8
BLACK
6
CONTINUOUS
10
2.1992711417322832
20
1.8786962598425196
11
2.2000857874015747
21
1.8778816141732284
0
LINE
8
BLACK
6
CONTINUOUS
10
2.2000857874015747
20
1.8778816141732284
11
2.2005266929133858
21
1.8768172047244094
0
LINE
8
BLACK
6
CONTINUOUS
10
2.2005266929133858
20
1.8768172047244094
11
2.2005266929133858
21
1.8756650787401574
0
LINE
8
BLACK
6
CONTINUOUS
10
2.2005266929133858
20
1.8756650787401574
11
2.2000857874015747
21
1.8746006692913386
0
LINE
8
BLACK
6
CONTINUOUS
10
2.2000857874015747
20
1.8746006692913386
11
2.1992711417322832
21
1.8737860236220472
0
LINE
8
BLACK
6
CONTINUOUS
10
2.1992711417322832
20
1.8737860236220472
11
2.1982067322834644
21
1.8733451181102361
0
LINE
8
BLACK
6
CONTINUOUS
10
2.1982067322834644
20
1.8733451181102361
11
2.1976306692913385
21
1.8732883858267717
0
LINE
8
BLACK
6
CONTINUOUS
10
2.1976306692913385
20
1.8732883858267717
11
2.1777052755905513
21
1.8732883858267717
0
LINE
8
BLACK
6
CONTINUOUS
10
2.1777052755905513
20
1.8732883858267717
11
2.1754595275590551
21
1.8721655511811024
0
LINE
8
BLACK
6
CONTINUOUS
10
2.1754595275590551
20
1.8721655511811024
11
2.1743366929133856
21
1.8699198031496063
0
LINE
8
BLACK
6
CONTINUOUS
10
2.1743366929133856
20
1.8699198031496063
11
2.1743366929133856
21
1.8656895669291338
0
LINE
8
BLACK
6
CONTINUOUS
10
2.1743366929133856
20
1.8656895669291338
11
2.1754595275590551
21
1.8634438582677164
0
LINE
8
BLACK
6
CONTINUOUS
10
2.1754595275590551
20
1.8634438582677164
11
2.1777052755905513
21
1.8623209842519686
0
LINE
8
BLACK
6
CONTINUOUS
10
2.1777052755905513
20
1.8623209842519686
11
2.1976306692913385
21
1.8623209842519686
0
LINE
8
BLACK
6
CONTINUOUS
10
2.1976306692913385
20
1.8623209842519686
11
2.1982067322834644
21
1.862264251968504
0
LINE
8
BLACK
6
CONTINUOUS
10
2.1982067322834644
20
1.862264251968504
11
2.1992711417322832
21
1.8618233464566929
0
LINE
8
BLACK
6
CONTINUOUS
10
2.1992711417322832
20
1.8618233464566929
11
2.2000857874015747
21
1.8610087007874014
0
LINE
8
BLACK
6
CONTINUOUS
10
2.2000857874015747
20
1.8610087007874014
11
2.2005266929133858
21
1.8599442913385826
0
LINE
8
BLACK
6
CONTINUOUS
10
2.2005266929133858
20
1.8599442913385826
11
2.2005266929133858
21
1.8587921653543307
0
LINE
8
BLACK
6
CONTINUOUS
10
2.2005266929133858
20
1.8587921653543307
11
2.2000857874015747
21
1.8577277559055119
0
LINE
8
BLACK
6
CONTINUOUS
10
2.2000857874015747
20
1.8577277559055119
11
2.1992711417322832
21
1.8569131102362204
0
LINE
8
BLACK
6
CONTINUOUS
10
2.1992711417322832
20
1.8569131102362204
11
2.1982067322834644
21
1.8564722047244093
0
LINE
8
BLACK
6
CONTINUOUS
10
2.1982067322834644
20
1.8564722047244093
11
2.1976306692913385
21
1.8564154724409447
0
LINE
8
BLACK
6
CONTINUOUS
10
2.1976306692913385
20
1.8564154724409447
11
2.1777052755905513
21
1.8564154724409447
0
LINE
8
BLACK
6
CONTINUOUS
10
2.1777052755905513
20
1.8564154724409447
11
2.1754595275590551
21
1.8552926377952756
0
LINE
8
BLACK
6
CONTINUOUS
10
2.1754595275590551
20
1.8552926377952756
11
2.1743366929133856
21
1.8530468897637795
0
LINE
8
BLACK
6
CONTINUOUS
10
2.1743366929133856
20
1.8530468897637795
11
2.1743366929133856
21
1.8488166929133858
0
LINE
8
BLACK
6
CONTINUOUS
10
2.1743366929133856
20
1.8488166929133858
11
2.1756854330708659
21
1.8461192125984252
0
LINE
8
BLACK
6
CONTINUOUS
10
2.1756854330708659
20
1.8461192125984252
11
2.1763565354330709
21
1.8454481102362204
0
LINE
8
BLACK
6
CONTINUOUS
10
2.1763565354330709
20
1.8454481102362204
11
2.1976306692913385
21
1.8454481102362204
0
LINE
8
BLACK
6
CONTINUOUS
10
2.1976306692913385
20
1.8454481102362204
11
2.1982067322834644
21
1.8453913779527558
0
LINE
8
BLACK
6
CONTINUOUS
10
2.1982067322834644
20
1.8453913779527558
11
2.1992711417322832
21
1.8449504724409449
0
LINE
8
BLACK
6
CONTINUOUS
10
2.1992711417322832
20
1.8449504724409449
11
2.2000857874015747
21
1.8441358267716534
0
LINE
8
BLACK
6
CONTINUOUS
10
2.2000857874015747
20
1.8441358267716534
11
2.2005266929133858
21
1.8430714173228346
0
LINE
8
BLACK
6
CONTINUOUS
10
2.2005266929133858
20
1.8430714173228346
11
2.2005266929133858
21
1.8419192913385827
0
LINE
8
BLACK
6
CONTINUOUS
10
2.2005266929133858
20
1.8419192913385827
11
2.2000857874015747
21
1.8408548818897637
0
LINE
8
BLACK
6
CONTINUOUS
10
2.2000857874015747
20
1.8408548818897637
11
2.1992711417322832
21
1.8400402362204724
0
LINE
8
BLACK
6
CONTINUOUS
10
2.1992711417322832
20
1.8400402362204724
11
2.1982067322834644
21
1.8395993307086613
0
LINE
8
BLACK
6
CONTINUOUS
10
2.1982067322834644
20
1.8395993307086613
11
2.1976306692913385
21
1.8395425984251967
0
LINE
8
BLACK
6
CONTINUOUS
10
2.1976306692913385
20
1.8395425984251967
11
2.171383937007874
21
1.8395425984251967
0
LINE
8
BLACK
6
CONTINUOUS
10
2.171383937007874
20
1.8395425984251967
11
2.1708078740157482
21
1.8395993307086613
0
LINE
8
BLACK
6
CONTINUOUS
10
2.1708078740157482
20
1.8395993307086613
11
2.1697434645669289
21
1.8400402362204724
0
LINE
8
BLACK
6
CONTINUOUS
10
2.1697434645669289
20
1.8400402362204724
11
2.1689288188976379
21
1.8408548818897637
0
LINE
8
BLACK
6
CONTINUOUS
10
2.1689288188976379
20
1.8408548818897637
11
2.1684879133858268
21
1.8419192913385827
0
LINE
8
BLACK
6
CONTINUOUS
10
2.1684879133858268
20
1.8419192913385827
11
2.1684879133858268
21
1.8430714173228346
0
LINE
8
BLACK
6
CONTINUOUS
10
2.1684879133858268
20
1.8430714173228346
11
2.1689288188976379
21
1.8441358267716534
0
LINE
8
BLACK
6
CONTINUOUS
10
2.1689288188976379
20
1.8441358267716534
11
2.1696926377952757
21
1.84489968503937
0
LINE
8
BLACK
6
CONTINUOUS
10
2.1696926377952757
20
1.84489968503937
11
2.1687429133858269
21
1.8467991338582677
0
LINE
8
BLACK
6
CONTINUOUS
10
2.1687429133858269
20
1.8467991338582677
11
2.168536023622047
21
1.8473397637795275
0
LINE
8
BLACK
6
CONTINUOUS
10
2.168536023622047
20
1.8473397637795275
11
2.1685285039370079
21
1.8474455905511811
0
LINE
8
BLACK
6
CONTINUOUS
10
2.1685285039370079
20
1.8474455905511811
11
2.1684879133858268
21
1.8475435826771653
0
LINE
8
BLACK
6
CONTINUOUS
10
2.1684879133858268
20
1.8475435826771653
11
2.168431181102362
21
1.8481196456692912
0
LINE
8
BLACK
6
CONTINUOUS
10
2.168431181102362
20
1.8481196456692912
11
2.168431181102362
21
1.8537439370078739
0
LINE
8
BLACK
6
CONTINUOUS
10
2.168431181102362
20
1.8537439370078739
11
2.1684879133858268
21
1.85432
0
LINE
8
BLACK
6
CONTINUOUS
10
2.1684879133858268
20
1.85432
11
2.1685285039370079
21
1.854418031496063
0
LINE
8
BLACK
6
CONTINUOUS
10
2.1685285039370079
20
1.854418031496063
11
2.168536023622047
21
1.8545238188976378
0
LINE
8
BLACK
6
CONTINUOUS
10
2.168536023622047
20
1.8545238188976378
11
2.1687429133858269
21
1.8550644488188976
0
LINE
8
BLACK
6
CONTINUOUS
10
2.1687429133858269
20
1.8550644488188976
11
2.1706176771653545
21
1.8588139763779528
0
LINE
8
BLACK
6
CONTINUOUS
10
2.1706176771653545
20
1.8588139763779528
11
2.170678307086614
21
1.8589103543307086
0
LINE
8
BLACK
6
CONTINUOUS
10
2.170678307086614
20
1.8589103543307086
11
2.1706934645669289
21
1.858955748031496
0
LINE
8
BLACK
6
CONTINUOUS
10
2.1706934645669289
20
1.858955748031496
11
2.1707424803149604
21
1.8590123228346456
0
LINE
8
BLACK
6
CONTINUOUS
10
2.1707424803149604
20
1.8590123228346456
11
2.1709260236220471
21
1.8593038582677166
0
LINE
8
BLACK
6
CONTINUOUS
10
2.1709260236220471
20
1.8593038582677166
11
2.1710002362204723
21
1.8593682283464565
0
LINE
8
BLACK
6
CONTINUOUS
10
2.1710002362204723
20
1.8593682283464565
11
2.1709260236220471
21
1.8594325984251967
0
LINE
8
BLACK
6
CONTINUOUS
10
2.1709260236220471
20
1.8594325984251967
11
2.1707424803149604
21
1.8597241732283465
0
LINE
8
BLACK
6
CONTINUOUS
10
2.1707424803149604
20
1.8597241732283465
11
2.1706934645669289
21
1.8597807086614173
0
LINE
8
BLACK
6
CONTINUOUS
10
2.1706934645669289
20
1.8597807086614173
11
2.170678307086614
21
1.8598261417322834
0
LINE
8
BLACK
6
CONTINUOUS
10
2.170678307086614
20
1.8598261417322834
11
2.1706176771653545
21
1.8599224803149605
0
LINE
8
BLACK
6
CONTINUOUS
10
2.1706176771653545
20
1.8599224803149605
11
2.1687429133858269
21
1.8636720078740157
0
LINE
8
BLACK
6
CONTINUOUS
10
2.1687429133858269
20
1.8636720078740157
11
2.168536023622047
21
1.8642126377952755
0
LINE
8
BLACK
6
CONTINUOUS
10
2.168536023622047
20
1.8642126377952755
11
2.1685285039370079
21
1.8643184645669291
0
LINE
8
BLACK
6
CONTINUOUS
10
2.1685285039370079
20
1.8643184645669291
11
2.1684879133858268
21
1.8644164566929133
0
LINE
8
BLACK
6
CONTINUOUS
10
2.1684879133858268
20
1.8644164566929133
11
2.168431181102362
21
1.8649925196850394
0
LINE
8
BLACK
6
CONTINUOUS
10
2.168431181102362
20
1.8649925196850394
11
2.168431181102362
21
1.8706168110236221
0
LINE
8
BLACK
6
CONTINUOUS
10
2.168431181102362
20
1.8706168110236221
11
2.1684879133858268
21
1.871192874015748
0
LINE
8
BLACK
6
CONTINUOUS
10
2.1684879133858268
20
1.871192874015748
11
2.1685285039370079
21
1.871290905511811
0
LINE
8
BLACK
6
CONTINUOUS
10
2.1685285039370079
20
1.871290905511811
11
2.168536023622047
21
1.8713966929133858
0
LINE
8
BLACK
6
CONTINUOUS
10
2.168536023622047
20
1.8713966929133858
11
2.1687429133858269
21
1.8719373228346456
0
LINE
8
BLACK
6
CONTINUOUS
10
2.1687429133858269
20
1.8719373228346456
11
2.1706176771653545
21
1.8756868897637795
0
LINE
8
BLACK
6
CONTINUOUS
10
2.1706176771653545
20
1.8756868897637795
11
2.170678307086614
21
1.8757832283464566
0
LINE
8
BLACK
6
CONTINUOUS
10
2.170678307086614
20
1.8757832283464566
11
2.1706934645669289
21
1.8758286614173227
0
LINE
8
BLACK
6
CONTINUOUS
10
2.1706934645669289
20
1.8758286614173227
11
2.1707425196850392
21
1.8758852755905511
0
LINE
8
BLACK
6
CONTINUOUS
10
2.1707425196850392
20
1.8758852755905511
11
2.1709260236220471
21
1.8761767322834646
0
LINE
8
BLACK
6
CONTINUOUS
10
2.1709260236220471
20
1.8761767322834646
11
2.1712056299212596
21
1.8764192519685039
0
LINE
8
BLACK
6
CONTINUOUS
10
2.1712056299212596
20
1.8764192519685039
11
2.1714483070866142
21
1.8766990551181102
0
LINE
8
BLACK
6
CONTINUOUS
10
2.1714483070866142
20
1.8766990551181102
11
2.1717398425196848
21
1.8768825984251969
0
LINE
8
BLACK
6
CONTINUOUS
10
2.1717398425196848
20
1.8768825984251969
11
2.1717964173228346
21
1.8769316141732284
0
LINE
8
BLACK
6
CONTINUOUS
10
2.1717964173228346
20
1.8769316141732284
11
2.1718418110236222
21
1.8769467716535433
0
LINE
8
BLACK
6
CONTINUOUS
10
2.1718418110236222
20
1.8769467716535433
11
2.171938188976378
21
1.8770074015748031
0
LINE
8
BLACK
6
CONTINUOUS
10
2.171938188976378
20
1.8770074015748031
11
2.1756877165354331
21
1.8788821653543306
0
LINE
8
BLACK
6
CONTINUOUS
10
2.1756877165354331
20
1.8788821653543306
11
2.176228307086614
21
1.8790890551181101
0
LINE
8
BLACK
6
CONTINUOUS
10
2.176228307086614
20
1.8790890551181101
11
2.1763341732283465
21
1.8790966141732284
0
LINE
8
BLACK
6
CONTINUOUS
10
2.1763341732283465
20
1.8790966141732284
11
2.1764321653543308
21
1.8791371653543307
0
LINE
8
BLACK
6
CONTINUOUS
10
2.1764321653543308
20
1.8791371653543307
11
2.1770082283464567
21
1.8791938976377953
0
LINE
8
BLACK
6
CONTINUOUS
10
2.1770082283464567
20
1.8791938976377953
11
2.1976306692913385
21
1.8791938976377953
0
LINE
8
BLACK
6
CONTINUOUS
10
2.1976306692913385
20
1.8791938976377953
11
2.1982067322834644
21
1.8791371653543307
0
LINE
8
BLACK
6
CONTINUOUS
10
2.1982067322834644
20
1.931630590551181
11
2.1992711417322832
21
1.9311896850393699
0
LINE
8
BLACK
6
CONTINUOUS
10
2.1992711417322832
20
1.9311896850393699
11
2.2000857874015747
21
1.9303750393700787
0
LINE
8
BLACK
6
CONTINUOUS
10
2.2000857874015747
20
1.9303750393700787
11
2.2005266929133858
21
1.9293106299212599
0
LINE
8
BLACK
6
CONTINUOUS
10
2.2005266929133858
20
1.9293106299212599
11
2.2005266929133858
21
1.9281585039370079
0
LINE
8
BLACK
6
CONTINUOUS
10
2.2005266929133858
20
1.9281585039370079
11
2.2000857874015747
21
1.9270940944881889
0
LINE
8
BLACK
6
CONTINUOUS
10
2.2000857874015747
20
1.9270940944881889
11
2.1992711417322832
21
1.9262794488188977
0
LINE
8
BLACK
6
CONTINUOUS
10
2.1992711417322832
20
1.9262794488188977
11
2.1982067322834644
21
1.9258385433070866
0
LINE
8
BLACK
6
CONTINUOUS
10
2.1982067322834644
20
1.9258385433070866
11
2.1976306692913385
21
1.925781811023622
0
LINE
8
BLACK
6
CONTINUOUS
10
2.1976306692913385
20
1.925781811023622
11
2.1777052755905513
21
1.925781811023622
0
LINE
8
BLACK
6
CONTINUOUS
10
2.1777052755905513
20
1.925781811023622
11
2.1754595275590551
21
1.9246589763779527
0
LINE
8
BLACK
6
CONTINUOUS
10
2.1754595275590551
20
1.9246589763779527
11
2.1743366929133856
21
1.9224132283464566
0
LINE
8
BLACK
6
CONTINUOUS
10
2.1743366929133856
20
1.9224132283464566
11
2.1743366929133856
21
1.9181829921259843
0
LINE
8
BLACK
6
CONTINUOUS
10
2.1743366929133856
20
1.9181829921259843
11
2.1754595275590551
21
1.9159372834645669
0
LINE
8
BLACK
6
CONTINUOUS
10
2.1754595275590551
20
1.9159372834645669
11
2.1777052755905513
21
1.9148144094488189
0
LINE
8
BLACK
6
CONTINUOUS
10
2.1777052755905513
20
1.9148144094488189
11
2.1976306692913385
21
1.9148144094488189
0
LINE
8
BLACK
6
CONTINUOUS
10
2.1976306692913385
20
1.9148144094488189
11
2.1982067322834644
21
1.9147576771653543
0
LINE
8
BLACK
6
CONTINUOUS
10
2.1982067322834644
20
1.9147576771653543
11
2.1992711417322832
21
1.9143167716535432
0
LINE
8
BLACK
6
CONTINUOUS
10
2.1992711417322832
20
1.9143167716535432
11
2.2000857874015747
21
1.913502125984252
0
LINE
8
BLACK
6
CONTINUOUS
10
2.2000857874015747
20
1.913502125984252
11
2.2005266929133858
21
1.9124377165354329
0
LINE
8
BLACK
6
CONTINUOUS
10
2.2005266929133858
20
1.9124377165354329
11
2.2005266929133858
21
1.911285590551181
0
LINE
8
BLACK
6
CONTINUOUS
10
2.2005266929133858
20
1.911285590551181
11
2.2000857874015747
21
1.9102211811023622
0
LINE
8
BLACK
6
CONTINUOUS
10
2.2000857874015747
20
1.9102211811023622
11
2.1992711417322832
21
1.9094065354330709
0
LINE
8
BLACK
6
CONTINUOUS
10
2.1992711417322832
20
1.9094065354330709
11
2.1982067322834644
21
1.9089656299212598
0
LINE
8
BLACK
6
CONTINUOUS
10
2.1982067322834644
20
1.9089656299212598
11
2.1976306692913385
21
1.9089088976377953
0
LINE
8
BLACK
6
CONTINUOUS
10
2.1976306692913385
20
1.9089088976377953
11
2.1777052755905513
21
1.9089088976377953
0
LINE
8
BLACK
6
CONTINUOUS
10
2.1777052755905513
20
1.9089088976377953
11
2.1754595275590551
21
1.9077860629921259
0
LINE
8
BLACK
6
CONTINUOUS
10
2.1754595275590551
20
1.9077860629921259
11
2.1743366929133856
21
1.9055403149606298
0
LINE
8
BLACK
6
CONTINUOUS
10
2.1743366929133856
20
1.9055403149606298
11
2.1743366929133856
21
1.9013101181102361
0
LINE
8
BLACK
6
CONTINUOUS
10
2.1743366929133856
20
1.9013101181102361
11
2.1756854330708659
21
1.8986126377952754
0
LINE
8
BLACK
6
CONTINUOUS
10
2.1756854330708659
20
1.8986126377952754
11
2.1763565354330709
21
1.8979415354330709
0
LINE
8
BLACK
6
CONTINUOUS
10
2.1763565354330709
20
1.8979415354330709
11
2.1976306692913385
21
1.8979415354330709
0
LINE
8
BLACK
6
CONTINUOUS
10
2.1976306692913385
20
1.8979415354330709
11
2.1982067322834644
21
1.8978848031496063
0
LINE
8
BLACK
6
CONTINUOUS
10
2.1982067322834644
20
1.8978848031496063
11
2.1992711417322832
21
1.8974438976377952
0
LINE
8
BLACK
6
CONTINUOUS
10
2.1992711417322832
20
1.8974438976377952
11
2.2000857874015747
21
1.896629251968504
0
LINE
8
BLACK
6
CONTINUOUS
10
2.2000857874015747
20
1.896629251968504
11
2.2005266929133858
21
1.8955648425196849
0
LINE
8
BLACK
6
CONTINUOUS
10
2.2005266929133858
20
1.8955648425196849
11
2.2005266929133858
21
1.894412716535433
0
LINE
8
BLACK
6
CONTINUOUS
10
2.2005266929133858
20
1.894412716535433
11
2.2000857874015747
21
1.8933483070866142
0
LINE
8
BLACK
6
CONTINUOUS
10
2.2000857874015747
20
1.8933483070866142
11
2.1992711417322832
21
1.8925336614173227
0
LINE
8
BLACK
6
CONTINUOUS
10
2.1992711417322832
20
1.8925336614173227
11
2.1982067322834644
21
1.8920927559055118
0
LINE
8
BLACK
6
CONTINUOUS
10
2.1982067322834644
20
1.8920927559055118
11
2.1976306692913385
21
1.8920360236220473
0
LINE
8
BLACK
6
CONTINUOUS
10
2.1976306692913385
20
1.8920360236220473
11
2.171383937007874
21
1.8920360236220473
0
LINE
8
BLACK
6
CONTINUOUS
10
2.171383937007874
20
1.8920360236220473
11
2.1708078740157482
21
1.8920927559055118
0
LINE
8
BLACK
6
CONTINUOUS
10
2.1708078740157482
20
1.8920927559055118
11
2.1697434645669289
21
1.8925336614173227
0
LINE
8
BLACK
6
CONTINUOUS
10
2.1697434645669289
20
1.8925336614173227
11
2.1689288188976379
21
1.8933483070866142
0
LINE
8
BLACK
6
CONTINUOUS
10
2.1689288188976379
20
1.8933483070866142
11
2.1684879133858268
21
1.894412716535433
0
LINE
8
BLACK
6
CONTINUOUS
10
2.1684879133858268
20
1.894412716535433
11
2.1684879133858268
21
1.8955648425196849
0
LINE
8
BLACK
6
CONTINUOUS
10
2.1684879133858268
20
1.8955648425196849
11
2.1689288188976379
21
1.896629251968504
0
LINE
8
BLACK
6
CONTINUOUS
10
2.1689288188976379
20
1.896629251968504
11
2.1696926377952757
21
1.8973931102362205
0
LINE
8
BLACK
6
CONTINUOUS
10
2.1696926377952757
20
1.8973931102362205
11
2.1687429133858269
21
1.899292559055118
0
LINE
8
BLACK
6
CONTINUOUS
10
2.1687429133858269
20
1.899292559055118
11
2.168536023622047
21
1.899833188976378
0
LINE
8
BLACK
6
CONTINUOUS
10
2.168536023622047
20
1.899833188976378
11
2.1685285039370079
21
1.8999390157480314
0
LINE
8
BLACK
6
CONTINUOUS
10
2.1685285039370079
20
1.8999390157480314
11
2.1684879133858268
21
1.9000370078740156
0
LINE
8
BLACK
6
CONTINUOUS
10
2.1684879133858268
20
1.9000370078740156
11
2.168431181102362
21
1.9006130708661417
0
LINE
8
BLACK
6
CONTINUOUS
10
2.168431181102362
20
1.9006130708661417
11
2.168431181102362
21
1.9062373622047244
0
LINE
8
BLACK
6
CONTINUOUS
10
2.168431181102362
20
1.9062373622047244
11
2.1684879133858268
21
1.9068134251968503
0
LINE
8
BLACK
6
CONTINUOUS
10
2.1684879133858268
20
1.9068134251968503
11
2.1685285039370079
21
1.9069114566929133
0
LINE
8
BLACK
6
CONTINUOUS
10
2.1685285039370079
20
1.9069114566929133
11
2.168536023622047
21
1.9070172440944881
0
LINE
8
BLACK
6
CONTINUOUS
10
2.168536023622047
20
1.9070172440944881
11
2.1687429133858269
21
1.9075578740157479
0
LINE
8
BLACK
6
CONTINUOUS
10
2.1687429133858269
20
1.9075578740157479
11
2.1706176771653545
21
1.9113074015748031
0
LINE
8
BLACK
6
CONTINUOUS
10
2.1706176771653545
20
1.9113074015748031
11
2.170678307086614
21
1.9114037795275589
0
LINE
8
BLACK
6
CONTINUOUS
10
2.170678307086614
20
1.9114037795275589
11
2.1706934645669289
21
1.9114491732283465
0
LINE
8
BLACK
6
CONTINUOUS
10
2.1706934645669289
20
1.9114491732283465
11
2.1707424803149604
21
1.9115057480314961
0
LINE
8
BLACK
6
CONTINUOUS
10
2.1707424803149604
20
1.9115057480314961
11
2.1709260236220471
21
1.9117972834645669
0
LINE
8
BLACK
6
CONTINUOUS
10
2.1709260236220471
20
1.9117972834645669
11
2.1710002362204723
21
1.9118616535433071
0
LINE
8
BLACK
6
CONTINUOUS
10
2.1710002362204723
20
1.9118616535433071
11
2.1709260236220471
21
1.9119260236220472
0
LINE
8
BLACK
6
CONTINUOUS
10
2.1709260236220471
20
1.9119260236220472
11
2.1707424803149604
21
1.9122175984251968
0
LINE
8
BLACK
6
CONTINUOUS
10
2.1707424803149604
20
1.9122175984251968
11
2.1706934645669289
21
1.9122741338582676
0
LINE
8
BLACK
6
CONTINUOUS
10
2.1706934645669289
20
1.9122741338582676
11
2.170678307086614
21
1.9123195669291337
0
LINE
8
BLACK
6
CONTINUOUS
10
2.170678307086614
20
1.9123195669291337
11
2.1706176771653545
21
1.9124159055118111
0
LINE
8
BLACK
6
CONTINUOUS
10
2.1706176771653545
20
1.9124159055118111
11
2.1687429133858269
21
1.9161654330708662
0
LINE
8
BLACK
6
CONTINUOUS
10
2.1687429133858269
20
1.9161654330708662
11
2.168536023622047
21
1.916706062992126
0
LINE
8
BLACK
6
CONTINUOUS
10
2.168536023622047
20
1.916706062992126
11
2.1685285039370079
21
1.9168118897637796
0
LINE
8
BLACK
6
CONTINUOUS
10
2.1685285039370079
20
1.9168118897637796
11
2.1684879133858268
21
1.9169098818897636
0
LINE
8
BLACK
6
CONTINUOUS
10
2.1684879133858268
20
1.9169098818897636
11
2.168431181102362
21
1.9174859448818897
0
LINE
8
BLACK
6
CONTINUOUS
10
2.168431181102362
20
1.9174859448818897
11
2.168431181102362
21
1.9231102362204724
0
LINE
8
BLACK
6
CONTINUOUS
10
2.168431181102362
20
1.9231102362204724
11
2.1684879133858268
21
1.9236862992125985
0
LINE
8
BLACK
6
CONTINUOUS
10
2.1684879133858268
20
1.9236862992125985
11
2.1685285039370079
21
1.9237843307086613
0
LINE
8
BLACK
6
CONTINUOUS
10
2.1685285039370079
20
1.9237843307086613
11
2.168536023622047
21
1.9238901181102361
0
LINE
8
BLACK
6
CONTINUOUS
10
2.168536023622047
20
1.9238901181102361
11
2.1687429133858269
21
1.9244307480314959
0
LINE
8
BLACK
6
CONTINUOUS
10
2.1687429133858269
20
1.9244307480314959
11
2.1706176771653545
21
1.9281803149606298
0
LINE
8
BLACK
6
CONTINUOUS
10
2.1706176771653545
20
1.9281803149606298
11
2.170678307086614
21
1.9282766535433071
0
LINE
8
BLACK
6
CONTINUOUS
10
2.170678307086614
20
1.9282766535433071
11
2.1706934645669289
21
1.9283220866141733
0
LINE
8
BLACK
6
CONTINUOUS
10
2.1706934645669289
20
1.9283220866141733
11
2.1707425196850392
21
1.9283787007874016
0
LINE
8
BLACK
6
CONTINUOUS
10
2.1707425196850392
20
1.9283787007874016
11
2.1709260236220471
21
1.9286701574803149
0
LINE
8
BLACK
6
CONTINUOUS
10
2.1709260236220471
20
1.9286701574803149
11
2.1712056299212596
21
1.9289126771653542
0
LINE
8
BLACK
6
CONTINUOUS
10
2.1712056299212596
20
1.9289126771653542
11
2.1714483070866142
21
1.9291924803149605
0
LINE
8
BLACK
6
CONTINUOUS
10
2.1714483070866142
20
1.9291924803149605
11
2.1717398425196848
21
1.9293760236220472
0
LINE
8
BLACK
6
CONTINUOUS
10
2.1717398425196848
20
1.9293760236220472
11
2.1717964173228346
21
1.9294250393700787
0
LINE
8
BLACK
6
CONTINUOUS
10
2.1717964173228346
20
1.9294250393700787
11
2.1718418110236222
21
1.9294401968503936
0
LINE
8
BLACK
6
CONTINUOUS
10
2.1718418110236222
20
1.9294401968503936
11
2.171938188976378
21
1.9295008267716536
0
LINE
8
BLACK
6
CONTINUOUS
10
2.171938188976378
20
1.9295008267716536
11
2.1756877165354331
21
1.9313755905511811
0
LINE
8
BLACK
6
CONTINUOUS
10
2.1756877165354331
20
1.9313755905511811
11
2.176228307086614
21
1.9315824803149606
0
LINE
8
BLACK
6
CONTINUOUS
10
2.176228307086614
20
1.9315824803149606
11
2.1763341732283465
21
1.9315900393700787
0
LINE
8
BLACK
6
CONTINUOUS
10
2.1763341732283465
20
1.9315900393700787
11
2.1764321653543308
21
1.931630590551181
0
LINE
8
BLACK
6
CONTINUOUS
10
2.1764321653543308
20
1.931630590551181
11
2.1770082283464567
21
1.9316873228346456
0
LINE
8
BLACK
6
CONTINUOUS
10
2.1770082283464567
20
1.9316873228346456
11
2.1976306692913385
21
1.9316873228346456
0
LINE
8
BLACK
6
CONTINUOUS
10
2.1976306692913385
20
1.9316873228346456
11
2.1982067322834644
21
1.931630590551181
0
LINE
8
BLACK
6
CONTINUOUS
10
2.1230874015748031
20
3.601968503937008
11
2.2480874015748031
21
3.601968503937008
0
LINE
8
BLACK
6
CONTINUOUS
10
2.2480874015748031
20
3.601968503937008
11
2.2488407086614171
21
3.6018186614173229
0
LINE
8
BLACK
6
CONTINUOUS
10
2.2488407086614171
20
3.6018186614173229
11
2.2499060629921259
21
3.600753307086614
0
LINE
8
BLACK
6
CONTINUOUS
10
2.2499060629921259
20
3.600753307086614
11
2.2499060629921259
21
3.5992466929133857
0
LINE
8
BLACK
6
CONTINUOUS
10
2.2499060629921259
20
3.5992466929133857
11
2.2488407086614171
21
3.5981813385826773
0
LINE
8
BLACK
6
CONTINUOUS
10
2.2488407086614171
20
3.5981813385826773
11
2.2480874015748031
21
3.5980314960629922
0
LINE
8
BLACK
6
CONTINUOUS
10
2.2480874015748031
20
3.5980314960629922
11
2.2282440157480314
21
3.5980314960629922
0
LINE
8
BLACK
6
CONTINUOUS
10
2.2282440157480314
20
3.5980314960629922
11
2.2498335039370079
21
3.5565584251968505
0
LINE
8
BLACK
6
CONTINUOUS
10
2.2498335039370079
20
3.5565584251968505
11
2.250048464566929
21
3.5558210236220473
0
LINE
8
BLACK
6
CONTINUOUS
10
2.250048464566929
20
3.5558210236220473
11
2.2495953937007873
21
3.5543841338582678
0
LINE
8
BLACK
6
CONTINUOUS
10
2.2495953937007873
20
3.5543841338582678
11
2.2482590157480313
21
3.5536884645669291
0
LINE
8
BLACK
6
CONTINUOUS
10
2.2482590157480313
20
3.5536884645669291
11
2.246822086614173
21
3.554141496062992
0
LINE
8
BLACK
6
CONTINUOUS
10
2.246822086614173
20
3.554141496062992
11
2.2463413385826771
21
3.5547405118110236
0
LINE
8
BLACK
6
CONTINUOUS
10
2.2463413385826771
20
3.5547405118110236
11
2.226968503937008
21
3.5919553937007875
0
LINE
8
BLACK
6
CONTINUOUS
10
2.226968503937008
20
3.5919553937007875
11
2.226968503937008
21
0.0180446456692913
0
LINE
8
BLACK
6
CONTINUOUS
10
2.226968503937008
20
0.0180446456692913
11
2.2463413385826771
21
0.0552594881889764
0
LINE
8
BLACK
6
CONTINUOUS
10
2.2463413385826771
20
0.0552594881889764
11
2.246822086614173
21
0.0558585039370079
0
LINE
8
BLACK
6
CONTINUOUS
10
2.246822086614173
20
0.0558585039370079
11
2.2482590157480313
21
0.0563115354330709
0
LINE
8
BLACK
6
CONTINUOUS
10
2.2482590157480313
20
0.0563115354330709
11
2.2495953937007873
21
0.0556158661417323
0
LINE
8
BLACK
6
CONTINUOUS
10
2.2495953937007873
20
0.0556158661417323
11
2.250048464566929
21
0.0541789763779528
0
LINE
8
BLACK
6
CONTINUOUS
10
2.250048464566929
20
0.0541789763779528
11
2.2498335039370079
21
0.0534415748031496
0
LINE
8
BLACK
6
CONTINUOUS
10
2.2498335039370079
20
0.0534415748031496
11
2.2282440157480314
21
0.0119685039370079
0
LINE
8
BLACK
6
CONTINUOUS
10
2.2282440157480314
20
0.0119685039370079
11
2.2480874015748031
21
0.0119685039370079
0
LINE
8
BLACK
6
CONTINUOUS
10
2.2480874015748031
20
0.0119685039370079
11
2.2488407086614171
21
0.0118186614173228
0
LINE
8
BLACK
6
CONTINUOUS
10
2.2488407086614171
20
0.0118186614173228
11
2.2499060629921259
21
0.0107533070866142
0
LINE
8
BLACK
6
CONTINUOUS
10
2.2499060629921259
20
0.0107533070866142
11
2.2499060629921259
21
0.0092466929133858
0
LINE
8
BLACK
6
CONTINUOUS
10
2.2499060629921259
20
0.0092466929133858
11
2.2488407086614171
21
0.0081813385826772
0
LINE
8
BLACK
6
CONTINUOUS
10
2.2488407086614171
20
0.0081813385826772
11
2.2480874015748031
21
0.0080314960629921
0
LINE
8
BLACK
6
CONTINUOUS
10
2.2480874015748031
20
0.0080314960629921
11
2.1230874015748031
21
0.0080314960629921
0
LINE
8
BLACK
6
CONTINUOUS
10
2.1230874015748031
20
0.0080314960629921
11
2.0096850393700785
21
0.0080314960629921
0
LINE
8
BLACK
6
CONTINUOUS
10
2.0096850393700785
20
0.0080314960629921
11
2.0089317322834646
21
0.0081813385826772
0
LINE
8
BLACK
6
CONTINUOUS
10
2.0089317322834646
20
0.0081813385826772
11
2.0078663779527557
21
0.0092466929133858
0
LINE
8
BLACK
6
CONTINUOUS
10
2.0078663779527557
20
0.0092466929133858
11
2.0078663779527557
21
0.0107533070866142
0
LINE
8
BLACK
6
CONTINUOUS
10
2.0078663779527557
20
0.0107533070866142
11
2.0089317322834646
21
0.0118186614173228
0
LINE
8
BLACK
6
CONTINUOUS
10
2.0089317322834646
20
0.0118186614173228
11
2.0096850393700785
21
0.0119685039370079
0
LINE
8
BLACK
6
CONTINUOUS
10
2.0096850393700785
20
0.0119685039370079
11
2.0967559842519683
21
0.0119685039370079
0
LINE
8
BLACK
6
CONTINUOUS
10
2.0967559842519683
20
0.0119685039370079
11
2.0751664566929136
21
0.0534416141732283
0
LINE
8
BLACK
6
CONTINUOUS
10
2.0751664566929136
20
0.0534416141732283
11
2.0749515354330708
21
0.0541789763779528
0
LINE
8
BLACK
6
CONTINUOUS
10
2.0749515354330708
20
0.0541789763779528
11
2.0754046062992124
21
0.0556158661417323
0
LINE
8
BLACK
6
CONTINUOUS
10
2.0754046062992124
20
0.0556158661417323
11
2.0767409842519684
21
0.0563115748031496
0
LINE
8
BLACK
6
CONTINUOUS
10
2.0767409842519684
20
0.0563115748031496
11
2.0781778740157479
21
0.0558585039370079
0
LINE
8
BLACK
6
CONTINUOUS
10
2.0781778740157479
20
0.0558585039370079
11
2.0786586614173226
21
0.0552594881889764
0
LINE
8
BLACK
6
CONTINUOUS
10
2.0786586614173226
20
0.0552594881889764
11
2.0980314960629922
21
0.0180446062992126
0
LINE
8
BLACK
6
CONTINUOUS
10
2.0980314960629922
20
0.0180446062992126
11
2.0980314960629922
21
3.5919554330708658
0
LINE
8
BLACK
6
CONTINUOUS
10
2.0980314960629922
20
3.5919554330708658
11
2.0786586614173226
21
3.5547405118110236
0
LINE
8
BLACK
6
CONTINUOUS
10
2.0786586614173226
20
3.5547405118110236
11
2.0781778740157479
21
3.554141496062992
0
LINE
8
BLACK
6
CONTINUOUS
10
2.0781778740157479
20
3.554141496062992
11
2.0767409842519684
21
3.5536884251968504
0
LINE
8
BLACK
6
CONTINUOUS
10
2.0767409842519684
20
3.5536884251968504
11
2.0754046062992124
21
3.5543841338582678
0
LINE
8
BLACK
6
CONTINUOUS
10
2.0754046062992124
20
3.5543841338582678
11
2.0749515354330708
21
3.5558210236220473
0
LINE
8
BLACK
6
CONTINUOUS
10
2.0749515354330708
20
3.5558210236220473
11
2.0751664566929136
21
3.5565583858267718
0
LINE
8
BLACK
6
CONTINUOUS
10
2.0751664566929136
20
3.5565583858267718
11
2.0967559842519683
21
3.5980314960629922
0
LINE
8
BLACK
6
CONTINUOUS
10
2.0967559842519683
20
3.5980314960629922
11
2.0096850393700785
21
3.5980314960629922
0
LINE
8
BLACK
6
CONTINUOUS
10
2.0096850393700785
20
3.5980314960629922
11
2.0089317322834646
21
3.5981813385826773
0
LINE
8
BLACK
6
CONTINUOUS
10
2.0089317322834646
20
3.5981813385826773
11
2.0078663779527557
21
3.5992466929133857
0
LINE
8
BLACK
6
CONTINUOUS
10
2.0078663779527557
20
3.5992466929133857
11
2.0078663779527557
21
3.600753307086614
0
LINE
8
BLACK
6
CONTINUOUS
10
2.0078663779527557
20
3.600753307086614
11
2.0089317322834646
21
3.6018186614173229
0
LINE
8
BLACK
6
CONTINUOUS
10
2.0089317322834646
20
3.6018186614173229
11
2.0096850393700785
21
3.601968503937008
0
LINE
8
BLACK
6
CONTINUOUS
10
2.0096850393700785
20
3.601968503937008
11
2.1230874015748031
21
3.601968503937008
0
LINE
8
BLACK
6
CONTINUOUS
10
2.1230874015748031
20
3.5980314960629922
11
2.1032440157480314
21
3.5980314960629922
0
LINE
8
BLACK
6
CONTINUOUS
10
2.1032440157480314
20
3.5980314960629922
11
2.1248335039370079
21
3.5565584251968505
0
LINE
8
BLACK
6
CONTINUOUS
10
2.1248335039370079
20
3.5565584251968505
11
2.125048464566929
21
3.5558210236220473
0
LINE
8
BLACK
6
CONTINUOUS
10
2.125048464566929
20
3.5558210236220473
11
2.1245953937007873
21
3.5543841338582678
0
LINE
8
BLACK
6
CONTINUOUS
10
2.1245953937007873
20
3.5543841338582678
11
2.1232590157480313
21
3.5536884645669291
0
LINE
8
BLACK
6
CONTINUOUS
10
2.1232590157480313
20
3.5536884645669291
11
2.121822086614173
21
3.554141496062992
0
LINE
8
BLACK
6
CONTINUOUS
10
2.121822086614173
20
3.554141496062992
11
2.1213413385826771
21
3.5547405118110236
0
LINE
8
BLACK
6
CONTINUOUS
10
2.1213413385826771
20
3.5547405118110236
11
2.101968503937008
21
3.5919553937007875
0
LINE
8
BLACK
6
CONTINUOUS
10
2.101968503937008
20
3.5919553937007875
11
2.101968503937008
21
0.0180446456692913
0
LINE
8
BLACK
6
CONTINUOUS
10
2.101968503937008
20
0.0180446456692913
11
2.1213413385826771
21
0.0552594881889764
0
LINE
8
BLACK
6
CONTINUOUS
10
2.1213413385826771
20
0.0552594881889764
11
2.121822086614173
21
0.0558585039370079
0
LINE
8
BLACK
6
CONTINUOUS
10
2.121822086614173
20
0.0558585039370079
11
2.1232590157480313
21
0.0563115354330709
0
LINE
8
BLACK
6
CONTINUOUS
10
2.1232590157480313
20
0.0563115354330709
11
2.1245953937007873
21
0.0556158661417323
0
LINE
8
BLACK
6
CONTINUOUS
10
2.1245953937007873
20
0.0556158661417323
11
2.125048464566929
21
0.0541789763779528
0
LINE
8
BLACK
6
CONTINUOUS
10
2.125048464566929
20
0.0541789763779528
11
2.1248335039370079
21
0.0534415748031496
0
LINE
8
BLACK
6
CONTINUOUS
10
2.1248335039370079
20
0.0534415748031496
11
2.1032440157480314
21
0.0119685039370079
0
LINE
8
BLACK
6
CONTINUOUS
10
2.1032440157480314
20
0.0119685039370079
11
2.1230874015748031
21
0.0119685039370079
0
LINE
8
BLACK
6
CONTINUOUS
10
2.1230874015748031
20
0.0119685039370079
11
2.2217559842519683
21
0.0119685039370079
0
LINE
8
BLACK
6
CONTINUOUS
10
2.2217559842519683
20
0.0119685039370079
11
2.2001664566929136
21
0.0534416141732283
0
LINE
8
BLACK
6
CONTINUOUS
10
2.2001664566929136
20
0.0534416141732283
11
2.1999515354330708
21
0.0541789763779528
0
LINE
8
BLACK
6
CONTINUOUS
10
2.1999515354330708
20
0.0541789763779528
11
2.2004046062992124
21
0.0556158661417323
0
LINE
8
BLACK
6
CONTINUOUS
10
2.2004046062992124
20
0.0556158661417323
11
2.2017409842519684
21
0.0563115748031496
0
LINE
8
BLACK
6
CONTINUOUS
10
2.2017409842519684
20
0.0563115748031496
11
2.2031778740157479
21
0.0558585039370079
0
LINE
8
BLACK
6
CONTINUOUS
10
2.2031778740157479
20
0.0558585039370079
11
2.2036586614173226
21
0.0552594881889764
0
LINE
8
BLACK
6
CONTINUOUS
10
2.2036586614173226
20
0.0552594881889764
11
2.2230314960629922
21
0.0180446062992126
0
LINE
8
BLACK
6
CONTINUOUS
10
2.2230314960629922
20
0.0180446062992126
11
2.2230314960629922
21
3.5919554330708658
0
LINE
8
BLACK
6
CONTINUOUS
10
2.2230314960629922
20
3.5919554330708658
11
2.2036586614173226
21
3.5547405118110236
0
LINE
8
BLACK
6
CONTINUOUS
10
2.2036586614173226
20
3.5547405118110236
11
2.2031778740157479
21
3.554141496062992
0
LINE
8
BLACK
6
CONTINUOUS
10
2.2031778740157479
20
3.554141496062992
11
2.2017409842519684
21
3.5536884251968504
0
LINE
8
BLACK
6
CONTINUOUS
10
2.2017409842519684
20
3.5536884251968504
11
2.2004046062992124
21
3.5543841338582678
0
LINE
8
BLACK
6
CONTINUOUS
10
2.2004046062992124
20
3.5543841338582678
11
2.1999515354330708
21
3.5558210236220473
0
LINE
8
BLACK
6
CONTINUOUS
10
2.1999515354330708
20
3.5558210236220473
11
2.2001664566929136
21
3.5565583858267718
0
LINE
8
BLACK
6
CONTINUOUS
10
2.2001664566929136
20
3.5565583858267718
11
2.2217559842519683
21
3.5980314960629922
0
LINE
8
BLACK
6
CONTINUOUS
10
2.2217559842519683
20
3.5980314960629922
11
2.1230874015748031
21
3.5980314960629922
0
LINE
8
BLACK
6
CONTINUOUS
10
2.0657076377952754
20
1.6579148031496063
11
2.0658056299212597
21
1.6578742125984252
0
LINE
8
BLACK
6
CONTINUOUS
10
2.0658056299212597
20
1.6578742125984252
11
2.0659114566929135
21
1.6578666929133858
0
LINE
8
BLACK
6
CONTINUOUS
10
2.0659114566929135
20
1.6578666929133858
11
2.0664520866141731
21
1.6576598031496064
0
LINE
8
BLACK
6
CONTINUOUS
10
2.0664520866141731
20
1.6576598031496064
11
2.0702016141732282
21
1.6557850393700786
0
LINE
8
BLACK
6
CONTINUOUS
10
2.0702016141732282
20
1.6557850393700786
11
2.0704494881889763
21
1.6556290157480316
0
LINE
8
BLACK
6
CONTINUOUS
10
2.0704494881889763
20
1.6556290157480316
11
2.0705215354330706
21
1.6555991732283464
0
LINE
8
BLACK
6
CONTINUOUS
10
2.0705215354330706
20
1.6555991732283464
11
2.0706025590551183
21
1.6555326771653542
0
LINE
8
BLACK
6
CONTINUOUS
10
2.0706025590551183
20
1.6555326771653542
11
2.0706914960629921
21
1.6554766929133857
0
LINE
8
BLACK
6
CONTINUOUS
10
2.0706914960629921
20
1.6554766929133857
11
2.0707426377952753
21
1.6554177165354331
0
LINE
8
BLACK
6
CONTINUOUS
10
2.0707426377952753
20
1.6554177165354331
11
2.0709689763779529
21
1.6552319685039369
0
LINE
8
BLACK
6
CONTINUOUS
10
2.0709689763779529
20
1.6552319685039369
11
2.0728437795275592
21
1.6533572047244094
0
LINE
8
BLACK
6
CONTINUOUS
10
2.0728437795275592
20
1.6533572047244094
11
2.0730295275590551
21
1.6531308661417323
0
LINE
8
BLACK
6
CONTINUOUS
10
2.0730295275590551
20
1.6531308661417323
11
2.0730885826771654
21
1.6530796456692913
0
LINE
8
BLACK
6
CONTINUOUS
10
2.0730885826771654
20
1.6530796456692913
11
2.073144566929134
21
1.6529907086614173
0
LINE
8
BLACK
6
CONTINUOUS
10
2.073144566929134
20
1.6529907086614173
11
2.0732110236220471
21
1.6529097244094488
0
LINE
8
BLACK
6
CONTINUOUS
10
2.0732110236220471
20
1.6529097244094488
11
2.0732408267716536
21
1.6528377952755906
0
LINE
8
BLACK
6
CONTINUOUS
10
2.0732408267716536
20
1.6528377952755906
11
2.0733969291338581
21
1.6525897637795275
0
LINE
8
BLACK
6
CONTINUOUS
10
2.0733969291338581
20
1.6525897637795275
11
2.0752716929133856
21
1.6488402362204724
0
LINE
8
BLACK
6
CONTINUOUS
10
2.0752716929133856
20
1.6488402362204724
11
2.0754785826771651
21
1.6482996456692913
0
LINE
8
BLACK
6
CONTINUOUS
10
2.0754785826771651
20
1.6482996456692913
11
2.0754861023622047
21
1.648193779527559
0
LINE
8
BLACK
6
CONTINUOUS
10
2.0754861023622047
20
1.648193779527559
11
2.0755266929133858
21
1.6480957874015747
0
LINE
8
BLACK
6
CONTINUOUS
10
2.0755266929133858
20
1.6480957874015747
11
2.0755834251968501
21
1.6475197244094488
0
LINE
8
BLACK
6
CONTINUOUS
10
2.0755834251968501
20
1.6475197244094488
11
2.0755834251968501
21
1.6362711417322835
0
LINE
8
BLACK
6
CONTINUOUS
10
2.0755834251968501
20
1.6362711417322835
11
2.0755266929133858
21
1.6356950787401574
0
LINE
8
BLACK
6
CONTINUOUS
10
2.0755266929133858
20
1.6356950787401574
11
2.0754861023622047
21
1.6355971259842519
0
LINE
8
BLACK
6
CONTINUOUS
10
2.0754861023622047
20
1.6355971259842519
11
2.0754785826771651
21
1.635491220472441
0
LINE
8
BLACK
6
CONTINUOUS
10
2.0754785826771651
20
1.635491220472441
11
2.0752716929133856
21
1.6349506299212597
0
LINE
8
BLACK
6
CONTINUOUS
10
2.0752716929133856
20
1.6349506299212597
11
2.0733969291338581
21
1.6312011023622046
0
LINE
8
BLACK
6
CONTINUOUS
10
2.0733969291338581
20
1.6312011023622046
11
2.0732408267716536
21
1.6309531102362205
0
LINE
8
BLACK
6
CONTINUOUS
10
2.0732408267716536
20
1.6309531102362205
11
2.0732110236220471
21
1.6308811417322835
0
LINE
8
BLACK
6
CONTINUOUS
10
2.0732110236220471
20
1.6308811417322835
11
2.073144566929134
21
1.6308001968503936
0
LINE
8
BLACK
6
CONTINUOUS
10
2.073144566929134
20
1.6308001968503936
11
2.0730885826771654
21
1.630711220472441
0
LINE
8
BLACK
6
CONTINUOUS
10
2.0730885826771654
20
1.630711220472441
11
2.0730295275590551
21
1.6306600393700788
0
LINE
8
BLACK
6
CONTINUOUS
10
2.0730295275590551
20
1.6306600393700788
11
2.0728437795275592
21
1.6304336614173227
0
LINE
8
BLACK
6
CONTINUOUS
10
2.0728437795275592
20
1.6304336614173227
11
2.0709689763779529
21
1.6285588976377952
0
LINE
8
BLACK
6
CONTINUOUS
10
2.0709689763779529
20
1.6285588976377952
11
2.0705215354330706
21
1.6281916929133857
0
LINE
8
BLACK
6
CONTINUOUS
10
2.0705215354330706
20
1.6281916929133857
11
2.0694571259842518
21
1.6277508267716536
0
LINE
8
BLACK
6
CONTINUOUS
10
2.0694571259842518
20
1.6277508267716536
11
2.0683050393700788
21
1.6277508267716536
0
LINE
8
BLACK
6
CONTINUOUS
10
2.0683050393700788
20
1.6277508267716536
11
2.06724062992126
21
1.6281917322834645
0
LINE
8
BLACK
6
CONTINUOUS
10
2.06724062992126
20
1.6281917322834645
11
2.0664259448818898
21
1.6290064173228347
0
LINE
8
BLACK
6
CONTINUOUS
10
2.0664259448818898
20
1.6290064173228347
11
2.0659850787401575
21
1.6300708267716535
0
LINE
8
BLACK
6
CONTINUOUS
10
2.0659850787401575
20
1.6300708267716535
11
2.0659850787401575
21
1.6312229133858267
0
LINE
8
BLACK
6
CONTINUOUS
10
2.0659850787401575
20
1.6312229133858267
11
2.0664259842519686
21
1.6322873228346457
0
LINE
8
BLACK
6
CONTINUOUS
10
2.0664259842519686
20
1.6322873228346457
11
2.0667932283464565
21
1.6327348031496063
0
LINE
8
BLACK
6
CONTINUOUS
10
2.0667932283464565
20
1.6327348031496063
11
2.0683291732283462
21
1.634270748031496
0
LINE
8
BLACK
6
CONTINUOUS
10
2.0683291732283462
20
1.634270748031496
11
2.0696779133858265
21
1.6369681889763779
0
LINE
8
BLACK
6
CONTINUOUS
10
2.0696779133858265
20
1.6369681889763779
11
2.0696779133858265
21
1.6468226771653542
0
LINE
8
BLACK
6
CONTINUOUS
10
2.0696779133858265
20
1.6468226771653542
11
2.0683291732283462
21
1.6495201574803149
0
LINE
8
BLACK
6
CONTINUOUS
10
2.0683291732283462
20
1.6495201574803149
11
2.0671320078740156
21
1.6507172834645669
0
LINE
8
BLACK
6
CONTINUOUS
10
2.0671320078740156
20
1.6507172834645669
11
2.064434527559055
21
1.6520660236220472
0
LINE
8
BLACK
6
CONTINUOUS
10
2.064434527559055
20
1.6520660236220472
11
2.0564548031496064
21
1.6520660236220472
0
LINE
8
BLACK
6
CONTINUOUS
10
2.0564548031496064
20
1.6520660236220472
11
2.0537573228346457
21
1.6507172834645669
0
LINE
8
BLACK
6
CONTINUOUS
10
2.0537573228346457
20
1.6507172834645669
11
2.0525601968503935
21
1.6495201574803149
0
LINE
8
BLACK
6
CONTINUOUS
10
2.0525601968503935
20
1.6495201574803149
11
2.0512114566929132
21
1.6468226771653542
0
LINE
8
BLACK
6
CONTINUOUS
10
2.0512114566929132
20
1.6468226771653542
11
2.0512114566929132
21
1.6418954330708662
0
LINE
8
BLACK
6
CONTINUOUS
10
2.0512114566929132
20
1.6418954330708662
11
2.0511814173228347
21
1.6415907874015747
0
LINE
8
BLACK
6
CONTINUOUS
10
2.0511814173228347
20
1.6415907874015747
11
2.0511866141732282
21
1.6415133070866141
0
LINE
8
BLACK
6
CONTINUOUS
10
2.0511866141732282
20
1.6415133070866141
11
2.0511685433070865
21
1.6414599606299212
0
LINE
8
BLACK
6
CONTINUOUS
10
2.0511685433070865
20
1.6414599606299212
11
2.0511547244094488
21
1.6413193700787401
0
LINE
8
BLACK
6
CONTINUOUS
10
2.0511547244094488
20
1.6413193700787401
11
2.0509711023622046
21
1.6408761811023622
0
LINE
8
BLACK
6
CONTINUOUS
10
2.0509711023622046
20
1.6408761811023622
11
2.0508175196850393
21
1.6404219291338582
0
LINE
8
BLACK
6
CONTINUOUS
10
2.0508175196850393
20
1.6404219291338582
11
2.0507519291338583
21
1.6403469685039369
0
LINE
8
BLACK
6
CONTINUOUS
10
2.0507519291338583
20
1.6403469685039369
11
2.0507138188976377
21
1.6402549606299213
0
LINE
8
BLACK
6
CONTINUOUS
10
2.0507138188976377
20
1.6402549606299213
11
2.0503748031496061
21
1.6399159842519684
0
LINE
8
BLACK
6
CONTINUOUS
10
2.0503748031496061
20
1.6399159842519684
11
2.0500588582677164
21
1.6395548425196851
0
LINE
8
BLACK
6
CONTINUOUS
10
2.0500588582677164
20
1.6395548425196851
11
2.0499694881889763
21
1.6395106692913386
0
LINE
8
BLACK
6
CONTINUOUS
10
2.0499694881889763
20
1.6395106692913386
11
2.0498991732283462
21
1.6394403149606298
0
LINE
8
BLACK
6
CONTINUOUS
10
2.0498991732283462
20
1.6394403149606298
11
2.0494562204724409
21
1.6392568503937008
0
LINE
8
BLACK
6
CONTINUOUS
10
2.0494562204724409
20
1.6392568503937008
11
2.0490261023622045
21
1.6390441338582677
0
LINE
8
BLACK
6
CONTINUOUS
10
2.0490261023622045
20
1.6390441338582677
11
2.0489267322834643
21
1.6390375196850393
0
LINE
8
BLACK
6
CONTINUOUS
10
2.0489267322834643
20
1.6390375196850393
11
2.0488347637795274
21
1.6389994094488189
0
LINE
8
BLACK
6
CONTINUOUS
10
2.0488347637795274
20
1.6389994094488189
11
2.0483550393700787
21
1.6389994094488189
0
LINE
8
BLACK
6
CONTINUOUS
10
2.0483550393700787
20
1.6389994094488189
11
2.0478765748031496
21
1.6389675196850393
0
LINE
8
BLACK
6
CONTINUOUS
10
2.0478765748031496
20
1.6389675196850393
11
2.0477822834645667
21
1.6389994094488189
0
LINE
8
BLACK
6
CONTINUOUS
10
2.0477822834645667
20
1.6389994094488189
11
2.0476826377952757
21
1.6389994094488189
0
LINE
8
BLACK
6
CONTINUOUS
10
2.0476826377952757
20
1.6389994094488189
11
2.0472394094488187
21
1.6391830314960629
0
LINE
8
BLACK
6
CONTINUOUS
10
2.0472394094488187
20
1.6391830314960629
11
2.0467851968503936
21
1.6393366141732284
0
LINE
8
BLACK
6
CONTINUOUS
10
2.0467851968503936
20
1.6393366141732284
11
2.0466703149606298
21
1.6394187401574802
0
LINE
8
BLACK
6
CONTINUOUS
10
2.0466703149606298
20
1.6394187401574802
11
2.0466182283464565
21
1.6394403149606298
0
LINE
8
BLACK
6
CONTINUOUS
10
2.0466182283464565
20
1.6394403149606298
11
2.0465632677165355
21
1.6394952755905512
0
LINE
8
BLACK
6
CONTINUOUS
10
2.0465632677165355
20
1.6394952755905512
11
2.0463142913385828
21
1.6396732677165353
0
LINE
8
BLACK
6
CONTINUOUS
10
2.0463142913385828
20
1.6396732677165353
11
2.0362133464566927
21
1.6485116141732283
0
LINE
8
BLACK
6
CONTINUOUS
10
2.0362133464566927
20
1.6485116141732283
11
2.0362133464566927
21
1.6306468503937008
0
LINE
8
BLACK
6
CONTINUOUS
10
2.0362133464566927
20
1.6306468503937008
11
2.0361566141732284
21
1.6300707874015747
0
LINE
8
BLACK
6
CONTINUOUS
10
2.0361566141732284
20
1.6300707874015747
11
2.0357157086614173
21
1.6290063779527559
0
LINE
8
BLACK
6
CONTINUOUS
10
2.0357157086614173
20
1.6290063779527559
11
2.0349010629921258
21
1.6281917322834645
0
LINE
8
BLACK
6
CONTINUOUS
10
2.0349010629921258
20
1.6281917322834645
11
2.033836653543307
21
1.6277508267716536
0
LINE
8
BLACK
6
CONTINUOUS
10
2.033836653543307
20
1.6277508267716536
11
2.0326845275590553
21
1.6277508267716536
0
LINE
8
BLACK
6
CONTINUOUS
10
2.0326845275590553
20
1.6277508267716536
11
2.031620118110236
21
1.6281917322834645
0
LINE
8
BLACK
6
CONTINUOUS
10
2.031620118110236
20
1.6281917322834645
11
2.030805472440945
21
1.6290063779527559
0
LINE
8
BLACK
6
CONTINUOUS
10
2.030805472440945
20
1.6290063779527559
11
2.0303645669291339
21
1.6300707874015747
0
LINE
8
BLACK
6
CONTINUOUS
10
2.0303645669291339
20
1.6300707874015747
11
2.0303078346456691
21
1.6306468503937008
0
LINE
8
BLACK
6
CONTINUOUS
10
2.0303078346456691
20
1.6306468503937008
11
2.0303078346456691
21
1.655018779527559
0
LINE
8
BLACK
6
CONTINUOUS
10
2.0303078346456691
20
1.655018779527559
11
2.0303378346456693
21
1.655323464566929
0
LINE
8
BLACK
6
CONTINUOUS
10
2.0303378346456693
20
1.655323464566929
11
2.0303326771653545
21
1.6554009055118111
0
LINE
8
BLACK
6
CONTINUOUS
10
2.0303326771653545
20
1.6554009055118111
11
2.0303507086614174
21
1.6554542913385826
0
LINE
8
BLACK
6
CONTINUOUS
10
2.0303507086614174
20
1.6554542913385826
11
2.0303645669291339
21
1.6555948425196849
0
LINE
8
BLACK
6
CONTINUOUS
10
2.0303645669291339
20
1.6555948425196849
11
2.0305481496062994
21
1.6560380708661417
0
LINE
8
BLACK
6
CONTINUOUS
10
2.0305481496062994
20
1.6560380708661417
11
2.0307017716535434
21
1.6564922834645668
0
LINE
8
BLACK
6
CONTINUOUS
10
2.0307017716535434
20
1.6564922834645668
11
2.0307673228346457
21
1.6565672834645668
0
LINE
8
BLACK
6
CONTINUOUS
10
2.0307673228346457
20
1.6565672834645668
11
2.030805472440945
21
1.6566592519685039
0
LINE
8
BLACK
6
CONTINUOUS
10
2.030805472440945
20
1.6566592519685039
11
2.0311444488188974
21
1.6569982677165354
0
LINE
8
BLACK
6
CONTINUOUS
10
2.0311444488188974
20
1.6569982677165354
11
2.0314604330708659
21
1.6573593700787401
0
LINE
8
BLACK
6
CONTINUOUS
10
2.0314604330708659
20
1.6573593700787401
11
2.0315497637795277
21
1.6574035826771654
0
LINE
8
BLACK
6
CONTINUOUS
10
2.0315497637795277
20
1.6574035826771654
11
2.031620118110236
21
1.6574738976377952
0
LINE
8
BLACK
6
CONTINUOUS
10
2.031620118110236
20
1.6574738976377952
11
2.032063031496063
21
1.6576574015748031
0
LINE
8
BLACK
6
CONTINUOUS
10
2.032063031496063
20
1.6576574015748031
11
2.0324931889763778
21
1.6578700787401575
0
LINE
8
BLACK
6
CONTINUOUS
10
2.0324931889763778
20
1.6578700787401575
11
2.0325925196850392
21
1.6578767322834644
0
LINE
8
BLACK
6
CONTINUOUS
10
2.0325925196850392
20
1.6578767322834644
11
2.0326845275590553
21
1.6579148031496063
0
LINE
8
BLACK
6
CONTINUOUS
10
2.0326845275590553
20
1.6579148031496063
11
2.033164251968504
21
1.6579148031496063
0
LINE
8
BLACK
6
CONTINUOUS
10
2.033164251968504
20
1.6579148031496063
11
2.0336427165354332
21
1.6579466929133857
0
LINE
8
BLACK
6
CONTINUOUS
10
2.0336427165354332
20
1.6579466929133857
11
2.0337370078740156
21
1.6579148031496063
0
LINE
8
BLACK
6
CONTINUOUS
10
2.0337370078740156
20
1.6579148031496063
11
2.033836653543307
21
1.6579148031496063
0
LINE
8
BLACK
6
CONTINUOUS
10
2.033836653543307
20
1.6579148031496063
11
2.0342798425196849
21
1.6577312204724408
0
LINE
8
BLACK
6
CONTINUOUS
10
2.0342798425196849
20
1.6577312204724408
11
2.0347340944881891
21
1.6575775984251968
0
LINE
8
BLACK
6
CONTINUOUS
10
2.0347340944881891
20
1.6575775984251968
11
2.0348489370078742
21
1.6574955118110235
0
LINE
8
BLACK
6
CONTINUOUS
10
2.0348489370078742
20
1.6574955118110235
11
2.0349010629921258
21
1.6574738976377952
0
LINE
8
BLACK
6
CONTINUOUS
10
2.0349010629921258
20
1.6574738976377952
11
2.0349559842519684
21
1.6574189763779528
0
LINE
8
BLACK
6
CONTINUOUS
10
2.0349559842519684
20
1.6574189763779528
11
2.0352049999999999
21
1.6572409448818897
0
LINE
8
BLACK
6
CONTINUOUS
10
2.0352049999999999
20
1.6572409448818897
11
2.0454140157480314
21
1.6483080708661417
0
LINE
8
BLACK
6
CONTINUOUS
10
2.0454140157480314
20
1.6483080708661417
11
2.0456176771653545
21
1.6488402362204724
0
LINE
8
BLACK
6
CONTINUOUS
10
2.0456176771653545
20
1.6488402362204724
11
2.047492440944882
21
1.6525897637795275
0
LINE
8
BLACK
6
CONTINUOUS
10
2.047492440944882
20
1.6525897637795275
11
2.0476485039370078
21
1.6528377952755906
0
LINE
8
BLACK
6
CONTINUOUS
10
2.0476485039370078
20
1.6528377952755906
11
2.047678346456693
21
1.6529097244094488
0
LINE
8
BLACK
6
CONTINUOUS
10
2.047678346456693
20
1.6529097244094488
11
2.0477448031496062
21
1.6529907086614173
0
LINE
8
BLACK
6
CONTINUOUS
10
2.0477448031496062
20
1.6529907086614173
11
2.0478007874015747
21
1.6530796456692913
0
LINE
8
BLACK
6
CONTINUOUS
10
2.0478007874015747
20
1.6530796456692913
11
2.0478597637795275
21
1.6531308267716536
0
LINE
8
BLACK
6
CONTINUOUS
10
2.0478597637795275
20
1.6531308267716536
11
2.0480455511811022
21
1.6533571653543306
0
LINE
8
BLACK
6
CONTINUOUS
10
2.0480455511811022
20
1.6533571653543306
11
2.0499203149606298
21
1.6552319291338582
0
LINE
8
BLACK
6
CONTINUOUS
10
2.0499203149606298
20
1.6552319291338582
11
2.0501466535433068
21
1.6554177165354331
0
LINE
8
BLACK
6
CONTINUOUS
10
2.0501466535433068
20
1.6554177165354331
11
2.0501978346456693
21
1.6554766929133857
0
LINE
8
BLACK
6
CONTINUOUS
10
2.0501978346456693
20
1.6554766929133857
11
2.0502867716535431
21
1.6555326771653542
0
LINE
8
BLACK
6
CONTINUOUS
10
2.0502867716535431
20
1.6555326771653542
11
2.0503677559055116
21
1.6555991338582676
0
LINE
8
BLACK
6
CONTINUOUS
10
2.0503677559055116
20
1.6555991338582676
11
2.05043968503937
21
1.6556289763779528
0
LINE
8
BLACK
6
CONTINUOUS
10
2.05043968503937
20
1.6556289763779528
11
2.0506877165354331
21
1.6557850393700786
0
LINE
8
BLACK
6
CONTINUOUS
10
2.0506877165354331
20
1.6557850393700786
11
2.0544372440944882
21
1.6576598031496064
0
LINE
8
BLACK
6
CONTINUOUS
10
2.0544372440944882
20
1.6576598031496064
11
2.0549778346456691
21
1.6578666929133858
0
LINE
8
BLACK
6
CONTINUOUS
10
2.0549778346456691
20
1.6578666929133858
11
2.0550837007874017
21
1.6578742519685039
0
LINE
8
BLACK
6
CONTINUOUS
10
2.0550837007874017
20
1.6578742519685039
11
2.0551816929133859
21
1.6579148031496063
0
LINE
8
BLACK
6
CONTINUOUS
10
2.0551816929133859
20
1.6579148031496063
11
2.0557577559055118
21
1.6579715354330709
0
LINE
8
BLACK
6
CONTINUOUS
10
2.0557577559055118
20
1.6579715354330709
11
2.0651315748031496
21
1.6579715354330709
0
LINE
8
BLACK
6
CONTINUOUS
10
2.0651315748031496
20
1.6579715354330709
11
2.0657076377952754
21
1.6579148031496063
0
LINE
8
BLACK
6
CONTINUOUS
10
1.059906062992126
20
2.4208708267716537
11
1.0847138582677165
21
2.4185258267716536
0
LINE
8
BLACK
6
CONTINUOUS
10
1.0847138582677165
20
2.4185258267716536
11
1.1093254724409449
21
2.4146277165354331
0
LINE
8
BLACK
6
CONTINUOUS
10
1.1093254724409449
20
2.4146277165354331
11
1.1336437401574804
21
2.4091919291338582
0
LINE
8
BLACK
6
CONTINUOUS
10
1.1336437401574804
20
2.4091919291338582
11
1.1575726771653543
21
2.4022399212598424
0
LINE
8
BLACK
6
CONTINUOUS
10
1.1575726771653543
20
2.4022399212598424
11
1.1810179133858267
21
2.3937991338582676
0
LINE
8
BLACK
6
CONTINUOUS
10
1.1810179133858267
20
2.3937991338582676
11
1.2038868503937008
21
2.3839028740157482
0
LINE
8
BLACK
6
CONTINUOUS
10
1.2038868503937008
20
2.3839028740157482
11
1.2260892913385826
21
2.3725901574803148
0
LINE
8
BLACK
6
CONTINUOUS
10
1.2260892913385826
20
2.3725901574803148
11
1.2475375984251968
21
2.3599056692913387
0
LINE
8
BLACK
6
CONTINUOUS
10
1.2475375984251968
20
2.3599056692913387
11
1.2681470866141733
21
2.3458994488188978
0
LINE
8
BLACK
6
CONTINUOUS
10
1.2681470866141733
20
2.3458994488188978
11
1.287836496062992
21
2.3306268110236221
0
LINE
8
BLACK
6
CONTINUOUS
10
1.287836496062992
20
2.3306268110236221
11
1.306528031496063
21
2.3141479921259842
0
LINE
8
BLACK
6
CONTINUOUS
10
1.306528031496063
20
2.3141479921259842
11
1.3241479921259842
21
2.296528031496063
0
LINE
8
BLACK
6
CONTINUOUS
10
1.3241479921259842
20
2.296528031496063
11
1.3406268110236219
21
2.2778364960629922
0
LINE
8
BLACK
6
CONTINUOUS
10
1.3406268110236219
20
2.2778364960629922
11
1.3558994488188976
21
2.2581470866141733
0
LINE
8
BLACK
6
CONTINUOUS
10
1.3558994488188976
20
2.2581470866141733
11
1.3699056692913385
21
2.2375375984251966
0
LINE
8
BLACK
6
CONTINUOUS
10
1.3699056692913385
20
2.2375375984251966
11
1.382590157480315
21
2.2160892913385828
0
LINE
8
BLACK
6
CONTINUOUS
10
1.382590157480315
20
2.2160892913385828
11
1.393902874015748
21
2.1938868503937008
0
LINE
8
BLACK
6
CONTINUOUS
10
1.393902874015748
20
2.1938868503937008
11
1.4037991338582676
21
2.1710179133858265
0
LINE
8
BLACK
6
CONTINUOUS
10
1.4037991338582676
20
2.1710179133858265
11
1.4122399212598424
21
2.1475726771653543
0
LINE
8
BLACK
6
CONTINUOUS
10
1.4122399212598424
20
2.1475726771653543
11
1.4191919291338582
21
2.1236437401574801
0
LINE
8
BLACK
6
CONTINUOUS
10
1.4191919291338582
20
2.1236437401574801
11
1.4246277165354331
21
2.0993254724409449
0
LINE
8
BLACK
6
CONTINUOUS
10
1.4246277165354331
20
2.0993254724409449
11
1.4285258267716534
21
2.0747138582677165
0
LINE
8
BLACK
6
CONTINUOUS
10
1.4285258267716534
20
2.0747138582677165
11
1.4308708267716534
21
2.0499060629921257
0
LINE
8
BLACK
6
CONTINUOUS
10
1.4308708267716534
20
2.0499060629921257
11
1.4316535433070865
21
2.0249999999999999
0
LINE
8
BLACK
6
CONTINUOUS
10
1.4316535433070865
20
2.0249999999999999
11
1.4308708267716534
21
2.0000939370078741
0
LINE
8
BLACK
6
CONTINUOUS
10
1.4308708267716534
20
2.0000939370078741
11
1.4285258267716534
21
1.9752861417322833
0
LINE
8
BLACK
6
CONTINUOUS
10
1.4285258267716534
20
1.9752861417322833
11
1.4246277165354331
21
1.9506745275590551
0
LINE
8
BLACK
6
CONTINUOUS
10
1.4246277165354331
20
1.9506745275590551
11
1.4191919291338582
21
1.9263562598425197
0
LINE
8
BLACK
6
CONTINUOUS
10
1.4191919291338582
20
1.9263562598425197
11
1.4122399212598424
21
1.9024273228346456
0
LINE
8
BLACK
6
CONTINUOUS
10
1.4122399212598424
20
1.9024273228346456
11
1.4037991338582676
21
1.8789820866141731
0
LINE
8
BLACK
6
CONTINUOUS
10
1.4037991338582676
20
1.8789820866141731
11
1.393902874015748
21
1.8561131496062993
0
LINE
8
BLACK
6
CONTINUOUS
10
1.393902874015748
20
1.8561131496062993
11
1.382590157480315
21
1.8339107086614173
0
LINE
8
BLACK
6
CONTINUOUS
10
1.382590157480315
20
1.8339107086614173
11
1.3699056692913385
21
1.8124624015748032
0
LINE
8
BLACK
6
CONTINUOUS
10
1.3699056692913385
20
1.8124624015748032
11
1.3558994488188976
21
1.7918529133858268
0
LINE
8
BLACK
6
CONTINUOUS
10
1.3558994488188976
20
1.7918529133858268
11
1.3406268110236219
21
1.7721635039370078
0
LINE
8
BLACK
6
CONTINUOUS
10
1.3406268110236219
20
1.7721635039370078
11
1.3241479921259842
21
1.7534719685039371
0
LINE
8
BLACK
6
CONTINUOUS
10
1.3241479921259842
20
1.7534719685039371
11
1.306528031496063
21
1.7358520078740156
0
LINE
8
BLACK
6
CONTINUOUS
10
1.306528031496063
20
1.7358520078740156
11
1.287836496062992
21
1.7193731889763779
0
LINE
8
BLACK
6
CONTINUOUS
10
1.287836496062992
20
1.7193731889763779
11
1.2681470866141733
21
1.7041005511811023
0
LINE
8
BLACK
6
CONTINUOUS
10
1.2681470866141733
20
1.7041005511811023
11
1.2475375984251968
21
1.6900943307086613
0
LINE
8
BLACK
6
CONTINUOUS
10
1.2475375984251968
20
1.6900943307086613
11
1.2260892913385826
21
1.6774098425196851
0
LINE
8
BLACK
6
CONTINUOUS
10
1.2260892913385826
20
1.6774098425196851
11
1.2038868503937008
21
1.6660971259842519
0
LINE
8
BLACK
6
CONTINUOUS
10
1.2038868503937008
20
1.6660971259842519
11
1.1810179133858267
21
1.6562008661417322
0
LINE
8
BLACK
6
CONTINUOUS
10
1.1810179133858267
20
1.6562008661417322
11
1.1575726771653543
21
1.6477600787401574
0
LINE
8
BLACK
6
CONTINUOUS
10
1.1575726771653543
20
1.6477600787401574
11
1.1336437401574804
21
1.6408080708661417
0
LINE
8
BLACK
6
CONTINUOUS
10
1.1336437401574804
20
1.6408080708661417
11
1.1093254724409449
21
1.635372283464567
0
LINE
8
BLACK
6
CONTINUOUS
10
1.1093254724409449
20
1.635372283464567
11
1.0847138582677165
21
1.6314741732283464
0
LINE
8
BLACK
6
CONTINUOUS
10
1.0847138582677165
20
1.6314741732283464
11
1.059906062992126
21
1.6291291732283464
0
LINE
8
BLACK
6
CONTINUOUS
10
1.059906062992126
20
1.6291291732283464
11
1.0349999999999999
21
1.6283464566929133
0
LINE
8
BLACK
6
CONTINUOUS
10
1.0349999999999999
20
1.6283464566929133
11
1.0100939370078741
21
1.6291291732283464
0
LINE
8
BLACK
6
CONTINUOUS
10
1.0100939370078741
20
1.6291291732283464
11
0.9852861417322835
21
1.6314741732283464
0
LINE
8
BLACK
6
CONTINUOUS
10
0.9852861417322835
20
1.6314741732283464
11
0.9606745275590551
21
1.635372283464567
0
LINE
8
BLACK
6
CONTINUOUS
10
0.9606745275590551
20
1.635372283464567
11
0.9363562598425197
21
1.6408080708661417
0
LINE
8
BLACK
6
CONTINUOUS
10
0.9363562598425197
20
1.6408080708661417
11
0.9124273228346457
21
1.6477600787401574
0
LINE
8
BLACK
6
CONTINUOUS
10
0.9124273228346457
20
1.6477600787401574
11
0.8889820866141732
21
1.6562008661417322
0
LINE
8
BLACK
6
CONTINUOUS
10
0.8889820866141732
20
1.6562008661417322
11
0.8661131496062991
21
1.6660971259842519
0
LINE
8
BLACK
6
CONTINUOUS
10
0.8661131496062991
20
1.6660971259842519
11
0.8439107086614173
21
1.6774098425196851
0
LINE
8
BLACK
6
CONTINUOUS
10
0.8439107086614173
20
1.6774098425196851
11
0.8224624015748031
21
1.6900943307086613
0
LINE
8
BLACK
6
CONTINUOUS
10
0.8224624015748031
20
1.6900943307086613
11
0.8018529133858268
21
1.7041005511811023
0
LINE
8
BLACK
6
CONTINUOUS
10
0.8018529133858268
20
1.7041005511811023
11
0.7821635039370078
21
1.7193731889763779
0
LINE
8
BLACK
6
CONTINUOUS
10
0.7821635039370078
20
1.7193731889763779
11
0.7634719685039369
21
1.7358520078740156
0
LINE
8
BLACK
6
CONTINUOUS
10
0.7634719685039369
20
1.7358520078740156
11
0.7458520078740157
21
1.7534719685039371
0
LINE
8
BLACK
6
CONTINUOUS
10
0.7458520078740157
20
1.7534719685039371
11
0.7293731889763779
21
1.7721635039370078
0
LINE
8
BLACK
6
CONTINUOUS
10
0.7293731889763779
20
1.7721635039370078
11
0.7141005511811024
21
1.7918529133858268
0
LINE
8
BLACK
6
CONTINUOUS
10
0.7141005511811024
20
1.7918529133858268
11
0.7000943307086614
21
1.8124624015748032
0
LINE
8
BLACK
6
CONTINUOUS
10
0.7000943307086614
20
1.8124624015748032
11
0.6874098425196851
21
1.8339107086614173
0
LINE
8
BLACK
6
CONTINUOUS
10
0.6874098425196851
20
1.8339107086614173
11
0.676097125984252
21
1.8561131496062993
0
LINE
8
BLACK
6
CONTINUOUS
10
0.676097125984252
20
1.8561131496062993
11
0.6662008661417322
21
1.8789820866141731
0
LINE
8
BLACK
6
CONTINUOUS
10
0.6662008661417322
20
1.8789820866141731
11
0.6577600787401575
21
1.9024273228346456
0
LINE
8
BLACK
6
CONTINUOUS
10
0.6577600787401575
20
1.9024273228346456
11
0.6508080708661417
21
1.9263562598425197
0
LINE
8
BLACK
6
CONTINUOUS
10
0.6508080708661417
20
1.9263562598425197
11
0.6453722834645669
21
1.9506745275590551
0
LINE
8
BLACK
6
CONTINUOUS
10
0.6453722834645669
20
1.9506745275590551
11
0.6414741732283464
21
1.9752861417322833
0
LINE
8
BLACK
6
CONTINUOUS
10
0.6414741732283464
20
1.9752861417322833
11
0.6391291732283464
21
2.0000939370078741
0
LINE
8
BLACK
6
CONTINUOUS
10
0.6391291732283464
20
2.0000939370078741
11
0.6383464566929133
21
2.0249999999999999
0
LINE
8
BLACK
6
CONTINUOUS
10
0.6383464566929133
20
2.0249999999999999
11
0.6391291732283464
21
2.0499060629921257
0
LINE
8
BLACK
6
CONTINUOUS
10
0.6391291732283464
20
2.0499060629921257
11
0.6414741732283464
21
2.0747138582677165
0
LINE
8
BLACK
6
CONTINUOUS
10
0.6414741732283464
20
2.0747138582677165
11
0.6453722834645669
21
2.0993254724409449
0
LINE
8
BLACK
6
CONTINUOUS
10
0.6453722834645669
20
2.0993254724409449
11
0.6508080708661417
21
2.1236437401574801
0
LINE
8
BLACK
6
CONTINUOUS
10
0.6508080708661417
20
2.1236437401574801
11
0.6577600787401575
21
2.1475726771653543
0
LINE
8
BLACK
6
CONTINUOUS
10
0.6577600787401575
20
2.1475726771653543
11
0.6662008661417322
21
2.1710179133858265
0
LINE
8
BLACK
6
CONTINUOUS
10
0.6662008661417322
20
2.1710179133858265
11
0.676097125984252
21
2.1938868503937008
0
LINE
8
BLACK
6
CONTINUOUS
10
0.676097125984252
20
2.1938868503937008
11
0.6874098425196851
21
2.2160892913385828
0
LINE
8
BLACK
6
CONTINUOUS
10
0.6874098425196851
20
2.2160892913385828
11
0.7000943307086614
21
2.2375375984251966
0
LINE
8
BLACK
6
CONTINUOUS
10
0.7000943307086614
20
2.2375375984251966
11
0.7141005511811024
21
2.2581470866141733
0
LINE
8
BLACK
6
CONTINUOUS
10
0.7141005511811024
20
2.2581470866141733
11
0.7293731889763779
21
2.2778364960629922
0
LINE
8
BLACK
6
CONTINUOUS
10
0.7293731889763779
20
2.2778364960629922
11
0.7458520078740157
21
2.296528031496063
0
LINE
8
BLACK
6
CONTINUOUS
10
0.7458520078740157
20
2.296528031496063
11
0.7634719685039369
21
2.3141479921259842
0
LINE
8
BLACK
6
CONTINUOUS
10
0.7634719685039369
20
2.3141479921259842
11
0.7821635039370078
21
2.3306268110236221
0
LINE
8
BLACK
6
CONTINUOUS
10
0.7821635039370078
20
2.3306268110236221
11
0.8018529133858268
21
2.3458994488188978
0
LINE
8
BLACK
6
CONTINUOUS
10
0.8018529133858268
20
2.3458994488188978
11
0.8224624015748031
21
2.3599056692913387
0
LINE
8
BLACK
6
CONTINUOUS
10
0.8224624015748031
20
2.3599056692913387
11
0.8439107086614173
21
2.3725901574803148
0
LINE
8
BLACK
6
CONTINUOUS
10
0.8439107086614173
20
2.3725901574803148
11
0.8661131496062991
21
2.3839028740157482
0
LINE
8
BLACK
6
CONTINUOUS
10
0.8661131496062991
20
2.3839028740157482
11
0.8889820866141732
21
2.3937991338582676
0
LINE
8
BLACK
6
CONTINUOUS
10
0.8889820866141732
20
2.3937991338582676
11
0.9124273228346457
21
2.4022399212598424
0
LINE
8
BLACK
6
CONTINUOUS
10
0.9124273228346457
20
2.4022399212598424
11
0.9363562598425197
21
2.4091919291338582
0
LINE
8
BLACK
6
CONTINUOUS
10
0.9363562598425197
20
2.4091919291338582
11
0.9606745275590551
21
2.4146277165354331
0
LINE
8
BLACK
6
CONTINUOUS
10
0.9606745275590551
20
2.4146277165354331
11
0.9852861417322835
21
2.4185258267716536
0
LINE
8
BLACK
6
CONTINUOUS
10
0.9852861417322835
20
2.4185258267716536
11
1.0100939370078741
21
2.4208708267716537
0
LINE
8
BLACK
6
CONTINUOUS
10
1.0100939370078741
20
2.4208708267716537
11
1.0349999999999999
21
2.4216535433070865
0
LINE
8
BLACK
6
CONTINUOUS
10
1.0349999999999999
20
2.4216535433070865
11
1.059906062992126
21
2.4208708267716537
0
LINE
8
BLACK
6
CONTINUOUS
10
0.6448304724409448
20
2.0004525984251966
11
0.6471417322834645
21
1.976002125984252
0
LINE
8
BLACK
6
CONTINUOUS
10
0.6471417322834645
20
1.976002125984252
11
0.6509837007874015
21
1.9517449606299213
0
LINE
8
BLACK
6
CONTINUOUS
10
0.6509837007874015
20
1.9517449606299213
11
0.6563411811023622
21
1.9277769291338582
0
LINE
8
BLACK
6
CONTINUOUS
10
0.6563411811023622
20
1.9277769291338582
11
0.6631930708661418
21
1.9041925984251968
0
LINE
8
BLACK
6
CONTINUOUS
10
0.6631930708661418
20
1.9041925984251968
11
0.6715122834645669
21
1.8810850393700786
0
LINE
8
BLACK
6
CONTINUOUS
10
0.6715122834645669
20
1.8810850393700786
11
0.681266062992126
21
1.8585454330708662
0
LINE
8
BLACK
6
CONTINUOUS
10
0.681266062992126
20
1.8585454330708662
11
0.6924158267716535
21
1.8366627559055118
0
LINE
8
BLACK
6
CONTINUOUS
10
0.6924158267716535
20
1.8366627559055118
11
0.7049176377952756
21
1.8155233858267716
0
LINE
8
BLACK
6
CONTINUOUS
10
0.7049176377952756
20
1.8155233858267716
11
0.718722125984252
21
1.7952106692913385
0
LINE
8
BLACK
6
CONTINUOUS
10
0.718722125984252
20
1.7952106692913385
11
0.7337748425196851
21
1.7758048818897638
0
LINE
8
BLACK
6
CONTINUOUS
10
0.7337748425196851
20
1.7758048818897638
11
0.7500162992125984
21
1.7573825196850392
0
LINE
8
BLACK
6
CONTINUOUS
10
0.7500162992125984
20
1.7573825196850392
11
0.7673825196850393
21
1.7400162992125985
0
LINE
8
BLACK
6
CONTINUOUS
10
0.7673825196850393
20
1.7400162992125985
11
0.7858048818897637
21
1.723774842519685
0
LINE
8
BLACK
6
CONTINUOUS
10
0.7858048818897637
20
1.723774842519685
11
0.8052106692913386
21
1.708722125984252
0
LINE
8
BLACK
6
CONTINUOUS
10
0.8052106692913386
20
1.708722125984252
11
0.8255233858267716
21
1.6949176377952755
0
LINE
8
BLACK
6
CONTINUOUS
10
0.8255233858267716
20
1.6949176377952755
11
0.8466627559055118
21
1.6824158267716536
0
LINE
8
BLACK
6
CONTINUOUS
10
0.8466627559055118
20
1.6824158267716536
11
0.8685454330708661
21
1.6712660629921259
0
LINE
8
BLACK
6
CONTINUOUS
10
0.8685454330708661
20
1.6712660629921259
11
0.8910850393700788
21
1.6615122834645668
0
LINE
8
BLACK
6
CONTINUOUS
10
0.8910850393700788
20
1.6615122834645668
11
0.9141925984251968
21
1.6531930708661418
0
LINE
8
BLACK
6
CONTINUOUS
10
0.9141925984251968
20
1.6531930708661418
11
0.9377769291338582
21
1.6463411811023623
0
LINE
8
BLACK
6
CONTINUOUS
10
0.9377769291338582
20
1.6463411811023623
11
0.9617449606299212
21
1.6409837007874015
0
LINE
8
BLACK
6
CONTINUOUS
10
0.9617449606299212
20
1.6409837007874015
11
0.986002125984252
21
1.6371417322834645
0
LINE
8
BLACK
6
CONTINUOUS
10
0.986002125984252
20
1.6371417322834645
11
1.0104525984251969
21
1.6348304724409448
0
LINE
8
BLACK
6
CONTINUOUS
10
1.0104525984251969
20
1.6348304724409448
11
1.0349999999999999
21
1.6340590551181102
0
LINE
8
BLACK
6
CONTINUOUS
10
1.0349999999999999
20
1.6340590551181102
11
1.0595474015748032
21
1.6348304724409448
0
LINE
8
BLACK
6
CONTINUOUS
10
1.0595474015748032
20
1.6348304724409448
11
1.0839978740157481
21
1.6371417322834645
0
LINE
8
BLACK
6
CONTINUOUS
10
1.0839978740157481
20
1.6371417322834645
11
1.1082550393700787
21
1.6409837007874015
0
LINE
8
BLACK
6
CONTINUOUS
10
1.1082550393700787
20
1.6409837007874015
11
1.1322230708661416
21
1.6463411811023623
0
LINE
8
BLACK
6
CONTINUOUS
10
1.1322230708661416
20
1.6463411811023623
11
1.1558074015748032
21
1.6531930708661418
0
LINE
8
BLACK
6
CONTINUOUS
10
1.1558074015748032
20
1.6531930708661418
11
1.1789149606299212
21
1.6615122834645668
0
LINE
8
BLACK
6
CONTINUOUS
10
1.1789149606299212
20
1.6615122834645668
11
1.2014545669291339
21
1.6712660629921259
0
LINE
8
BLACK
6
CONTINUOUS
10
1.2014545669291339
20
1.6712660629921259
11
1.2233372440944881
21
1.6824158267716536
0
LINE
8
BLACK
6
CONTINUOUS
10
1.2233372440944881
20
1.6824158267716536
11
1.2444766141732284
21
1.6949176377952755
0
LINE
8
BLACK
6
CONTINUOUS
10
1.2444766141732284
20
1.6949176377952755
11
1.2647893307086613
21
1.708722125984252
0
LINE
8
BLACK
6
CONTINUOUS
10
1.2647893307086613
20
1.708722125984252
11
1.2841951181102362
21
1.723774842519685
0
LINE
8
BLACK
6
CONTINUOUS
10
1.2841951181102362
20
1.723774842519685
11
1.3026174803149606
21
1.7400162992125985
0
LINE
8
BLACK
6
CONTINUOUS
10
1.3026174803149606
20
1.7400162992125985
11
1.3199837007874016
21
1.7573825196850392
0
LINE
8
BLACK
6
CONTINUOUS
10
1.3199837007874016
20
1.7573825196850392
11
1.336225157480315
21
1.7758048818897638
0
LINE
8
BLACK
6
CONTINUOUS
10
1.336225157480315
20
1.7758048818897638
11
1.3512778740157481
21
1.7952106692913385
0
LINE
8
BLACK
6
CONTINUOUS
10
1.3512778740157481
20
1.7952106692913385
11
1.3650823622047243
21
1.8155233858267716
0
LINE
8
BLACK
6
CONTINUOUS
10
1.3650823622047243
20
1.8155233858267716
11
1.3775841732283465
21
1.8366627559055118
0
LINE
8
BLACK
6
CONTINUOUS
10
1.3775841732283465
20
1.8366627559055118
11
1.388733937007874
21
1.8585454330708662
0
LINE
8
BLACK
6
CONTINUOUS
10
1.388733937007874
20
1.8585454330708662
11
1.398487716535433
21
1.8810850393700786
0
LINE
8
BLACK
6
CONTINUOUS
10
1.398487716535433
20
1.8810850393700786
11
1.4068069291338583
21
1.9041925984251968
0
LINE
8
BLACK
6
CONTINUOUS
10
1.4068069291338583
20
1.9041925984251968
11
1.4136588188976378
21
1.9277769291338582
0
LINE
8
BLACK
6
CONTINUOUS
10
1.4136588188976378
20
1.9277769291338582
11
1.4190162992125983
21
1.9517449606299213
0
LINE
8
BLACK
6
CONTINUOUS
10
1.4190162992125983
20
1.9517449606299213
11
1.4228582677165353
21
1.976002125984252
0
LINE
8
BLACK
6
CONTINUOUS
10
1.4228582677165353
20
1.976002125984252
11
1.425169527559055
21
2.0004525984251966
0
LINE
8
BLACK
6
CONTINUOUS
10
1.425169527559055
20
2.0004525984251966
11
1.4259409448818898
21
2.0249999999999999
0
LINE
8
BLACK
6
CONTINUOUS
10
1.4259409448818898
20
2.0249999999999999
11
1.425169527559055
21
2.0495474015748032
0
LINE
8
BLACK
6
CONTINUOUS
10
1.425169527559055
20
2.0495474015748032
11
1.4228582677165353
21
2.0739978740157481
0
LINE
8
BLACK
6
CONTINUOUS
10
1.4228582677165353
20
2.0739978740157481
11
1.4190162992125983
21
2.0982550393700787
0
LINE
8
BLACK
6
CONTINUOUS
10
1.4190162992125983
20
2.0982550393700787
11
1.4136588188976378
21
2.1222230708661418
0
LINE
8
BLACK
6
CONTINUOUS
10
1.4136588188976378
20
2.1222230708661418
11
1.4068069291338583
21
2.1458074015748032
0
LINE
8
BLACK
6
CONTINUOUS
10
1.4068069291338583
20
2.1458074015748032
11
1.398487716535433
21
2.1689149606299214
0
LINE
8
BLACK
6
CONTINUOUS
10
1.398487716535433
20
2.1689149606299214
11
1.388733937007874
21
2.1914545669291337
0
LINE
8
BLACK
6
CONTINUOUS
10
1.388733937007874
20
2.1914545669291337
11
1.3775841732283465
21
2.2133372440944883
0
LINE
8
BLACK
6
CONTINUOUS
10
1.3775841732283465
20
2.2133372440944883
11
1.3650823622047243
21
2.2344766141732282
0
LINE
8
BLACK
6
CONTINUOUS
10
1.3650823622047243
20
2.2344766141732282
11
1.3512778740157481
21
2.2547893307086615
0
LINE
8
BLACK
6
CONTINUOUS
10
1.3512778740157481
20
2.2547893307086615
11
1.336225157480315
21
2.274195118110236
0
LINE
8
BLACK
6
CONTINUOUS
10
1.336225157480315
20
2.274195118110236
11
1.3199837007874016
21
2.2926174803149606
0
LINE
8
BLACK
6
CONTINUOUS
10
1.3199837007874016
20
2.2926174803149606
11
1.3026174803149606
21
2.3099837007874013
0
LINE
8
BLACK
6
CONTINUOUS
10
1.3026174803149606
20
2.3099837007874013
11
1.2841951181102362
21
2.326225157480315
0
LINE
8
BLACK
6
CONTINUOUS
10
1.2841951181102362
20
2.326225157480315
11
1.2647893307086613
21
2.3412778740157481
0
LINE
8
BLACK
6
CONTINUOUS
10
1.2647893307086613
20
2.3412778740157481
11
1.2444766141732284
21
2.3550823622047243
0
LINE
8
BLACK
6
CONTINUOUS
10
1.2444766141732284
20
2.3550823622047243
11
1.2233372440944881
21
2.3675841732283462
0
LINE
8
BLACK
6
CONTINUOUS
10
1.2233372440944881
20
2.3675841732283462
11
1.2014545669291339
21
2.3787339370078739
0
LINE
8
BLACK
6
CONTINUOUS
10
1.2014545669291339
20
2.3787339370078739
11
1.1789149606299212
21
2.3884877165354332
0
LINE
8
BLACK
6
CONTINUOUS
10
1.1789149606299212
20
2.3884877165354332
11
1.1558074015748032
21
2.3968069291338581
0
LINE
8
BLACK
6
CONTINUOUS
10
1.1558074015748032
20
2.3968069291338581
11
1.1322230708661416
21
2.4036588188976378
0
LINE
8
BLACK
6
CONTINUOUS
10
1.1322230708661416
20
2.4036588188976378
11
1.1082550393700787
21
2.4090162992125985
0
LINE
8
BLACK
6
CONTINUOUS
10
1.1082550393700787
20
2.4090162992125985
11
1.0839978740157481
21
2.4128582677165356
0
LINE
8
BLACK
6
CONTINUOUS
10
1.0839978740157481
20
2.4128582677165356
11
1.0595474015748032
21
2.4151695275590552
0
LINE
8
BLACK
6
CONTINUOUS
10
1.0595474015748032
20
2.4151695275590552
11
1.0349999999999999
21
2.4159409448818896
0
LINE
8
BLACK
6
CONTINUOUS
10
1.0349999999999999
20
2.4159409448818896
11
1.0104525984251969
21
2.4151695275590552
0
LINE
8
BLACK
6
CONTINUOUS
10
1.0104525984251969
20
2.4151695275590552
11
0.986002125984252
21
2.4128582677165356
0
LINE
8
BLACK
6
CONTINUOUS
10
0.986002125984252
20
2.4128582677165356
11
0.9617449606299212
21
2.4090162992125985
0
LINE
8
BLACK
6
CONTINUOUS
10
0.9617449606299212
20
2.4090162992125985
11
0.9377769291338582
21
2.4036588188976378
0
LINE
8
BLACK
6
CONTINUOUS
10
0.9377769291338582
20
2.4036588188976378
11
0.9141925984251968
21
2.3968069291338581
0
LINE
8
BLACK
6
CONTINUOUS
10
0.9141925984251968
20
2.3968069291338581
11
0.8910850393700788
21
2.3884877165354332
0
LINE
8
BLACK
6
CONTINUOUS
10
0.8910850393700788
20
2.3884877165354332
11
0.8685454330708661
21
2.3787339370078739
0
LINE
8
BLACK
6
CONTINUOUS
10
0.8685454330708661
20
2.3787339370078739
11
0.8466627559055118
21
2.3675841732283462
0
LINE
8
BLACK
6
CONTINUOUS
10
0.8466627559055118
20
2.3675841732283462
11
0.8255233858267716
21
2.3550823622047243
0
LINE
8
BLACK
6
CONTINUOUS
10
0.8255233858267716
20
2.3550823622047243
11
0.8052106692913386
21
2.3412778740157481
0
LINE
8
BLACK
6
CONTINUOUS
10
0.8052106692913386
20
2.3412778740157481
11
0.7858048818897637
21
2.326225157480315
0
LINE
8
BLACK
6
CONTINUOUS
10
0.7858048818897637
20
2.326225157480315
11
0.7673825196850393
21
2.3099837007874013
0
LINE
8
BLACK
6
CONTINUOUS
10
0.7673825196850393
20
2.3099837007874013
11
0.7500162992125984
21
2.2926174803149606
0
LINE
8
BLACK
6
CONTINUOUS
10
0.7500162992125984
20
2.2926174803149606
11
0.7337748425196851
21
2.274195118110236
0
LINE
8
BLACK
6
CONTINUOUS
10
0.7337748425196851
20
2.274195118110236
11
0.718722125984252
21
2.2547893307086615
0
LINE
8
BLACK
6
CONTINUOUS
10
0.718722125984252
20
2.2547893307086615
11
0.7049176377952756
21
2.2344766141732282
0
LINE
8
BLACK
6
CONTINUOUS
10
0.7049176377952756
20
2.2344766141732282
11
0.6924158267716535
21
2.2133372440944883
0
LINE
8
BLACK
6
CONTINUOUS
10
0.6924158267716535
20
2.2133372440944883
11
0.681266062992126
21
2.1914545669291337
0
LINE
8
BLACK
6
CONTINUOUS
10
0.681266062992126
20
2.1914545669291337
11
0.6715122834645669
21
2.1689149606299214
0
LINE
8
BLACK
6
CONTINUOUS
10
0.6715122834645669
20
2.1689149606299214
11
0.6631930708661418
21
2.1458074015748032
0
LINE
8
BLACK
6
CONTINUOUS
10
0.6631930708661418
20
2.1458074015748032
11
0.6563411811023622
21
2.1222230708661418
0
LINE
8
BLACK
6
CONTINUOUS
10
0.6563411811023622
20
2.1222230708661418
11
0.6509837007874015
21
2.0982550393700787
0
LINE
8
BLACK
6
CONTINUOUS
10
0.6509837007874015
20
2.0982550393700787
11
0.6471417322834645
21
2.0739978740157481
0
LINE
8
BLACK
6
CONTINUOUS
10
0.6471417322834645
20
2.0739978740157481
11
0.6448304724409448
21
2.0495474015748032
0
LINE
8
BLACK
6
CONTINUOUS
10
0.6448304724409448
20
2.0495474015748032
11
0.6440590551181102
21
2.0249999999999999
0
LINE
8
BLACK
6
CONTINUOUS
10
0.6440590551181102
20
2.0249999999999999
11
0.6448304724409448
21
2.0004525984251966
0
LINE
8
BLACK
6
CONTINUOUS
10
2.0657076377952754
20
1.6954101181102361
11
2.0658056299212597
21
1.695369527559055
0
LINE
8
BLACK
6
CONTINUOUS
10
2.0658056299212597
20
1.695369527559055
11
2.0659114566929135
21
1.6953620078740157
0
LINE
8
BLACK
6
CONTINUOUS
10
2.0659114566929135
20
1.6953620078740157
11
2.0664520866141731
21
1.6951551181102362
0
LINE
8
BLACK
6
CONTINUOUS
10
2.0664520866141731
20
1.6951551181102362
11
2.0702016141732282
21
1.6932803543307087
0
LINE
8
BLACK
6
CONTINUOUS
10
2.0702016141732282
20
1.6932803543307087
11
2.0704494881889763
21
1.6931243307086614
0
LINE
8
BLACK
6
CONTINUOUS
10
2.0704494881889763
20
1.6931243307086614
11
2.0705215354330706
21
1.6930944881889762
0
LINE
8
BLACK
6
CONTINUOUS
10
2.0705215354330706
20
1.6930944881889762
11
2.0706025590551183
21
1.6930279921259843
0
LINE
8
BLACK
6
CONTINUOUS
10
2.0706025590551183
20
1.6930279921259843
11
2.0706914960629921
21
1.6929720078740158
0
LINE
8
BLACK
6
CONTINUOUS
10
2.0706914960629921
20
1.6929720078740158
11
2.0707426377952753
21
1.692913031496063
0
LINE
8
BLACK
6
CONTINUOUS
10
2.0707426377952753
20
1.692913031496063
11
2.0709689763779529
21
1.6927272834645668
0
LINE
8
BLACK
6
CONTINUOUS
10
2.0709689763779529
20
1.6927272834645668
11
2.0728437795275592
21
1.6908525196850392
0
LINE
8
BLACK
6
CONTINUOUS
10
2.0728437795275592
20
1.6908525196850392
11
2.0730295275590551
21
1.6906261811023622
0
LINE
8
BLACK
6
CONTINUOUS
10
2.0730295275590551
20
1.6906261811023622
11
2.0730885826771654
21
1.6905749606299212
0
LINE
8
BLACK
6
CONTINUOUS
10
2.0730885826771654
20
1.6905749606299212
11
2.073144566929134
21
1.6904860236220471
0
LINE
8
BLACK
6
CONTINUOUS
10
2.073144566929134
20
1.6904860236220471
11
2.0732110236220471
21
1.6904050393700787
0
LINE
8
BLACK
6
CONTINUOUS
10
2.0732110236220471
20
1.6904050393700787
11
2.0732408267716536
21
1.6903331102362205
0
LINE
8
BLACK
6
CONTINUOUS
10
2.0732408267716536
20
1.6903331102362205
11
2.0733969291338581
21
1.6900850787401573
0
LINE
8
BLACK
6
CONTINUOUS
10
2.0733969291338581
20
1.6900850787401573
11
2.0752716929133856
21
1.6863355511811022
0
LINE
8
BLACK
6
CONTINUOUS
10
2.0752716929133856
20
1.6863355511811022
11
2.0754785826771651
21
1.6857949606299212
0
LINE
8
BLACK
6
CONTINUOUS
10
2.0754785826771651
20
1.6857949606299212
11
2.0754861023622047
21
1.685689094488189
0
LINE
8
BLACK
6
CONTINUOUS
10
2.0754861023622047
20
1.685689094488189
11
2.0755266929133858
21
1.6855911023622048
0
LINE
8
BLACK
6
CONTINUOUS
10
2.0755266929133858
20
1.6855911023622048
11
2.0755834251968501
21
1.6850150393700787
0
LINE
8
BLACK
6
CONTINUOUS
10
2.0755834251968501
20
1.6850150393700787
11
2.0755834251968501
21
1.6756412204724409
0
LINE
8
BLACK
6
CONTINUOUS
10
2.0755834251968501
20
1.6756412204724409
11
2.0755266929133858
21
1.6750651574803148
0
LINE
8
BLACK
6
CONTINUOUS
10
2.0755266929133858
20
1.6750651574803148
11
2.0754861023622047
21
1.6749672047244095
0
LINE
8
BLACK
6
CONTINUOUS
10
2.0754861023622047
20
1.6749672047244095
11
2.0754785826771651
21
1.6748612992125984
0
LINE
8
BLACK
6
CONTINUOUS
10
2.0754785826771651
20
1.6748612992125984
11
2.0752716929133856
21
1.6743207086614174
0
LINE
8
BLACK
6
CONTINUOUS
10
2.0752716929133856
20
1.6743207086614174
11
2.0733969291338581
21
1.6705711811023622
0
LINE
8
BLACK
6
CONTINUOUS
10
2.0733969291338581
20
1.6705711811023622
11
2.0732408267716536
21
1.6703231889763779
0
LINE
8
BLACK
6
CONTINUOUS
10
2.0732408267716536
20
1.6703231889763779
11
2.0732110236220471
21
1.6702512204724409
0
LINE
8
BLACK
6
CONTINUOUS
10
2.0732110236220471
20
1.6702512204724409
11
2.073144566929134
21
1.6701702755905512
0
LINE
8
BLACK
6
CONTINUOUS
10
2.073144566929134
20
1.6701702755905512
11
2.0730885826771654
21
1.6700812992125984
0
LINE
8
BLACK
6
CONTINUOUS
10
2.0730885826771654
20
1.6700812992125984
11
2.0730295275590551
21
1.6700301181102362
0
LINE
8
BLACK
6
CONTINUOUS
10
2.0730295275590551
20
1.6700301181102362
11
2.0728437795275592
21
1.6698037401574803
0
LINE
8
BLACK
6
CONTINUOUS
10
2.0728437795275592
20
1.6698037401574803
11
2.0709689763779529
21
1.6679289763779528
0
LINE
8
BLACK
6
CONTINUOUS
10
2.0709689763779529
20
1.6679289763779528
11
2.0705215354330706
21
1.6675617716535434
0
LINE
8
BLACK
6
CONTINUOUS
10
2.0705215354330706
20
1.6675617716535434
11
2.0694571259842518
21
1.667120905511811
0
LINE
8
BLACK
6
CONTINUOUS
10
2.0694571259842518
20
1.667120905511811
11
2.0683050393700788
21
1.667120905511811
0
LINE
8
BLACK
6
CONTINUOUS
10
2.0683050393700788
20
1.667120905511811
11
2.06724062992126
21
1.6675618110236221
0
LINE
8
BLACK
6
CONTINUOUS
10
2.06724062992126
20
1.6675618110236221
11
2.0664259448818898
21
1.6683764960629921
0
LINE
8
BLACK
6
CONTINUOUS
10
2.0664259448818898
20
1.6683764960629921
11
2.0659850787401575
21
1.6694409055118109
0
LINE
8
BLACK
6
CONTINUOUS
10
2.0659850787401575
20
1.6694409055118109
11
2.0659850787401575
21
1.6705929921259841
0
LINE
8
BLACK
6
CONTINUOUS
10
2.0659850787401575
20
1.6705929921259841
11
2.0664259842519686
21
1.6716574015748031
0
LINE
8
BLACK
6
CONTINUOUS
10
2.0664259842519686
20
1.6716574015748031
11
2.0667932283464565
21
1.6721048818897637
0
LINE
8
BLACK
6
CONTINUOUS
10
2.0667932283464565
20
1.6721048818897637
11
2.0683291732283462
21
1.6736408267716536
0
LINE
8
BLACK
6
CONTINUOUS
10
2.0683291732283462
20
1.6736408267716536
11
2.0696779133858265
21
1.6763382677165355
0
LINE
8
BLACK
6
CONTINUOUS
10
2.0696779133858265
20
1.6763382677165355
11
2.0696779133858265
21
1.6843179921259843
0
LINE
8
BLACK
6
CONTINUOUS
10
2.0696779133858265
20
1.6843179921259843
11
2.0683291732283462
21
1.6870154724409447
0
LINE
8
BLACK
6
CONTINUOUS
10
2.0683291732283462
20
1.6870154724409447
11
2.0671320078740156
21
1.6882125984251968
0
LINE
8
BLACK
6
CONTINUOUS
10
2.0671320078740156
20
1.6882125984251968
11
2.064434527559055
21
1.6895613385826771
0
LINE
8
BLACK
6
CONTINUOUS
10
2.064434527559055
20
1.6895613385826771
11
2.0564548031496064
21
1.6895613385826771
0
LINE
8
BLACK
6
CONTINUOUS
10
2.0564548031496064
20
1.6895613385826771
11
2.0537573228346457
21
1.6882125984251968
0
LINE
8
BLACK
6
CONTINUOUS
10
2.0537573228346457
20
1.6882125984251968
11
2.0525601968503935
21
1.6870154724409447
0
LINE
8
BLACK
6
CONTINUOUS
10
2.0525601968503935
20
1.6870154724409447
11
2.0512114566929132
21
1.6843179921259843
0
LINE
8
BLACK
6
CONTINUOUS
10
2.0512114566929132
20
1.6843179921259843
11
2.0512114566929132
21
1.6763382677165355
0
LINE
8
BLACK
6
CONTINUOUS
10
2.0512114566929132
20
1.6763382677165355
11
2.0525601968503935
21
1.6736407874015748
0
LINE
8
BLACK
6
CONTINUOUS
10
2.0525601968503935
20
1.6736407874015748
11
2.0540961417322836
21
1.6721048425196849
0
LINE
8
BLACK
6
CONTINUOUS
10
2.0540961417322836
20
1.6721048425196849
11
2.0544633464566928
21
1.6716574015748031
0
LINE
8
BLACK
6
CONTINUOUS
10
2.0544633464566928
20
1.6716574015748031
11
2.0545202362204722
21
1.6715200787401574
0
LINE
8
BLACK
6
CONTINUOUS
10
2.0545202362204722
20
1.6715200787401574
11
2.0546144094488188
21
1.6714049606299213
0
LINE
8
BLACK
6
CONTINUOUS
10
2.0546144094488188
20
1.6714049606299213
11
2.0547390944881889
21
1.6709916929133859
0
LINE
8
BLACK
6
CONTINUOUS
10
2.0547390944881889
20
1.6709916929133859
11
2.0549042519685039
21
1.6705929921259841
0
LINE
8
BLACK
6
CONTINUOUS
10
2.0549042519685039
20
1.6705929921259841
11
2.0549042519685039
21
1.6704443307086614
0
LINE
8
BLACK
6
CONTINUOUS
10
2.0549042519685039
20
1.6704443307086614
11
2.0549472047244093
21
1.6703019685039369
0
LINE
8
BLACK
6
CONTINUOUS
10
2.0549472047244093
20
1.6703019685039369
11
2.0549042519685039
21
1.6698724803149605
0
LINE
8
BLACK
6
CONTINUOUS
10
2.0549042519685039
20
1.6698724803149605
11
2.0549042519685039
21
1.6694409055118109
0
LINE
8
BLACK
6
CONTINUOUS
10
2.0549042519685039
20
1.6694409055118109
11
2.0548473228346458
21
1.6693035826771654
0
LINE
8
BLACK
6
CONTINUOUS
10
2.0548473228346458
20
1.6693035826771654
11
2.054832559055118
21
1.6691555511811023
0
LINE
8
BLACK
6
CONTINUOUS
10
2.054832559055118
20
1.6691555511811023
11
2.0546284251968503
21
1.6687751181102362
0
LINE
8
BLACK
6
CONTINUOUS
10
2.0546284251968503
20
1.6687751181102362
11
2.0544633464566928
21
1.6683764960629921
0
LINE
8
BLACK
6
CONTINUOUS
10
2.0544633464566928
20
1.6683764960629921
11
2.0543581889763778
21
1.6682713779527558
0
LINE
8
BLACK
6
CONTINUOUS
10
2.0543581889763778
20
1.6682713779527558
11
2.0542879133858269
21
1.66814031496063
0
LINE
8
BLACK
6
CONTINUOUS
10
2.0542879133858269
20
1.66814031496063
11
2.0539537007874014
21
1.6678668897637794
0
LINE
8
BLACK
6
CONTINUOUS
10
2.0539537007874014
20
1.6678668897637794
11
2.0536486614173226
21
1.6675618110236221
0
LINE
8
BLACK
6
CONTINUOUS
10
2.0536486614173226
20
1.6675618110236221
11
2.0535113779527561
21
1.6675049606299213
0
LINE
8
BLACK
6
CONTINUOUS
10
2.0535113779527561
20
1.6675049606299213
11
2.0533962598425197
21
1.6674107480314959
0
LINE
8
BLACK
6
CONTINUOUS
10
2.0533962598425197
20
1.6674107480314959
11
2.0529828346456691
21
1.6672860236220473
0
LINE
8
BLACK
6
CONTINUOUS
10
2.0529828346456691
20
1.6672860236220473
11
2.0525842519685038
21
1.667120905511811
0
LINE
8
BLACK
6
CONTINUOUS
10
2.0525842519685038
20
1.667120905511811
11
2.0524356299212596
21
1.667120905511811
0
LINE
8
BLACK
6
CONTINUOUS
10
2.0524356299212596
20
1.667120905511811
11
2.0522932677165353
21
1.6670779527559054
0
LINE
8
BLACK
6
CONTINUOUS
10
2.0522932677165353
20
1.6670779527559054
11
2.0517144094488189
21
1.6670788188976378
0
LINE
8
BLACK
6
CONTINUOUS
10
2.0517144094488189
20
1.6670788188976378
11
2.0329667716535433
21
1.6689535826771653
0
LINE
8
BLACK
6
CONTINUOUS
10
2.0329667716535433
20
1.6689535826771653
11
2.0327568503937008
21
1.6689956692913386
0
LINE
8
BLACK
6
CONTINUOUS
10
2.0327568503937008
20
1.6689956692913386
11
2.0326845275590553
21
1.6689956692913386
0
LINE
8
BLACK
6
CONTINUOUS
10
2.0326845275590553
20
1.6689956692913386
11
2.0326166929133858
21
1.6690237795275591
0
LINE
8
BLACK
6
CONTINUOUS
10
2.0326166929133858
20
1.6690237795275591
11
2.0323992125984249
21
1.6690673622047243
0
LINE
8
BLACK
6
CONTINUOUS
10
2.0323992125984249
20
1.6690673622047243
11
2.0320188976377951
21
1.6692714173228347
0
LINE
8
BLACK
6
CONTINUOUS
10
2.0320188976377951
20
1.6692714173228347
11
2.031620118110236
21
1.6694365748031497
0
LINE
8
BLACK
6
CONTINUOUS
10
2.031620118110236
20
1.6694365748031497
11
2.0315149212598427
21
1.6695417716535432
0
LINE
8
BLACK
6
CONTINUOUS
10
2.0315149212598427
20
1.6695417716535432
11
2.0313839763779526
21
1.6696120078740158
0
LINE
8
BLACK
6
CONTINUOUS
10
2.0313839763779526
20
1.6696120078740158
11
2.0311107086614171
21
1.6699459842519684
0
LINE
8
BLACK
6
CONTINUOUS
10
2.0311107086614171
20
1.6699459842519684
11
2.030805472440945
21
1.6702512204724409
0
LINE
8
BLACK
6
CONTINUOUS
10
2.030805472440945
20
1.6702512204724409
11
2.0307485433070864
21
1.6703885826771654
0
LINE
8
BLACK
6
CONTINUOUS
10
2.0307485433070864
20
1.6703885826771654
11
2.030654409448819
21
1.6705036614173228
0
LINE
8
BLACK
6
CONTINUOUS
10
2.030654409448819
20
1.6705036614173228
11
2.0305296850393701
21
1.6709169685039369
0
LINE
8
BLACK
6
CONTINUOUS
10
2.0305296850393701
20
1.6709169685039369
11
2.0303645669291339
21
1.6713156299212597
0
LINE
8
BLACK
6
CONTINUOUS
10
2.0303645669291339
20
1.6713156299212597
11
2.0303427952755904
21
1.6715363385826771
0
LINE
8
BLACK
6
CONTINUOUS
10
2.0303427952755904
20
1.6715363385826771
11
2.0303216141732281
21
1.671606653543307
0
LINE
8
BLACK
6
CONTINUOUS
10
2.0303216141732281
20
1.671606653543307
11
2.0303287795275589
21
1.6716786614173227
0
LINE
8
BLACK
6
CONTINUOUS
10
2.0303287795275589
20
1.6716786614173227
11
2.0303078346456691
21
1.6718916929133858
0
LINE
8
BLACK
6
CONTINUOUS
10
2.0303078346456691
20
1.6718916929133858
11
2.0303078346456691
21
1.6906393307086613
0
LINE
8
BLACK
6
CONTINUOUS
10
2.0303078346456691
20
1.6906393307086613
11
2.0303645669291339
21
1.6912153937007874
0
LINE
8
BLACK
6
CONTINUOUS
10
2.0303645669291339
20
1.6912153937007874
11
2.030805472440945
21
1.6922798031496062
0
LINE
8
BLACK
6
CONTINUOUS
10
2.030805472440945
20
1.6922798031496062
11
2.031620118110236
21
1.6930944488188977
0
LINE
8
BLACK
6
CONTINUOUS
10
2.031620118110236
20
1.6930944488188977
11
2.0326845275590553
21
1.6935353543307086
0
LINE
8
BLACK
6
CONTINUOUS
10
2.0326845275590553
20
1.6935353543307086
11
2.033836653543307
21
1.6935353543307086
0
LINE
8
BLACK
6
CONTINUOUS
10
2.033836653543307
20
1.6935353543307086
11
2.0349010629921258
21
1.6930944488188977
0
LINE
8
BLACK
6
CONTINUOUS
10
2.0349010629921258
20
1.6930944488188977
11
2.0357157086614173
21
1.6922798031496062
0
LINE
8
BLACK
6
CONTINUOUS
10
2.0357157086614173
20
1.6922798031496062
11
2.0361566141732284
21
1.6912153937007874
0
LINE
8
BLACK
6
CONTINUOUS
10
2.0361566141732284
20
1.6912153937007874
11
2.0362133464566927
21
1.6906393307086613
0
LINE
8
BLACK
6
CONTINUOUS
10
2.0362133464566927
20
1.6906393307086613
11
2.0362133464566927
21
1.674563937007874
0
LINE
8
BLACK
6
CONTINUOUS
10
2.0362133464566927
20
1.674563937007874
11
2.0459846062992124
21
1.6735868110236221
0
LINE
8
BLACK
6
CONTINUOUS
10
2.0459846062992124
20
1.6735868110236221
11
2.0456176771653545
21
1.6743207086614174
0
LINE
8
BLACK
6
CONTINUOUS
10
2.0456176771653545
20
1.6743207086614174
11
2.0454107874015746
21
1.6748613385826772
0
LINE
8
BLACK
6
CONTINUOUS
10
2.0454107874015746
20
1.6748613385826772
11
2.0454032677165355
21
1.6749671653543308
0
LINE
8
BLACK
6
CONTINUOUS
10
2.0454032677165355
20
1.6749671653543308
11
2.0453626771653544
21
1.6750651574803148
0
LINE
8
BLACK
6
CONTINUOUS
10
2.0453626771653544
20
1.6750651574803148
11
2.0453059448818895
21
1.6756412204724409
0
LINE
8
BLACK
6
CONTINUOUS
10
2.0453059448818895
20
1.6756412204724409
11
2.0453059448818895
21
1.6850150393700787
0
LINE
8
BLACK
6
CONTINUOUS
10
2.0453059448818895
20
1.6850150393700787
11
2.0453626771653544
21
1.6855911023622048
0
LINE
8
BLACK
6
CONTINUOUS
10
2.0453626771653544
20
1.6855911023622048
11
2.0454032677165355
21
1.6856891338582676
0
LINE
8
BLACK
6
CONTINUOUS
10
2.0454032677165355
20
1.6856891338582676
11
2.0454107874015746
21
1.6857949212598424
0
LINE
8
BLACK
6
CONTINUOUS
10
2.0454107874015746
20
1.6857949212598424
11
2.0456176771653545
21
1.6863355511811022
0
LINE
8
BLACK
6
CONTINUOUS
10
2.0456176771653545
20
1.6863355511811022
11
2.047492440944882
21
1.6900850787401573
0
LINE
8
BLACK
6
CONTINUOUS
10
2.047492440944882
20
1.6900850787401573
11
2.0476485039370078
21
1.6903331102362205
0
LINE
8
BLACK
6
CONTINUOUS
10
2.0476485039370078
20
1.6903331102362205
11
2.047678346456693
21
1.6904050393700787
0
LINE
8
BLACK
6
CONTINUOUS
10
2.047678346456693
20
1.6904050393700787
11
2.0477448031496062
21
1.6904860236220471
0
LINE
8
BLACK
6
CONTINUOUS
10
2.0477448031496062
20
1.6904860236220471
11
2.0478007874015747
21
1.6905749606299212
0
LINE
8
BLACK
6
CONTINUOUS
10
2.0478007874015747
20
1.6905749606299212
11
2.0478597637795275
21
1.6906261417322834
0
LINE
8
BLACK
6
CONTINUOUS
10
2.0478597637795275
20
1.6906261417322834
11
2.0480455511811022
21
1.6908524803149605
0
LINE
8
BLACK
6
CONTINUOUS
10
2.0480455511811022
20
1.6908524803149605
11
2.0499203149606298
21
1.692727244094488
0
LINE
8
BLACK
6
CONTINUOUS
10
2.0499203149606298
20
1.692727244094488
11
2.0501466535433068
21
1.692913031496063
0
LINE
8
BLACK
6
CONTINUOUS
10
2.0501466535433068
20
1.692913031496063
11
2.0501978346456693
21
1.6929720078740158
0
LINE
8
BLACK
6
CONTINUOUS
10
2.0501978346456693
20
1.6929720078740158
11
2.0502867716535431
21
1.6930279921259843
0
LINE
8
BLACK
6
CONTINUOUS
10
2.0502867716535431
20
1.6930279921259843
11
2.0503677559055116
21
1.6930944488188977
0
LINE
8
BLACK
6
CONTINUOUS
10
2.0503677559055116
20
1.6930944488188977
11
2.05043968503937
21
1.6931242913385827
0
LINE
8
BLACK
6
CONTINUOUS
10
2.05043968503937
20
1.6931242913385827
11
2.0506877165354331
21
1.6932803543307087
0
LINE
8
BLACK
6
CONTINUOUS
10
2.0506877165354331
20
1.6932803543307087
11
2.0544372440944882
21
1.6951551181102362
0
LINE
8
BLACK
6
CONTINUOUS
10
2.0544372440944882
20
1.6951551181102362
11
2.0549778346456691
21
1.6953620078740157
0
LINE
8
BLACK
6
CONTINUOUS
10
2.0549778346456691
20
1.6953620078740157
11
2.0550837007874017
21
1.6953695669291338
0
LINE
8
BLACK
6
CONTINUOUS
10
2.0550837007874017
20
1.6953695669291338
11
2.0551816929133859
21
1.6954101181102361
0
LINE
8
BLACK
6
CONTINUOUS
10
2.0551816929133859
20
1.6954101181102361
11
2.0557577559055118
21
1.6954668503937007
0
LINE
8
BLACK
6
CONTINUOUS
10
2.0557577559055118
20
1.6954668503937007
11
2.0651315748031496
21
1.6954668503937007
0
LINE
8
BLACK
6
CONTINUOUS
10
2.0651315748031496
20
1.6954668503937007
11
2.0657076377952754
21
1.6954101181102361
0
LINE
8
BLACK
6
CONTINUOUS
10
2.0558582677165353
20
1.732952283464567
11
2.0559012992125982
21
1.7329586614173227
0
LINE
8
BLACK
6
CONTINUOUS
10
2.0559012992125982
20
1.7329586614173227
11
2.0561167716535431
21
1.732926811023622
0
LINE
8
BLACK
6
CONTINUOUS
10
2.0561167716535431
20
1.732926811023622
11
2.0563338188976377
21
1.7329054330708662
0
LINE
8
BLACK
6
CONTINUOUS
10
2.0563338188976377
20
1.7329054330708662
11
2.0563740157480312
21
1.7328888188976377
0
LINE
8
BLACK
6
CONTINUOUS
10
2.0563740157480312
20
1.7328888188976377
11
2.0564738976377952
21
1.7328740157480313
0
LINE
8
BLACK
6
CONTINUOUS
10
2.0564738976377952
20
1.7328740157480313
11
2.0639729527559054
21
1.7309992519685038
0
LINE
8
BLACK
6
CONTINUOUS
10
2.0639729527559054
20
1.7309992519685038
11
2.0643124015748029
21
1.7308779921259843
0
LINE
8
BLACK
6
CONTINUOUS
10
2.0643124015748029
20
1.7308779921259843
11
2.0643839370078738
21
1.7308638188976377
0
LINE
8
BLACK
6
CONTINUOUS
10
2.0643839370078738
20
1.7308638188976377
11
2.064448779527559
21
1.7308292519685038
0
LINE
8
BLACK
6
CONTINUOUS
10
2.064448779527559
20
1.7308292519685038
11
2.0645180708661415
21
1.7308044881889764
0
LINE
8
BLACK
6
CONTINUOUS
10
2.0645180708661415
20
1.7308044881889764
11
2.0645766535433072
21
1.730761062992126
0
LINE
8
BLACK
6
CONTINUOUS
10
2.0645766535433072
20
1.730761062992126
11
2.0648947244094487
21
1.730591496062992
0
LINE
8
BLACK
6
CONTINUOUS
10
2.0648947244094487
20
1.730591496062992
11
2.0705190157480313
21
1.7268419685039369
0
LINE
8
BLACK
6
CONTINUOUS
10
2.0705190157480313
20
1.7268419685039369
11
2.070520590551181
21
1.7268406692913385
0
LINE
8
BLACK
6
CONTINUOUS
10
2.070520590551181
20
1.7268406692913385
11
2.0705215354330706
21
1.7268402755905512
0
LINE
8
BLACK
6
CONTINUOUS
10
2.0705215354330706
20
1.7268402755905512
11
2.0707410629921261
21
1.7266601181102361
0
LINE
8
BLACK
6
CONTINUOUS
10
2.0707410629921261
20
1.7266601181102361
11
2.0709668503937007
21
1.7264751968503937
0
LINE
8
BLACK
6
CONTINUOUS
10
2.0709668503937007
20
1.7264751968503937
11
2.0709674015748032
21
1.7264743700787402
0
LINE
8
BLACK
6
CONTINUOUS
10
2.0709674015748032
20
1.7264743700787402
11
2.0709689763779529
21
1.7264730708661418
0
LINE
8
BLACK
6
CONTINUOUS
10
2.0709689763779529
20
1.7264730708661418
11
2.0728437795275592
21
1.7245983070866142
0
LINE
8
BLACK
6
CONTINUOUS
10
2.0728437795275592
20
1.7245983070866142
11
2.0730295275590551
21
1.7243719685039369
0
LINE
8
BLACK
6
CONTINUOUS
10
2.0730295275590551
20
1.7243719685039369
11
2.0730885826771654
21
1.7243207480314959
0
LINE
8
BLACK
6
CONTINUOUS
10
2.0730885826771654
20
1.7243207480314959
11
2.073144566929134
21
1.7242318110236221
0
LINE
8
BLACK
6
CONTINUOUS
10
2.073144566929134
20
1.7242318110236221
11
2.0732110236220471
21
1.7241508267716534
0
LINE
8
BLACK
6
CONTINUOUS
10
2.0732110236220471
20
1.7241508267716534
11
2.0732408267716536
21
1.7240788976377952
0
LINE
8
BLACK
6
CONTINUOUS
10
2.0732408267716536
20
1.7240788976377952
11
2.0733969291338581
21
1.7238308661417323
0
LINE
8
BLACK
6
CONTINUOUS
10
2.0733969291338581
20
1.7238308661417323
11
2.0752716929133856
21
1.7200813385826772
0
LINE
8
BLACK
6
CONTINUOUS
10
2.0752716929133856
20
1.7200813385826772
11
2.0754785826771651
21
1.7195407480314959
0
LINE
8
BLACK
6
CONTINUOUS
10
2.0754785826771651
20
1.7195407480314959
11
2.0754861023622047
21
1.7194348818897638
0
LINE
8
BLACK
6
CONTINUOUS
10
2.0754861023622047
20
1.7194348818897638
11
2.0755266929133858
21
1.7193368897637795
0
LINE
8
BLACK
6
CONTINUOUS
10
2.0755266929133858
20
1.7193368897637795
11
2.0755834251968501
21
1.7187608267716534
0
LINE
8
BLACK
6
CONTINUOUS
10
2.0755834251968501
20
1.7187608267716534
11
2.0755834251968501
21
1.7112617716535432
0
LINE
8
BLACK
6
CONTINUOUS
10
2.0755834251968501
20
1.7112617716535432
11
2.0755266929133858
21
1.7106857086614173
0
LINE
8
BLACK
6
CONTINUOUS
10
2.0755266929133858
20
1.7106857086614173
11
2.0750857874015747
21
1.7096212992125983
0
LINE
8
BLACK
6
CONTINUOUS
10
2.0750857874015747
20
1.7096212992125983
11
2.0742711417322832
21
1.7088066535433071
0
LINE
8
BLACK
6
CONTINUOUS
10
2.0742711417322832
20
1.7088066535433071
11
2.0732067322834644
21
1.708365748031496
0
LINE
8
BLACK
6
CONTINUOUS
10
2.0732067322834644
20
1.708365748031496
11
2.0720546062992127
21
1.708365748031496
0
LINE
8
BLACK
6
CONTINUOUS
10
2.0720546062992127
20
1.708365748031496
11
2.0709901968503939
21
1.7088066535433071
0
LINE
8
BLACK
6
CONTINUOUS
10
2.0709901968503939
20
1.7088066535433071
11
2.0701755511811024
21
1.7096212992125983
0
LINE
8
BLACK
6
CONTINUOUS
10
2.0701755511811024
20
1.7096212992125983
11
2.0697346456692913
21
1.7106857086614173
0
LINE
8
BLACK
6
CONTINUOUS
10
2.0697346456692913
20
1.7106857086614173
11
2.0696779133858265
21
1.7112617716535432
0
LINE
8
BLACK
6
CONTINUOUS
10
2.0696779133858265
20
1.7112617716535432
11
2.0696779133858265
21
1.7180637795275591
0
LINE
8
BLACK
6
CONTINUOUS
10
2.0696779133858265
20
1.7180637795275591
11
2.0683291732283462
21
1.7207612598425197
0
LINE
8
BLACK
6
CONTINUOUS
10
2.0683291732283462
20
1.7207612598425197
11
2.0669999212598427
21
1.7220904724409449
0
LINE
8
BLACK
6
CONTINUOUS
10
2.0669999212598427
20
1.7220904724409449
11
2.0620444488188978
21
1.7253940944881889
0
LINE
8
BLACK
6
CONTINUOUS
10
2.0620444488188978
20
1.7253940944881889
11
2.0591272834645671
21
1.7261233858267717
0
LINE
8
BLACK
6
CONTINUOUS
10
2.0591272834645671
20
1.7261233858267717
11
2.0602735433070865
21
1.7238308661417323
0
LINE
8
BLACK
6
CONTINUOUS
10
2.0602735433070865
20
1.7238308661417323
11
2.0604804330708659
21
1.723290275590551
0
LINE
8
BLACK
6
CONTINUOUS
10
2.0604804330708659
20
1.723290275590551
11
2.0604879527559055
21
1.7231844094488189
0
LINE
8
BLACK
6
CONTINUOUS
10
2.0604879527559055
20
1.7231844094488189
11
2.0605285433070866
21
1.7230864173228346
0
LINE
8
BLACK
6
CONTINUOUS
10
2.0605285433070866
20
1.7230864173228346
11
2.0605852755905509
21
1.7225103543307085
0
LINE
8
BLACK
6
CONTINUOUS
10
2.0605852755905509
20
1.7225103543307085
11
2.0605852755905509
21
1.7150112992125983
0
LINE
8
BLACK
6
CONTINUOUS
10
2.0605852755905509
20
1.7150112992125983
11
2.0605285433070866
21
1.7144352362204724
0
LINE
8
BLACK
6
CONTINUOUS
10
2.0605285433070866
20
1.7144352362204724
11
2.0604879527559055
21
1.7143372834645669
0
LINE
8
BLACK
6
CONTINUOUS
10
2.0604879527559055
20
1.7143372834645669
11
2.0604804330708659
21
1.7142313779527558
0
LINE
8
BLACK
6
CONTINUOUS
10
2.0604804330708659
20
1.7142313779527558
11
2.0602735433070865
21
1.7136907874015748
0
LINE
8
BLACK
6
CONTINUOUS
10
2.0602735433070865
20
1.7136907874015748
11
2.0583987795275589
21
1.7099412598425197
0
LINE
8
BLACK
6
CONTINUOUS
10
2.0583987795275589
20
1.7099412598425197
11
2.0582426771653544
21
1.7096932677165353
0
LINE
8
BLACK
6
CONTINUOUS
10
2.0582426771653544
20
1.7096932677165353
11
2.0582128740157479
21
1.7096212992125983
0
LINE
8
BLACK
6
CONTINUOUS
10
2.0582128740157479
20
1.7096212992125983
11
2.058146377952756
21
1.7095403543307086
0
LINE
8
BLACK
6
CONTINUOUS
10
2.058146377952756
20
1.7095403543307086
11
2.0580904330708663
21
1.7094513779527558
0
LINE
8
BLACK
6
CONTINUOUS
10
2.0580904330708663
20
1.7094513779527558
11
2.0580314173228347
21
1.7094002362204723
0
LINE
8
BLACK
6
CONTINUOUS
10
2.0580314173228347
20
1.7094002362204723
11
2.0578456692913387
21
1.7091738582677165
0
LINE
8
BLACK
6
CONTINUOUS
10
2.0578456692913387
20
1.7091738582677165
11
2.0559709055118112
21
1.707299094488189
0
LINE
8
BLACK
6
CONTINUOUS
10
2.0559709055118112
20
1.707299094488189
11
2.0557445275590549
21
1.7071133464566928
0
LINE
8
BLACK
6
CONTINUOUS
10
2.0557445275590549
20
1.7071133464566928
11
2.0556933858267716
21
1.7070543307086614
0
LINE
8
BLACK
6
CONTINUOUS
10
2.0556933858267716
20
1.7070543307086614
11
2.0556044094488191
21
1.7069983858267717
0
LINE
8
BLACK
6
CONTINUOUS
10
2.0556044094488191
20
1.7069983858267717
11
2.0555234645669289
21
1.7069318897637795
0
LINE
8
BLACK
6
CONTINUOUS
10
2.0555234645669289
20
1.7069318897637795
11
2.0554514960629922
21
1.7069020866141731
0
LINE
8
BLACK
6
CONTINUOUS
10
2.0554514960629922
20
1.7069020866141731
11
2.0552035039370078
21
1.7067459842519686
0
LINE
8
BLACK
6
CONTINUOUS
10
2.0552035039370078
20
1.7067459842519686
11
2.0514539763779527
21
1.704871220472441
0
LINE
8
BLACK
6
CONTINUOUS
10
2.0514539763779527
20
1.704871220472441
11
2.0509133464566927
21
1.7046643307086613
0
LINE
8
BLACK
6
CONTINUOUS
10
2.0509133464566927
20
1.7046643307086613
11
2.0508075196850393
21
1.7046568503937007
0
LINE
8
BLACK
6
CONTINUOUS
10
2.0508075196850393
20
1.7046568503937007
11
2.050709527559055
21
1.7046162204724409
0
LINE
8
BLACK
6
CONTINUOUS
10
2.050709527559055
20
1.7046162204724409
11
2.0501334645669291
21
1.7045594881889763
0
LINE
8
BLACK
6
CONTINUOUS
10
2.0501334645669291
20
1.7045594881889763
11
2.0407596456692914
21
1.7045594881889763
0
LINE
8
BLACK
6
CONTINUOUS
10
2.0407596456692914
20
1.7045594881889763
11
2.0401835826771655
21
1.7046162204724409
0
LINE
8
BLACK
6
CONTINUOUS
10
2.0401835826771655
20
1.7046162204724409
11
2.0400855905511812
21
1.704656811023622
0
LINE
8
BLACK
6
CONTINUOUS
10
2.0400855905511812
20
1.704656811023622
11
2.0399797244094486
21
1.7046643307086613
0
LINE
8
BLACK
6
CONTINUOUS
10
2.0399797244094486
20
1.7046643307086613
11
2.0394391338582678
21
1.704871220472441
0
LINE
8
BLACK
6
CONTINUOUS
10
2.0394391338582678
20
1.704871220472441
11
2.0356896062992127
21
1.7067459842519686
0
LINE
8
BLACK
6
CONTINUOUS
10
2.0356896062992127
20
1.7067459842519686
11
2.0354415748031496
21
1.7069020866141731
0
LINE
8
BLACK
6
CONTINUOUS
10
2.0354415748031496
20
1.7069020866141731
11
2.0353696456692911
21
1.7069318897637795
0
LINE
8
BLACK
6
CONTINUOUS
10
2.0353696456692911
20
1.7069318897637795
11
2.0352886614173227
21
1.7069983858267717
0
LINE
8
BLACK
6
CONTINUOUS
10
2.0352886614173227
20
1.7069983858267717
11
2.0351997244094489
21
1.7070543307086614
0
LINE
8
BLACK
6
CONTINUOUS
10
2.0351997244094489
20
1.7070543307086614
11
2.0351485433070864
21
1.7071133464566928
0
LINE
8
BLACK
6
CONTINUOUS
10
2.0351485433070864
20
1.7071133464566928
11
2.0349222047244093
21
1.707299094488189
0
LINE
8
BLACK
6
CONTINUOUS
10
2.0349222047244093
20
1.707299094488189
11
2.0330474409448818
21
1.7091738582677165
0
LINE
8
BLACK
6
CONTINUOUS
10
2.0330474409448818
20
1.7091738582677165
11
2.0328616535433071
21
1.7094002362204723
0
LINE
8
BLACK
6
CONTINUOUS
10
2.0328616535433071
20
1.7094002362204723
11
2.0328026771653542
21
1.7094513779527558
0
LINE
8
BLACK
6
CONTINUOUS
10
2.0328026771653542
20
1.7094513779527558
11
2.0327466929133857
21
1.7095403543307086
0
LINE
8
BLACK
6
CONTINUOUS
10
2.0327466929133857
20
1.7095403543307086
11
2.0326802362204726
21
1.7096212992125983
0
LINE
8
BLACK
6
CONTINUOUS
10
2.0326802362204726
20
1.7096212992125983
11
2.0326503937007874
21
1.7096932677165353
0
LINE
8
BLACK
6
CONTINUOUS
10
2.0326503937007874
20
1.7096932677165353
11
2.0324943307086616
21
1.7099412598425197
0
LINE
8
BLACK
6
CONTINUOUS
10
2.0324943307086616
20
1.7099412598425197
11
2.0306195669291336
21
1.7136907874015748
0
LINE
8
BLACK
6
CONTINUOUS
10
2.0306195669291336
20
1.7136907874015748
11
2.0304126771653541
21
1.7142314173228346
0
LINE
8
BLACK
6
CONTINUOUS
10
2.0304126771653541
20
1.7142314173228346
11
2.030405157480315
21
1.7143372440944882
0
LINE
8
BLACK
6
CONTINUOUS
10
2.030405157480315
20
1.7143372440944882
11
2.0303645669291339
21
1.7144352362204724
0
LINE
8
BLACK
6
CONTINUOUS
10
2.0303645669291339
20
1.7144352362204724
11
2.0303078346456691
21
1.7150112992125983
0
LINE
8
BLACK
6
CONTINUOUS
10
2.0303078346456691
20
1.7150112992125983
11
2.0303078346456691
21
1.7225103543307085
0
LINE
8
BLACK
6
CONTINUOUS
10
2.0303078346456691
20
1.7225103543307085
11
2.0303645669291339
21
1.7230864173228346
0
LINE
8
BLACK
6
CONTINUOUS
10
2.0303645669291339
20
1.7230864173228346
11
2.030405157480315
21
1.7231844488188977
0
LINE
8
BLACK
6
CONTINUOUS
10
2.030405157480315
20
1.7231844488188977
11
2.0304126771653541
21
1.7232902362204725
0
LINE
8
BLACK
6
CONTINUOUS
10
2.0304126771653541
20
1.7232902362204725
11
2.0306195669291336
21
1.7238308661417323
0
LINE
8
BLACK
6
CONTINUOUS
10
2.0306195669291336
20
1.7238308661417323
11
2.0324943307086616
21
1.7275803937007874
0
LINE
8
BLACK
6
CONTINUOUS
10
2.0324943307086616
20
1.7275803937007874
11
2.0326503937007874
21
1.7278284251968503
0
LINE
8
BLACK
6
CONTINUOUS
10
2.0326503937007874
20
1.7278284251968503
11
2.0326802362204726
21
1.7279003543307085
0
LINE
8
BLACK
6
CONTINUOUS
10
2.0326802362204726
20
1.7279003543307085
11
2.0327466929133857
21
1.7279813385826772
0
LINE
8
BLACK
6
CONTINUOUS
10
2.0327466929133857
20
1.7279813385826772
11
2.0328026771653542
21
1.728070275590551
0
LINE
8
BLACK
6
CONTINUOUS
10
2.0328026771653542
20
1.728070275590551
11
2.0328616535433071
21
1.7281214566929133
0
LINE
8
BLACK
6
CONTINUOUS
10
2.0328616535433071
20
1.7281214566929133
11
2.0330474409448818
21
1.7283477952755906
0
LINE
8
BLACK
6
CONTINUOUS
10
2.0330474409448818
20
1.7283477952755906
11
2.0349222047244093
21
1.7302225590551181
0
LINE
8
BLACK
6
CONTINUOUS
10
2.0349222047244093
20
1.7302225590551181
11
2.0351485433070864
21
1.7304083464566928
0
LINE
8
BLACK
6
CONTINUOUS
10
2.0351485433070864
20
1.7304083464566928
11
2.0351997244094489
21
1.7304673228346457
0
LINE
8
BLACK
6
CONTINUOUS
10
2.0351997244094489
20
1.7304673228346457
11
2.0352886614173227
21
1.7305233070866142
0
LINE
8
BLACK
6
CONTINUOUS
10
2.0352886614173227
20
1.7305233070866142
11
2.0353696456692911
21
1.7305897637795276
0
LINE
8
BLACK
6
CONTINUOUS
10
2.0353696456692911
20
1.7305897637795276
11
2.0354415748031496
21
1.7306196062992125
0
LINE
8
BLACK
6
CONTINUOUS
10
2.0354415748031496
20
1.7306196062992125
11
2.0356896062992127
21
1.7307756692913385
0
LINE
8
BLACK
6
CONTINUOUS
10
2.0356896062992127
20
1.7307756692913385
11
2.0394391338582678
21
1.7326504330708661
0
LINE
8
BLACK
6
CONTINUOUS
10
2.0394391338582678
20
1.7326504330708661
11
2.0399797244094486
21
1.7328573228346456
0
LINE
8
BLACK
6
CONTINUOUS
10
2.0399797244094486
20
1.7328573228346456
11
2.0400855905511812
21
1.7328648818897638
0
LINE
8
BLACK
6
CONTINUOUS
10
2.0400855905511812
20
1.7328648818897638
11
2.0401835826771655
21
1.7329054330708662
0
LINE
8
BLACK
6
CONTINUOUS
10
2.0401835826771655
20
1.7329054330708662
11
2.0407596456692914
21
1.7329621653543306
0
LINE
8
BLACK
6
CONTINUOUS
10
2.0407596456692914
20
1.7329621653543306
11
2.0557577559055118
21
1.7329621653543306
0
LINE
8
BLACK
6
CONTINUOUS
10
2.0557577559055118
20
1.7329621653543306
11
2.0558582677165353
21
1.732952283464567
0
LINE
8
BLACK
6
CONTINUOUS
10
2.0387592125984253
20
1.7257079133858266
11
2.037562086614173
21
1.7245107874015748
0
LINE
8
BLACK
6
CONTINUOUS
10
2.037562086614173
20
1.7245107874015748
11
2.0362133464566927
21
1.7218133070866142
0
LINE
8
BLACK
6
CONTINUOUS
10
2.0362133464566927
20
1.7218133070866142
11
2.0362133464566927
21
1.7157083464566929
0
LINE
8
BLACK
6
CONTINUOUS
10
2.0362133464566927
20
1.7157083464566929
11
2.037562086614173
21
1.7130108661417323
0
LINE
8
BLACK
6
CONTINUOUS
10
2.037562086614173
20
1.7130108661417323
11
2.0387592125984253
21
1.7118137401574802
0
LINE
8
BLACK
6
CONTINUOUS
10
2.0387592125984253
20
1.7118137401574802
11
2.0414566929133859
21
1.7104649999999999
0
LINE
8
BLACK
6
CONTINUOUS
10
2.0414566929133859
20
1.7104649999999999
11
2.0494364173228345
21
1.7104649999999999
0
LINE
8
BLACK
6
CONTINUOUS
10
2.0494364173228345
20
1.7104649999999999
11
2.0521338976377952
21
1.7118137401574802
0
LINE
8
BLACK
6
CONTINUOUS
10
2.0521338976377952
20
1.7118137401574802
11
2.053331023622047
21
1.7130108661417323
0
LINE
8
BLACK
6
CONTINUOUS
10
2.053331023622047
20
1.7130108661417323
11
2.0546797637795273
21
1.7157083464566929
0
LINE
8
BLACK
6
CONTINUOUS
10
2.0546797637795273
20
1.7157083464566929
11
2.0546797637795273
21
1.7218133070866142
0
LINE
8
BLACK
6
CONTINUOUS
10
2.0546797637795273
20
1.7218133070866142
11
2.053331023622047
21
1.7245107874015748
0
LINE
8
BLACK
6
CONTINUOUS
10
2.053331023622047
20
1.7245107874015748
11
2.0521338976377952
21
1.7257079133858266
0
LINE
8
BLACK
6
CONTINUOUS
10
2.0521338976377952
20
1.7257079133858266
11
2.0494364173228345
21
1.727056653543307
0
LINE
8
BLACK
6
CONTINUOUS
10
2.0494364173228345
20
1.727056653543307
11
2.0414566929133859
21
1.727056653543307
0
LINE
8
BLACK
6
CONTINUOUS
10
2.0414566929133859
20
1.727056653543307
11
2.0387592125984253
21
1.7257079133858266
0
LINE
8
BLACK
6
CONTINUOUS
10
2.0577330314960629
20
1.7704475984251968
11
2.0577760629921258
21
1.7704539763779528
0
LINE
8
BLACK
6
CONTINUOUS
10
2.0577760629921258
20
1.7704539763779528
11
2.0579915354330707
21
1.7704221259842519
0
LINE
8
BLACK
6
CONTINUOUS
10
2.0579915354330707
20
1.7704221259842519
11
2.0582085826771652
21
1.7704007480314961
0
LINE
8
BLACK
6
CONTINUOUS
10
2.0582085826771652
20
1.7704007480314961
11
2.0582487795275588
21
1.7703841338582678
0
LINE
8
BLACK
6
CONTINUOUS
10
2.0582487795275588
20
1.7703841338582678
11
2.0583486614173228
21
1.7703693307086614
0
LINE
8
BLACK
6
CONTINUOUS
10
2.0583486614173228
20
1.7703693307086614
11
2.065847716535433
21
1.7684945669291339
0
LINE
8
BLACK
6
CONTINUOUS
10
2.065847716535433
20
1.7684945669291339
11
2.0658901968503938
21
1.7684794094488188
0
LINE
8
BLACK
6
CONTINUOUS
10
2.0658901968503938
20
1.7684794094488188
11
2.0659114566929135
21
1.7684778740157481
0
LINE
8
BLACK
6
CONTINUOUS
10
2.0659114566929135
20
1.7684778740157481
11
2.066150866141732
21
1.7683862598425197
0
LINE
8
BLACK
6
CONTINUOUS
10
2.066150866141732
20
1.7683862598425197
11
2.066392834645669
21
1.7682998031496062
0
LINE
8
BLACK
6
CONTINUOUS
10
2.066392834645669
20
1.7682998031496062
11
2.0664099606299211
21
1.7682871259842519
0
LINE
8
BLACK
6
CONTINUOUS
10
2.0664099606299211
20
1.7682871259842519
11
2.0664520866141731
21
1.7682709842519684
0
LINE
8
BLACK
6
CONTINUOUS
10
2.0664520866141731
20
1.7682709842519684
11
2.0702016141732282
21
1.7663962204724408
0
LINE
8
BLACK
6
CONTINUOUS
10
2.0702016141732282
20
1.7663962204724408
11
2.0704494881889763
21
1.7662401968503936
0
LINE
8
BLACK
6
CONTINUOUS
10
2.0704494881889763
20
1.7662401968503936
11
2.0705215354330706
21
1.7662103543307086
0
LINE
8
BLACK
6
CONTINUOUS
10
2.0705215354330706
20
1.7662103543307086
11
2.0706025590551183
21
1.7661438582677165
0
LINE
8
BLACK
6
CONTINUOUS
10
2.0706025590551183
20
1.7661438582677165
11
2.0706914960629921
21
1.766087874015748
0
LINE
8
BLACK
6
CONTINUOUS
10
2.0706914960629921
20
1.766087874015748
11
2.0707426377952753
21
1.7660288976377951
0
LINE
8
BLACK
6
CONTINUOUS
10
2.0707426377952753
20
1.7660288976377951
11
2.0709689763779529
21
1.7658431496062992
0
LINE
8
BLACK
6
CONTINUOUS
10
2.0709689763779529
20
1.7658431496062992
11
2.0728437795275592
21
1.7639683858267716
0
LINE
8
BLACK
6
CONTINUOUS
10
2.0728437795275592
20
1.7639683858267716
11
2.0730295275590551
21
1.7637420472440946
0
LINE
8
BLACK
6
CONTINUOUS
10
2.0730295275590551
20
1.7637420472440946
11
2.0730885826771654
21
1.7636908267716536
0
LINE
8
BLACK
6
CONTINUOUS
10
2.0730885826771654
20
1.7636908267716536
11
2.073144566929134
21
1.7636018897637795
0
LINE
8
BLACK
6
CONTINUOUS
10
2.073144566929134
20
1.7636018897637795
11
2.0732110236220471
21
1.7635209055118111
0
LINE
8
BLACK
6
CONTINUOUS
10
2.0732110236220471
20
1.7635209055118111
11
2.0732408267716536
21
1.7634489763779526
0
LINE
8
BLACK
6
CONTINUOUS
10
2.0732408267716536
20
1.7634489763779526
11
2.0733969291338581
21
1.7632009448818897
0
LINE
8
BLACK
6
CONTINUOUS
10
2.0733969291338581
20
1.7632009448818897
11
2.0752716929133856
21
1.7594514173228346
0
LINE
8
BLACK
6
CONTINUOUS
10
2.0752716929133856
20
1.7594514173228346
11
2.0754785826771651
21
1.7589108267716536
0
LINE
8
BLACK
6
CONTINUOUS
10
2.0754785826771651
20
1.7589108267716536
11
2.0754861023622047
21
1.7588049606299212
0
LINE
8
BLACK
6
CONTINUOUS
10
2.0754861023622047
20
1.7588049606299212
11
2.0755266929133858
21
1.7587069685039369
0
LINE
8
BLACK
6
CONTINUOUS
10
2.0755266929133858
20
1.7587069685039369
11
2.0755834251968501
21
1.7581309055118111
0
LINE
8
BLACK
6
CONTINUOUS
10
2.0755834251968501
20
1.7581309055118111
11
2.0755834251968501
21
1.7543813779527559
0
LINE
8
BLACK
6
CONTINUOUS
10
2.0755834251968501
20
1.7543813779527559
11
2.0755266929133858
21
1.7538053149606299
0
LINE
8
BLACK
6
CONTINUOUS
10
2.0755266929133858
20
1.7538053149606299
11
2.0754861023622047
21
1.7537073622047243
0
LINE
8
BLACK
6
CONTINUOUS
10
2.0754861023622047
20
1.7537073622047243
11
2.0754785826771651
21
1.7536014566929135
0
LINE
8
BLACK
6
CONTINUOUS
10
2.0754785826771651
20
1.7536014566929135
11
2.0752716929133856
21
1.7530608661417322
0
LINE
8
BLACK
6
CONTINUOUS
10
2.0752716929133856
20
1.7530608661417322
11
2.0733969291338581
21
1.7493113385826771
0
LINE
8
BLACK
6
CONTINUOUS
10
2.0733969291338581
20
1.7493113385826771
11
2.0732408267716536
21
1.7490633464566929
0
LINE
8
BLACK
6
CONTINUOUS
10
2.0732408267716536
20
1.7490633464566929
11
2.0732110236220471
21
1.7489913779527559
0
LINE
8
BLACK
6
CONTINUOUS
10
2.0732110236220471
20
1.7489913779527559
11
2.073144566929134
21
1.748910433070866
0
LINE
8
BLACK
6
CONTINUOUS
10
2.073144566929134
20
1.748910433070866
11
2.0730885826771654
21
1.7488214566929134
0
LINE
8
BLACK
6
CONTINUOUS
10
2.0730885826771654
20
1.7488214566929134
11
2.0730295275590551
21
1.7487702755905512
0
LINE
8
BLACK
6
CONTINUOUS
10
2.0730295275590551
20
1.7487702755905512
11
2.0728437795275592
21
1.7485438976377952
0
LINE
8
BLACK
6
CONTINUOUS
10
2.0728437795275592
20
1.7485438976377952
11
2.0709689763779529
21
1.7466691338582676
0
LINE
8
BLACK
6
CONTINUOUS
10
2.0709689763779529
20
1.7466691338582676
11
2.0707426377952753
21
1.7464834251968504
0
LINE
8
BLACK
6
CONTINUOUS
10
2.0707426377952753
20
1.7464834251968504
11
2.0706914960629921
21
1.7464244094488188
0
LINE
8
BLACK
6
CONTINUOUS
10
2.0706914960629921
20
1.7464244094488188
11
2.0706025590551183
21
1.7463684645669291
0
LINE
8
BLACK
6
CONTINUOUS
10
2.0706025590551183
20
1.7463684645669291
11
2.0705215354330706
21
1.7463019291338582
0
LINE
8
BLACK
6
CONTINUOUS
10
2.0705215354330706
20
1.7463019291338582
11
2.0704494881889763
21
1.746272125984252
0
LINE
8
BLACK
6
CONTINUOUS
10
2.0704494881889763
20
1.746272125984252
11
2.0702016141732282
21
1.746116062992126
0
LINE
8
BLACK
6
CONTINUOUS
10
2.0702016141732282
20
1.746116062992126
11
2.0664520866141731
21
1.7442412992125984
0
LINE
8
BLACK
6
CONTINUOUS
10
2.0664520866141731
20
1.7442412992125984
11
2.0664099606299211
21
1.7442251968503937
0
LINE
8
BLACK
6
CONTINUOUS
10
2.0664099606299211
20
1.7442251968503937
11
2.066392834645669
21
1.7442124803149606
0
LINE
8
BLACK
6
CONTINUOUS
10
2.066392834645669
20
1.7442124803149606
11
2.066150866141732
21
1.744126062992126
0
LINE
8
BLACK
6
CONTINUOUS
10
2.066150866141732
20
1.744126062992126
11
2.0659114566929135
21
1.7440344094488189
0
LINE
8
BLACK
6
CONTINUOUS
10
2.0659114566929135
20
1.7440344094488189
11
2.0658901968503938
21
1.7440329133858268
0
LINE
8
BLACK
6
CONTINUOUS
10
2.0658901968503938
20
1.7440329133858268
11
2.065847716535433
21
1.7440177165354331
0
LINE
8
BLACK
6
CONTINUOUS
10
2.065847716535433
20
1.7440177165354331
11
2.0583486614173228
21
1.7421429527559056
0
LINE
8
BLACK
6
CONTINUOUS
10
2.0583486614173228
20
1.7421429527559056
11
2.0582487795275588
21
1.742128188976378
0
LINE
8
BLACK
6
CONTINUOUS
10
2.0582487795275588
20
1.742128188976378
11
2.0582085826771652
21
1.7421115354330707
0
LINE
8
BLACK
6
CONTINUOUS
10
2.0582085826771652
20
1.7421115354330707
11
2.0579915354330707
21
1.7420901968503937
0
LINE
8
BLACK
6
CONTINUOUS
10
2.0579915354330707
20
1.7420901968503937
11
2.0577760629921258
21
1.7420583070866142
0
LINE
8
BLACK
6
CONTINUOUS
10
2.0577760629921258
20
1.7420583070866142
11
2.0577330314960629
21
1.7420647244094487
0
LINE
8
BLACK
6
CONTINUOUS
10
2.0577330314960629
20
1.7420647244094487
11
2.0576325196850394
21
1.7420548031496064
0
LINE
8
BLACK
6
CONTINUOUS
10
2.0576325196850394
20
1.7420548031496064
11
2.0482587007874016
21
1.7420548031496064
0
LINE
8
BLACK
6
CONTINUOUS
10
2.0482587007874016
20
1.7420548031496064
11
2.0481581496062993
21
1.7420647244094487
0
LINE
8
BLACK
6
CONTINUOUS
10
2.0481581496062993
20
1.7420647244094487
11
2.0481151574803147
21
1.7420583070866142
0
LINE
8
BLACK
6
CONTINUOUS
10
2.0481151574803147
20
1.7420583070866142
11
2.0478996456692915
21
1.7420901968503937
0
LINE
8
BLACK
6
CONTINUOUS
10
2.0478996456692915
20
1.7420901968503937
11
2.0476826377952757
21
1.7421115354330707
0
LINE
8
BLACK
6
CONTINUOUS
10
2.0476826377952757
20
1.7421115354330707
11
2.0476424015748029
21
1.742128188976378
0
LINE
8
BLACK
6
CONTINUOUS
10
2.0476424015748029
20
1.742128188976378
11
2.0475425590551182
21
1.7421429527559056
0
LINE
8
BLACK
6
CONTINUOUS
10
2.0475425590551182
20
1.7421429527559056
11
2.040043503937008
21
1.7440177165354331
0
LINE
8
BLACK
6
CONTINUOUS
10
2.040043503937008
20
1.7440177165354331
11
2.0400009842519684
21
1.7440329133858268
0
LINE
8
BLACK
6
CONTINUOUS
10
2.0400009842519684
20
1.7440329133858268
11
2.0399797244094486
21
1.7440344094488189
0
LINE
8
BLACK
6
CONTINUOUS
10
2.0399797244094486
20
1.7440344094488189
11
2.0397399606299214
21
1.7441261811023621
0
LINE
8
BLACK
6
CONTINUOUS
10
2.0397399606299214
20
1.7441261811023621
11
2.0394983858267715
21
1.7442124803149606
0
LINE
8
BLACK
6
CONTINUOUS
10
2.0394983858267715
20
1.7442124803149606
11
2.0394812204724411
21
1.7442251968503937
0
LINE
8
BLACK
6
CONTINUOUS
10
2.0394812204724411
20
1.7442251968503937
11
2.0394391338582678
21
1.7442412992125984
0
LINE
8
BLACK
6
CONTINUOUS
10
2.0394391338582678
20
1.7442412992125984
11
2.0356896062992127
21
1.746116062992126
0
LINE
8
BLACK
6
CONTINUOUS
10
2.0356896062992127
20
1.746116062992126
11
2.0354415748031496
21
1.7462721653543307
0
LINE
8
BLACK
6
CONTINUOUS
10
2.0354415748031496
20
1.7462721653543307
11
2.0353696456692911
21
1.7463019685039369
0
LINE
8
BLACK
6
CONTINUOUS
10
2.0353696456692911
20
1.7463019685039369
11
2.0352886614173227
21
1.7463684645669291
0
LINE
8
BLACK
6
CONTINUOUS
10
2.0352886614173227
20
1.7463684645669291
11
2.0351997244094489
21
1.7464244094488188
0
LINE
8
BLACK
6
CONTINUOUS
10
2.0351997244094489
20
1.7464244094488188
11
2.0351485433070864
21
1.7464834251968504
0
LINE
8
BLACK
6
CONTINUOUS
10
2.0351485433070864
20
1.7464834251968504
11
2.0349222047244093
21
1.7466691732283464
0
LINE
8
BLACK
6
CONTINUOUS
10
2.0349222047244093
20
1.7466691732283464
11
2.0330474409448818
21
1.7485439370078739
0
LINE
8
BLACK
6
CONTINUOUS
10
2.0330474409448818
20
1.7485439370078739
11
2.0328616535433071
21
1.74877031496063
0
LINE
8
BLACK
6
CONTINUOUS
10
2.0328616535433071
20
1.74877031496063
11
2.0328026771653542
21
1.7488214566929134
0
LINE
8
BLACK
6
CONTINUOUS
10
2.0328026771653542
20
1.7488214566929134
11
2.0327466929133857
21
1.748910433070866
0
LINE
8
BLACK
6
CONTINUOUS
10
2.0327466929133857
20
1.748910433070866
11
2.0326802362204726
21
1.7489913779527559
0
LINE
8
BLACK
6
CONTINUOUS
10
2.0326802362204726
20
1.7489913779527559
11
2.0326503937007874
21
1.7490633464566929
0
LINE
8
BLACK
6
CONTINUOUS
10
2.0326503937007874
20
1.7490633464566929
11
2.0324943307086616
21
1.7493113385826771
0
LINE
8
BLACK
6
CONTINUOUS
10
2.0324943307086616
20
1.7493113385826771
11
2.0306195669291336
21
1.7530608661417322
0
LINE
8
BLACK
6
CONTINUOUS
10
2.0306195669291336
20
1.7530608661417322
11
2.0304126771653541
21
1.753601496062992
0
LINE
8
BLACK
6
CONTINUOUS
10
2.0304126771653541
20
1.753601496062992
11
2.030405157480315
21
1.7537073228346456
0
LINE
8
BLACK
6
CONTINUOUS
10
2.030405157480315
20
1.7537073228346456
11
2.0303645669291339
21
1.7538053149606299
0
LINE
8
BLACK
6
CONTINUOUS
10
2.0303645669291339
20
1.7538053149606299
11
2.0303078346456691
21
1.7543813779527559
0
LINE
8
BLACK
6
CONTINUOUS
10
2.0303078346456691
20
1.7543813779527559
11
2.0303078346456691
21
1.7581309055118111
0
LINE
8
BLACK
6
CONTINUOUS
10
2.0303078346456691
20
1.7581309055118111
11
2.0303645669291339
21
1.7587069685039369
0
LINE
8
BLACK
6
CONTINUOUS
10
2.0303645669291339
20
1.7587069685039369
11
2.030405157480315
21
1.758805
0
LINE
8
BLACK
6
CONTINUOUS
10
2.030405157480315
20
1.758805
11
2.0304126771653541
21
1.7589107874015748
0
LINE
8
BLACK
6
CONTINUOUS
10
2.0304126771653541
20
1.7589107874015748
11
2.0306195669291336
21
1.7594514173228346
0
LINE
8
BLACK
6
CONTINUOUS
10
2.0306195669291336
20
1.7594514173228346
11
2.0324943307086616
21
1.7632009448818897
0
LINE
8
BLACK
6
CONTINUOUS
10
2.0324943307086616
20
1.7632009448818897
11
2.0326503937007874
21
1.7634489763779526
0
LINE
8
BLACK
6
CONTINUOUS
10
2.0326503937007874
20
1.7634489763779526
11
2.0326802362204726
21
1.7635209055118111
0
LINE
8
BLACK
6
CONTINUOUS
10
2.0326802362204726
20
1.7635209055118111
11
2.0327466929133857
21
1.7636018897637795
0
LINE
8
BLACK
6
CONTINUOUS
10
2.0327466929133857
20
1.7636018897637795
11
2.0328026771653542
21
1.7636908267716536
0
LINE
8
BLACK
6
CONTINUOUS
10
2.0328026771653542
20
1.7636908267716536
11
2.0328616535433071
21
1.7637420078740158
0
LINE
8
BLACK
6
CONTINUOUS
10
2.0328616535433071
20
1.7637420078740158
11
2.0330474409448818
21
1.7639683464566929
0
LINE
8
BLACK
6
CONTINUOUS
10
2.0330474409448818
20
1.7639683464566929
11
2.0349222047244093
21
1.7658431102362204
0
LINE
8
BLACK
6
CONTINUOUS
10
2.0349222047244093
20
1.7658431102362204
11
2.0351485433070864
21
1.7660288976377951
0
LINE
8
BLACK
6
CONTINUOUS
10
2.0351485433070864
20
1.7660288976377951
11
2.0351997244094489
21
1.766087874015748
0
LINE
8
BLACK
6
CONTINUOUS
10
2.0351997244094489
20
1.766087874015748
11
2.0352886614173227
21
1.7661438582677165
0
LINE
8
BLACK
6
CONTINUOUS
10
2.0352886614173227
20
1.7661438582677165
11
2.0353696456692911
21
1.7662103149606299
0
LINE
8
BLACK
6
CONTINUOUS
10
2.0353696456692911
20
1.7662103149606299
11
2.0354415748031496
21
1.7662401574803148
0
LINE
8
BLACK
6
CONTINUOUS
10
2.0354415748031496
20
1.7662401574803148
11
2.0356896062992127
21
1.7663962204724408
0
LINE
8
BLACK
6
CONTINUOUS
10
2.0356896062992127
20
1.7663962204724408
11
2.0394391338582678
21
1.7682709842519684
0
LINE
8
BLACK
6
CONTINUOUS
10
2.0394391338582678
20
1.7682709842519684
11
2.0394812204724411
21
1.7682871259842519
0
LINE
8
BLACK
6
CONTINUOUS
10
2.0394812204724411
20
1.7682871259842519
11
2.0394983858267715
21
1.7682998031496062
0
LINE
8
BLACK
6
CONTINUOUS
10
2.0394983858267715
20
1.7682998031496062
11
2.0397399606299214
21
1.7683861417322835
0
LINE
8
BLACK
6
CONTINUOUS
10
2.0397399606299214
20
1.7683861417322835
11
2.0399797244094486
21
1.7684778740157481
0
LINE
8
BLACK
6
CONTINUOUS
10
2.0399797244094486
20
1.7684778740157481
11
2.0400009842519684
21
1.7684794094488188
0
LINE
8
BLACK
6
CONTINUOUS
10
2.0400009842519684
20
1.7684794094488188
11
2.040043503937008
21
1.7684945669291339
0
LINE
8
BLACK
6
CONTINUOUS
10
2.040043503937008
20
1.7684945669291339
11
2.0475425590551182
21
1.7703693307086614
0
LINE
8
BLACK
6
CONTINUOUS
10
2.0475425590551182
20
1.7703693307086614
11
2.0476424015748029
21
1.7703841338582678
0
LINE
8
BLACK
6
CONTINUOUS
10
2.0476424015748029
20
1.7703841338582678
11
2.0476826377952757
21
1.7704007480314961
0
LINE
8
BLACK
6
CONTINUOUS
10
2.0476826377952757
20
1.7704007480314961
11
2.0478996456692915
21
1.7704221259842519
0
LINE
8
BLACK
6
CONTINUOUS
10
2.0478996456692915
20
1.7704221259842519
11
2.0481151574803147
21
1.7704539763779528
0
LINE
8
BLACK
6
CONTINUOUS
10
2.0481151574803147
20
1.7704539763779528
11
2.0481581496062993
21
1.7704475984251968
0
LINE
8
BLACK
6
CONTINUOUS
10
2.0481581496062993
20
1.7704475984251968
11
2.0482587007874016
21
1.7704574803149606
0
LINE
8
BLACK
6
CONTINUOUS
10
2.0482587007874016
20
1.7704574803149606
11
2.0576325196850394
21
1.7704574803149606
0
LINE
8
BLACK
6
CONTINUOUS
10
2.0576325196850394
20
1.7704574803149606
11
2.0577330314960629
21
1.7704475984251968
0
LINE
8
BLACK
6
CONTINUOUS
10
2.0417901968503935
20
1.7628439763779526
11
2.0387592125984253
21
1.7613284645669292
0
LINE
8
BLACK
6
CONTINUOUS
10
2.0387592125984253
20
1.7613284645669292
11
2.037562086614173
21
1.7601313385826771
0
LINE
8
BLACK
6
CONTINUOUS
10
2.037562086614173
20
1.7601313385826771
11
2.0362133464566927
21
1.7574338582677165
0
LINE
8
BLACK
6
CONTINUOUS
10
2.0362133464566927
20
1.7574338582677165
11
2.0362133464566927
21
1.7550784251968503
0
LINE
8
BLACK
6
CONTINUOUS
10
2.0362133464566927
20
1.7550784251968503
11
2.037562086614173
21
1.7523809448818897
0
LINE
8
BLACK
6
CONTINUOUS
10
2.037562086614173
20
1.7523809448818897
11
2.0387592125984253
21
1.7511838188976379
0
LINE
8
BLACK
6
CONTINUOUS
10
2.0387592125984253
20
1.7511838188976379
11
2.0417901968503935
21
1.7496683464566929
0
LINE
8
BLACK
6
CONTINUOUS
10
2.0417901968503935
20
1.7496683464566929
11
2.0486222440944881
21
1.74796031496063
0
LINE
8
BLACK
6
CONTINUOUS
10
2.0486222440944881
20
1.74796031496063
11
2.0572689763779528
21
1.74796031496063
0
LINE
8
BLACK
6
CONTINUOUS
10
2.0572689763779528
20
1.74796031496063
11
2.0641010236220474
21
1.7496683464566929
0
LINE
8
BLACK
6
CONTINUOUS
10
2.0641010236220474
20
1.7496683464566929
11
2.0671320078740156
21
1.7511838582677164
0
LINE
8
BLACK
6
CONTINUOUS
10
2.0671320078740156
20
1.7511838582677164
11
2.0683291732283462
21
1.7523809842519684
0
LINE
8
BLACK
6
CONTINUOUS
10
2.0683291732283462
20
1.7523809842519684
11
2.0696779133858265
21
1.7550784251968503
0
LINE
8
BLACK
6
CONTINUOUS
10
2.0696779133858265
20
1.7550784251968503
11
2.0696779133858265
21
1.7574338582677165
0
LINE
8
BLACK
6
CONTINUOUS
10
2.0696779133858265
20
1.7574338582677165
11
2.0683291732283462
21
1.7601313385826771
0
LINE
8
BLACK
6
CONTINUOUS
10
2.0683291732283462
20
1.7601313385826771
11
2.0671320078740156
21
1.7613284645669292
0
LINE
8
BLACK
6
CONTINUOUS
10
2.0671320078740156
20
1.7613284645669292
11
2.0641010236220474
21
1.7628439763779526
0
LINE
8
BLACK
6
CONTINUOUS
10
2.0641010236220474
20
1.7628439763779526
11
2.0572689763779528
21
1.764551968503937
0
LINE
8
BLACK
6
CONTINUOUS
10
2.0572689763779528
20
1.764551968503937
11
2.0486222440944881
21
1.764551968503937
0
LINE
8
BLACK
6
CONTINUOUS
10
2.0486222440944881
20
1.764551968503937
11
2.0417901968503935
21
1.7628439763779526
0
LINE
8
BLACK
6
CONTINUOUS
10
2.0723962992125982
20
1.788707559055118
11
2.0723963779527557
21
1.7887075196850393
0
LINE
8
BLACK
6
CONTINUOUS
10
2.0723963779527557
20
1.7887075196850393
11
2.0728438188976379
21
1.7883403149606298
0
LINE
8
BLACK
6
CONTINUOUS
10
2.0728438188976379
20
1.7883403149606298
11
2.0747185826771655
21
1.7864655511811023
0
LINE
8
BLACK
6
CONTINUOUS
10
2.0747185826771655
20
1.7864655511811023
11
2.0750857874015747
21
1.7860181102362205
0
LINE
8
BLACK
6
CONTINUOUS
10
2.0750857874015747
20
1.7860181102362205
11
2.0752273622047244
21
1.785676338582677
0
LINE
8
BLACK
6
CONTINUOUS
10
2.0752273622047244
20
1.785676338582677
11
2.0755266929133858
21
1.7849536614173227
0
LINE
8
BLACK
6
CONTINUOUS
10
2.0755266929133858
20
1.7849536614173227
11
2.0755266929133858
21
1.7838015748031495
0
LINE
8
BLACK
6
CONTINUOUS
10
2.0755266929133858
20
1.7838015748031495
11
2.0750857874015747
21
1.7827371653543307
0
LINE
8
BLACK
6
CONTINUOUS
10
2.0750857874015747
20
1.7827371653543307
11
2.0747185826771655
21
1.7822897244094489
0
LINE
8
BLACK
6
CONTINUOUS
10
2.0747185826771655
20
1.7822897244094489
11
2.0728438188976379
21
1.7804149606299213
0
LINE
8
BLACK
6
CONTINUOUS
10
2.0728438188976379
20
1.7804149606299213
11
2.0723963779527557
21
1.7800477559055117
0
LINE
8
BLACK
6
CONTINUOUS
10
2.0723963779527557
20
1.7800477559055117
11
2.0713319685039369
21
1.7796068503937008
0
LINE
8
BLACK
6
CONTINUOUS
10
2.0713319685039369
20
1.7796068503937008
11
2.0701798818897639
21
1.7796068503937008
0
LINE
8
BLACK
6
CONTINUOUS
10
2.0701798818897639
20
1.7796068503937008
11
2.0691154724409446
21
1.7800477165354329
0
LINE
8
BLACK
6
CONTINUOUS
10
2.0691154724409446
20
1.7800477165354329
11
2.0686679921259841
21
1.7804149606299213
0
LINE
8
BLACK
6
CONTINUOUS
10
2.0686679921259841
20
1.7804149606299213
11
2.0667932283464565
21
1.7822896850393701
0
LINE
8
BLACK
6
CONTINUOUS
10
2.0667932283464565
20
1.7822896850393701
11
2.0664259842519686
21
1.7827371653543307
0
LINE
8
BLACK
6
CONTINUOUS
10
2.0664259842519686
20
1.7827371653543307
11
2.0664259448818898
21
1.7827372047244094
0
LINE
8
BLACK
6
CONTINUOUS
10
2.0664259448818898
20
1.7827372047244094
11
2.0659850787401575
21
1.7838016141732282
0
LINE
8
BLACK
6
CONTINUOUS
10
2.0659850787401575
20
1.7838016141732282
11
2.0659850787401575
21
1.7849537007874015
0
LINE
8
BLACK
6
CONTINUOUS
10
2.0659850787401575
20
1.7849537007874015
11
2.0662844094488189
21
1.785676338582677
0
LINE
8
BLACK
6
CONTINUOUS
10
2.0662844094488189
20
1.785676338582677
11
2.0664259448818898
21
1.7860180708661417
0
LINE
8
BLACK
6
CONTINUOUS
10
2.0664259448818898
20
1.7860180708661417
11
2.0664259842519686
21
1.7860181102362205
0
LINE
8
BLACK
6
CONTINUOUS
10
2.0664259842519686
20
1.7860181102362205
11
2.0667932283464565
21
1.786465590551181
0
LINE
8
BLACK
6
CONTINUOUS
10
2.0667932283464565
20
1.786465590551181
11
2.0686679921259841
21
1.7883403149606298
0
LINE
8
BLACK
6
CONTINUOUS
10
2.0686679921259841
20
1.7883403149606298
11
2.0691154724409446
21
1.788707559055118
0
LINE
8
BLACK
6
CONTINUOUS
10
2.0691154724409446
20
1.788707559055118
11
2.0701798818897639
21
1.7891484251968504
0
LINE
8
BLACK
6
CONTINUOUS
10
2.0701798818897639
20
1.7891484251968504
11
2.0713319685039369
21
1.7891484251968504
0
LINE
8
BLACK
6
CONTINUOUS
10
2.0713319685039369
20
1.7891484251968504
11
2.0723962992125982
21
1.788707559055118
0
LINE
8
BLACK
6
CONTINUOUS
10
2.0577330314960629
20
1.8266905511811022
11
2.0577760629921258
21
1.8266969291338582
0
LINE
8
BLACK
6
CONTINUOUS
10
2.0577760629921258
20
1.8266969291338582
11
2.0579915354330707
21
1.8266650787401575
0
LINE
8
BLACK
6
CONTINUOUS
10
2.0579915354330707
20
1.8266650787401575
11
2.0582085826771652
21
1.8266437007874015
0
LINE
8
BLACK
6
CONTINUOUS
10
2.0582085826771652
20
1.8266437007874015
11
2.0582487795275588
21
1.8266270866141732
0
LINE
8
BLACK
6
CONTINUOUS
10
2.0582487795275588
20
1.8266270866141732
11
2.0583486614173228
21
1.8266122834645668
0
LINE
8
BLACK
6
CONTINUOUS
10
2.0583486614173228
20
1.8266122834645668
11
2.065847716535433
21
1.8247375196850393
0
LINE
8
BLACK
6
CONTINUOUS
10
2.065847716535433
20
1.8247375196850393
11
2.0658901968503938
21
1.8247223622047244
0
LINE
8
BLACK
6
CONTINUOUS
10
2.0658901968503938
20
1.8247223622047244
11
2.0659114566929135
21
1.8247208267716535
0
LINE
8
BLACK
6
CONTINUOUS
10
2.0659114566929135
20
1.8247208267716535
11
2.066150866141732
21
1.8246292125984251
0
LINE
8
BLACK
6
CONTINUOUS
10
2.066150866141732
20
1.8246292125984251
11
2.066392834645669
21
1.8245427559055118
0
LINE
8
BLACK
6
CONTINUOUS
10
2.066392834645669
20
1.8245427559055118
11
2.0664099606299211
21
1.8245300787401575
0
LINE
8
BLACK
6
CONTINUOUS
10
2.0664099606299211
20
1.8245300787401575
11
2.0664520866141731
21
1.824513937007874
0
LINE
8
BLACK
6
CONTINUOUS
10
2.0664520866141731
20
1.824513937007874
11
2.0702016141732282
21
1.8226391732283465
0
LINE
8
BLACK
6
CONTINUOUS
10
2.0702016141732282
20
1.8226391732283465
11
2.0704494881889763
21
1.8224831496062992
0
LINE
8
BLACK
6
CONTINUOUS
10
2.0704494881889763
20
1.8224831496062992
11
2.0705215354330706
21
1.8224533070866142
0
LINE
8
BLACK
6
CONTINUOUS
10
2.0705215354330706
20
1.8224533070866142
11
2.0706025590551183
21
1.8223868110236221
0
LINE
8
BLACK
6
CONTINUOUS
10
2.0706025590551183
20
1.8223868110236221
11
2.0706914960629921
21
1.8223308267716536
0
LINE
8
BLACK
6
CONTINUOUS
10
2.0706914960629921
20
1.8223308267716536
11
2.0707426377952753
21
1.8222718503937008
0
LINE
8
BLACK
6
CONTINUOUS
10
2.0707426377952753
20
1.8222718503937008
11
2.0709689763779529
21
1.8220861023622046
0
LINE
8
BLACK
6
CONTINUOUS
10
2.0709689763779529
20
1.8220861023622046
11
2.0728437795275592
21
1.820211338582677
0
LINE
8
BLACK
6
CONTINUOUS
10
2.0728437795275592
20
1.820211338582677
11
2.0730295275590551
21
1.819985
0
LINE
8
BLACK
6
CONTINUOUS
10
2.0730295275590551
20
1.819985
11
2.0730885826771654
21
1.819933779527559
0
LINE
8
BLACK
6
CONTINUOUS
10
2.0730885826771654
20
1.819933779527559
11
2.073144566929134
21
1.8198448425196849
0
LINE
8
BLACK
6
CONTINUOUS
10
2.073144566929134
20
1.8198448425196849
11
2.0732110236220471
21
1.8197638582677165
0
LINE
8
BLACK
6
CONTINUOUS
10
2.0732110236220471
20
1.8197638582677165
11
2.0732408267716536
21
1.8196919291338582
0
LINE
8
BLACK
6
CONTINUOUS
10
2.0732408267716536
20
1.8196919291338582
11
2.0733969291338581
21
1.8194438976377951
0
LINE
8
BLACK
6
CONTINUOUS
10
2.0733969291338581
20
1.8194438976377951
11
2.0752716929133856
21
1.81569437007874
0
LINE
8
BLACK
6
CONTINUOUS
10
2.0752716929133856
20
1.81569437007874
11
2.0754785826771651
21
1.815153779527559
0
LINE
8
BLACK
6
CONTINUOUS
10
2.0754785826771651
20
1.815153779527559
11
2.0754861023622047
21
1.8150479133858268
0
LINE
8
BLACK
6
CONTINUOUS
10
2.0754861023622047
20
1.8150479133858268
11
2.0755266929133858
21
1.8149499212598426
0
LINE
8
BLACK
6
CONTINUOUS
10
2.0755266929133858
20
1.8149499212598426
11
2.0755834251968501
21
1.8143738582677165
0
LINE
8
BLACK
6
CONTINUOUS
10
2.0755834251968501
20
1.8143738582677165
11
2.0755834251968501
21
1.8106243307086614
0
LINE
8
BLACK
6
CONTINUOUS
10
2.0755834251968501
20
1.8106243307086614
11
2.0755266929133858
21
1.8100482677165355
0
LINE
8
BLACK
6
CONTINUOUS
10
2.0755266929133858
20
1.8100482677165355
11
2.0754861023622047
21
1.80995031496063
0
LINE
8
BLACK
6
CONTINUOUS
10
2.0754861023622047
20
1.80995031496063
11
2.0754785826771651
21
1.8098444094488189
0
LINE
8
BLACK
6
CONTINUOUS
10
2.0754785826771651
20
1.8098444094488189
11
2.0752716929133856
21
1.8093038188976378
0
LINE
8
BLACK
6
CONTINUOUS
10
2.0752716929133856
20
1.8093038188976378
11
2.0733969291338581
21
1.8055542913385827
0
LINE
8
BLACK
6
CONTINUOUS
10
2.0733969291338581
20
1.8055542913385827
11
2.0732408267716536
21
1.8053062992125983
0
LINE
8
BLACK
6
CONTINUOUS
10
2.0732408267716536
20
1.8053062992125983
11
2.0732110236220471
21
1.8052343307086613
0
LINE
8
BLACK
6
CONTINUOUS
10
2.0732110236220471
20
1.8052343307086613
11
2.073144566929134
21
1.8051533858267717
0
LINE
8
BLACK
6
CONTINUOUS
10
2.073144566929134
20
1.8051533858267717
11
2.0730885826771654
21
1.8050644094488189
0
LINE
8
BLACK
6
CONTINUOUS
10
2.0730885826771654
20
1.8050644094488189
11
2.0730295275590551
21
1.8050132283464566
0
LINE
8
BLACK
6
CONTINUOUS
10
2.0730295275590551
20
1.8050132283464566
11
2.0728437795275592
21
1.8047868503937008
0
LINE
8
BLACK
6
CONTINUOUS
10
2.0728437795275592
20
1.8047868503937008
11
2.0709689763779529
21
1.8029120866141732
0
LINE
8
BLACK
6
CONTINUOUS
10
2.0709689763779529
20
1.8029120866141732
11
2.0707426377952753
21
1.8027263779527558
0
LINE
8
BLACK
6
CONTINUOUS
10
2.0707426377952753
20
1.8027263779527558
11
2.0706914960629921
21
1.8026673622047245
0
LINE
8
BLACK
6
CONTINUOUS
10
2.0706914960629921
20
1.8026673622047245
11
2.0706025590551183
21
1.8026114173228347
0
LINE
8
BLACK
6
CONTINUOUS
10
2.0706025590551183
20
1.8026114173228347
11
2.0705215354330706
21
1.8025448818897638
0
LINE
8
BLACK
6
CONTINUOUS
10
2.0705215354330706
20
1.8025448818897638
11
2.0704494881889763
21
1.8025150787401574
0
LINE
8
BLACK
6
CONTINUOUS
10
2.0704494881889763
20
1.8025150787401574
11
2.0702016141732282
21
1.8023590157480314
0
LINE
8
BLACK
6
CONTINUOUS
10
2.0702016141732282
20
1.8023590157480314
11
2.0664520866141731
21
1.8004842519685038
0
LINE
8
BLACK
6
CONTINUOUS
10
2.0664520866141731
20
1.8004842519685038
11
2.0664099606299211
21
1.8004681496062991
0
LINE
8
BLACK
6
CONTINUOUS
10
2.0664099606299211
20
1.8004681496062991
11
2.066392834645669
21
1.8004554330708662
0
LINE
8
BLACK
6
CONTINUOUS
10
2.066392834645669
20
1.8004554330708662
11
2.066150866141732
21
1.8003690157480314
0
LINE
8
BLACK
6
CONTINUOUS
10
2.066150866141732
20
1.8003690157480314
11
2.0659114566929135
21
1.8002773622047243
0
LINE
8
BLACK
6
CONTINUOUS
10
2.0659114566929135
20
1.8002773622047243
11
2.0658901968503938
21
1.8002758661417322
0
LINE
8
BLACK
6
CONTINUOUS
10
2.0658901968503938
20
1.8002758661417322
11
2.065847716535433
21
1.8002606692913385
0
LINE
8
BLACK
6
CONTINUOUS
10
2.065847716535433
20
1.8002606692913385
11
2.0583486614173228
21
1.798385905511811
0
LINE
8
BLACK
6
CONTINUOUS
10
2.0583486614173228
20
1.798385905511811
11
2.0582487795275588
21
1.7983711417322834
0
LINE
8
BLACK
6
CONTINUOUS
10
2.0582487795275588
20
1.7983711417322834
11
2.0582085826771652
21
1.7983544881889764
0
LINE
8
BLACK
6
CONTINUOUS
10
2.0582085826771652
20
1.7983544881889764
11
2.0579915354330707
21
1.7983331496062991
0
LINE
8
BLACK
6
CONTINUOUS
10
2.0579915354330707
20
1.7983331496062991
11
2.0577760629921258
21
1.7983012598425197
0
LINE
8
BLACK
6
CONTINUOUS
10
2.0577760629921258
20
1.7983012598425197
11
2.0577330314960629
21
1.7983076771653543
0
LINE
8
BLACK
6
CONTINUOUS
10
2.0577330314960629
20
1.7983076771653543
11
2.0576325196850394
21
1.7982977559055118
0
LINE
8
BLACK
6
CONTINUOUS
10
2.0576325196850394
20
1.7982977559055118
11
2.0482587007874016
21
1.7982977559055118
0
LINE
8
BLACK
6
CONTINUOUS
10
2.0482587007874016
20
1.7982977559055118
11
2.0481581496062993
21
1.7983076771653543
0
LINE
8
BLACK
6
CONTINUOUS
10
2.0481581496062993
20
1.7983076771653543
11
2.0481151574803147
21
1.7983012598425197
0
LINE
8
BLACK
6
CONTINUOUS
10
2.0481151574803147
20
1.7983012598425197
11
2.0478996456692915
21
1.7983331496062991
0
LINE
8
BLACK
6
CONTINUOUS
10
2.0478996456692915
20
1.7983331496062991
11
2.0476826377952757
21
1.7983544881889764
0
LINE
8
BLACK
6
CONTINUOUS
10
2.0476826377952757
20
1.7983544881889764
11
2.0476424015748029
21
1.7983711417322834
0
LINE
8
BLACK
6
CONTINUOUS
10
2.0476424015748029
20
1.7983711417322834
11
2.0475425590551182
21
1.798385905511811
0
LINE
8
BLACK
6
CONTINUOUS
10
2.0475425590551182
20
1.798385905511811
11
2.040043503937008
21
1.8002606692913385
0
LINE
8
BLACK
6
CONTINUOUS
10
2.040043503937008
20
1.8002606692913385
11
2.0400009842519684
21
1.8002758661417322
0
LINE
8
BLACK
6
CONTINUOUS
10
2.0400009842519684
20
1.8002758661417322
11
2.0399797244094486
21
1.8002773622047243
0
LINE
8
BLACK
6
CONTINUOUS
10
2.0399797244094486
20
1.8002773622047243
11
2.0397399606299214
21
1.8003691338582677
0
LINE
8
BLACK
6
CONTINUOUS
10
2.0397399606299214
20
1.8003691338582677
11
2.0394983858267715
21
1.8004554330708662
0
LINE
8
BLACK
6
CONTINUOUS
10
2.0394983858267715
20
1.8004554330708662
11
2.0394812204724411
21
1.8004681496062991
0
LINE
8
BLACK
6
CONTINUOUS
10
2.0394812204724411
20
1.8004681496062991
11
2.0394391338582678
21
1.8004842519685038
0
LINE
8
BLACK
6
CONTINUOUS
10
2.0394391338582678
20
1.8004842519685038
11
2.0356896062992127
21
1.8023590157480314
0
LINE
8
BLACK
6
CONTINUOUS
10
2.0356896062992127
20
1.8023590157480314
11
2.0354415748031496
21
1.8025151181102361
0
LINE
8
BLACK
6
CONTINUOUS
10
2.0354415748031496
20
1.8025151181102361
11
2.0353696456692911
21
1.8025449212598426
0
LINE
8
BLACK
6
CONTINUOUS
10
2.0353696456692911
20
1.8025449212598426
11
2.0352886614173227
21
1.8026114173228347
0
LINE
8
BLACK
6
CONTINUOUS
10
2.0352886614173227
20
1.8026114173228347
11
2.0351997244094489
21
1.8026673622047245
0
LINE
8
BLACK
6
CONTINUOUS
10
2.0351997244094489
20
1.8026673622047245
11
2.0351485433070864
21
1.8027263779527558
0
LINE
8
BLACK
6
CONTINUOUS
10
2.0351485433070864
20
1.8027263779527558
11
2.0349222047244093
21
1.802912125984252
0
LINE
8
BLACK
6
CONTINUOUS
10
2.0349222047244093
20
1.802912125984252
11
2.0330474409448818
21
1.8047868897637795
0
LINE
8
BLACK
6
CONTINUOUS
10
2.0330474409448818
20
1.8047868897637795
11
2.0328616535433071
21
1.8050132677165354
0
LINE
8
BLACK
6
CONTINUOUS
10
2.0328616535433071
20
1.8050132677165354
11
2.0328026771653542
21
1.8050644094488189
0
LINE
8
BLACK
6
CONTINUOUS
10
2.0328026771653542
20
1.8050644094488189
11
2.0327466929133857
21
1.8051533858267717
0
LINE
8
BLACK
6
CONTINUOUS
10
2.0327466929133857
20
1.8051533858267717
11
2.0326802362204726
21
1.8052343307086613
0
LINE
8
BLACK
6
CONTINUOUS
10
2.0326802362204726
20
1.8052343307086613
11
2.0326503937007874
21
1.8053062992125983
0
LINE
8
BLACK
6
CONTINUOUS
10
2.0326503937007874
20
1.8053062992125983
11
2.0324943307086616
21
1.8055542913385827
0
LINE
8
BLACK
6
CONTINUOUS
10
2.0324943307086616
20
1.8055542913385827
11
2.0306195669291336
21
1.8093038188976378
0
LINE
8
BLACK
6
CONTINUOUS
10
2.0306195669291336
20
1.8093038188976378
11
2.0304126771653541
21
1.8098444488188976
0
LINE
8
BLACK
6
CONTINUOUS
10
2.0304126771653541
20
1.8098444488188976
11
2.030405157480315
21
1.8099502755905512
0
LINE
8
BLACK
6
CONTINUOUS
10
2.030405157480315
20
1.8099502755905512
11
2.0303645669291339
21
1.8100482677165355
0
LINE
8
BLACK
6
CONTINUOUS
10
2.0303645669291339
20
1.8100482677165355
11
2.0303078346456691
21
1.8106243307086614
0
LINE
8
BLACK
6
CONTINUOUS
10
2.0303078346456691
20
1.8106243307086614
11
2.0303078346456691
21
1.8143738582677165
0
LINE
8
BLACK
6
CONTINUOUS
10
2.0303078346456691
20
1.8143738582677165
11
2.0303645669291339
21
1.8149499212598426
0
LINE
8
BLACK
6
CONTINUOUS
10
2.0303645669291339
20
1.8149499212598426
11
2.030405157480315
21
1.8150479527559056
0
LINE
8
BLACK
6
CONTINUOUS
10
2.030405157480315
20
1.8150479527559056
11
2.0304126771653541
21
1.8151537401574802
0
LINE
8
BLACK
6
CONTINUOUS
10
2.0304126771653541
20
1.8151537401574802
11
2.0306195669291336
21
1.81569437007874
0
LINE
8
BLACK
6
CONTINUOUS
10
2.0306195669291336
20
1.81569437007874
11
2.0324943307086616
21
1.8194438976377951
0
LINE
8
BLACK
6
CONTINUOUS
10
2.0324943307086616
20
1.8194438976377951
11
2.0326503937007874
21
1.8196919291338582
0
LINE
8
BLACK
6
CONTINUOUS
10
2.0326503937007874
20
1.8196919291338582
11
2.0326802362204726
21
1.8197638582677165
0
LINE
8
BLACK
6
CONTINUOUS
10
2.0326802362204726
20
1.8197638582677165
11
2.0327466929133857
21
1.8198448425196849
0
LINE
8
BLACK
6
CONTINUOUS
10
2.0327466929133857
20
1.8198448425196849
11
2.0328026771653542
21
1.819933779527559
0
LINE
8
BLACK
6
CONTINUOUS
10
2.0328026771653542
20
1.819933779527559
11
2.0328616535433071
21
1.8199849606299212
0
LINE
8
BLACK
6
CONTINUOUS
10
2.0328616535433071
20
1.8199849606299212
11
2.0330474409448818
21
1.8202112992125983
0
LINE
8
BLACK
6
CONTINUOUS
10
2.0330474409448818
20
1.8202112992125983
11
2.0349222047244093
21
1.8220860629921258
0
LINE
8
BLACK
6
CONTINUOUS
10
2.0349222047244093
20
1.8220860629921258
11
2.0351485433070864
21
1.8222718503937008
0
LINE
8
BLACK
6
CONTINUOUS
10
2.0351485433070864
20
1.8222718503937008
11
2.0351997244094489
21
1.8223308267716536
0
LINE
8
BLACK
6
CONTINUOUS
10
2.0351997244094489
20
1.8223308267716536
11
2.0352886614173227
21
1.8223868110236221
0
LINE
8
BLACK
6
CONTINUOUS
10
2.0352886614173227
20
1.8223868110236221
11
2.0353696456692911
21
1.8224532677165355
0
LINE
8
BLACK
6
CONTINUOUS
10
2.0353696456692911
20
1.8224532677165355
11
2.0354415748031496
21
1.8224831102362204
0
LINE
8
BLACK
6
CONTINUOUS
10
2.0354415748031496
20
1.8224831102362204
11
2.0356896062992127
21
1.8226391732283465
0
LINE
8
BLACK
6
CONTINUOUS
10
2.0356896062992127
20
1.8226391732283465
11
2.0394391338582678
21
1.824513937007874
0
LINE
8
BLACK
6
CONTINUOUS
10
2.0394391338582678
20
1.824513937007874
11
2.0394812204724411
21
1.8245300787401575
0
LINE
8
BLACK
6
CONTINUOUS
10
2.0394812204724411
20
1.8245300787401575
11
2.0394983858267715
21
1.8245427559055118
0
LINE
8
BLACK
6
CONTINUOUS
10
2.0394983858267715
20
1.8245427559055118
11
2.0397399606299214
21
1.8246290944881889
0
LINE
8
BLACK
6
CONTINUOUS
10
2.0397399606299214
20
1.8246290944881889
11
2.0399797244094486
21
1.8247208267716535
0
LINE
8
BLACK
6
CONTINUOUS
10
2.0399797244094486
20
1.8247208267716535
11
2.0400009842519684
21
1.8247223622047244
0
LINE
8
BLACK
6
CONTINUOUS
10
2.0400009842519684
20
1.8247223622047244
11
2.040043503937008
21
1.8247375196850393
0
LINE
8
BLACK
6
CONTINUOUS
10
2.040043503937008
20
1.8247375196850393
11
2.0475425590551182
21
1.8266122834645668
0
LINE
8
BLACK
6
CONTINUOUS
10
2.0475425590551182
20
1.8266122834645668
11
2.0476424015748029
21
1.8266270866141732
0
LINE
8
BLACK
6
CONTINUOUS
10
2.0476424015748029
20
1.8266270866141732
11
2.0476826377952757
21
1.8266437007874015
0
LINE
8
BLACK
6
CONTINUOUS
10
2.0476826377952757
20
1.8266437007874015
11
2.0478996456692915
21
1.8266650787401575
0
LINE
8
BLACK
6
CONTINUOUS
10
2.0478996456692915
20
1.8266650787401575
11
2.0481151574803147
21
1.8266969291338582
0
LINE
8
BLACK
6
CONTINUOUS
10
2.0481151574803147
20
1.8266969291338582
11
2.0481581496062993
21
1.8266905511811022
0
LINE
8
BLACK
6
CONTINUOUS
10
2.0481581496062993
20
1.8266905511811022
11
2.0482587007874016
21
1.826700433070866
0
LINE
8
BLACK
6
CONTINUOUS
10
2.0482587007874016
20
1.826700433070866
11
2.0576325196850394
21
1.826700433070866
0
LINE
8
BLACK
6
CONTINUOUS
10
2.0576325196850394
20
1.826700433070866
11
2.0577330314960629
21
1.8266905511811022
0
LINE
8
BLACK
6
CONTINUOUS
10
2.0417901968503935
20
1.8190869291338583
11
2.0387592125984253
21
1.8175714173228346
0
LINE
8
BLACK
6
CONTINUOUS
10
2.0387592125984253
20
1.8175714173228346
11
2.037562086614173
21
1.8163742913385825
0
LINE
8
BLACK
6
CONTINUOUS
10
2.037562086614173
20
1.8163742913385825
11
2.0362133464566927
21
1.8136768110236221
0
LINE
8
BLACK
6
CONTINUOUS
10
2.0362133464566927
20
1.8136768110236221
11
2.0362133464566927
21
1.8113213779527559
0
LINE
8
BLACK
6
CONTINUOUS
10
2.0362133464566927
20
1.8113213779527559
11
2.037562086614173
21
1.8086238976377953
0
LINE
8
BLACK
6
CONTINUOUS
10
2.037562086614173
20
1.8086238976377953
11
2.0387592125984253
21
1.8074267716535433
0
LINE
8
BLACK
6
CONTINUOUS
10
2.0387592125984253
20
1.8074267716535433
11
2.0417901968503935
21
1.8059112992125983
0
LINE
8
BLACK
6
CONTINUOUS
10
2.0417901968503935
20
1.8059112992125983
11
2.0486222440944881
21
1.8042032677165354
0
LINE
8
BLACK
6
CONTINUOUS
10
2.0486222440944881
20
1.8042032677165354
11
2.0572689763779528
21
1.8042032677165354
0
LINE
8
BLACK
6
CONTINUOUS
10
2.0572689763779528
20
1.8042032677165354
11
2.0641010236220474
21
1.8059112992125983
0
LINE
8
BLACK
6
CONTINUOUS
10
2.0641010236220474
20
1.8059112992125983
11
2.0671320078740156
21
1.807426811023622
0
LINE
8
BLACK
6
CONTINUOUS
10
2.0671320078740156
20
1.807426811023622
11
2.0683291732283462
21
1.808623937007874
0
LINE
8
BLACK
6
CONTINUOUS
10
2.0683291732283462
20
1.808623937007874
11
2.0696779133858265
21
1.8113213779527559
0
LINE
8
BLACK
6
CONTINUOUS
10
2.0696779133858265
20
1.8113213779527559
11
2.0696779133858265
21
1.8136768110236221
0
LINE
8
BLACK
6
CONTINUOUS
10
2.0696779133858265
20
1.8136768110236221
11
2.0683291732283462
21
1.8163742913385825
0
LINE
8
BLACK
6
CONTINUOUS
10
2.0683291732283462
20
1.8163742913385825
11
2.0671320078740156
21
1.8175714173228346
0
LINE
8
BLACK
6
CONTINUOUS
10
2.0671320078740156
20
1.8175714173228346
11
2.0641010236220474
21
1.8190869291338583
0
LINE
8
BLACK
6
CONTINUOUS
10
2.0641010236220474
20
1.8190869291338583
11
2.0572689763779528
21
1.8207949212598424
0
LINE
8
BLACK
6
CONTINUOUS
10
2.0572689763779528
20
1.8207949212598424
11
2.0486222440944881
21
1.8207949212598424
0
LINE
8
BLACK
6
CONTINUOUS
10
2.0486222440944881
20
1.8207949212598424
11
2.0417901968503935
21
1.8190869291338583
0
LINE
8
BLACK
6
CONTINUOUS
10
2.0732067322834644
20
1.9072586614173228
11
2.0742711417322832
21
1.9068177559055117
0
LINE
8
BLACK
6
CONTINUOUS
10
2.0742711417322832
20
1.9068177559055117
11
2.0750857874015747
21
1.9060031102362205
0
LINE
8
BLACK
6
CONTINUOUS
10
2.0750857874015747
20
1.9060031102362205
11
2.0755266929133858
21
1.9049387007874015
0
LINE
8
BLACK
6
CONTINUOUS
10
2.0755266929133858
20
1.9049387007874015
11
2.0755266929133858
21
1.9037865748031495
0
LINE
8
BLACK
6
CONTINUOUS
10
2.0755266929133858
20
1.9037865748031495
11
2.0750857874015747
21
1.9027221653543307
0
LINE
8
BLACK
6
CONTINUOUS
10
2.0750857874015747
20
1.9027221653543307
11
2.0742711417322832
21
1.9019075196850392
0
LINE
8
BLACK
6
CONTINUOUS
10
2.0742711417322832
20
1.9019075196850392
11
2.0732067322834644
21
1.9014666141732284
0
LINE
8
BLACK
6
CONTINUOUS
10
2.0732067322834644
20
1.9014666141732284
11
2.0726306692913385
21
1.9014098818897638
0
LINE
8
BLACK
6
CONTINUOUS
10
2.0726306692913385
20
1.9014098818897638
11
2.0527052755905513
21
1.9014098818897638
0
LINE
8
BLACK
6
CONTINUOUS
10
2.0527052755905513
20
1.9014098818897638
11
2.0504595275590551
21
1.9002870472440945
0
LINE
8
BLACK
6
CONTINUOUS
10
2.0504595275590551
20
1.9002870472440945
11
2.0493366929133856
21
1.8980412992125983
0
LINE
8
BLACK
6
CONTINUOUS
10
2.0493366929133856
20
1.8980412992125983
11
2.0493366929133856
21
1.8938110629921259
0
LINE
8
BLACK
6
CONTINUOUS
10
2.0493366929133856
20
1.8938110629921259
11
2.0504595275590551
21
1.8915653543307087
0
LINE
8
BLACK
6
CONTINUOUS
10
2.0504595275590551
20
1.8915653543307087
11
2.0527052755905513
21
1.8904424803149606
0
LINE
8
BLACK
6
CONTINUOUS
10
2.0527052755905513
20
1.8904424803149606
11
2.0726306692913385
21
1.8904424803149606
0
LINE
8
BLACK
6
CONTINUOUS
10
2.0726306692913385
20
1.8904424803149606
11
2.0732067322834644
21
1.8903857480314961
0
LINE
8
BLACK
6
CONTINUOUS
10
2.0732067322834644
20
1.8903857480314961
11
2.0742711417322832
21
1.889944842519685
0
LINE
8
BLACK
6
CONTINUOUS
10
2.0742711417322832
20
1.889944842519685
11
2.0750857874015747
21
1.8891301968503937
0
LINE
8
BLACK
6
CONTINUOUS
10
2.0750857874015747
20
1.8891301968503937
11
2.0755266929133858
21
1.8880657874015747
0
LINE
8
BLACK
6
CONTINUOUS
10
2.0755266929133858
20
1.8880657874015747
11
2.0755266929133858
21
1.8869136614173228
0
LINE
8
BLACK
6
CONTINUOUS
10
2.0755266929133858
20
1.8869136614173228
11
2.0750857874015747
21
1.8858492519685039
0
LINE
8
BLACK
6
CONTINUOUS
10
2.0750857874015747
20
1.8858492519685039
11
2.0742711417322832
21
1.8850346062992125
0
LINE
8
BLACK
6
CONTINUOUS
10
2.0742711417322832
20
1.8850346062992125
11
2.0732067322834644
21
1.8845937007874016
0
LINE
8
BLACK
6
CONTINUOUS
10
2.0732067322834644
20
1.8845937007874016
11
2.0726306692913385
21
1.884536968503937
0
LINE
8
BLACK
6
CONTINUOUS
10
2.0726306692913385
20
1.884536968503937
11
2.0527052755905513
21
1.884536968503937
0
LINE
8
BLACK
6
CONTINUOUS
10
2.0527052755905513
20
1.884536968503937
11
2.0504595275590551
21
1.8834141338582677
0
LINE
8
BLACK
6
CONTINUOUS
10
2.0504595275590551
20
1.8834141338582677
11
2.0493366929133856
21
1.8811683858267716
0
LINE
8
BLACK
6
CONTINUOUS
10
2.0493366929133856
20
1.8811683858267716
11
2.0493366929133856
21
1.8769381889763779
0
LINE
8
BLACK
6
CONTINUOUS
10
2.0493366929133856
20
1.8769381889763779
11
2.0506854330708659
21
1.8742407086614172
0
LINE
8
BLACK
6
CONTINUOUS
10
2.0506854330708659
20
1.8742407086614172
11
2.0513565354330709
21
1.8735696062992127
0
LINE
8
BLACK
6
CONTINUOUS
10
2.0513565354330709
20
1.8735696062992127
11
2.0726306692913385
21
1.8735696062992127
0
LINE
8
BLACK
6
CONTINUOUS
10
2.0726306692913385
20
1.8735696062992127
11
2.0732067322834644
21
1.8735128740157481
0
LINE
8
BLACK
6
CONTINUOUS
10
2.0732067322834644
20
1.8735128740157481
11
2.0742711417322832
21
1.873071968503937
0
LINE
8
BLACK
6
CONTINUOUS
10
2.0742711417322832
20
1.873071968503937
11
2.0750857874015747
21
1.8722573228346455
0
LINE
8
BLACK
6
CONTINUOUS
10
2.0750857874015747
20
1.8722573228346455
11
2.0755266929133858
21
1.8711929133858267
0
LINE
8
BLACK
6
CONTINUOUS
10
2.0755266929133858
20
1.8711929133858267
11
2.0755266929133858
21
1.8700407874015748
0
LINE
8
BLACK
6
CONTINUOUS
10
2.0755266929133858
20
1.8700407874015748
11
2.0750857874015747
21
1.868976377952756
0
LINE
8
BLACK
6
CONTINUOUS
10
2.0750857874015747
20
1.868976377952756
11
2.0742711417322832
21
1.8681617322834645
0
LINE
8
BLACK
6
CONTINUOUS
10
2.0742711417322832
20
1.8681617322834645
11
2.0732067322834644
21
1.8677208267716534
0
LINE
8
BLACK
6
CONTINUOUS
10
2.0732067322834644
20
1.8677208267716534
11
2.0726306692913385
21
1.867664094488189
0
LINE
8
BLACK
6
CONTINUOUS
10
2.0726306692913385
20
1.867664094488189
11
2.046383937007874
21
1.867664094488189
0
LINE
8
BLACK
6
CONTINUOUS
10
2.046383937007874
20
1.867664094488189
11
2.0458078740157482
21
1.8677208267716534
0
LINE
8
BLACK
6
CONTINUOUS
10
2.0458078740157482
20
1.8677208267716534
11
2.0447434645669289
21
1.8681617322834645
0
LINE
8
BLACK
6
CONTINUOUS
10
2.0447434645669289
20
1.8681617322834645
11
2.0439288188976379
21
1.868976377952756
0
LINE
8
BLACK
6
CONTINUOUS
10
2.0439288188976379
20
1.868976377952756
11
2.0434879133858268
21
1.8700407874015748
0
LINE
8
BLACK
6
CONTINUOUS
10
2.0434879133858268
20
1.8700407874015748
11
2.0434879133858268
21
1.8711929133858267
0
LINE
8
BLACK
6
CONTINUOUS
10
2.0434879133858268
20
1.8711929133858267
11
2.0439288188976379
21
1.8722573228346455
0
LINE
8
BLACK
6
CONTINUOUS
10
2.0439288188976379
20
1.8722573228346455
11
2.0446926377952757
21
1.8730211811023623
0
LINE
8
BLACK
6
CONTINUOUS
10
2.0446926377952757
20
1.8730211811023623
11
2.0437429133858269
21
1.8749206299212597
0
LINE
8
BLACK
6
CONTINUOUS
10
2.0437429133858269
20
1.8749206299212597
11
2.043536023622047
21
1.8754612598425195
0
LINE
8
BLACK
6
CONTINUOUS
10
2.043536023622047
20
1.8754612598425195
11
2.0435285039370079
21
1.8755670866141732
0
LINE
8
BLACK
6
CONTINUOUS
10
2.0435285039370079
20
1.8755670866141732
11
2.0434879133858268
21
1.8756650787401574
0
LINE
8
BLACK
6
CONTINUOUS
10
2.0434879133858268
20
1.8756650787401574
11
2.043431181102362
21
1.8762411417322835
0
LINE
8
BLACK
6
CONTINUOUS
10
2.043431181102362
20
1.8762411417322835
11
2.043431181102362
21
1.8818654330708662
0
LINE
8
BLACK
6
CONTINUOUS
10
2.043431181102362
20
1.8818654330708662
11
2.0434879133858268
21
1.882441496062992
0
LINE
8
BLACK
6
CONTINUOUS
10
2.0434879133858268
20
1.882441496062992
11
2.0435285039370079
21
1.8825395275590551
0
LINE
8
BLACK
6
CONTINUOUS
10
2.0435285039370079
20
1.8825395275590551
11
2.043536023622047
21
1.8826453149606299
0
LINE
8
BLACK
6
CONTINUOUS
10
2.043536023622047
20
1.8826453149606299
11
2.0437429133858269
21
1.8831859448818897
0
LINE
8
BLACK
6
CONTINUOUS
10
2.0437429133858269
20
1.8831859448818897
11
2.0456176771653545
21
1.8869354724409448
0
LINE
8
BLACK
6
CONTINUOUS
10
2.0456176771653545
20
1.8869354724409448
11
2.045678307086614
21
1.8870318503937007
0
LINE
8
BLACK
6
CONTINUOUS
10
2.045678307086614
20
1.8870318503937007
11
2.0456934645669289
21
1.8870772440944881
0
LINE
8
BLACK
6
CONTINUOUS
10
2.0456934645669289
20
1.8870772440944881
11
2.0457424803149604
21
1.8871338188976376
0
LINE
8
BLACK
6
CONTINUOUS
10
2.0457424803149604
20
1.8871338188976376
11
2.0459260236220471
21
1.8874253543307087
0
LINE
8
BLACK
6
CONTINUOUS
10
2.0459260236220471
20
1.8874253543307087
11
2.0460002362204723
21
1.8874897244094488
0
LINE
8
BLACK
6
CONTINUOUS
10
2.0460002362204723
20
1.8874897244094488
11
2.0459260236220471
21
1.887554094488189
0
LINE
8
BLACK
6
CONTINUOUS
10
2.0459260236220471
20
1.887554094488189
11
2.0457424803149604
21
1.8878456692913386
0
LINE
8
BLACK
6
CONTINUOUS
10
2.0457424803149604
20
1.8878456692913386
11
2.0456934645669289
21
1.8879022047244094
0
LINE
8
BLACK
6
CONTINUOUS
10
2.0456934645669289
20
1.8879022047244094
11
2.045678307086614
21
1.8879476377952755
0
LINE
8
BLACK
6
CONTINUOUS
10
2.045678307086614
20
1.8879476377952755
11
2.0456176771653545
21
1.8880439763779526
0
LINE
8
BLACK
6
CONTINUOUS
10
2.0456176771653545
20
1.8880439763779526
11
2.0437429133858269
21
1.8917935039370077
0
LINE
8
BLACK
6
CONTINUOUS
10
2.0437429133858269
20
1.8917935039370077
11
2.043536023622047
21
1.8923341338582678
0
LINE
8
BLACK
6
CONTINUOUS
10
2.043536023622047
20
1.8923341338582678
11
2.0435285039370079
21
1.8924399606299211
0
LINE
8
BLACK
6
CONTINUOUS
10
2.0435285039370079
20
1.8924399606299211
11
2.0434879133858268
21
1.8925379527559054
0
LINE
8
BLACK
6
CONTINUOUS
10
2.0434879133858268
20
1.8925379527559054
11
2.043431181102362
21
1.8931140157480315
0
LINE
8
BLACK
6
CONTINUOUS
10
2.043431181102362
20
1.8931140157480315
11
2.043431181102362
21
1.8987383070866142
0
LINE
8
BLACK
6
CONTINUOUS
10
2.043431181102362
20
1.8987383070866142
11
2.0434879133858268
21
1.89931437007874
0
LINE
8
BLACK
6
CONTINUOUS
10
2.0434879133858268
20
1.89931437007874
11
2.0435285039370079
21
1.8994124015748031
0
LINE
8
BLACK
6
CONTINUOUS
10
2.0435285039370079
20
1.8994124015748031
11
2.043536023622047
21
1.8995181889763779
0
LINE
8
BLACK
6
CONTINUOUS
10
2.043536023622047
20
1.8995181889763779
11
2.0437429133858269
21
1.9000588188976377
0
LINE
8
BLACK
6
CONTINUOUS
10
2.0437429133858269
20
1.9000588188976377
11
2.0456176771653545
21
1.9038083858267716
0
LINE
8
BLACK
6
CONTINUOUS
10
2.0456176771653545
20
1.9038083858267716
11
2.045678307086614
21
1.9039047244094487
0
LINE
8
BLACK
6
CONTINUOUS
10
2.045678307086614
20
1.9039047244094487
11
2.0456934645669289
21
1.9039501574803148
0
LINE
8
BLACK
6
CONTINUOUS
10
2.0456934645669289
20
1.9039501574803148
11
2.0457425196850392
21
1.9040067716535434
0
LINE
8
BLACK
6
CONTINUOUS
10
2.0457425196850392
20
1.9040067716535434
11
2.0459260236220471
21
1.9042982283464567
0
LINE
8
BLACK
6
CONTINUOUS
10
2.0459260236220471
20
1.9042982283464567
11
2.0462056299212596
21
1.904540748031496
0
LINE
8
BLACK
6
CONTINUOUS
10
2.0462056299212596
20
1.904540748031496
11
2.0464483070866142
21
1.9048205511811023
0
LINE
8
BLACK
6
CONTINUOUS
10
2.0464483070866142
20
1.9048205511811023
11
2.0467398425196848
21
1.905004094488189
0
LINE
8
BLACK
6
CONTINUOUS
10
2.0467398425196848
20
1.905004094488189
11
2.0467964173228346
21
1.9050531102362205
0
LINE
8
BLACK
6
CONTINUOUS
10
2.0467964173228346
20
1.9050531102362205
11
2.0468418110236222
21
1.9050682677165354
0
LINE
8
BLACK
6
CONTINUOUS
10
2.0468418110236222
20
1.9050682677165354
11
2.046938188976378
21
1.9051288976377951
0
LINE
8
BLACK
6
CONTINUOUS
10
2.046938188976378
20
1.9051288976377951
11
2.0506877165354331
21
1.9070036614173227
0
LINE
8
BLACK
6
CONTINUOUS
10
2.0506877165354331
20
1.9070036614173227
11
2.051228307086614
21
1.9072105511811024
0
LINE
8
BLACK
6
CONTINUOUS
10
2.051228307086614
20
1.9072105511811024
11
2.0513341732283465
21
1.9072181102362205
0
LINE
8
BLACK
6
CONTINUOUS
10
2.0513341732283465
20
1.9072181102362205
11
2.0514321653543308
21
1.9072586614173228
0
LINE
8
BLACK
6
CONTINUOUS
10
2.0514321653543308
20
1.9072586614173228
11
2.0520082283464567
21
1.9073153937007874
0
LINE
8
BLACK
6
CONTINUOUS
10
2.0520082283464567
20
1.9073153937007874
11
2.0726306692913385
21
1.9073153937007874
0
LINE
8
BLACK
6
CONTINUOUS
10
2.0726306692913385
20
1.9073153937007874
11
2.0732067322834644
21
1.9072586614173228
0
LINE
8
BLACK
6
CONTINUOUS
10
2.0367758267716534
20
1.9274401574803148
11
2.0372232677165352
21
1.9270729527559054
0
LINE
8
BLACK
6
CONTINUOUS
10
2.0372232677165352
20
1.9270729527559054
11
2.0390980314960627
21
1.9251981889763778
0
LINE
8
BLACK
6
CONTINUOUS
10
2.0390980314960627
20
1.9251981889763778
11
2.0394652362204724
21
1.924750748031496
0
LINE
8
BLACK
6
CONTINUOUS
10
2.0394652362204724
20
1.924750748031496
11
2.0396068110236221
21
1.9244089763779526
0
LINE
8
BLACK
6
CONTINUOUS
10
2.0396068110236221
20
1.9244089763779526
11
2.0399061417322835
21
1.9236862992125985
0
LINE
8
BLACK
6
CONTINUOUS
10
2.0399061417322835
20
1.9236862992125985
11
2.0399061417322835
21
1.9225342125984251
0
LINE
8
BLACK
6
CONTINUOUS
10
2.0399061417322835
20
1.9225342125984251
11
2.0394652362204724
21
1.9214698031496062
0
LINE
8
BLACK
6
CONTINUOUS
10
2.0394652362204724
20
1.9214698031496062
11
2.0390980314960627
21
1.9210223622047244
0
LINE
8
BLACK
6
CONTINUOUS
10
2.0390980314960627
20
1.9210223622047244
11
2.0372232677165352
21
1.9191475984251969
0
LINE
8
BLACK
6
CONTINUOUS
10
2.0372232677165352
20
1.9191475984251969
11
2.0367758267716534
21
1.9187803937007875
0
LINE
8
BLACK
6
CONTINUOUS
10
2.0367758267716534
20
1.9187803937007875
11
2.0357113779527558
21
1.9183394881889764
0
LINE
8
BLACK
6
CONTINUOUS
10
2.0357113779527558
20
1.9183394881889764
11
2.0345593307086616
21
1.9183394881889764
0
LINE
8
BLACK
6
CONTINUOUS
10
2.0345593307086616
20
1.9183394881889764
11
2.0345592913385828
21
1.9183394881889764
0
LINE
8
BLACK
6
CONTINUOUS
10
2.0345592913385828
20
1.9183394881889764
11
2.0334948818897636
21
1.9187803937007875
0
LINE
8
BLACK
6
CONTINUOUS
10
2.0334948818897636
20
1.9187803937007875
11
2.0330474409448818
21
1.9191475984251969
0
LINE
8
BLACK
6
CONTINUOUS
10
2.0330474409448818
20
1.9191475984251969
11
2.0311726771653542
21
1.9210223622047244
0
LINE
8
BLACK
6
CONTINUOUS
10
2.0311726771653542
20
1.9210223622047244
11
2.030805472440945
21
1.9214698031496062
0
LINE
8
BLACK
6
CONTINUOUS
10
2.030805472440945
20
1.9214698031496062
11
2.0303645669291339
21
1.9225342519685038
0
LINE
8
BLACK
6
CONTINUOUS
10
2.0303645669291339
20
1.9225342519685038
11
2.0303645669291339
21
1.9236862992125985
0
LINE
8
BLACK
6
CONTINUOUS
10
2.0303645669291339
20
1.9236862992125985
11
2.030805472440945
21
1.924750748031496
0
LINE
8
BLACK
6
CONTINUOUS
10
2.030805472440945
20
1.924750748031496
11
2.0311726771653542
21
1.9251981889763778
0
LINE
8
BLACK
6
CONTINUOUS
10
2.0311726771653542
20
1.9251981889763778
11
2.0330474409448818
21
1.9270729527559054
0
LINE
8
BLACK
6
CONTINUOUS
10
2.0330474409448818
20
1.9270729527559054
11
2.0334948818897636
21
1.9274401574803148
0
LINE
8
BLACK
6
CONTINUOUS
10
2.0334948818897636
20
1.9274401574803148
11
2.0345592913385828
21
1.9278810629921259
0
LINE
8
BLACK
6
CONTINUOUS
10
2.0345592913385828
20
1.9278810629921259
11
2.0357113779527558
21
1.9278810629921259
0
LINE
8
BLACK
6
CONTINUOUS
10
2.0357113779527558
20
1.9278810629921259
11
2.0367758267716534
21
1.9274401574803148
0
LINE
8
BLACK
6
CONTINUOUS
10
2.0732067322834644
20
1.9260062992125984
11
2.0742711417322832
21
1.9255653937007873
0
LINE
8
BLACK
6
CONTINUOUS
10
2.0742711417322832
20
1.9255653937007873
11
2.0750857874015747
21
1.924750748031496
0
LINE
8
BLACK
6
CONTINUOUS
10
2.0750857874015747
20
1.924750748031496
11
2.0755266929133858
21
1.923686338582677
0
LINE
8
BLACK
6
CONTINUOUS
10
2.0755266929133858
20
1.923686338582677
11
2.0755266929133858
21
1.9225342125984251
0
LINE
8
BLACK
6
CONTINUOUS
10
2.0755266929133858
20
1.9225342125984251
11
2.0750857874015747
21
1.9214698031496062
0
LINE
8
BLACK
6
CONTINUOUS
10
2.0750857874015747
20
1.9214698031496062
11
2.0742711417322832
21
1.920655157480315
0
LINE
8
BLACK
6
CONTINUOUS
10
2.0742711417322832
20
1.920655157480315
11
2.0732067322834644
21
1.9202142519685039
0
LINE
8
BLACK
6
CONTINUOUS
10
2.0732067322834644
20
1.9202142519685039
11
2.0726306692913385
21
1.9201575196850393
0
LINE
8
BLACK
6
CONTINUOUS
10
2.0726306692913385
20
1.9201575196850393
11
2.046383937007874
21
1.9201575196850393
0
LINE
8
BLACK
6
CONTINUOUS
10
2.046383937007874
20
1.9201575196850393
11
2.0458078740157482
21
1.9202142519685039
0
LINE
8
BLACK
6
CONTINUOUS
10
2.0458078740157482
20
1.9202142519685039
11
2.0447434645669289
21
1.920655157480315
0
LINE
8
BLACK
6
CONTINUOUS
10
2.0447434645669289
20
1.920655157480315
11
2.0439288188976379
21
1.9214698031496062
0
LINE
8
BLACK
6
CONTINUOUS
10
2.0439288188976379
20
1.9214698031496062
11
2.0434879133858268
21
1.9225342125984251
0
LINE
8
BLACK
6
CONTINUOUS
10
2.0434879133858268
20
1.9225342125984251
11
2.0434879133858268
21
1.923686338582677
0
LINE
8
BLACK
6
CONTINUOUS
10
2.0434879133858268
20
1.923686338582677
11
2.0439288188976379
21
1.924750748031496
0
LINE
8
BLACK
6
CONTINUOUS
10
2.0439288188976379
20
1.924750748031496
11
2.0447434645669289
21
1.9255653937007873
0
LINE
8
BLACK
6
CONTINUOUS
10
2.0447434645669289
20
1.9255653937007873
11
2.0458078740157482
21
1.9260062992125984
0
LINE
8
BLACK
6
CONTINUOUS
10
2.0458078740157482
20
1.9260062992125984
11
2.046383937007874
21
1.9260630314960629
0
LINE
8
BLACK
6
CONTINUOUS
10
2.046383937007874
20
1.9260630314960629
11
2.0726306692913385
21
1.9260630314960629
0
LINE
8
BLACK
6
CONTINUOUS
10
2.0726306692913385
20
1.9260630314960629
11
2.0732067322834644
21
1.9260062992125984
0
LINE
8
BLACK
6
CONTINUOUS
10
2.0734105511811025
20
1.9503301181102362
11
2.0744410629921259
21
1.9498148425196851
0
LINE
8
BLACK
6
CONTINUOUS
10
2.0744410629921259
20
1.9498148425196851
11
2.0751959055118108
21
1.9489444881889764
0
LINE
8
BLACK
6
CONTINUOUS
10
2.0751959055118108
20
1.9489444881889764
11
2.0755602362204724
21
1.947851496062992
0
LINE
8
BLACK
6
CONTINUOUS
10
2.0755602362204724
20
1.947851496062992
11
2.0754785826771651
21
1.9467022834645669
0
LINE
8
BLACK
6
CONTINUOUS
10
2.0754785826771651
20
1.9467022834645669
11
2.0752716929133856
21
1.9461616929133858
0
LINE
8
BLACK
6
CONTINUOUS
10
2.0752716929133856
20
1.9461616929133858
11
2.0733969291338581
21
1.9424121653543307
0
LINE
8
BLACK
6
CONTINUOUS
10
2.0733969291338581
20
1.9424121653543307
11
2.0733362598425198
21
1.9423158267716536
0
LINE
8
BLACK
6
CONTINUOUS
10
2.0733362598425198
20
1.9423158267716536
11
2.0733211417322832
21
1.9422703937007875
0
LINE
8
BLACK
6
CONTINUOUS
10
2.0733211417322832
20
1.9422703937007875
11
2.0732720866141734
21
1.9422138582677164
0
LINE
8
BLACK
6
CONTINUOUS
10
2.0732720866141734
20
1.9422138582677164
11
2.0730885826771654
21
1.9419222834645669
0
LINE
8
BLACK
6
CONTINUOUS
10
2.0730885826771654
20
1.9419222834645669
11
2.0728087401574804
21
1.9416796456692913
0
LINE
8
BLACK
6
CONTINUOUS
10
2.0728087401574804
20
1.9416796456692913
11
2.0725662598425196
21
1.9414
0
LINE
8
BLACK
6
CONTINUOUS
10
2.0725662598425196
20
1.9414
11
2.0722747637795274
21
1.9412165354330708
0
LINE
8
BLACK
6
CONTINUOUS
10
2.0722747637795274
20
1.9412165354330708
11
2.072218188976378
21
1.9411674409448818
0
LINE
8
BLACK
6
CONTINUOUS
10
2.072218188976378
20
1.9411674409448818
11
2.0721727165354329
21
1.9411523228346457
0
LINE
8
BLACK
6
CONTINUOUS
10
2.0721727165354329
20
1.9411523228346457
11
2.0720764173228345
21
1.9410916535433071
0
LINE
8
BLACK
6
CONTINUOUS
10
2.0720764173228345
20
1.9410916535433071
11
2.0683268503937007
21
1.9392168897637796
0
LINE
8
BLACK
6
CONTINUOUS
10
2.0683268503937007
20
1.9392168897637796
11
2.0677862204724411
21
1.9390099999999999
0
LINE
8
BLACK
6
CONTINUOUS
10
2.0677862204724411
20
1.9390099999999999
11
2.0676803937007873
21
1.9390025196850393
0
LINE
8
BLACK
6
CONTINUOUS
10
2.0676803937007873
20
1.9390025196850393
11
2.067582401574803
21
1.9389618897637795
0
LINE
8
BLACK
6
CONTINUOUS
10
2.067582401574803
20
1.9389618897637795
11
2.0670063385826771
21
1.9389051574803149
0
LINE
8
BLACK
6
CONTINUOUS
10
2.0670063385826771
20
1.9389051574803149
11
2.0332605905511811
21
1.9389051574803149
0
LINE
8
BLACK
6
CONTINUOUS
10
2.0332605905511811
20
1.9389051574803149
11
2.0326845275590553
21
1.9389618897637795
0
LINE
8
BLACK
6
CONTINUOUS
10
2.0326845275590553
20
1.9389618897637795
11
2.031620118110236
21
1.9394027952755906
0
LINE
8
BLACK
6
CONTINUOUS
10
2.031620118110236
20
1.9394027952755906
11
2.030805472440945
21
1.9402174409448818
0
LINE
8
BLACK
6
CONTINUOUS
10
2.030805472440945
20
1.9402174409448818
11
2.0303645669291339
21
1.9412818503937008
0
LINE
8
BLACK
6
CONTINUOUS
10
2.0303645669291339
20
1.9412818503937008
11
2.0303645669291339
21
1.9424339763779528
0
LINE
8
BLACK
6
CONTINUOUS
10
2.0303645669291339
20
1.9424339763779528
11
2.030805472440945
21
1.9434983858267716
0
LINE
8
BLACK
6
CONTINUOUS
10
2.030805472440945
20
1.9434983858267716
11
2.031620118110236
21
1.944313031496063
0
LINE
8
BLACK
6
CONTINUOUS
10
2.031620118110236
20
1.944313031496063
11
2.0326845275590553
21
1.9447539370078739
0
LINE
8
BLACK
6
CONTINUOUS
10
2.0326845275590553
20
1.9447539370078739
11
2.0332605905511811
21
1.9448106692913385
0
LINE
8
BLACK
6
CONTINUOUS
10
2.0332605905511811
20
1.9448106692913385
11
2.0663092913385825
21
1.9448106692913385
0
LINE
8
BLACK
6
CONTINUOUS
10
2.0663092913385825
20
1.9448106692913385
11
2.0685550393700787
21
1.9459335433070866
0
LINE
8
BLACK
6
CONTINUOUS
10
2.0685550393700787
20
1.9459335433070866
11
2.0699896456692914
21
1.9488027165354331
0
LINE
8
BLACK
6
CONTINUOUS
10
2.0699896456692914
20
1.9488027165354331
11
2.0702979921259841
21
1.9492925984251968
0
LINE
8
BLACK
6
CONTINUOUS
10
2.0702979921259841
20
1.9492925984251968
11
2.0711683858267715
21
1.9500474409448818
0
LINE
8
BLACK
6
CONTINUOUS
10
2.0711683858267715
20
1.9500474409448818
11
2.0722613385826771
21
1.9504117716535432
0
LINE
8
BLACK
6
CONTINUOUS
10
2.0722613385826771
20
1.9504117716535432
11
2.0734105511811025
21
1.9503301181102362
0
LINE
8
BLACK
6
CONTINUOUS
10
2.067582401574803
20
1.9803744881889764
11
2.0676803937007873
21
1.9803338976377953
0
LINE
8
BLACK
6
CONTINUOUS
10
2.0676803937007873
20
1.9803338976377953
11
2.0677862204724411
21
1.9803263779527558
0
LINE
8
BLACK
6
CONTINUOUS
10
2.0677862204724411
20
1.9803263779527558
11
2.0683268503937007
21
1.9801194881889763
0
LINE
8
BLACK
6
CONTINUOUS
10
2.0683268503937007
20
1.9801194881889763
11
2.0720764173228345
21
1.9782447244094488
0
LINE
8
BLACK
6
CONTINUOUS
10
2.0720764173228345
20
1.9782447244094488
11
2.0721727165354329
21
1.978184094488189
0
LINE
8
BLACK
6
CONTINUOUS
10
2.0721727165354329
20
1.978184094488189
11
2.072218188976378
21
1.9781689370078739
0
LINE
8
BLACK
6
CONTINUOUS
10
2.072218188976378
20
1.9781689370078739
11
2.0722747637795274
21
1.9781198818897638
0
LINE
8
BLACK
6
CONTINUOUS
10
2.0722747637795274
20
1.9781198818897638
11
2.0725662598425196
21
1.9779363779527559
0
LINE
8
BLACK
6
CONTINUOUS
10
2.0725662598425196
20
1.9779363779527559
11
2.0728087401574804
21
1.9776567716535434
0
LINE
8
BLACK
6
CONTINUOUS
10
2.0728087401574804
20
1.9776567716535434
11
2.0730885826771654
21
1.9774140944881888
0
LINE
8
BLACK
6
CONTINUOUS
10
2.0730885826771654
20
1.9774140944881888
11
2.0732720866141734
21
1.977122559055118
0
LINE
8
BLACK
6
CONTINUOUS
10
2.0732720866141734
20
1.977122559055118
11
2.0733211417322832
21
1.9770659842519684
0
LINE
8
BLACK
6
CONTINUOUS
10
2.0733211417322832
20
1.9770659842519684
11
2.0733362598425198
21
1.9770205905511811
0
LINE
8
BLACK
6
CONTINUOUS
10
2.0733362598425198
20
1.9770205905511811
11
2.0733969291338581
21
1.9769242125984252
0
LINE
8
BLACK
6
CONTINUOUS
10
2.0733969291338581
20
1.9769242125984252
11
2.0752716929133856
21
1.9731746850393701
0
LINE
8
BLACK
6
CONTINUOUS
10
2.0752716929133856
20
1.9731746850393701
11
2.0754785826771651
21
1.9726340944881888
0
LINE
8
BLACK
6
CONTINUOUS
10
2.0754785826771651
20
1.9726340944881888
11
2.0754861023622047
21
1.9725282283464567
0
LINE
8
BLACK
6
CONTINUOUS
10
2.0754861023622047
20
1.9725282283464567
11
2.0755266929133858
21
1.9724302362204724
0
LINE
8
BLACK
6
CONTINUOUS
10
2.0755266929133858
20
1.9724302362204724
11
2.0755834251968501
21
1.9718541732283463
0
LINE
8
BLACK
6
CONTINUOUS
10
2.0755834251968501
20
1.9718541732283463
11
2.0755834251968501
21
1.9643551181102361
0
LINE
8
BLACK
6
CONTINUOUS
10
2.0755834251968501
20
1.9643551181102361
11
2.0755266929133858
21
1.9637790551181102
0
LINE
8
BLACK
6
CONTINUOUS
10
2.0755266929133858
20
1.9637790551181102
11
2.0754861023622047
21
1.9636811023622047
0
LINE
8
BLACK
6
CONTINUOUS
10
2.0754861023622047
20
1.9636811023622047
11
2.0754785826771651
21
1.9635751968503936
0
LINE
8
BLACK
6
CONTINUOUS
10
2.0754785826771651
20
1.9635751968503936
11
2.0752716929133856
21
1.9630346062992126
0
LINE
8
BLACK
6
CONTINUOUS
10
2.0752716929133856
20
1.9630346062992126
11
2.0733969291338581
21
1.9592850787401574
0
LINE
8
BLACK
6
CONTINUOUS
10
2.0733969291338581
20
1.9592850787401574
11
2.0730885826771654
21
1.9587951968503936
0
LINE
8
BLACK
6
CONTINUOUS
10
2.0730885826771654
20
1.9587951968503936
11
2.072218188976378
21
1.9580403543307086
0
LINE
8
BLACK
6
CONTINUOUS
10
2.072218188976378
20
1.9580403543307086
11
2.0711252362204724
21
1.9576760236220472
0
LINE
8
BLACK
6
CONTINUOUS
10
2.0711252362204724
20
1.9576760236220472
11
2.069976023622047
21
1.9577576771653542
0
LINE
8
BLACK
6
CONTINUOUS
10
2.069976023622047
20
1.9577576771653542
11
2.0689455118110236
21
1.9582729133858268
0
LINE
8
BLACK
6
CONTINUOUS
10
2.0689455118110236
20
1.9582729133858268
11
2.0681906692913383
21
1.9591433070866142
0
LINE
8
BLACK
6
CONTINUOUS
10
2.0681906692913383
20
1.9591433070866142
11
2.0678263385826772
21
1.9602362598425196
0
LINE
8
BLACK
6
CONTINUOUS
10
2.0678263385826772
20
1.9602362598425196
11
2.0679079921259844
21
1.9613854724409447
0
LINE
8
BLACK
6
CONTINUOUS
10
2.0679079921259844
20
1.9613854724409447
11
2.0681148818897639
21
1.9619261023622048
0
LINE
8
BLACK
6
CONTINUOUS
10
2.0681148818897639
20
1.9619261023622048
11
2.0696779133858265
21
1.9650521653543307
0
LINE
8
BLACK
6
CONTINUOUS
10
2.0696779133858265
20
1.9650521653543307
11
2.0696779133858265
21
1.971157125984252
0
LINE
8
BLACK
6
CONTINUOUS
10
2.0696779133858265
20
1.971157125984252
11
2.0685550393700787
21
1.9734028740157479
0
LINE
8
BLACK
6
CONTINUOUS
10
2.0685550393700787
20
1.9734028740157479
11
2.0663092913385825
21
1.9745257086614172
0
LINE
8
BLACK
6
CONTINUOUS
10
2.0663092913385825
20
1.9745257086614172
11
2.0658286220472442
21
1.9745257086614172
0
LINE
8
BLACK
6
CONTINUOUS
10
2.0658286220472442
20
1.9745257086614172
11
2.063582874015748
21
1.9734028740157479
0
LINE
8
BLACK
6
CONTINUOUS
10
2.063582874015748
20
1.9734028740157479
11
2.0624600393700785
21
1.971157125984252
0
LINE
8
BLACK
6
CONTINUOUS
10
2.0624600393700785
20
1.971157125984252
11
2.0624600393700785
21
1.9662298818897637
0
LINE
8
BLACK
6
CONTINUOUS
10
2.0624600393700785
20
1.9662298818897637
11
2.0624033070866141
21
1.9656538188976378
0
LINE
8
BLACK
6
CONTINUOUS
10
2.0624033070866141
20
1.9656538188976378
11
2.062362716535433
21
1.9655558661417323
0
LINE
8
BLACK
6
CONTINUOUS
10
2.062362716535433
20
1.9655558661417323
11
2.0623551968503935
21
1.9654499606299212
0
LINE
8
BLACK
6
CONTINUOUS
10
2.0623551968503935
20
1.9654499606299212
11
2.062148307086614
21
1.9649093700787401
0
LINE
8
BLACK
6
CONTINUOUS
10
2.062148307086614
20
1.9649093700787401
11
2.0602735433070865
21
1.961159842519685
0
LINE
8
BLACK
6
CONTINUOUS
10
2.0602735433070865
20
1.961159842519685
11
2.0602128740157482
21
1.9610635039370079
0
LINE
8
BLACK
6
CONTINUOUS
10
2.0602128740157482
20
1.9610635039370079
11
2.0601977559055116
21
1.9610180708661418
0
LINE
8
BLACK
6
CONTINUOUS
10
2.0601977559055116
20
1.9610180708661418
11
2.0601487007874013
21
1.9609615354330707
0
LINE
8
BLACK
6
CONTINUOUS
10
2.0601487007874013
20
1.9609615354330707
11
2.0599651968503938
21
1.9606699606299212
0
LINE
8
BLACK
6
CONTINUOUS
10
2.0599651968503938
20
1.9606699606299212
11
2.059685472440945
21
1.9604274015748031
0
LINE
8
BLACK
6
CONTINUOUS
10
2.059685472440945
20
1.9604274015748031
11
2.0594429133858267
21
1.9601476771653543
0
LINE
8
BLACK
6
CONTINUOUS
10
2.0594429133858267
20
1.9601476771653543
11
2.059151338582677
21
1.9599641732283464
0
LINE
8
BLACK
6
CONTINUOUS
10
2.059151338582677
20
1.9599641732283464
11
2.0590948031496064
21
1.9599151181102361
0
LINE
8
BLACK
6
CONTINUOUS
10
2.0590948031496064
20
1.9599151181102361
11
2.05904937007874
21
1.9599
0
LINE
8
BLACK
6
CONTINUOUS
10
2.05904937007874
20
1.9599
11
2.0589530314960629
21
1.9598393307086615
0
LINE
8
BLACK
6
CONTINUOUS
10
2.0589530314960629
20
1.9598393307086615
11
2.0552035039370078
21
1.9579645669291339
0
LINE
8
BLACK
6
CONTINUOUS
10
2.0552035039370078
20
1.9579645669291339
11
2.0546628740157478
21
1.9577576771653542
0
LINE
8
BLACK
6
CONTINUOUS
10
2.0546628740157478
20
1.9577576771653542
11
2.0545570472440944
21
1.9577501968503936
0
LINE
8
BLACK
6
CONTINUOUS
10
2.0545570472440944
20
1.9577501968503936
11
2.0544590551181101
21
1.9577095669291338
0
LINE
8
BLACK
6
CONTINUOUS
10
2.0544590551181101
20
1.9577095669291338
11
2.0538829921259842
21
1.9576528346456692
0
LINE
8
BLACK
6
CONTINUOUS
10
2.0538829921259842
20
1.9576528346456692
11
2.0520082283464567
21
1.9576528346456692
0
LINE
8
BLACK
6
CONTINUOUS
10
2.0520082283464567
20
1.9576528346456692
11
2.0514321653543308
21
1.9577095669291338
0
LINE
8
BLACK
6
CONTINUOUS
10
2.0514321653543308
20
1.9577095669291338
11
2.0513341732283465
21
1.9577501574803149
0
LINE
8
BLACK
6
CONTINUOUS
10
2.0513341732283465
20
1.9577501574803149
11
2.051228307086614
21
1.9577576771653542
0
LINE
8
BLACK
6
CONTINUOUS
10
2.051228307086614
20
1.9577576771653542
11
2.0506877165354331
21
1.9579645669291339
0
LINE
8
BLACK
6
CONTINUOUS
10
2.0506877165354331
20
1.9579645669291339
11
2.046938188976378
21
1.9598393307086615
0
LINE
8
BLACK
6
CONTINUOUS
10
2.046938188976378
20
1.9598393307086615
11
2.0468418110236222
21
1.9599
0
LINE
8
BLACK
6
CONTINUOUS
10
2.0468418110236222
20
1.9599
11
2.0467964173228346
21
1.9599151181102361
0
LINE
8
BLACK
6
CONTINUOUS
10
2.0467964173228346
20
1.9599151181102361
11
2.0467398425196848
21
1.9599641732283464
0
LINE
8
BLACK
6
CONTINUOUS
10
2.0467398425196848
20
1.9599641732283464
11
2.0464483070866142
21
1.9601476771653543
0
LINE
8
BLACK
6
CONTINUOUS
10
2.0464483070866142
20
1.9601476771653543
11
2.0462057086614172
21
1.9604274015748031
0
LINE
8
BLACK
6
CONTINUOUS
10
2.0462057086614172
20
1.9604274015748031
11
2.0459260236220471
21
1.9606699606299212
0
LINE
8
BLACK
6
CONTINUOUS
10
2.0459260236220471
20
1.9606699606299212
11
2.0457424803149604
21
1.9609615354330707
0
LINE
8
BLACK
6
CONTINUOUS
10
2.0457424803149604
20
1.9609615354330707
11
2.0456934645669289
21
1.9610180708661418
0
LINE
8
BLACK
6
CONTINUOUS
10
2.0456934645669289
20
1.9610180708661418
11
2.045678307086614
21
1.9610635039370079
0
LINE
8
BLACK
6
CONTINUOUS
10
2.045678307086614
20
1.9610635039370079
11
2.0456176771653545
21
1.961159842519685
0
LINE
8
BLACK
6
CONTINUOUS
10
2.0456176771653545
20
1.961159842519685
11
2.0437429133858269
21
1.9649093700787401
0
LINE
8
BLACK
6
CONTINUOUS
10
2.0437429133858269
20
1.9649093700787401
11
2.043536023622047
21
1.9654499999999999
0
LINE
8
BLACK
6
CONTINUOUS
10
2.043536023622047
20
1.9654499999999999
11
2.0435285039370079
21
1.9655558267716535
0
LINE
8
BLACK
6
CONTINUOUS
10
2.0435285039370079
20
1.9655558267716535
11
2.0434879133858268
21
1.9656538188976378
0
LINE
8
BLACK
6
CONTINUOUS
10
2.0434879133858268
20
1.9656538188976378
11
2.043431181102362
21
1.9662298818897637
0
LINE
8
BLACK
6
CONTINUOUS
10
2.043431181102362
20
1.9662298818897637
11
2.043431181102362
21
1.9718541732283463
0
LINE
8
BLACK
6
CONTINUOUS
10
2.043431181102362
20
1.9718541732283463
11
2.0434879133858268
21
1.9724302362204724
0
LINE
8
BLACK
6
CONTINUOUS
10
2.0434879133858268
20
1.9724302362204724
11
2.0435285039370079
21
1.9725282677165354
0
LINE
8
BLACK
6
CONTINUOUS
10
2.0435285039370079
20
1.9725282677165354
11
2.043536023622047
21
1.9726340551181103
0
LINE
8
BLACK
6
CONTINUOUS
10
2.043536023622047
20
1.9726340551181103
11
2.0437429133858269
21
1.9731746850393701
0
LINE
8
BLACK
6
CONTINUOUS
10
2.0437429133858269
20
1.9731746850393701
11
2.0456176771653545
21
1.9769242125984252
0
LINE
8
BLACK
6
CONTINUOUS
10
2.0456176771653545
20
1.9769242125984252
11
2.0459260236220471
21
1.9774140944881888
0
LINE
8
BLACK
6
CONTINUOUS
10
2.0459260236220471
20
1.9774140944881888
11
2.0467964173228346
21
1.9781689370078739
0
LINE
8
BLACK
6
CONTINUOUS
10
2.0467964173228346
20
1.9781689370078739
11
2.0478893700787402
21
1.9785332677165355
0
LINE
8
BLACK
6
CONTINUOUS
10
2.0478893700787402
20
1.9785332677165355
11
2.0490385826771651
21
1.9784516141732282
0
LINE
8
BLACK
6
CONTINUOUS
10
2.0490385826771651
20
1.9784516141732282
11
2.050069094488189
21
1.9779363385826771
0
LINE
8
BLACK
6
CONTINUOUS
10
2.050069094488189
20
1.9779363385826771
11
2.0508239370078738
21
1.9770659842519684
0
LINE
8
BLACK
6
CONTINUOUS
10
2.0508239370078738
20
1.9770659842519684
11
2.0511882677165354
21
1.9759729921259843
0
LINE
8
BLACK
6
CONTINUOUS
10
2.0511882677165354
20
1.9759729921259843
11
2.0511066141732281
21
1.9748237795275589
0
LINE
8
BLACK
6
CONTINUOUS
10
2.0511066141732281
20
1.9748237795275589
11
2.0508997244094487
21
1.9742831889763779
0
LINE
8
BLACK
6
CONTINUOUS
10
2.0508997244094487
20
1.9742831889763779
11
2.0493366929133856
21
1.971157125984252
0
LINE
8
BLACK
6
CONTINUOUS
10
2.0493366929133856
20
1.971157125984252
11
2.0493366929133856
21
1.9669269291338582
0
LINE
8
BLACK
6
CONTINUOUS
10
2.0493366929133856
20
1.9669269291338582
11
2.0504595275590551
21
1.9646812204724409
0
LINE
8
BLACK
6
CONTINUOUS
10
2.0504595275590551
20
1.9646812204724409
11
2.0527052755905513
21
1.9635583464566928
0
LINE
8
BLACK
6
CONTINUOUS
10
2.0527052755905513
20
1.9635583464566928
11
2.0531859448818897
21
1.9635583464566928
0
LINE
8
BLACK
6
CONTINUOUS
10
2.0531859448818897
20
1.9635583464566928
11
2.055431653543307
21
1.9646812204724409
0
LINE
8
BLACK
6
CONTINUOUS
10
2.055431653543307
20
1.9646812204724409
11
2.0565545275590549
21
1.9669269291338582
0
LINE
8
BLACK
6
CONTINUOUS
10
2.0565545275590549
20
1.9669269291338582
11
2.0565545275590549
21
1.9718541732283463
0
LINE
8
BLACK
6
CONTINUOUS
10
2.0565545275590549
20
1.9718541732283463
11
2.0566112598425197
21
1.9724302362204724
0
LINE
8
BLACK
6
CONTINUOUS
10
2.0566112598425197
20
1.9724302362204724
11
2.0566518503937008
21
1.9725282677165354
0
LINE
8
BLACK
6
CONTINUOUS
10
2.0566518503937008
20
1.9725282677165354
11
2.0566593700787399
21
1.9726340551181103
0
LINE
8
BLACK
6
CONTINUOUS
10
2.0566593700787399
20
1.9726340551181103
11
2.0568662598425198
21
1.9731746850393701
0
LINE
8
BLACK
6
CONTINUOUS
10
2.0568662598425198
20
1.9731746850393701
11
2.0587410236220474
21
1.9769242125984252
0
LINE
8
BLACK
6
CONTINUOUS
10
2.0587410236220474
20
1.9769242125984252
11
2.0588016535433069
21
1.9770205905511811
0
LINE
8
BLACK
6
CONTINUOUS
10
2.0588016535433069
20
1.9770205905511811
11
2.0588168110236218
21
1.9770659842519684
0
LINE
8
BLACK
6
CONTINUOUS
10
2.0588168110236218
20
1.9770659842519684
11
2.0588658267716533
21
1.977122559055118
0
LINE
8
BLACK
6
CONTINUOUS
10
2.0588658267716533
20
1.977122559055118
11
2.05904937007874
21
1.9774140944881888
0
LINE
8
BLACK
6
CONTINUOUS
10
2.05904937007874
20
1.9774140944881888
11
2.05932905511811
21
1.9776566929133859
0
LINE
8
BLACK
6
CONTINUOUS
10
2.05932905511811
20
1.9776566929133859
11
2.0595716535433071
21
1.9779363779527559
0
LINE
8
BLACK
6
CONTINUOUS
10
2.0595716535433071
20
1.9779363779527559
11
2.0598631889763781
21
1.9781199212598424
0
LINE
8
BLACK
6
CONTINUOUS
10
2.0598631889763781
20
1.9781199212598424
11
2.0599197637795275
21
1.9781689370078739
0
LINE
8
BLACK
6
CONTINUOUS
10
2.0599197637795275
20
1.9781689370078739
11
2.0599651574803151
21
1.978184094488189
0
LINE
8
BLACK
6
CONTINUOUS
10
2.0599651574803151
20
1.978184094488189
11
2.0600615354330709
21
1.9782447244094488
0
LINE
8
BLACK
6
CONTINUOUS
10
2.0600615354330709
20
1.9782447244094488
11
2.063811062992126
21
1.9801194881889763
0
LINE
8
BLACK
6
CONTINUOUS
10
2.063811062992126
20
1.9801194881889763
11
2.0643516535433069
21
1.9803263779527558
0
LINE
8
BLACK
6
CONTINUOUS
10
2.0643516535433069
20
1.9803263779527558
11
2.0644575196850394
21
1.9803339370078741
0
LINE
8
BLACK
6
CONTINUOUS
10
2.0644575196850394
20
1.9803339370078741
11
2.0645555118110237
21
1.9803744881889764
0
LINE
8
BLACK
6
CONTINUOUS
10
2.0645555118110237
20
1.9803744881889764
11
2.0651315748031496
21
1.9804312204724408
0
LINE
8
BLACK
6
CONTINUOUS
10
2.0651315748031496
20
1.9804312204724408
11
2.0670063385826771
21
1.9804312204724408
0
LINE
8
BLACK
6
CONTINUOUS
10
2.0670063385826771
20
1.9804312204724408
11
2.067582401574803
21
1.9803744881889764
0
LINE
8
BLACK
6
CONTINUOUS
10
1.3800829527559055
20
3.6033777165354328
11
1.3801172047244095
21
3.6033890944881888
0
LINE
8
BLACK
6
CONTINUOUS
10
1.3801172047244095
20
3.6033890944881888
11
1.3803605118110236
21
3.6033224803149606
0
LINE
8
BLACK
6
CONTINUOUS
10
1.3803605118110236
20
3.6033224803149606
11
1.3806082283464567
21
3.6032731889763778
0
LINE
8
BLACK
6
CONTINUOUS
10
1.3806082283464567
20
3.6032731889763778
11
1.3806337401574802
21
3.6032476771653541
0
LINE
8
BLACK
6
CONTINUOUS
10
1.3806337401574802
20
3.6032476771653541
11
1.3807098425196851
21
3.6032268110236219
0
LINE
8
BLACK
6
CONTINUOUS
10
1.3807098425196851
20
3.6032268110236219
11
1.3825846062992126
21
3.6022894488188975
0
LINE
8
BLACK
6
CONTINUOUS
10
1.3825846062992126
20
3.6022894488188975
11
1.3827840551181103
21
3.6021346456692913
0
LINE
8
BLACK
6
CONTINUOUS
10
1.3827840551181103
20
3.6021346456692913
11
1.3829938976377953
21
3.6019944488188975
0
LINE
8
BLACK
6
CONTINUOUS
10
1.3829938976377953
20
3.6019944488188975
11
1.3839312992125985
21
3.6010570866141731
0
LINE
8
BLACK
6
CONTINUOUS
10
1.3839312992125985
20
3.6010570866141731
11
1.3840716929133858
21
3.6008469685039368
0
LINE
8
BLACK
6
CONTINUOUS
10
1.3840716929133858
20
3.6008469685039368
11
1.3842262992125984
21
3.6006477559055119
0
LINE
8
BLACK
6
CONTINUOUS
10
1.3842262992125984
20
3.6006477559055119
11
1.3851636614173228
21
3.5987730314960631
0
LINE
8
BLACK
6
CONTINUOUS
10
1.3851636614173228
20
3.5987730314960631
11
1.3851844881889763
21
3.5986969291338582
0
LINE
8
BLACK
6
CONTINUOUS
10
1.3851844881889763
20
3.5986969291338582
11
1.3852100393700788
21
3.5986713779527557
0
LINE
8
BLACK
6
CONTINUOUS
10
1.3852100393700788
20
3.5986713779527557
11
1.3852592519685039
21
3.5984238582677164
0
LINE
8
BLACK
6
CONTINUOUS
10
1.3852592519685039
20
3.5984238582677164
11
1.3853259448818898
21
3.5981803937007872
0
LINE
8
BLACK
6
CONTINUOUS
10
1.3853259448818898
20
3.5981803937007872
11
1.3853144881889763
21
3.5981461417322835
0
LINE
8
BLACK
6
CONTINUOUS
10
1.3853144881889763
20
3.5981461417322835
11
1.3853299212598424
21
3.5980687401574802
0
LINE
8
BLACK
6
CONTINUOUS
10
1.3853299212598424
20
3.5980687401574802
11
1.3853299212598424
21
3.5924444488188976
0
LINE
8
BLACK
6
CONTINUOUS
10
1.3853299212598424
20
3.5924444488188976
11
1.3853144881889763
21
3.592367086614173
0
LINE
8
BLACK
6
CONTINUOUS
10
1.3853144881889763
20
3.592367086614173
11
1.3853259448818898
21
3.5923327952755906
0
LINE
8
BLACK
6
CONTINUOUS
10
1.3853259448818898
20
3.5923327952755906
11
1.3852592519685039
21
3.5920893700787402
0
LINE
8
BLACK
6
CONTINUOUS
10
1.3852592519685039
20
3.5920893700787402
11
1.3852100393700788
21
3.5918418110236221
0
LINE
8
BLACK
6
CONTINUOUS
10
1.3852100393700788
20
3.5918418110236221
11
1.3851844881889763
21
3.5918162992125984
0
LINE
8
BLACK
6
CONTINUOUS
10
1.3851844881889763
20
3.5918162992125984
11
1.3851636614173228
21
3.5917401574803147
0
LINE
8
BLACK
6
CONTINUOUS
10
1.3851636614173228
20
3.5917401574803147
11
1.3842262992125984
21
3.5898654330708659
0
LINE
8
BLACK
6
CONTINUOUS
10
1.3842262992125984
20
3.5898654330708659
11
1.3840716929133858
21
3.5896662598425197
0
LINE
8
BLACK
6
CONTINUOUS
10
1.3840716929133858
20
3.5896662598425197
11
1.3839312992125985
21
3.5894561023622047
0
LINE
8
BLACK
6
CONTINUOUS
10
1.3839312992125985
20
3.5894561023622047
11
1.3829938976377953
21
3.5885187401574803
0
LINE
8
BLACK
6
CONTINUOUS
10
1.3829938976377953
20
3.5885187401574803
11
1.3827840551181103
21
3.5883785826771653
0
LINE
8
BLACK
6
CONTINUOUS
10
1.3827840551181103
20
3.5883785826771653
11
1.3825846062992126
21
3.5882237401574804
0
LINE
8
BLACK
6
CONTINUOUS
10
1.3825846062992126
20
3.5882237401574804
11
1.3807098425196851
21
3.587286377952756
0
LINE
8
BLACK
6
CONTINUOUS
10
1.3807098425196851
20
3.587286377952756
11
1.3806337401574802
21
3.5872655511811025
0
LINE
8
BLACK
6
CONTINUOUS
10
1.3806337401574802
20
3.5872655511811025
11
1.3806082283464567
21
3.58724
0
LINE
8
BLACK
6
CONTINUOUS
10
1.3806082283464567
20
3.58724
11
1.3803605118110236
21
3.587190748031496
0
LINE
8
BLACK
6
CONTINUOUS
10
1.3803605118110236
20
3.587190748031496
11
1.3801172047244095
21
3.587124094488189
0
LINE
8
BLACK
6
CONTINUOUS
10
1.3801172047244095
20
3.587124094488189
11
1.3800829527559055
21
3.5871355118110237
0
LINE
8
BLACK
6
CONTINUOUS
10
1.3800829527559055
20
3.5871355118110237
11
1.380005590551181
21
3.5871201181102363
0
LINE
8
BLACK
6
CONTINUOUS
10
1.380005590551181
20
3.5871201181102363
11
1.3762560629921259
21
3.5871201181102363
0
LINE
8
BLACK
6
CONTINUOUS
10
1.3762560629921259
20
3.5871201181102363
11
1.3761786614173228
21
3.5871355511811025
0
LINE
8
BLACK
6
CONTINUOUS
10
1.3761786614173228
20
3.5871355511811025
11
1.3761444094488189
21
3.587124094488189
0
LINE
8
BLACK
6
CONTINUOUS
10
1.3761444094488189
20
3.587124094488189
11
1.3759561023622047
21
3.5871756692913386
0
LINE
8
BLACK
6
CONTINUOUS
10
1.3759561023622047
20
3.5871756692913386
11
1.3759561023622047
21
3.5862545669291337
0
LINE
8
BLACK
6
CONTINUOUS
10
1.3759561023622047
20
3.5862545669291337
11
1.3766129527559055
21
3.5849408267716534
0
LINE
8
BLACK
6
CONTINUOUS
10
1.3766129527559055
20
3.5849408267716534
11
1.3771888582677165
21
3.5843649212598425
0
LINE
8
BLACK
6
CONTINUOUS
10
1.3771888582677165
20
3.5843649212598425
11
1.3785025984251968
21
3.5837080314960628
0
LINE
8
BLACK
6
CONTINUOUS
10
1.3785025984251968
20
3.5837080314960628
11
1.380571220472441
21
3.5837080314960628
0
LINE
8
BLACK
6
CONTINUOUS
10
1.380571220472441
20
3.5837080314960628
11
1.3821134645669291
21
3.5844791732283463
0
LINE
8
BLACK
6
CONTINUOUS
10
1.3821134645669291
20
3.5844791732283463
11
1.3827061023622047
21
3.5846414566929132
0
LINE
8
BLACK
6
CONTINUOUS
10
1.3827061023622047
20
3.5846414566929132
11
1.3838495669291337
21
3.58426031496063
0
LINE
8
BLACK
6
CONTINUOUS
10
1.3838495669291337
20
3.58426031496063
11
1.3843885826771654
21
3.5831822834645668
0
LINE
8
BLACK
6
CONTINUOUS
10
1.3843885826771654
20
3.5831822834645668
11
1.3840074409448819
21
3.5820388188976375
0
LINE
8
BLACK
6
CONTINUOUS
10
1.3840074409448819
20
3.5820388188976375
11
1.3835220472440946
21
3.5816620866141733
0
LINE
8
BLACK
6
CONTINUOUS
10
1.3835220472440946
20
3.5816620866141733
11
1.381647283464567
21
3.5807246850393701
0
LINE
8
BLACK
6
CONTINUOUS
10
1.381647283464567
20
3.5807246850393701
11
1.3815711417322833
21
3.5807038582677166
0
LINE
8
BLACK
6
CONTINUOUS
10
1.3815711417322833
20
3.5807038582677166
11
1.3815456299212598
21
3.5806783070866142
0
LINE
8
BLACK
6
CONTINUOUS
10
1.3815456299212598
20
3.5806783070866142
11
1.3812980708661418
21
3.5806290944881889
0
LINE
8
BLACK
6
CONTINUOUS
10
1.3812980708661418
20
3.5806290944881889
11
1.3810546456692914
21
3.5805624015748032
0
LINE
8
BLACK
6
CONTINUOUS
10
1.3810546456692914
20
3.5805624015748032
11
1.3810203543307087
21
3.5805738582677162
0
LINE
8
BLACK
6
CONTINUOUS
10
1.3810203543307087
20
3.5805738582677162
11
1.3809429921259841
21
3.5805584251968505
0
LINE
8
BLACK
6
CONTINUOUS
10
1.3809429921259841
20
3.5805584251968505
11
1.3781308267716534
21
3.5805584251968505
0
LINE
8
BLACK
6
CONTINUOUS
10
1.3781308267716534
20
3.5805584251968505
11
1.3780534251968504
21
3.5805738582677162
0
LINE
8
BLACK
6
CONTINUOUS
10
1.3780534251968504
20
3.5805738582677162
11
1.3780191732283464
21
3.5805624015748032
0
LINE
8
BLACK
6
CONTINUOUS
10
1.3780191732283464
20
3.5805624015748032
11
1.3777757086614173
21
3.5806290944881889
0
LINE
8
BLACK
6
CONTINUOUS
10
1.3777757086614173
20
3.5806290944881889
11
1.377528188976378
21
3.5806783070866142
0
LINE
8
BLACK
6
CONTINUOUS
10
1.377528188976378
20
3.5806783070866142
11
1.3775026377952755
21
3.5807038582677166
0
LINE
8
BLACK
6
CONTINUOUS
10
1.3775026377952755
20
3.5807038582677166
11
1.3774265354330708
21
3.5807246850393701
0
LINE
8
BLACK
6
CONTINUOUS
10
1.3774265354330708
20
3.5807246850393701
11
1.3755517716535433
21
3.5816620866141733
0
LINE
8
BLACK
6
CONTINUOUS
10
1.3755517716535433
20
3.5816620866141733
11
1.3753521653543306
21
3.5818170078740157
0
LINE
8
BLACK
6
CONTINUOUS
10
1.3753521653543306
20
3.5818170078740157
11
1.3751425196850393
21
3.5819570866141732
0
LINE
8
BLACK
6
CONTINUOUS
10
1.3751425196850393
20
3.5819570866141732
11
1.3742051574803149
21
3.5828944488188976
0
LINE
8
BLACK
6
CONTINUOUS
10
1.3742051574803149
20
3.5828944488188976
11
1.3740650393700786
21
3.5831041338582676
0
LINE
8
BLACK
6
CONTINUOUS
10
1.3740650393700786
20
3.5831041338582676
11
1.373910157480315
21
3.5833037007874013
0
LINE
8
BLACK
6
CONTINUOUS
10
1.373910157480315
20
3.5833037007874013
11
1.3729727559055118
21
3.5851784645669289
0
LINE
8
BLACK
6
CONTINUOUS
10
1.3729727559055118
20
3.5851784645669289
11
1.3729518897637796
21
3.5852546062992126
0
LINE
8
BLACK
6
CONTINUOUS
10
1.3729518897637796
20
3.5852546062992126
11
1.3729263779527558
21
3.5852801181102363
0
LINE
8
BLACK
6
CONTINUOUS
10
1.3729263779527558
20
3.5852801181102363
11
1.372877125984252
21
3.5855276771653544
0
LINE
8
BLACK
6
CONTINUOUS
10
1.372877125984252
20
3.5855276771653544
11
1.3728104724409449
21
3.5857711023622048
0
LINE
8
BLACK
6
CONTINUOUS
10
1.3728104724409449
20
3.5857711023622048
11
1.3728218897637794
21
3.5858053937007872
0
LINE
8
BLACK
6
CONTINUOUS
10
1.3728218897637794
20
3.5858053937007872
11
1.372806496062992
21
3.5858827559055118
0
LINE
8
BLACK
6
CONTINUOUS
10
1.372806496062992
20
3.5858827559055118
11
1.372806496062992
21
3.6018182677165353
0
LINE
8
BLACK
6
CONTINUOUS
10
1.372806496062992
20
3.6018182677165353
11
1.3729263779527558
21
3.6024209055118108
0
LINE
8
BLACK
6
CONTINUOUS
10
1.3729263779527558
20
3.6024209055118108
11
1.3737786614173229
21
3.6032731889763778
0
LINE
8
BLACK
6
CONTINUOUS
10
1.3737786614173229
20
3.6032731889763778
11
1.374983937007874
21
3.6032731889763778
0
LINE
8
BLACK
6
CONTINUOUS
10
1.374983937007874
20
3.6032731889763778
11
1.3752041338582677
21
3.603052992125984
0
LINE
8
BLACK
6
CONTINUOUS
10
1.3752041338582677
20
3.603052992125984
11
1.3755517716535433
21
3.6032268110236219
0
LINE
8
BLACK
6
CONTINUOUS
10
1.3755517716535433
20
3.6032268110236219
11
1.3756278740157479
21
3.6032476771653541
0
LINE
8
BLACK
6
CONTINUOUS
10
1.3756278740157479
20
3.6032476771653541
11
1.3756534251968504
21
3.6032731889763778
0
LINE
8
BLACK
6
CONTINUOUS
10
1.3756534251968504
20
3.6032731889763778
11
1.3759009448818897
21
3.6033224409448819
0
LINE
8
BLACK
6
CONTINUOUS
10
1.3759009448818897
20
3.6033224409448819
11
1.3761444094488189
21
3.6033890944881888
0
LINE
8
BLACK
6
CONTINUOUS
10
1.3761444094488189
20
3.6033890944881888
11
1.3761786614173228
21
3.6033776771653541
0
LINE
8
BLACK
6
CONTINUOUS
10
1.3761786614173228
20
3.6033776771653541
11
1.3762560629921259
21
3.6033930708661415
0
LINE
8
BLACK
6
CONTINUOUS
10
1.3762560629921259
20
3.6033930708661415
11
1.380005590551181
21
3.6033930708661415
0
LINE
8
BLACK
6
CONTINUOUS
10
1.380005590551181
20
3.6033930708661415
11
1.3800829527559055
21
3.6033777165354328
0
LINE
8
BLACK
6
CONTINUOUS
10
1.3759561023622047
20
3.5999076377952757
11
1.3759561023622047
21
3.5906055905511809
0
LINE
8
BLACK
6
CONTINUOUS
10
1.3759561023622047
20
3.5906055905511809
11
1.3766277952755905
21
3.5902697244094486
0
LINE
8
BLACK
6
CONTINUOUS
10
1.3766277952755905
20
3.5902697244094486
11
1.3796338582677166
21
3.5902697244094486
0
LINE
8
BLACK
6
CONTINUOUS
10
1.3796338582677166
20
3.5902697244094486
11
1.3809475196850394
21
3.5909265748031496
0
LINE
8
BLACK
6
CONTINUOUS
10
1.3809475196850394
20
3.5909265748031496
11
1.3815235039370077
21
3.5915025984251967
0
LINE
8
BLACK
6
CONTINUOUS
10
1.3815235039370077
20
3.5915025984251967
11
1.38218031496063
21
3.592816181102362
0
LINE
8
BLACK
6
CONTINUOUS
10
1.38218031496063
20
3.592816181102362
11
1.38218031496063
21
3.5976970472440946
0
LINE
8
BLACK
6
CONTINUOUS
10
1.38218031496063
20
3.5976970472440946
11
1.3815235039370077
21
3.5990106299212599
0
LINE
8
BLACK
6
CONTINUOUS
10
1.3815235039370077
20
3.5990106299212599
11
1.3809475196850394
21
3.599586653543307
0
LINE
8
BLACK
6
CONTINUOUS
10
1.3809475196850394
20
3.599586653543307
11
1.3796338582677166
21
3.6002434645669292
0
LINE
8
BLACK
6
CONTINUOUS
10
1.3796338582677166
20
3.6002434645669292
11
1.3766277952755905
21
3.6002434645669292
0
LINE
8
BLACK
6
CONTINUOUS
10
1.3766277952755905
20
3.6002434645669292
11
1.3759561023622047
21
3.5999076377952757
0
LINE
8
BLACK
6
CONTINUOUS
10
1.3632100787401575
20
3.6033777165354328
11
1.3632443307086615
21
3.6033890944881888
0
LINE
8
BLACK
6
CONTINUOUS
10
1.3632443307086615
20
3.6033890944881888
11
1.3634876377952756
21
3.6033224803149606
0
LINE
8
BLACK
6
CONTINUOUS
10
1.3634876377952756
20
3.6033224803149606
11
1.3637353543307087
21
3.6032731889763778
0
LINE
8
BLACK
6
CONTINUOUS
10
1.3637353543307087
20
3.6032731889763778
11
1.3637608661417322
21
3.6032476771653541
0
LINE
8
BLACK
6
CONTINUOUS
10
1.3637608661417322
20
3.6032476771653541
11
1.3638369685039369
21
3.6032268110236219
0
LINE
8
BLACK
6
CONTINUOUS
10
1.3638369685039369
20
3.6032268110236219
11
1.3657117322834644
21
3.6022894488188975
0
LINE
8
BLACK
6
CONTINUOUS
10
1.3657117322834644
20
3.6022894488188975
11
1.3659594488188975
21
3.6020972047244095
0
LINE
8
BLACK
6
CONTINUOUS
10
1.3659594488188975
20
3.6020972047244095
11
1.3660392913385826
21
3.6020705905511812
0
LINE
8
BLACK
6
CONTINUOUS
10
1.3660392913385826
20
3.6020705905511812
11
1.3661082283464567
21
3.6019817322834644
0
LINE
8
BLACK
6
CONTINUOUS
10
1.3661082283464567
20
3.6019817322834644
11
1.366197125984252
21
3.6019127559055115
0
LINE
8
BLACK
6
CONTINUOUS
10
1.366197125984252
20
3.6019127559055115
11
1.3662237007874016
21
3.6018329527559056
0
LINE
8
BLACK
6
CONTINUOUS
10
1.3662237007874016
20
3.6018329527559056
11
1.3664160236220473
21
3.601585157480315
0
LINE
8
BLACK
6
CONTINUOUS
10
1.3664160236220473
20
3.601585157480315
11
1.3673533858267717
21
3.5997104330708662
0
LINE
8
BLACK
6
CONTINUOUS
10
1.3673533858267717
20
3.5997104330708662
11
1.3673742125984252
21
3.5996343307086613
0
LINE
8
BLACK
6
CONTINUOUS
10
1.3673742125984252
20
3.5996343307086613
11
1.3673997637795274
21
3.5996087795275589
0
LINE
8
BLACK
6
CONTINUOUS
10
1.3673997637795274
20
3.5996087795275589
11
1.3674489763779527
21
3.5993612598425195
0
LINE
8
BLACK
6
CONTINUOUS
10
1.3674489763779527
20
3.5993612598425195
11
1.3675156692913386
21
3.5991177952755904
0
LINE
8
BLACK
6
CONTINUOUS
10
1.3675156692913386
20
3.5991177952755904
11
1.3675042125984251
21
3.5990835433070867
0
LINE
8
BLACK
6
CONTINUOUS
10
1.3675042125984251
20
3.5990835433070867
11
1.3675196456692913
21
3.5990061417322834
0
LINE
8
BLACK
6
CONTINUOUS
10
1.3675196456692913
20
3.5990061417322834
11
1.3675196456692913
21
3.5915070866141732
0
LINE
8
BLACK
6
CONTINUOUS
10
1.3675196456692913
20
3.5915070866141732
11
1.3675042519685039
21
3.5914297244094486
0
LINE
8
BLACK
6
CONTINUOUS
10
1.3675042519685039
20
3.5914297244094486
11
1.3675156692913386
21
3.5913954724409449
0
LINE
8
BLACK
6
CONTINUOUS
10
1.3675156692913386
20
3.5913954724409449
11
1.3674490157480315
21
3.5911521653543308
0
LINE
8
BLACK
6
CONTINUOUS
10
1.3674490157480315
20
3.5911521653543308
11
1.3673997637795274
21
3.5909044488188977
0
LINE
8
BLACK
6
CONTINUOUS
10
1.3673997637795274
20
3.5909044488188977
11
1.3673742125984252
21
3.590878937007874
0
LINE
8
BLACK
6
CONTINUOUS
10
1.3673742125984252
20
3.590878937007874
11
1.3673533858267717
21
3.5908028346456691
0
LINE
8
BLACK
6
CONTINUOUS
10
1.3673533858267717
20
3.5908028346456691
11
1.3664160236220473
21
3.5889280314960628
0
LINE
8
BLACK
6
CONTINUOUS
10
1.3664160236220473
20
3.5889280314960628
11
1.3662237007874016
21
3.5886802755905509
0
LINE
8
BLACK
6
CONTINUOUS
10
1.3662237007874016
20
3.5886802755905509
11
1.366197125984252
21
3.5886004330708658
0
LINE
8
BLACK
6
CONTINUOUS
10
1.366197125984252
20
3.5886004330708658
11
1.3661082677165355
21
3.5885314960629922
0
LINE
8
BLACK
6
CONTINUOUS
10
1.3661082677165355
20
3.5885314960629922
11
1.3660393307086613
21
3.5884426377952754
0
LINE
8
BLACK
6
CONTINUOUS
10
1.3660393307086613
20
3.5884426377952754
11
1.3659594881889763
21
3.5884160629921258
0
LINE
8
BLACK
6
CONTINUOUS
10
1.3659594881889763
20
3.5884160629921258
11
1.3657117322834644
21
3.5882237401574804
0
LINE
8
BLACK
6
CONTINUOUS
10
1.3657117322834644
20
3.5882237401574804
11
1.3638369685039369
21
3.587286377952756
0
LINE
8
BLACK
6
CONTINUOUS
10
1.3638369685039369
20
3.587286377952756
11
1.3637608661417322
21
3.5872655511811025
0
LINE
8
BLACK
6
CONTINUOUS
10
1.3637608661417322
20
3.5872655511811025
11
1.3637353543307087
21
3.58724
0
LINE
8
BLACK
6
CONTINUOUS
10
1.3637353543307087
20
3.58724
11
1.3634876377952756
21
3.587190748031496
0
LINE
8
BLACK
6
CONTINUOUS
10
1.3634876377952756
20
3.587190748031496
11
1.3632443307086615
21
3.587124094488189
0
LINE
8
BLACK
6
CONTINUOUS
10
1.3632443307086615
20
3.587124094488189
11
1.3632100787401575
21
3.5871355118110237
0
LINE
8
BLACK
6
CONTINUOUS
10
1.3632100787401575
20
3.5871355118110237
11
1.363132716535433
21
3.5871201181102363
0
LINE
8
BLACK
6
CONTINUOUS
10
1.363132716535433
20
3.5871201181102363
11
1.3593831889763779
21
3.5871201181102363
0
LINE
8
BLACK
6
CONTINUOUS
10
1.3593831889763779
20
3.5871201181102363
11
1.3593057874015748
21
3.5871355511811025
0
LINE
8
BLACK
6
CONTINUOUS
10
1.3593057874015748
20
3.5871355511811025
11
1.3592715354330709
21
3.587124094488189
0
LINE
8
BLACK
6
CONTINUOUS
10
1.3592715354330709
20
3.587124094488189
11
1.3590280708661417
21
3.5871907874015747
0
LINE
8
BLACK
6
CONTINUOUS
10
1.3590280708661417
20
3.5871907874015747
11
1.3587805511811024
21
3.58724
0
LINE
8
BLACK
6
CONTINUOUS
10
1.3587805511811024
20
3.58724
11
1.3587549999999999
21
3.5872655511811025
0
LINE
8
BLACK
6
CONTINUOUS
10
1.3587549999999999
20
3.5872655511811025
11
1.3586788976377953
21
3.587286377952756
0
LINE
8
BLACK
6
CONTINUOUS
10
1.3586788976377953
20
3.587286377952756
11
1.3568041732283465
21
3.5882237401574804
0
LINE
8
BLACK
6
CONTINUOUS
10
1.3568041732283465
20
3.5882237401574804
11
1.3563187401574803
21
3.5886004724409446
0
LINE
8
BLACK
6
CONTINUOUS
10
1.3563187401574803
20
3.5886004724409446
11
1.3559375984251969
21
3.5897438976377951
0
LINE
8
BLACK
6
CONTINUOUS
10
1.3559375984251969
20
3.5897438976377951
11
1.3564766141732283
21
3.5908219685039371
0
LINE
8
BLACK
6
CONTINUOUS
10
1.3564766141732283
20
3.5908219685039371
11
1.3576200393700788
21
3.5912031102362203
0
LINE
8
BLACK
6
CONTINUOUS
10
1.3576200393700788
20
3.5912031102362203
11
1.3582126771653542
21
3.5910408267716534
0
LINE
8
BLACK
6
CONTINUOUS
10
1.3582126771653542
20
3.5910408267716534
11
1.3597549212598425
21
3.5902697244094486
0
LINE
8
BLACK
6
CONTINUOUS
10
1.3597549212598425
20
3.5902697244094486
11
1.3627609842519686
21
3.5902697244094486
0
LINE
8
BLACK
6
CONTINUOUS
10
1.3627609842519686
20
3.5902697244094486
11
1.3638336614173228
21
3.5908061023622047
0
LINE
8
BLACK
6
CONTINUOUS
10
1.3638336614173228
20
3.5908061023622047
11
1.3643700393700786
21
3.5918788976377951
0
LINE
8
BLACK
6
CONTINUOUS
10
1.3643700393700786
20
3.5918788976377951
11
1.3643700393700786
21
3.5939655905511811
0
LINE
8
BLACK
6
CONTINUOUS
10
1.3643700393700786
20
3.5939655905511811
11
1.3562621653543308
21
3.5955871653543308
0
LINE
8
BLACK
6
CONTINUOUS
10
1.3562621653543308
20
3.5955871653543308
11
1.3560472440944882
21
3.5956764566929134
0
LINE
8
BLACK
6
CONTINUOUS
10
1.3560472440944882
20
3.5956764566929134
11
1.3559683858267717
21
3.5956764566929134
0
LINE
8
BLACK
6
CONTINUOUS
10
1.3559683858267717
20
3.5956764566929134
11
1.3559122834645669
21
3.5957325590551181
0
LINE
8
BLACK
6
CONTINUOUS
10
1.3559122834645669
20
3.5957325590551181
11
1.3556947637795276
21
3.5958229133858266
0
LINE
8
BLACK
6
CONTINUOUS
10
1.3556947637795276
20
3.5958229133858266
11
1.355440433070866
21
3.596204409448819
0
LINE
8
BLACK
6
CONTINUOUS
10
1.355440433070866
20
3.596204409448819
11
1.3551161023622047
21
3.5965287401574804
0
LINE
8
BLACK
6
CONTINUOUS
10
1.3551161023622047
20
3.5965287401574804
11
1.3550701181102363
21
3.5967598818897635
0
LINE
8
BLACK
6
CONTINUOUS
10
1.3550701181102363
20
3.5967598818897635
11
1.3550261811023623
21
3.5968257874015745
0
LINE
8
BLACK
6
CONTINUOUS
10
1.3550261811023623
20
3.5968257874015745
11
1.3550416141732282
21
3.5969030708661416
0
LINE
8
BLACK
6
CONTINUOUS
10
1.3550416141732282
20
3.5969030708661416
11
1.3549962204724408
21
3.5971313779527558
0
LINE
8
BLACK
6
CONTINUOUS
10
1.3549962204724408
20
3.5971313779527558
11
1.3549962204724408
21
3.5990061417322834
0
LINE
8
BLACK
6
CONTINUOUS
10
1.3549962204724408
20
3.5990061417322834
11
1.3550116141732282
21
3.5990835433070867
0
LINE
8
BLACK
6
CONTINUOUS
10
1.3550116141732282
20
3.5990835433070867
11
1.3550001968503937
21
3.5991177952755904
0
LINE
8
BLACK
6
CONTINUOUS
10
1.3550001968503937
20
3.5991177952755904
11
1.3550668503937007
21
3.5993612598425195
0
LINE
8
BLACK
6
CONTINUOUS
10
1.3550668503937007
20
3.5993612598425195
11
1.3551161023622047
21
3.5996087795275589
0
LINE
8
BLACK
6
CONTINUOUS
10
1.3551161023622047
20
3.5996087795275589
11
1.3551416141732284
21
3.5996343307086613
0
LINE
8
BLACK
6
CONTINUOUS
10
1.3551416141732284
20
3.5996343307086613
11
1.3551624803149607
21
3.5997104330708662
0
LINE
8
BLACK
6
CONTINUOUS
10
1.3551624803149607
20
3.5997104330708662
11
1.3560998818897638
21
3.6015851968503938
0
LINE
8
BLACK
6
CONTINUOUS
10
1.3560998818897638
20
3.6015851968503938
11
1.356292125984252
21
3.6018329133858269
0
LINE
8
BLACK
6
CONTINUOUS
10
1.356292125984252
20
3.6018329133858269
11
1.3563187401574803
21
3.6019127165354328
0
LINE
8
BLACK
6
CONTINUOUS
10
1.3563187401574803
20
3.6019127165354328
11
1.3564075984251969
21
3.6019816929133857
0
LINE
8
BLACK
6
CONTINUOUS
10
1.3564075984251969
20
3.6019816929133857
11
1.3564766141732283
21
3.6020705905511812
0
LINE
8
BLACK
6
CONTINUOUS
10
1.3564766141732283
20
3.6020705905511812
11
1.3565564566929134
21
3.6020972440944883
0
LINE
8
BLACK
6
CONTINUOUS
10
1.3565564566929134
20
3.6020972440944883
11
1.3568041732283465
21
3.6022894488188975
0
LINE
8
BLACK
6
CONTINUOUS
10
1.3568041732283465
20
3.6022894488188975
11
1.3586788976377953
21
3.6032268110236219
0
LINE
8
BLACK
6
CONTINUOUS
10
1.3586788976377953
20
3.6032268110236219
11
1.3587549999999999
21
3.6032476771653541
0
LINE
8
BLACK
6
CONTINUOUS
10
1.3587549999999999
20
3.6032476771653541
11
1.3587805511811024
21
3.6032731889763778
0
LINE
8
BLACK
6
CONTINUOUS
10
1.3587805511811024
20
3.6032731889763778
11
1.3590280708661417
21
3.6033224409448819
0
LINE
8
BLACK
6
CONTINUOUS
10
1.3590280708661417
20
3.6033224409448819
11
1.3592715354330709
21
3.6033890944881888
0
LINE
8
BLACK
6
CONTINUOUS
10
1.3592715354330709
20
3.6033890944881888
11
1.3593057874015748
21
3.6033776771653541
0
LINE
8
BLACK
6
CONTINUOUS
10
1.3593057874015748
20
3.6033776771653541
11
1.3593831889763779
21
3.6033930708661415
0
LINE
8
BLACK
6
CONTINUOUS
10
1.3593831889763779
20
3.6033930708661415
11
1.363132716535433
21
3.6033930708661415
0
LINE
8
BLACK
6
CONTINUOUS
10
1.363132716535433
20
3.6033930708661415
11
1.3632100787401575
21
3.6033777165354328
0
LINE
8
BLACK
6
CONTINUOUS
10
1.3586822047244094
20
3.5997071653543307
11
1.3581458267716535
21
3.5986343700787402
0
LINE
8
BLACK
6
CONTINUOUS
10
1.3581458267716535
20
3.5986343700787402
11
1.3581458267716535
21
3.598422401574803
0
LINE
8
BLACK
6
CONTINUOUS
10
1.3581458267716535
20
3.598422401574803
11
1.3643700393700786
21
3.597177559055118
0
LINE
8
BLACK
6
CONTINUOUS
10
1.3643700393700786
20
3.597177559055118
11
1.3643700393700786
21
3.5986344488188977
0
LINE
8
BLACK
6
CONTINUOUS
10
1.3643700393700786
20
3.5986344488188977
11
1.3638337007874015
21
3.5997071259842519
0
LINE
8
BLACK
6
CONTINUOUS
10
1.3638337007874015
20
3.5997071259842519
11
1.3627609842519686
21
3.6002434645669292
0
LINE
8
BLACK
6
CONTINUOUS
10
1.3627609842519686
20
3.6002434645669292
11
1.3597549212598425
21
3.6002434645669292
0
LINE
8
BLACK
6
CONTINUOUS
10
1.3597549212598425
20
3.6002434645669292
11
1.3586822047244094
21
3.5997071653543307
0
LINE
8
BLACK
6
CONTINUOUS
10
1.3936464960629922
20
3.6089825984251966
11
1.3937663779527558
21
3.6083799606299212
0
LINE
8
BLACK
6
CONTINUOUS
10
1.3937663779527558
20
3.6083799606299212
11
1.3937663779527558
21
3.603337559055118
0
LINE
8
BLACK
6
CONTINUOUS
10
1.3937663779527558
20
3.603337559055118
11
1.39395468503937
21
3.6033890944881888
0
LINE
8
BLACK
6
CONTINUOUS
10
1.39395468503937
20
3.6033890944881888
11
1.393988937007874
21
3.6033776771653541
0
LINE
8
BLACK
6
CONTINUOUS
10
1.393988937007874
20
3.6033776771653541
11
1.394066338582677
21
3.6033930708661415
0
LINE
8
BLACK
6
CONTINUOUS
10
1.394066338582677
20
3.6033930708661415
11
1.3978158661417321
21
3.6033930708661415
0
LINE
8
BLACK
6
CONTINUOUS
10
1.3978158661417321
20
3.6033930708661415
11
1.3978932283464567
21
3.6033777165354328
0
LINE
8
BLACK
6
CONTINUOUS
10
1.3978932283464567
20
3.6033777165354328
11
1.3979274803149606
21
3.6033890944881888
0
LINE
8
BLACK
6
CONTINUOUS
10
1.3979274803149606
20
3.6033890944881888
11
1.3981707874015747
21
3.6033224803149606
0
LINE
8
BLACK
6
CONTINUOUS
10
1.3981707874015747
20
3.6033224803149606
11
1.3984185039370078
21
3.6032731889763778
0
LINE
8
BLACK
6
CONTINUOUS
10
1.3984185039370078
20
3.6032731889763778
11
1.3984440157480316
21
3.6032476771653541
0
LINE
8
BLACK
6
CONTINUOUS
10
1.3984440157480316
20
3.6032476771653541
11
1.3985201181102362
21
3.6032268110236219
0
LINE
8
BLACK
6
CONTINUOUS
10
1.3985201181102362
20
3.6032268110236219
11
1.4003948818897638
21
3.6022894488188975
0
LINE
8
BLACK
6
CONTINUOUS
10
1.4003948818897638
20
3.6022894488188975
11
1.4005943307086615
21
3.6021346456692913
0
LINE
8
BLACK
6
CONTINUOUS
10
1.4005943307086615
20
3.6021346456692913
11
1.4008041732283465
21
3.6019944488188975
0
LINE
8
BLACK
6
CONTINUOUS
10
1.4008041732283465
20
3.6019944488188975
11
1.4017415748031496
21
3.6010570866141731
0
LINE
8
BLACK
6
CONTINUOUS
10
1.4017415748031496
20
3.6010570866141731
11
1.401881968503937
21
3.6008469685039368
0
LINE
8
BLACK
6
CONTINUOUS
10
1.401881968503937
20
3.6008469685039368
11
1.4020365748031496
21
3.6006477559055119
0
LINE
8
BLACK
6
CONTINUOUS
10
1.4020365748031496
20
3.6006477559055119
11
1.402973937007874
21
3.5987730314960631
0
LINE
8
BLACK
6
CONTINUOUS
10
1.402973937007874
20
3.5987730314960631
11
1.4029947637795275
21
3.5986969291338582
0
LINE
8
BLACK
6
CONTINUOUS
10
1.4029947637795275
20
3.5986969291338582
11
1.40302031496063
21
3.5986713779527557
0
LINE
8
BLACK
6
CONTINUOUS
10
1.40302031496063
20
3.5986713779527557
11
1.403069527559055
21
3.5984238582677164
0
LINE
8
BLACK
6
CONTINUOUS
10
1.403069527559055
20
3.5984238582677164
11
1.4031362204724409
21
3.5981803937007872
0
LINE
8
BLACK
6
CONTINUOUS
10
1.4031362204724409
20
3.5981803937007872
11
1.4031247637795274
21
3.5981461417322835
0
LINE
8
BLACK
6
CONTINUOUS
10
1.4031247637795274
20
3.5981461417322835
11
1.4031401968503936
21
3.5980687401574802
0
LINE
8
BLACK
6
CONTINUOUS
10
1.4031401968503936
20
3.5980687401574802
11
1.4031401968503936
21
3.5924444488188976
0
LINE
8
BLACK
6
CONTINUOUS
10
1.4031401968503936
20
3.5924444488188976
11
1.4031247637795274
21
3.592367086614173
0
LINE
8
BLACK
6
CONTINUOUS
10
1.4031247637795274
20
3.592367086614173
11
1.4031362204724409
21
3.5923327952755906
0
LINE
8
BLACK
6
CONTINUOUS
10
1.4031362204724409
20
3.5923327952755906
11
1.403069527559055
21
3.5920893700787402
0
LINE
8
BLACK
6
CONTINUOUS
10
1.403069527559055
20
3.5920893700787402
11
1.40302031496063
21
3.5918418110236221
0
LINE
8
BLACK
6
CONTINUOUS
10
1.40302031496063
20
3.5918418110236221
11
1.4029947637795275
21
3.5918162992125984
0
LINE
8
BLACK
6
CONTINUOUS
10
1.4029947637795275
20
3.5918162992125984
11
1.402973937007874
21
3.5917401574803147
0
LINE
8
BLACK
6
CONTINUOUS
10
1.402973937007874
20
3.5917401574803147
11
1.4020365748031496
21
3.5898654330708659
0
LINE
8
BLACK
6
CONTINUOUS
10
1.4020365748031496
20
3.5898654330708659
11
1.401881968503937
21
3.5896662598425197
0
LINE
8
BLACK
6
CONTINUOUS
10
1.401881968503937
20
3.5896662598425197
11
1.4017415748031496
21
3.5894561023622047
0
LINE
8
BLACK
6
CONTINUOUS
10
1.4017415748031496
20
3.5894561023622047
11
1.4008041732283465
21
3.5885187401574803
0
LINE
8
BLACK
6
CONTINUOUS
10
1.4008041732283465
20
3.5885187401574803
11
1.4005943307086615
21
3.5883785826771653
0
LINE
8
BLACK
6
CONTINUOUS
10
1.4005943307086615
20
3.5883785826771653
11
1.4003948818897638
21
3.5882237401574804
0
LINE
8
BLACK
6
CONTINUOUS
10
1.4003948818897638
20
3.5882237401574804
11
1.3985201181102362
21
3.587286377952756
0
LINE
8
BLACK
6
CONTINUOUS
10
1.3985201181102362
20
3.587286377952756
11
1.3984440157480316
21
3.5872655511811025
0
LINE
8
BLACK
6
CONTINUOUS
10
1.3984440157480316
20
3.5872655511811025
11
1.3984185039370078
21
3.58724
0
LINE
8
BLACK
6
CONTINUOUS
10
1.3984185039370078
20
3.58724
11
1.3981707874015747
21
3.587190748031496
0
LINE
8
BLACK
6
CONTINUOUS
10
1.3981707874015747
20
3.587190748031496
11
1.3979274803149606
21
3.587124094488189
0
LINE
8
BLACK
6
CONTINUOUS
10
1.3979274803149606
20
3.587124094488189
11
1.3978932283464567
21
3.5871355118110237
0
LINE
8
BLACK
6
CONTINUOUS
10
1.3978932283464567
20
3.5871355118110237
11
1.3978158661417321
21
3.5871201181102363
0
LINE
8
BLACK
6
CONTINUOUS
10
1.3978158661417321
20
3.5871201181102363
11
1.394066338582677
21
3.5871201181102363
0
LINE
8
BLACK
6
CONTINUOUS
10
1.394066338582677
20
3.5871201181102363
11
1.393988937007874
21
3.5871355511811025
0
LINE
8
BLACK
6
CONTINUOUS
10
1.393988937007874
20
3.5871355511811025
11
1.39395468503937
21
3.587124094488189
0
LINE
8
BLACK
6
CONTINUOUS
10
1.39395468503937
20
3.587124094488189
11
1.3937112204724409
21
3.5871907874015747
0
LINE
8
BLACK
6
CONTINUOUS
10
1.3937112204724409
20
3.5871907874015747
11
1.3934637007874016
21
3.58724
0
LINE
8
BLACK
6
CONTINUOUS
10
1.3934637007874016
20
3.58724
11
1.3934381496062991
21
3.5872655511811025
0
LINE
8
BLACK
6
CONTINUOUS
10
1.3934381496062991
20
3.5872655511811025
11
1.3933620472440944
21
3.587286377952756
0
LINE
8
BLACK
6
CONTINUOUS
10
1.3933620472440944
20
3.587286377952756
11
1.3930144094488188
21
3.5874601968503934
0
LINE
8
BLACK
6
CONTINUOUS
10
1.3930144094488188
20
3.5874601968503934
11
1.3927942125984252
21
3.58724
0
LINE
8
BLACK
6
CONTINUOUS
10
1.3927942125984252
20
3.58724
11
1.391588937007874
21
3.58724
0
LINE
8
BLACK
6
CONTINUOUS
10
1.391588937007874
20
3.58724
11
1.390736653543307
21
3.588092283464567
0
LINE
8
BLACK
6
CONTINUOUS
10
1.390736653543307
20
3.588092283464567
11
1.3906167716535434
21
3.5886949212598425
0
LINE
8
BLACK
6
CONTINUOUS
10
1.3906167716535434
20
3.5886949212598425
11
1.3906167716535434
21
3.6083799606299212
0
LINE
8
BLACK
6
CONTINUOUS
10
1.3906167716535434
20
3.6083799606299212
11
1.390736653543307
21
3.6089825984251966
0
LINE
8
BLACK
6
CONTINUOUS
10
1.390736653543307
20
3.6089825984251966
11
1.391588937007874
21
3.6098348818897636
0
LINE
8
BLACK
6
CONTINUOUS
10
1.391588937007874
20
3.6098348818897636
11
1.3927942125984252
21
3.6098348818897636
0
LINE
8
BLACK
6
CONTINUOUS
10
1.3927942125984252
20
3.6098348818897636
11
1.3936464960629922
21
3.6089825984251966
0
LINE
8
BLACK
6
CONTINUOUS
10
1.3937663779527558
20
3.5999076377952757
11
1.3937663779527558
21
3.5906055905511809
0
LINE
8
BLACK
6
CONTINUOUS
10
1.3937663779527558
20
3.5906055905511809
11
1.3944380708661417
21
3.5902697244094486
0
LINE
8
BLACK
6
CONTINUOUS
10
1.3944380708661417
20
3.5902697244094486
11
1.3974441338582677
21
3.5902697244094486
0
LINE
8
BLACK
6
CONTINUOUS
10
1.3974441338582677
20
3.5902697244094486
11
1.3987577952755905
21
3.5909265748031496
0
LINE
8
BLACK
6
CONTINUOUS
10
1.3987577952755905
20
3.5909265748031496
11
1.3993337795275591
21
3.5915025984251967
0
LINE
8
BLACK
6
CONTINUOUS
10
1.3993337795275591
20
3.5915025984251967
11
1.3999905905511811
21
3.592816181102362
0
LINE
8
BLACK
6
CONTINUOUS
10
1.3999905905511811
20
3.592816181102362
11
1.3999905905511811
21
3.5976970472440946
0
LINE
8
BLACK
6
CONTINUOUS
10
1.3999905905511811
20
3.5976970472440946
11
1.3993337795275591
21
3.5990106299212599
0
LINE
8
BLACK
6
CONTINUOUS
10
1.3993337795275591
20
3.5990106299212599
11
1.3987577952755905
21
3.599586653543307
0
LINE
8
BLACK
6
CONTINUOUS
10
1.3987577952755905
20
3.599586653543307
11
1.3974441338582677
21
3.6002434645669292
0
LINE
8
BLACK
6
CONTINUOUS
10
1.3974441338582677
20
3.6002434645669292
11
1.3944380708661417
21
3.6002434645669292
0
LINE
8
BLACK
6
CONTINUOUS
10
1.3944380708661417
20
3.6002434645669292
11
1.3937663779527558
21
3.5999076377952757
0
LINE
8
BLACK
6
CONTINUOUS
10
1.4190409448818897
20
3.6098348818897636
11
1.4198932283464567
21
3.6089825984251966
0
LINE
8
BLACK
6
CONTINUOUS
10
1.4198932283464567
20
3.6089825984251966
11
1.4200131102362203
21
3.6083799606299212
0
LINE
8
BLACK
6
CONTINUOUS
10
1.4200131102362203
20
3.6083799606299212
11
1.4200131102362203
21
3.5886949212598425
0
LINE
8
BLACK
6
CONTINUOUS
10
1.4200131102362203
20
3.5886949212598425
11
1.4198932283464567
21
3.588092283464567
0
LINE
8
BLACK
6
CONTINUOUS
10
1.4198932283464567
20
3.588092283464567
11
1.4190409448818897
21
3.58724
0
LINE
8
BLACK
6
CONTINUOUS
10
1.4190409448818897
20
3.58724
11
1.4184383070866142
21
3.5871201181102363
0
LINE
8
BLACK
6
CONTINUOUS
10
1.4184383070866142
20
3.5871201181102363
11
1.4090644881889764
21
3.5871201181102363
0
LINE
8
BLACK
6
CONTINUOUS
10
1.4090644881889764
20
3.5871201181102363
11
1.4084618503937008
21
3.58724
0
LINE
8
BLACK
6
CONTINUOUS
10
1.4084618503937008
20
3.58724
11
1.4076095669291337
21
3.588092283464567
0
LINE
8
BLACK
6
CONTINUOUS
10
1.4076095669291337
20
3.588092283464567
11
1.4076095669291337
21
3.5892975590551179
0
LINE
8
BLACK
6
CONTINUOUS
10
1.4076095669291337
20
3.5892975590551179
11
1.4084618503937008
21
3.5901498425196849
0
LINE
8
BLACK
6
CONTINUOUS
10
1.4084618503937008
20
3.5901498425196849
11
1.4090644881889764
21
3.5902697244094486
0
LINE
8
BLACK
6
CONTINUOUS
10
1.4090644881889764
20
3.5902697244094486
11
1.4168635039370079
21
3.5902697244094486
0
LINE
8
BLACK
6
CONTINUOUS
10
1.4168635039370079
20
3.5902697244094486
11
1.4168635039370079
21
3.5974313385826773
0
LINE
8
BLACK
6
CONTINUOUS
10
1.4168635039370079
20
3.5974313385826773
11
1.4118766141732284
21
3.5974313385826773
0
LINE
8
BLACK
6
CONTINUOUS
10
1.4118766141732284
20
3.5974313385826773
11
1.4112739763779527
21
3.5975512204724409
0
LINE
8
BLACK
6
CONTINUOUS
10
1.4112739763779527
20
3.5975512204724409
11
1.4104216929133857
21
3.5984035039370079
0
LINE
8
BLACK
6
CONTINUOUS
10
1.4104216929133857
20
3.5984035039370079
11
1.4104216929133857
21
3.5996087795275589
0
LINE
8
BLACK
6
CONTINUOUS
10
1.4104216929133857
20
3.5996087795275589
11
1.4112739763779527
21
3.6004610629921259
0
LINE
8
BLACK
6
CONTINUOUS
10
1.4112739763779527
20
3.6004610629921259
11
1.4118766141732284
21
3.6005809448818895
0
LINE
8
BLACK
6
CONTINUOUS
10
1.4118766141732284
20
3.6005809448818895
11
1.4168635039370079
21
3.6005809448818895
0
LINE
8
BLACK
6
CONTINUOUS
10
1.4168635039370079
20
3.6005809448818895
11
1.4168635039370079
21
3.606805157480315
0
LINE
8
BLACK
6
CONTINUOUS
10
1.4168635039370079
20
3.606805157480315
11
1.4090644881889764
21
3.606805157480315
0
LINE
8
BLACK
6
CONTINUOUS
10
1.4090644881889764
20
3.606805157480315
11
1.4084618503937008
21
3.6069250393700787
0
LINE
8
BLACK
6
CONTINUOUS
10
1.4084618503937008
20
3.6069250393700787
11
1.4076095669291337
21
3.6077773228346457
0
LINE
8
BLACK
6
CONTINUOUS
10
1.4076095669291337
20
3.6077773228346457
11
1.4076095669291337
21
3.6089825984251966
0
LINE
8
BLACK
6
CONTINUOUS
10
1.4076095669291337
20
3.6089825984251966
11
1.4084618503937008
21
3.6098348818897636
0
LINE
8
BLACK
6
CONTINUOUS
10
1.4084618503937008
20
3.6098348818897636
11
1.4090644881889764
21
3.6099547637795273
0
LINE
8
BLACK
6
CONTINUOUS
10
1.4090644881889764
20
3.6099547637795273
11
1.4184383070866142
21
3.6099547637795273
0
LINE
8
BLACK
6
CONTINUOUS
10
1.4184383070866142
20
3.6099547637795273
11
1.4190409448818897
21
3.6098348818897636
0
LINE
8
BLACK
6
CONTINUOUS
10
1.4537240944881888
20
3.6098348818897636
11
1.4545763779527559
21
3.6089825984251966
0
LINE
8
BLACK
6
CONTINUOUS
10
1.4545763779527559
20
3.6089825984251966
11
1.4546962598425197
21
3.6083799606299212
0
LINE
8
BLACK
6
CONTINUOUS
10
1.4546962598425197
20
3.6083799606299212
11
1.4546962598425197
21
3.5886949212598425
0
LINE
8
BLACK
6
CONTINUOUS
10
1.4546962598425197
20
3.5886949212598425
11
1.4545763779527559
21
3.588092283464567
0
LINE
8
BLACK
6
CONTINUOUS
10
1.4545763779527559
20
3.588092283464567
11
1.4537240944881888
21
3.58724
0
LINE
8
BLACK
6
CONTINUOUS
10
1.4537240944881888
20
3.58724
11
1.4531214566929134
21
3.5871201181102363
0
LINE
8
BLACK
6
CONTINUOUS
10
1.4531214566929134
20
3.5871201181102363
11
1.4456224015748032
21
3.5871201181102363
0
LINE
8
BLACK
6
CONTINUOUS
10
1.4456224015748032
20
3.5871201181102363
11
1.4455449999999999
21
3.5871355511811025
0
LINE
8
BLACK
6
CONTINUOUS
10
1.4455449999999999
20
3.5871355511811025
11
1.4455107480314959
21
3.587124094488189
0
LINE
8
BLACK
6
CONTINUOUS
10
1.4455107480314959
20
3.587124094488189
11
1.4452672834645668
21
3.5871907874015747
0
LINE
8
BLACK
6
CONTINUOUS
10
1.4452672834645668
20
3.5871907874015747
11
1.4450197637795275
21
3.58724
0
LINE
8
BLACK
6
CONTINUOUS
10
1.4450197637795275
20
3.58724
11
1.4449942125984252
21
3.5872655511811025
0
LINE
8
BLACK
6
CONTINUOUS
10
1.4449942125984252
20
3.5872655511811025
11
1.4449181102362205
21
3.587286377952756
0
LINE
8
BLACK
6
CONTINUOUS
10
1.4449181102362205
20
3.587286377952756
11
1.4430433858267717
21
3.5882237401574804
0
LINE
8
BLACK
6
CONTINUOUS
10
1.4430433858267717
20
3.5882237401574804
11
1.4428441732283463
21
3.5883783464566927
0
LINE
8
BLACK
6
CONTINUOUS
10
1.4428441732283463
20
3.5883783464566927
11
1.4426340551181103
21
3.5885187401574803
0
LINE
8
BLACK
6
CONTINUOUS
10
1.4426340551181103
20
3.5885187401574803
11
1.4416966929133859
21
3.5894561417322834
0
LINE
8
BLACK
6
CONTINUOUS
10
1.4416966929133859
20
3.5894561417322834
11
1.4415564960629921
21
3.5896659842519685
0
LINE
8
BLACK
6
CONTINUOUS
10
1.4415564960629921
20
3.5896659842519685
11
1.4414016929133857
21
3.5898654330708659
0
LINE
8
BLACK
6
CONTINUOUS
10
1.4414016929133857
20
3.5898654330708659
11
1.4404643307086613
21
3.5917401968503935
0
LINE
8
BLACK
6
CONTINUOUS
10
1.4404643307086613
20
3.5917401968503935
11
1.4404434645669291
21
3.5918162992125984
0
LINE
8
BLACK
6
CONTINUOUS
10
1.4404434645669291
20
3.5918162992125984
11
1.4404179527559056
21
3.5918418110236221
0
LINE
8
BLACK
6
CONTINUOUS
10
1.4404179527559056
20
3.5918418110236221
11
1.4403686614173228
21
3.5920895275590552
0
LINE
8
BLACK
6
CONTINUOUS
10
1.4403686614173228
20
3.5920895275590552
11
1.4403020472440944
21
3.5923328346456693
0
LINE
8
BLACK
6
CONTINUOUS
10
1.4403020472440944
20
3.5923328346456693
11
1.4403134251968503
21
3.592367086614173
0
LINE
8
BLACK
6
CONTINUOUS
10
1.4403134251968503
20
3.592367086614173
11
1.4402980708661417
21
3.5924444488188976
0
LINE
8
BLACK
6
CONTINUOUS
10
1.4402980708661417
20
3.5924444488188976
11
1.4402980708661417
21
3.5952566141732283
0
LINE
8
BLACK
6
CONTINUOUS
10
1.4402980708661417
20
3.5952566141732283
11
1.4403134251968503
21
3.5953340157480316
0
LINE
8
BLACK
6
CONTINUOUS
10
1.4403134251968503
20
3.5953340157480316
11
1.4403020472440944
21
3.5953682283464565
0
LINE
8
BLACK
6
CONTINUOUS
10
1.4403020472440944
20
3.5953682283464565
11
1.4403686614173228
21
3.5956115748031494
0
LINE
8
BLACK
6
CONTINUOUS
10
1.4403686614173228
20
3.5956115748031494
11
1.4404179527559056
21
3.5958592519685038
0
LINE
8
BLACK
6
CONTINUOUS
10
1.4404179527559056
20
3.5958592519685038
11
1.4404434645669291
21
3.5958848031496062
0
LINE
8
BLACK
6
CONTINUOUS
10
1.4404434645669291
20
3.5958848031496062
11
1.4404643307086613
21
3.5959608661417324
0
LINE
8
BLACK
6
CONTINUOUS
10
1.4404643307086613
20
3.5959608661417324
11
1.4414016929133857
21
3.5978356299212599
0
LINE
8
BLACK
6
CONTINUOUS
10
1.4414016929133857
20
3.5978356299212599
11
1.4415564173228346
21
3.5980350393700786
0
LINE
8
BLACK
6
CONTINUOUS
10
1.4415564173228346
20
3.5980350393700786
11
1.4416966929133859
21
3.5982449606299212
0
LINE
8
BLACK
6
CONTINUOUS
10
1.4416966929133859
20
3.5982449606299212
11
1.4426341338582678
21
3.5991823228346456
0
LINE
8
BLACK
6
CONTINUOUS
10
1.4426341338582678
20
3.5991823228346456
11
1.4426996456692913
21
3.5992261417322835
0
LINE
8
BLACK
6
CONTINUOUS
10
1.4426996456692913
20
3.5992261417322835
11
1.4427158267716536
21
3.5992584251968505
0
LINE
8
BLACK
6
CONTINUOUS
10
1.4427158267716536
20
3.5992584251968505
11
1.4429352362204724
21
3.5993835433070864
0
LINE
8
BLACK
6
CONTINUOUS
10
1.4429352362204724
20
3.5993835433070864
11
1.4429847637795274
21
3.5994166141732284
0
LINE
8
BLACK
6
CONTINUOUS
10
1.4429847637795274
20
3.5994166141732284
11
1.4426340551181103
21
3.5997673622047244
0
LINE
8
BLACK
6
CONTINUOUS
10
1.4426340551181103
20
3.5997673622047244
11
1.4424938188976377
21
3.5999772834645669
0
LINE
8
BLACK
6
CONTINUOUS
10
1.4424938188976377
20
3.5999772834645669
11
1.4423390944881889
21
3.6001766141732281
0
LINE
8
BLACK
6
CONTINUOUS
10
1.4423390944881889
20
3.6001766141732281
11
1.4414016929133857
21
3.6020513779527557
0
LINE
8
BLACK
6
CONTINUOUS
10
1.4414016929133857
20
3.6020513779527557
11
1.4413808267716535
21
3.6021275196850393
0
LINE
8
BLACK
6
CONTINUOUS
10
1.4413808267716535
20
3.6021275196850393
11
1.44135531496063
21
3.602153031496063
0
LINE
8
BLACK
6
CONTINUOUS
10
1.44135531496063
20
3.602153031496063
11
1.4413060629921259
21
3.6024005905511811
0
LINE
8
BLACK
6
CONTINUOUS
10
1.4413060629921259
20
3.6024005905511811
11
1.4412394094488188
21
3.6026440157480315
0
LINE
8
BLACK
6
CONTINUOUS
10
1.4412394094488188
20
3.6026440157480315
11
1.4412508267716535
21
3.602678307086614
0
LINE
8
BLACK
6
CONTINUOUS
10
1.4412508267716535
20
3.602678307086614
11
1.4412354330708661
21
3.6027556692913385
0
LINE
8
BLACK
6
CONTINUOUS
10
1.4412354330708661
20
3.6027556692913385
11
1.4412354330708661
21
3.6046304330708661
0
LINE
8
BLACK
6
CONTINUOUS
10
1.4412354330708661
20
3.6046304330708661
11
1.4412508267716535
21
3.6047078346456694
0
LINE
8
BLACK
6
CONTINUOUS
10
1.4412508267716535
20
3.6047078346456694
11
1.4412394094488188
21
3.6047420866141731
0
LINE
8
BLACK
6
CONTINUOUS
10
1.4412394094488188
20
3.6047420866141731
11
1.4413060629921259
21
3.6049855511811022
0
LINE
8
BLACK
6
CONTINUOUS
10
1.4413060629921259
20
3.6049855511811022
11
1.44135531496063
21
3.6052330708661415
0
LINE
8
BLACK
6
CONTINUOUS
10
1.44135531496063
20
3.6052330708661415
11
1.4413808267716535
21
3.605258622047244
0
LINE
8
BLACK
6
CONTINUOUS
10
1.4413808267716535
20
3.605258622047244
11
1.4414016929133857
21
3.6053347244094489
0
LINE
8
BLACK
6
CONTINUOUS
10
1.4414016929133857
20
3.6053347244094489
11
1.4423390944881889
21
3.6072094881889765
0
LINE
8
BLACK
6
CONTINUOUS
10
1.4423390944881889
20
3.6072094881889765
11
1.4424939763779527
21
3.6074090944881889
0
LINE
8
BLACK
6
CONTINUOUS
10
1.4424939763779527
20
3.6074090944881889
11
1.442634094488189
21
3.6076187401574802
0
LINE
8
BLACK
6
CONTINUOUS
10
1.442634094488189
20
3.6076187401574802
11
1.4435714566929134
21
3.6085561023622046
0
LINE
8
BLACK
6
CONTINUOUS
10
1.4435714566929134
20
3.6085561023622046
11
1.4437811023622047
21
3.6086962204724409
0
LINE
8
BLACK
6
CONTINUOUS
10
1.4437811023622047
20
3.6086962204724409
11
1.4439807086614174
21
3.6088511023622045
0
LINE
8
BLACK
6
CONTINUOUS
10
1.4439807086614174
20
3.6088511023622045
11
1.4458554724409449
21
3.6097885039370077
0
LINE
8
BLACK
6
CONTINUOUS
10
1.4458554724409449
20
3.6097885039370077
11
1.4459315748031496
21
3.6098093700787399
0
LINE
8
BLACK
6
CONTINUOUS
10
1.4459315748031496
20
3.6098093700787399
11
1.4459571259842519
21
3.6098348818897636
0
LINE
8
BLACK
6
CONTINUOUS
10
1.4459571259842519
20
3.6098348818897636
11
1.4462046456692914
21
3.6098841338582677
0
LINE
8
BLACK
6
CONTINUOUS
10
1.4462046456692914
20
3.6098841338582677
11
1.4464481102362203
21
3.6099507874015746
0
LINE
8
BLACK
6
CONTINUOUS
10
1.4464481102362203
20
3.6099507874015746
11
1.4464823622047245
21
3.6099393700787399
0
LINE
8
BLACK
6
CONTINUOUS
10
1.4464823622047245
20
3.6099393700787399
11
1.4465597637795276
21
3.6099547637795273
0
LINE
8
BLACK
6
CONTINUOUS
10
1.4465597637795276
20
3.6099547637795273
11
1.4531214566929134
21
3.6099547637795273
0
LINE
8
BLACK
6
CONTINUOUS
10
1.4531214566929134
20
3.6099547637795273
11
1.4537240944881888
21
3.6098348818897636
0
LINE
8
BLACK
6
CONTINUOUS
10
1.4445983464566929
20
3.5966923622047244
11
1.4441044488188977
21
3.5961985039370079
0
LINE
8
BLACK
6
CONTINUOUS
10
1.4441044488188977
20
3.5961985039370079
11
1.4434476771653544
21
3.5948848818897639
0
LINE
8
BLACK
6
CONTINUOUS
10
1.4434476771653544
20
3.5948848818897639
11
1.4434476771653544
21
3.592816181102362
0
LINE
8
BLACK
6
CONTINUOUS
10
1.4434476771653544
20
3.592816181102362
11
1.4441044881889764
21
3.5915025196850392
0
LINE
8
BLACK
6
CONTINUOUS
10
1.4441044881889764
20
3.5915025196850392
11
1.4446805118110235
21
3.5909265354330708
0
LINE
8
BLACK
6
CONTINUOUS
10
1.4446805118110235
20
3.5909265354330708
11
1.4459941338582676
21
3.5902697244094486
0
LINE
8
BLACK
6
CONTINUOUS
10
1.4459941338582676
20
3.5902697244094486
11
1.451546653543307
21
3.5902697244094486
0
LINE
8
BLACK
6
CONTINUOUS
10
1.451546653543307
20
3.5902697244094486
11
1.451546653543307
21
3.5974313385826773
0
LINE
8
BLACK
6
CONTINUOUS
10
1.451546653543307
20
3.5974313385826773
11
1.4468152755905512
21
3.5974313385826773
0
LINE
8
BLACK
6
CONTINUOUS
10
1.4468152755905512
20
3.5974313385826773
11
1.4445983464566929
21
3.5966923622047244
0
LINE
8
BLACK
6
CONTINUOUS
10
1.4456177952755904
20
3.606148307086614
11
1.4450418897637796
21
3.6055724015748032
0
LINE
8
BLACK
6
CONTINUOUS
10
1.4450418897637796
20
3.6055724015748032
11
1.4443850393700788
21
3.6042586614173229
0
LINE
8
BLACK
6
CONTINUOUS
10
1.4443850393700788
20
3.6042586614173229
11
1.4443850393700788
21
3.6031274803149604
0
LINE
8
BLACK
6
CONTINUOUS
10
1.4443850393700788
20
3.6031274803149604
11
1.4450418897637796
21
3.6018137795275589
0
LINE
8
BLACK
6
CONTINUOUS
10
1.4450418897637796
20
3.6018137795275589
11
1.4456178346456692
21
3.6012377559055118
0
LINE
8
BLACK
6
CONTINUOUS
10
1.4456178346456692
20
3.6012377559055118
11
1.446931496062992
21
3.6005809448818895
0
LINE
8
BLACK
6
CONTINUOUS
10
1.446931496062992
20
3.6005809448818895
11
1.451546653543307
21
3.6005809448818895
0
LINE
8
BLACK
6
CONTINUOUS
10
1.451546653543307
20
3.6005809448818895
11
1.451546653543307
21
3.606805157480315
0
LINE
8
BLACK
6
CONTINUOUS
10
1.451546653543307
20
3.606805157480315
11
1.4469315354330707
21
3.606805157480315
0
LINE
8
BLACK
6
CONTINUOUS
10
1.4469315354330707
20
3.606805157480315
11
1.4456177952755904
21
3.606148307086614
0
LINE
8
BLACK
6
CONTINUOUS
10
1.4674298818897638
20
3.6099055118110237
11
1.4676801968503936
21
3.6098739370078738
0
LINE
8
BLACK
6
CONTINUOUS
10
1.4676801968503936
20
3.6098739370078738
11
1.4704923228346456
21
3.6089365354330707
0
LINE
8
BLACK
6
CONTINUOUS
10
1.4704923228346456
20
3.6089365354330707
11
1.4705608267716535
21
3.6088974803149605
0
LINE
8
BLACK
6
CONTINUOUS
10
1.4705608267716535
20
3.6088974803149605
11
1.4705969685039371
21
3.6088974803149605
0
LINE
8
BLACK
6
CONTINUOUS
10
1.4705969685039371
20
3.6088974803149605
11
1.4708067716535433
21
3.6087572834645667
0
LINE
8
BLACK
6
CONTINUOUS
10
1.4708067716535433
20
3.6087572834645667
11
1.4710261417322834
21
3.6086322440944882
0
LINE
8
BLACK
6
CONTINUOUS
10
1.4710261417322834
20
3.6086322440944882
11
1.4710422834645669
21
3.6085999212598425
0
LINE
8
BLACK
6
CONTINUOUS
10
1.4710422834645669
20
3.6085999212598425
11
1.4711078740157479
21
3.6085561023622046
0
LINE
8
BLACK
6
CONTINUOUS
10
1.4711078740157479
20
3.6085561023622046
11
1.4729826377952755
21
3.6066813779527558
0
LINE
8
BLACK
6
CONTINUOUS
10
1.4729826377952755
20
3.6066813779527558
11
1.4731229133858268
21
3.6064714566929132
0
LINE
8
BLACK
6
CONTINUOUS
10
1.4731229133858268
20
3.6064714566929132
11
1.4732776377952757
21
3.6062720866141733
0
LINE
8
BLACK
6
CONTINUOUS
10
1.4732776377952757
20
3.6062720866141733
11
1.4742150393700788
21
3.6043973228346458
0
LINE
8
BLACK
6
CONTINUOUS
10
1.4742150393700788
20
3.6043973228346458
11
1.474260590551181
21
3.6042309448818899
0
LINE
8
BLACK
6
CONTINUOUS
10
1.474260590551181
20
3.6042309448818899
11
1.4743342913385826
21
3.6040749606299212
0
LINE
8
BLACK
6
CONTINUOUS
10
1.4743342913385826
20
3.6040749606299212
11
1.475271653543307
21
3.6003254330708661
0
LINE
8
BLACK
6
CONTINUOUS
10
1.475271653543307
20
3.6003254330708661
11
1.4752810236220473
21
3.6001327165354331
0
LINE
8
BLACK
6
CONTINUOUS
10
1.4752810236220473
20
3.6001327165354331
11
1.4753186614173228
21
3.5999435039370078
0
LINE
8
BLACK
6
CONTINUOUS
10
1.4753186614173228
20
3.5999435039370078
11
1.4753186614173228
21
3.5971313779527558
0
LINE
8
BLACK
6
CONTINUOUS
10
1.4753186614173228
20
3.5971313779527558
11
1.4752810236220473
21
3.5969422047244093
0
LINE
8
BLACK
6
CONTINUOUS
10
1.4752810236220473
20
3.5969422047244093
11
1.475271653543307
21
3.5967494488188976
0
LINE
8
BLACK
6
CONTINUOUS
10
1.475271653543307
20
3.5967494488188976
11
1.4743342913385826
21
3.5929999212598425
0
LINE
8
BLACK
6
CONTINUOUS
10
1.4743342913385826
20
3.5929999212598425
11
1.474260590551181
21
3.5928439763779525
0
LINE
8
BLACK
6
CONTINUOUS
10
1.474260590551181
20
3.5928439763779525
11
1.4742150393700788
21
3.5926775590551179
0
LINE
8
BLACK
6
CONTINUOUS
10
1.4742150393700788
20
3.5926775590551179
11
1.4732776377952757
21
3.5908027952755903
0
LINE
8
BLACK
6
CONTINUOUS
10
1.4732776377952757
20
3.5908027952755903
11
1.473122716535433
21
3.5906032283464566
0
LINE
8
BLACK
6
CONTINUOUS
10
1.473122716535433
20
3.5906032283464566
11
1.4729826377952755
21
3.5903935433070866
0
LINE
8
BLACK
6
CONTINUOUS
10
1.4729826377952755
20
3.5903935433070866
11
1.4711079133858267
21
3.5885187401574803
0
LINE
8
BLACK
6
CONTINUOUS
10
1.4711079133858267
20
3.5885187401574803
11
1.4710422834645669
21
3.5884749212598424
0
LINE
8
BLACK
6
CONTINUOUS
10
1.4710422834645669
20
3.5884749212598424
11
1.4710261417322834
21
3.5884425984251966
0
LINE
8
BLACK
6
CONTINUOUS
10
1.4710261417322834
20
3.5884425984251966
11
1.4708070472440944
21
3.5883177559055119
0
LINE
8
BLACK
6
CONTINUOUS
10
1.4708070472440944
20
3.5883177559055119
11
1.4705970078740158
21
3.5881773622047244
0
LINE
8
BLACK
6
CONTINUOUS
10
1.4705970078740158
20
3.5881773622047244
11
1.4705608267716535
21
3.5881773622047244
0
LINE
8
BLACK
6
CONTINUOUS
10
1.4705608267716535
20
3.5881773622047244
11
1.4704923228346456
21
3.5881383070866142
0
LINE
8
BLACK
6
CONTINUOUS
10
1.4704923228346456
20
3.5881383070866142
11
1.4676801968503936
21
3.5872009448818898
0
LINE
8
BLACK
6
CONTINUOUS
10
1.4676801968503936
20
3.5872009448818898
11
1.4674298818897638
21
3.5871694094488187
0
LINE
8
BLACK
6
CONTINUOUS
10
1.4674298818897638
20
3.5871694094488187
11
1.4671822047244094
21
3.5871201181102363
0
LINE
8
BLACK
6
CONTINUOUS
10
1.4671822047244094
20
3.5871201181102363
11
1.4653074409448819
21
3.5871201181102363
0
LINE
8
BLACK
6
CONTINUOUS
10
1.4653074409448819
20
3.5871201181102363
11
1.46506
21
3.5871693700787399
0
LINE
8
BLACK
6
CONTINUOUS
10
1.46506
20
3.5871693700787399
11
1.4648094881889764
21
3.587200905511811
0
LINE
8
BLACK
6
CONTINUOUS
10
1.4648094881889764
20
3.587200905511811
11
1.4619972834645669
21
3.5881383070866142
0
LINE
8
BLACK
6
CONTINUOUS
10
1.4619972834645669
20
3.5881383070866142
11
1.4619287795275591
21
3.5881773622047244
0
LINE
8
BLACK
6
CONTINUOUS
10
1.4619287795275591
20
3.5881773622047244
11
1.4618925984251969
21
3.5881773622047244
0
LINE
8
BLACK
6
CONTINUOUS
10
1.4618925984251969
20
3.5881773622047244
11
1.4616824015748031
21
3.588317834645669
0
LINE
8
BLACK
6
CONTINUOUS
10
1.4616824015748031
20
3.588317834645669
11
1.4614635039370079
21
3.5884425984251966
0
LINE
8
BLACK
6
CONTINUOUS
10
1.4614635039370079
20
3.5884425984251966
11
1.4614473622047244
21
3.5884748818897636
0
LINE
8
BLACK
6
CONTINUOUS
10
1.4614473622047244
20
3.5884748818897636
11
1.4613816929133858
21
3.5885187401574803
0
LINE
8
BLACK
6
CONTINUOUS
10
1.4613816929133858
20
3.5885187401574803
11
1.4604443307086614
21
3.5894561417322834
0
LINE
8
BLACK
6
CONTINUOUS
10
1.4604443307086614
20
3.5894561417322834
11
1.4601029921259843
21
3.5899670472440945
0
LINE
8
BLACK
6
CONTINUOUS
10
1.4601029921259843
20
3.5899670472440945
11
1.460103031496063
21
3.5911723622047242
0
LINE
8
BLACK
6
CONTINUOUS
10
1.460103031496063
20
3.5911723622047242
11
1.4609552755905511
21
3.5920246062992125
0
LINE
8
BLACK
6
CONTINUOUS
10
1.4609552755905511
20
3.5920246062992125
11
1.462160590551181
21
3.5920245669291337
0
LINE
8
BLACK
6
CONTINUOUS
10
1.462160590551181
20
3.5920245669291337
11
1.4626714960629921
21
3.5916832283464566
0
LINE
8
BLACK
6
CONTINUOUS
10
1.4626714960629921
20
3.5916832283464566
11
1.4633459448818897
21
3.5910087007874014
0
LINE
8
BLACK
6
CONTINUOUS
10
1.4633459448818897
20
3.5910087007874014
11
1.4655629527559055
21
3.5902697244094486
0
LINE
8
BLACK
6
CONTINUOUS
10
1.4655629527559055
20
3.5902697244094486
11
1.4669266929133857
21
3.5902697244094486
0
LINE
8
BLACK
6
CONTINUOUS
10
1.4669266929133857
20
3.5902697244094486
11
1.469143622047244
21
3.5910087401574802
0
LINE
8
BLACK
6
CONTINUOUS
10
1.469143622047244
20
3.5910087401574802
11
1.470574842519685
21
3.5924399606299211
0
LINE
8
BLACK
6
CONTINUOUS
10
1.470574842519685
20
3.5924399606299211
11
1.471320590551181
21
3.5939315354330708
0
LINE
8
BLACK
6
CONTINUOUS
10
1.471320590551181
20
3.5939315354330708
11
1.4721690551181101
21
3.5973252755905509
0
LINE
8
BLACK
6
CONTINUOUS
10
1.4721690551181101
20
3.5973252755905509
11
1.4721690551181101
21
3.5997496456692915
0
LINE
8
BLACK
6
CONTINUOUS
10
1.4721690551181101
20
3.5997496456692915
11
1.471320590551181
21
3.6031433858267716
0
LINE
8
BLACK
6
CONTINUOUS
10
1.471320590551181
20
3.6031433858267716
11
1.470574842519685
21
3.6046349606299213
0
LINE
8
BLACK
6
CONTINUOUS
10
1.470574842519685
20
3.6046349606299213
11
1.469143622047244
21
3.6060661811023622
0
LINE
8
BLACK
6
CONTINUOUS
10
1.469143622047244
20
3.6060661811023622
11
1.4669266929133857
21
3.606805157480315
0
LINE
8
BLACK
6
CONTINUOUS
10
1.4669266929133857
20
3.606805157480315
11
1.4655629527559055
21
3.606805157480315
0
LINE
8
BLACK
6
CONTINUOUS
10
1.4655629527559055
20
3.606805157480315
11
1.4633459448818897
21
3.6060661811023622
0
LINE
8
BLACK
6
CONTINUOUS
10
1.4633459448818897
20
3.6060661811023622
11
1.4626714566929133
21
3.605391653543307
0
LINE
8
BLACK
6
CONTINUOUS
10
1.4626714566929133
20
3.605391653543307
11
1.4621605511811022
21
3.6050502755905511
0
LINE
8
BLACK
6
CONTINUOUS
10
1.4621605511811022
20
3.6050502755905511
11
1.4609552755905511
21
3.6050502755905511
0
LINE
8
BLACK
6
CONTINUOUS
10
1.4609552755905511
20
3.6050502755905511
11
1.4601029921259843
21
3.6059025590551181
0
LINE
8
BLACK
6
CONTINUOUS
10
1.4601029921259843
20
3.6059025590551181
11
1.4601029921259843
21
3.6071078346456691
0
LINE
8
BLACK
6
CONTINUOUS
10
1.4601029921259843
20
3.6071078346456691
11
1.4604443700787402
21
3.6076187401574802
0
LINE
8
BLACK
6
CONTINUOUS
10
1.4604443700787402
20
3.6076187401574802
11
1.4613817322834646
21
3.6085561023622046
0
LINE
8
BLACK
6
CONTINUOUS
10
1.4613817322834646
20
3.6085561023622046
11
1.4614472834645669
21
3.6085999212598425
0
LINE
8
BLACK
6
CONTINUOUS
10
1.4614472834645669
20
3.6085999212598425
11
1.4614634645669291
21
3.6086322440944882
0
LINE
8
BLACK
6
CONTINUOUS
10
1.4614634645669291
20
3.6086322440944882
11
1.4616827952755904
21
3.6087572834645667
0
LINE
8
BLACK
6
CONTINUOUS
10
1.4616827952755904
20
3.6087572834645667
11
1.4618926377952755
21
3.6088974803149605
0
LINE
8
BLACK
6
CONTINUOUS
10
1.4618926377952755
20
3.6088974803149605
11
1.4619287795275591
21
3.6088974803149605
0
LINE
8
BLACK
6
CONTINUOUS
10
1.4619287795275591
20
3.6088974803149605
11
1.4619972834645669
21
3.6089365354330707
0
LINE
8
BLACK
6
CONTINUOUS
10
1.4619972834645669
20
3.6089365354330707
11
1.4648094488188976
21
3.6098739370078738
0
LINE
8
BLACK
6
CONTINUOUS
10
1.4648094488188976
20
3.6098739370078738
11
1.4650597244094488
21
3.6099055118110237
0
LINE
8
BLACK
6
CONTINUOUS
10
1.4650597244094488
20
3.6099055118110237
11
1.4653074409448819
21
3.6099547637795273
0
LINE
8
BLACK
6
CONTINUOUS
10
1.4653074409448819
20
3.6099547637795273
11
1.4671822047244094
21
3.6099547637795273
0
LINE
8
BLACK
6
CONTINUOUS
10
1.4671822047244094
20
3.6099547637795273
11
1.4674298818897638
21
3.6099055118110237
0
LINE
8
BLACK
6
CONTINUOUS
10
1.4930941732283465
20
3.6098348818897636
11
1.4939464566929133
21
3.6089825984251966
0
LINE
8
BLACK
6
CONTINUOUS
10
1.4939464566929133
20
3.6089825984251966
11
1.4940663385826771
21
3.6083799606299212
0
LINE
8
BLACK
6
CONTINUOUS
10
1.4940663385826771
20
3.6083799606299212
11
1.4940663385826771
21
3.5886949212598425
0
LINE
8
BLACK
6
CONTINUOUS
10
1.4940663385826771
20
3.5886949212598425
11
1.4939464566929133
21
3.588092283464567
0
LINE
8
BLACK
6
CONTINUOUS
10
1.4939464566929133
20
3.588092283464567
11
1.4930941732283465
21
3.58724
0
LINE
8
BLACK
6
CONTINUOUS
10
1.4930941732283465
20
3.58724
11
1.4918888976377953
21
3.58724
0
LINE
8
BLACK
6
CONTINUOUS
10
1.4918888976377953
20
3.58724
11
1.4910366141732283
21
3.588092283464567
0
LINE
8
BLACK
6
CONTINUOUS
10
1.4910366141732283
20
3.588092283464567
11
1.4909167322834644
21
3.5886949212598425
0
LINE
8
BLACK
6
CONTINUOUS
10
1.4909167322834644
20
3.5886949212598425
11
1.4909167322834644
21
3.5964939370078741
0
LINE
8
BLACK
6
CONTINUOUS
10
1.4909167322834644
20
3.5964939370078741
11
1.4849924803149606
21
3.5964939370078741
0
LINE
8
BLACK
6
CONTINUOUS
10
1.4849924803149606
20
3.5964939370078741
11
1.4849150787401575
21
3.5965093700787403
0
LINE
8
BLACK
6
CONTINUOUS
10
1.4849150787401575
20
3.5965093700787403
11
1.4848808267716536
21
3.5964979133858268
0
LINE
8
BLACK
6
CONTINUOUS
10
1.4848808267716536
20
3.5964979133858268
11
1.4846373622047244
21
3.5965646062992125
0
LINE
8
BLACK
6
CONTINUOUS
10
1.4846373622047244
20
3.5965646062992125
11
1.4843898425196851
21
3.5966138188976378
0
LINE
8
BLACK
6
CONTINUOUS
10
1.4843898425196851
20
3.5966138188976378
11
1.4843642913385826
21
3.5966393700787402
0
LINE
8
BLACK
6
CONTINUOUS
10
1.4843642913385826
20
3.5966393700787402
11
1.4842881889763779
21
3.5966601968503937
0
LINE
8
BLACK
6
CONTINUOUS
10
1.4842881889763779
20
3.5966601968503937
11
1.4824134251968504
21
3.5975975984251969
0
LINE
8
BLACK
6
CONTINUOUS
10
1.4824134251968504
20
3.5975975984251969
11
1.4822138188976377
21
3.5977525196850393
0
LINE
8
BLACK
6
CONTINUOUS
10
1.4822138188976377
20
3.5977525196850393
11
1.4820042125984252
21
3.5978925590551181
0
LINE
8
BLACK
6
CONTINUOUS
10
1.4820042125984252
20
3.5978925590551181
11
1.4810667716535433
21
3.5988299212598425
0
LINE
8
BLACK
6
CONTINUOUS
10
1.4810667716535433
20
3.5988299212598425
11
1.480926496062992
21
3.5990398818897638
0
LINE
8
BLACK
6
CONTINUOUS
10
1.480926496062992
20
3.5990398818897638
11
1.4807717716535433
21
3.5992392519685037
0
LINE
8
BLACK
6
CONTINUOUS
10
1.4807717716535433
20
3.5992392519685037
11
1.4798344094488189
21
3.6011140157480312
0
LINE
8
BLACK
6
CONTINUOUS
10
1.4798344094488189
20
3.6011140157480312
11
1.4798135433070865
21
3.6011901181102361
0
LINE
8
BLACK
6
CONTINUOUS
10
1.4798135433070865
20
3.6011901181102361
11
1.479788031496063
21
3.6012156299212599
0
LINE
8
BLACK
6
CONTINUOUS
10
1.479788031496063
20
3.6012156299212599
11
1.4797387401574802
21
3.601463346456693
0
LINE
8
BLACK
6
CONTINUOUS
10
1.4797387401574802
20
3.601463346456693
11
1.479672125984252
21
3.6017066535433071
0
LINE
8
BLACK
6
CONTINUOUS
10
1.479672125984252
20
3.6017066535433071
11
1.4796835039370078
21
3.6017409055118108
0
LINE
8
BLACK
6
CONTINUOUS
10
1.4796835039370078
20
3.6017409055118108
11
1.4796681496062991
21
3.6018182677165353
0
LINE
8
BLACK
6
CONTINUOUS
10
1.4796681496062991
20
3.6018182677165353
11
1.4796681496062991
21
3.6046304330708661
0
LINE
8
BLACK
6
CONTINUOUS
10
1.4796681496062991
20
3.6046304330708661
11
1.4796835039370078
21
3.6047078346456694
0
LINE
8
BLACK
6
CONTINUOUS
10
1.4796835039370078
20
3.6047078346456694
11
1.479672125984252
21
3.6047420472440943
0
LINE
8
BLACK
6
CONTINUOUS
10
1.479672125984252
20
3.6047420472440943
11
1.4797387401574802
21
3.6049853937007872
0
LINE
8
BLACK
6
CONTINUOUS
10
1.4797387401574802
20
3.6049853937007872
11
1.479788031496063
21
3.6052330708661415
0
LINE
8
BLACK
6
CONTINUOUS
10
1.479788031496063
20
3.6052330708661415
11
1.4798135433070865
21
3.605258622047244
0
LINE
8
BLACK
6
CONTINUOUS
10
1.4798135433070865
20
3.605258622047244
11
1.4798344094488189
21
3.6053346850393702
0
LINE
8
BLACK
6
CONTINUOUS
10
1.4798344094488189
20
3.6053346850393702
11
1.4807717716535433
21
3.6072094488188977
0
LINE
8
BLACK
6
CONTINUOUS
10
1.4807717716535433
20
3.6072094488188977
11
1.480926496062992
21
3.6074088582677164
0
LINE
8
BLACK
6
CONTINUOUS
10
1.480926496062992
20
3.6074088582677164
11
1.4810667716535433
21
3.6076187795275589
0
LINE
8
BLACK
6
CONTINUOUS
10
1.4810667716535433
20
3.6076187795275589
11
1.4820042125984252
21
3.6085561417322833
0
LINE
8
BLACK
6
CONTINUOUS
10
1.4820042125984252
20
3.6085561417322833
11
1.4822138188976377
21
3.6086962204724409
0
LINE
8
BLACK
6
CONTINUOUS
10
1.4822138188976377
20
3.6086962204724409
11
1.4824134251968504
21
3.6088511023622045
0
LINE
8
BLACK
6
CONTINUOUS
10
1.4824134251968504
20
3.6088511023622045
11
1.4842881889763779
21
3.6097885039370077
0
LINE
8
BLACK
6
CONTINUOUS
10
1.4842881889763779
20
3.6097885039370077
11
1.4843642913385826
21
3.6098093700787399
0
LINE
8
BLACK
6
CONTINUOUS
10
1.4843642913385826
20
3.6098093700787399
11
1.4843898425196851
21
3.6098348818897636
0
LINE
8
BLACK
6
CONTINUOUS
10
1.4843898425196851
20
3.6098348818897636
11
1.4846373622047244
21
3.6098841338582677
0
LINE
8
BLACK
6
CONTINUOUS
10
1.4846373622047244
20
3.6098841338582677
11
1.4848808267716536
21
3.6099507874015746
0
LINE
8
BLACK
6
CONTINUOUS
10
1.4848808267716536
20
3.6099507874015746
11
1.4849150787401575
21
3.6099393700787399
0
LINE
8
BLACK
6
CONTINUOUS
10
1.4849150787401575
20
3.6099393700787399
11
1.4849924803149606
21
3.6099547637795273
0
LINE
8
BLACK
6
CONTINUOUS
10
1.4849924803149606
20
3.6099547637795273
11
1.4924915354330708
21
3.6099547637795273
0
LINE
8
BLACK
6
CONTINUOUS
10
1.4924915354330708
20
3.6099547637795273
11
1.4930941732283465
21
3.6098348818897636
0
LINE
8
BLACK
6
CONTINUOUS
10
1.4840505511811024
20
3.606148307086614
11
1.4834745275590551
21
3.6055723228346457
0
LINE
8
BLACK
6
CONTINUOUS
10
1.4834745275590551
20
3.6055723228346457
11
1.4828177559055118
21
3.6042587007874016
0
LINE
8
BLACK
6
CONTINUOUS
10
1.4828177559055118
20
3.6042587007874016
11
1.4828177559055118
21
3.6021899999999998
0
LINE
8
BLACK
6
CONTINUOUS
10
1.4828177559055118
20
3.6021899999999998
11
1.4834745275590551
21
3.6008764173228345
0
LINE
8
BLACK
6
CONTINUOUS
10
1.4834745275590551
20
3.6008764173228345
11
1.4840505511811024
21
3.6003004330708661
0
LINE
8
BLACK
6
CONTINUOUS
10
1.4840505511811024
20
3.6003004330708661
11
1.485364251968504
21
3.5996435433070864
0
LINE
8
BLACK
6
CONTINUOUS
10
1.485364251968504
20
3.5996435433070864
11
1.4909167322834644
21
3.5996435433070864
0
LINE
8
BLACK
6
CONTINUOUS
10
1.4909167322834644
20
3.5996435433070864
11
1.4909167322834644
21
3.606805157480315
0
LINE
8
BLACK
6
CONTINUOUS
10
1.4909167322834644
20
3.606805157480315
11
1.485364251968504
21
3.606805157480315
0
LINE
8
BLACK
6
CONTINUOUS
10
1.485364251968504
20
3.606805157480315
11
1.4840505511811024
21
3.606148307086614
0
CIRCLE
8
BLACK
10
0.25
20
2.7999999999999998
40
0.0068897637795276
0
CIRCLE
8
BLACK
10
0.25
20
2.8999999999999999
40
0.0068897637795276
0
CIRCLE
8
BLACK
10
0.35
20
2.7999999999999998
40
0.0068897637795276
0
CIRCLE
8
BLACK
10
0.35
20
2.8999999999999999
40
0.0068897637795276
0
CIRCLE
8
BLACK
10
0.45
20
2.7999999999999998
40
0.0068897637795276
0
CIRCLE
8
BLACK
10
0.45
20
2.8999999999999999
40
0.0068897637795276
0
CIRCLE
8
BLACK
10
0.5499999999999999
20
2.7999999999999998
40
0.0068897637795276
0
CIRCLE
8
BLACK
10
0.5499999999999999
20
2.8999999999999999
40
0.0068897637795276
0
CIRCLE
8
BLACK
10
0.65
20
2.7999999999999998
40
0.0068897637795276
0
CIRCLE
8
BLACK
10
0.65
20
2.8999999999999999
40
0.0068897637795276
0
CIRCLE
8
BLACK
10
0.75
20
2.7999999999999998
40
0.0068897637795276
0
CIRCLE
8
BLACK
10
0.75
20
2.8999999999999999
40
0.0068897637795276
0
CIRCLE
8
BLACK
10
0.85
20
2.7999999999999998
40
0.0068897637795276
0
CIRCLE
8
BLACK
10
0.85
20
2.8999999999999999
40
0.0068897637795276
0
CIRCLE
8
BLACK
10
0.95
20
2.7999999999999998
40
0.0068897637795276
0
CIRCLE
8
BLACK
10
0.95
20
2.8999999999999999
40
0.0068897637795276
0
CIRCLE
8
BLACK
10
1.05
20
2.7999999999999998
40
0.0068897637795276
0
CIRCLE
8
BLACK
10
1.05
20
2.8999999999999999
40
0.0068897637795276
0
CIRCLE
8
BLACK
10
1.1499999999999999
20
2.7999999999999998
40
0.0068897637795276
0
CIRCLE
8
BLACK
10
1.1499999999999999
20
2.8999999999999999
40
0.0068897637795276
0
CIRCLE
8
BLACK
10
1.25
20
2.7999999999999998
40
0.0068897637795276
0
CIRCLE
8
BLACK
10
1.25
20
2.8999999999999999
40
0.0068897637795276
0
CIRCLE
8
BLACK
10
1.3499999999999999
20
2.7999999999999998
40
0.0068897637795276
0
CIRCLE
8
BLACK
10
1.3499999999999999
20
2.8999999999999999
40
0.0068897637795276
0
CIRCLE
8
BLACK
10
1.45
20
2.7999999999999998
40
0.0068897637795276
0
CIRCLE
8
BLACK
10
1.45
20
2.8999999999999999
40
0.0068897637795276
0
CIRCLE
8
BLACK
10
1.55
20
2.7999999999999998
40
0.0068897637795276
0
CIRCLE
8
BLACK
10
1.55
20
2.8999999999999999
40
0.0068897637795276
0
CIRCLE
8
BLACK
10
1.6499999999999999
20
2.7999999999999998
40
0.0068897637795276
0
CIRCLE
8
BLACK
10
1.6499999999999999
20
2.8999999999999999
40
0.0068897637795276
0
CIRCLE
8
BLACK
10
1.75
20
2.7999999999999998
40
0.0068897637795276
0
CIRCLE
8
BLACK
10
1.75
20
2.8999999999999999
40
0.0068897637795276
0
CIRCLE
8
BLACK
10
0.8618110236220472
20
3.1413385826771654
40
0.0068897637795276
0
CIRCLE
8
BLACK
10
0.7618110236220472
20
3.1413385826771654
40
0.0068897637795276
0
CIRCLE
8
BLACK
10
0.8618110236220472
20
3.2413385826771655
40
0.0068897637795276
0
CIRCLE
8
BLACK
10
0.7618110236220472
20
3.2413385826771655
40
0.0068897637795276
0
CIRCLE
8
BLACK
10
0.8618110236220472
20
3.3413385826771651
40
0.0068897637795276
0
CIRCLE
8
BLACK
10
0.7618110236220472
20
3.3413385826771651
40
0.0068897637795276
0
CIRCLE
8
BLACK
10
1.0275590551181102
20
3.1887795275590549
40
0.0068897637795276
0
CIRCLE
8
BLACK
10
1.0275590551181102
20
3.0887795275590548
40
0.0068897637795276
0
CIRCLE
8
BLACK
10
0.2
20
0.2
40
0.0068897637795276
0
CIRCLE
8
BLACK
10
1.8499999999999999
20
0.4
40
0.0068897637795276
0
CIRCLE
8
BLACK
10
1.75
20
0.4
40
0.0068897637795276
0
CIRCLE
8
BLACK
10
0.2
20
3.3999999999999999
40
0.0068897637795276
0
CIRCLE
8
BLACK
10
1.8
20
3.3999999999999999
40
0.0068897637795276
0
CIRCLE
8
BLACK
10
1.2921259842519686
20
1.0700000000000001
40
0.0068897637795276
0
CIRCLE
8
BLACK
10
1.0999999999999999
20
1.0700000000000001
40
0.0068897637795276
0
CIRCLE
8
BLACK
10
1.05
20
0.1
40
0.0068897637795276
0
CIRCLE
8
BLACK
10
1.1499999999999999
20
0.1
40
0.0068897637795276
0
CIRCLE
8
BLACK
10
1.25
20
0.1
40
0.0068897637795276
0
CIRCLE
8
BLACK
10
1.3499999999999999
20
0.1
40
0.0068897637795276
0
CIRCLE
8
BLACK
10
1.45
20
0.1
40
0.0068897637795276
0
CIRCLE
8
BLACK
10
1.55
20
0.1
40
0.0068897637795276
0
CIRCLE
8
BLACK
10
0.4074803149606299
20
3.4446850393700785
40
0.0068897637795276
0
CIRCLE
8
BLACK
10
0.4074803149606299
20
3.3446850393700789
40
0.0068897637795276
0
CIRCLE
8
BLACK
10
0.25
20
0.95
40
0.0068897637795276
0
CIRCLE
8
BLACK
10
0.15
20
0.95
40
0.0068897637795276
0
CIRCLE
8
BLACK
10
0.25
20
1.05
40
0.0068897637795276
0
CIRCLE
8
BLACK
10
0.15
20
1.05
40
0.0068897637795276
0
CIRCLE
8
BLACK
10
0.25
20
1.1499999999999999
40
0.0068897637795276
0
CIRCLE
8
BLACK
10
0.15
20
1.1499999999999999
40
0.0068897637795276
0
CIRCLE
8
BLACK
10
0.25
20
1.25
40
0.0068897637795276
0
CIRCLE
8
BLACK
10
0.15
20
1.25
40
0.0068897637795276
0
CIRCLE
8
BLACK
10
0.25
20
1.3499999999999999
40
0.0068897637795276
0
CIRCLE
8
BLACK
10
0.15
20
1.3499999999999999
40
0.0068897637795276
0
CIRCLE
8
BLACK
10
0.25
20
1.45
40
0.0068897637795276
0
CIRCLE
8
BLACK
10
0.15
20
1.45
40
0.0068897637795276
0
CIRCLE
8
BLACK
10
0.25
20
1.55
40
0.0068897637795276
0
CIRCLE
8
BLACK
10
0.15
20
1.55
40
0.0068897637795276
0
CIRCLE
8
BLACK
10
0.25
20
1.6499999999999999
40
0.0068897637795276
0
CIRCLE
8
BLACK
10
0.15
20
1.6499999999999999
40
0.0068897637795276
0
CIRCLE
8
BLACK
10
0.25
20
1.75
40
0.0068897637795276
0
CIRCLE
8
BLACK
10
0.15
20
1.75
40
0.0068897637795276
0
CIRCLE
8
BLACK
10
0.25
20
1.8499999999999999
40
0.0068897637795276
0
CIRCLE
8
BLACK
10
0.15
20
1.8499999999999999
40
0.0068897637795276
0
CIRCLE
8
BLACK
10
0.25
20
1.95
40
0.0068897637795276
0
CIRCLE
8
BLACK
10
0.15
20
1.95
40
0.0068897637795276
0
CIRCLE
8
BLACK
10
0.25
20
2.0499999999999998
40
0.0068897637795276
0
CIRCLE
8
BLACK
10
0.15
20
2.0499999999999998
40
0.0068897637795276
0
CIRCLE
8
BLACK
10
0.25
20
2.1499999999999999
40
0.0068897637795276
0
CIRCLE
8
BLACK
10
0.15
20
2.1499999999999999
40
0.0068897637795276
0
CIRCLE
8
BLACK
10
0.25
20
2.25
40
0.0068897637795276
0
CIRCLE
8
BLACK
10
0.15
20
2.25
40
0.0068897637795276
0
CIRCLE
8
BLACK
10
0.25
20
2.3500000000000001
40
0.0068897637795276
0
CIRCLE
8
BLACK
10
0.15
20
2.3500000000000001
40
0.0068897637795276
0
CIRCLE
8
BLACK
10
0.25
20
2.4499999999999997
40
0.0068897637795276
0
CIRCLE
8
BLACK
10
0.15
20
2.4499999999999997
40
0.0068897637795276
0
CIRCLE
8
BLACK
10
1.8
20
0.2
40
0.0068897637795276
0
CIRCLE
8
BLACK
10
1.7498031496062991
20
2.4499999999999997
40
0.0068897637795276
0
CIRCLE
8
BLACK
10
1.8498031496062992
20
2.4499999999999997
40
0.0068897637795276
0
CIRCLE
8
BLACK
10
1.7498031496062991
20
2.3500000000000001
40
0.0068897637795276
0
CIRCLE
8
BLACK
10
1.8498031496062992
20
2.3500000000000001
40
0.0068897637795276
0
CIRCLE
8
BLACK
10
1.7498031496062991
20
2.25
40
0.0068897637795276
0
CIRCLE
8
BLACK
10
1.8498031496062992
20
2.25
40
0.0068897637795276
0
CIRCLE
8
BLACK
10
1.7498031496062991
20
2.1499999999999999
40
0.0068897637795276
0
CIRCLE
8
BLACK
10
1.8498031496062992
20
2.1499999999999999
40
0.0068897637795276
0
CIRCLE
8
BLACK
10
1.7498031496062991
20
2.0499999999999998
40
0.0068897637795276
0
CIRCLE
8
BLACK
10
1.8498031496062992
20
2.0499999999999998
40
0.0068897637795276
0
CIRCLE
8
BLACK
10
1.7498031496062991
20
1.95
40
0.0068897637795276
0
CIRCLE
8
BLACK
10
1.8498031496062992
20
1.95
40
0.0068897637795276
0
CIRCLE
8
BLACK
10
1.7498031496062991
20
1.8499999999999999
40
0.0068897637795276
0
CIRCLE
8
BLACK
10
1.8498031496062992
20
1.8499999999999999
40
0.0068897637795276
0
CIRCLE
8
BLACK
10
1.7498031496062991
20
1.75
40
0.0068897637795276
0
CIRCLE
8
BLACK
10
1.8498031496062992
20
1.75
40
0.0068897637795276
0
CIRCLE
8
BLACK
10
1.7498031496062991
20
1.6499999999999999
40
0.0068897637795276
0
CIRCLE
8
BLACK
10
1.8498031496062992
20
1.6499999999999999
40
0.0068897637795276
0
CIRCLE
8
BLACK
10
1.7498031496062991
20
1.55
40
0.0068897637795276
0
CIRCLE
8
BLACK
10
1.8498031496062992
20
1.55
40
0.0068897637795276
0
CIRCLE
8
BLACK
10
1.7498031496062991
20
1.45
40
0.0068897637795276
0
CIRCLE
8
BLACK
10
1.8498031496062992
20
1.45
40
0.0068897637795276
0
CIRCLE
8
BLACK
10
1.7498031496062991
20
1.3499999999999999
40
0.0068897637795276
0
CIRCLE
8
BLACK
10
1.8498031496062992
20
1.3499999999999999
40
0.0068897637795276
0
CIRCLE
8
BLACK
10
1.7498031496062991
20
1.25
40
0.0068897637795276
0
CIRCLE
8
BLACK
10
1.8498031496062992
20
1.25
40
0.0068897637795276
0
CIRCLE
8
BLACK
10
1.7498031496062991
20
1.1499999999999999
40
0.0068897637795276
0
CIRCLE
8
BLACK
10
1.8498031496062992
20
1.1499999999999999
40
0.0068897637795276
0
CIRCLE
8
BLACK
10
1.7498031496062991
20
1.05
40
0.0068897637795276
0
CIRCLE
8
BLACK
10
1.8498031496062992
20
1.05
40
0.0068897637795276
0
CIRCLE
8
BLACK
10
1.7498031496062991
20
0.95
40
0.0068897637795276
0
CIRCLE
8
BLACK
10
1.8498031496062992
20
0.95
40
0.0068897637795276
0
CIRCLE
8
BLACK
10
1.2027559055118109
20
1.3400000000000001
40
0.0068897637795276
0
CIRCLE
8
BLACK
10
1.2027559055118109
20
1.24
40
0.0068897637795276
0
CIRCLE
8
BLACK
10
1.75
20
0.65
40
0.0068897637795276
0
CIRCLE
8
BLACK
10
1.75
20
0.5499999999999999
40
0.0068897637795276
0
CIRCLE
8
BLACK
10
1.6499999999999999
20
0.65
40
0.0068897637795276
0
CIRCLE
8
BLACK
10
1.6499999999999999
20
0.5499999999999999
40
0.0068897637795276
0
CIRCLE
8
BLACK
10
1.55
20
0.65
40
0.0068897637795276
0
CIRCLE
8
BLACK
10
1.55
20
0.5499999999999999
40
0.0068897637795276
0
CIRCLE
8
BLACK
10
1.45
20
0.65
40
0.0068897637795276
0
CIRCLE
8
BLACK
10
1.45
20
0.5499999999999999
40
0.0068897637795276
0
CIRCLE
8
BLACK
10
1.3499999999999999
20
0.65
40
0.0068897637795276
0
CIRCLE
8
BLACK
10
1.3499999999999999
20
0.5499999999999999
40
0.0068897637795276
0
CIRCLE
8
BLACK
10
1.25
20
0.65
40
0.0068897637795276
0
CIRCLE
8
BLACK
10
1.25
20
0.5499999999999999
40
0.0068897637795276
0
CIRCLE
8
BLACK
10
1.1499999999999999
20
0.65
40
0.0068897637795276
0
CIRCLE
8
BLACK
10
1.1499999999999999
20
0.5499999999999999
40
0.0068897637795276
0
CIRCLE
8
BLACK
10
1.05
20
0.65
40
0.0068897637795276
0
CIRCLE
8
BLACK
10
1.05
20
0.5499999999999999
40
0.0068897637795276
0
CIRCLE
8
BLACK
10
0.95
20
0.65
40
0.0068897637795276
0
CIRCLE
8
BLACK
10
0.95
20
0.5499999999999999
40
0.0068897637795276
0
CIRCLE
8
BLACK
10
0.85
20
0.65
40
0.0068897637795276
0
CIRCLE
8
BLACK
10
0.85
20
0.5499999999999999
40
0.0068897637795276
0
CIRCLE
8
BLACK
10
0.75
20
0.65
40
0.0068897637795276
0
CIRCLE
8
BLACK
10
0.75
20
0.5499999999999999
40
0.0068897637795276
0
CIRCLE
8
BLACK
10
0.65
20
0.65
40
0.0068897637795276
0
CIRCLE
8
BLACK
10
0.65
20
0.5499999999999999
40
0.0068897637795276
0
CIRCLE
8
BLACK
10
0.5499999999999999
20
0.65
40
0.0068897637795276
0
CIRCLE
8
BLACK
10
0.5499999999999999
20
0.5499999999999999
40
0.0068897637795276
0
CIRCLE
8
BLACK
10
0.45
20
0.65
40
0.0068897637795276
0
CIRCLE
8
BLACK
10
0.45
20
0.5499999999999999
40
0.0068897637795276
0
CIRCLE
8
BLACK
10
0.35
20
0.65
40
0.0068897637795276
0
CIRCLE
8
BLACK
10
0.35
20
0.5499999999999999
40
0.0068897637795276
0
CIRCLE
8
BLACK
10
0.25
20
0.65
40
0.0068897637795276
0
CIRCLE
8
BLACK
10
0.25
20
0.5499999999999999
40
0.0068897637795276
0
CIRCLE
8
BLACK
10
0.7114173228346456
20
0.0720472440944882
40
0.0068897637795276
0
CIRCLE
8
BLACK
10
0.7114173228346456
20
0.3279527559055118
40
0.0068897637795276
0
CIRCLE
8
BLACK
10
0.8885826771653543
20
0.0720472440944882
40
0.0068897637795276
0
CIRCLE
8
BLACK
10
0.8885826771653543
20
0.3279527559055118
40
0.0068897637795276
0
CIRCLE
8
BLACK
10
0.4114173228346457
20
0.0720472440944882
40
0.0068897637795276
0
CIRCLE
8
BLACK
10
0.4114173228346457
20
0.3279527559055118
40
0.0068897637795276
0
CIRCLE
8
BLACK
10
0.5885826771653543
20
0.0720472440944882
40
0.0068897637795276
0
CIRCLE
8
BLACK
10
0.5885826771653543
20
0.3279527559055118
40
0.0068897637795276
0
CIRCLE
8
BLACK
10
1.3265748031496063
20
3.4185039370078738
40
0.0068897637795276
0
CIRCLE
8
BLACK
10
1.5234251968503936
20
3.4185039370078738
40
0.0068897637795276
0
LINE
8
BLACK
6
CONTINUOUS
10
1.2830596850393701
20
3.5118641732283464
11
1.2814430708661417
21
3.5079613385826769
0
LINE
8
BLACK
6
CONTINUOUS
10
1.2814430708661417
20
3.5079613385826769
11
1.2784559842519685
21
3.5049742519685037
0
LINE
8
BLACK
6
CONTINUOUS
10
1.2784559842519685
20
3.5049742519685037
11
1.2745531496062992
21
3.5033576377952755
0
LINE
8
BLACK
6
CONTINUOUS
10
1.2745531496062992
20
3.5033576377952755
11
1.2703287401574803
21
3.5033576377952755
0
LINE
8
BLACK
6
CONTINUOUS
10
1.2703287401574803
20
3.5033576377952755
11
1.266425905511811
21
3.5049742519685037
0
LINE
8
BLACK
6
CONTINUOUS
10
1.266425905511811
20
3.5049742519685037
11
1.2634388188976378
21
3.5079613385826769
0
LINE
8
BLACK
6
CONTINUOUS
10
1.2634388188976378
20
3.5079613385826769
11
1.2618222047244094
21
3.5118641732283464
0
LINE
8
BLACK
6
CONTINUOUS
10
1.2618222047244094
20
3.5118641732283464
11
1.2616141732283463
21
3.5139763779527557
0
LINE
8
BLACK
6
CONTINUOUS
10
1.2616141732283463
20
3.5139763779527557
11
1.2616141732283463
21
3.5395669291338581
0
LINE
8
BLACK
6
CONTINUOUS
10
1.2616141732283463
20
3.5395669291338581
11
1.2618222047244094
21
3.5416791338582678
0
LINE
8
BLACK
6
CONTINUOUS
10
1.2618222047244094
20
3.5416791338582678
11
1.2634388188976378
21
3.5455819685039369
0
LINE
8
BLACK
6
CONTINUOUS
10
1.2634388188976378
20
3.5455819685039369
11
1.266425905511811
21
3.5485690551181102
0
LINE
8
BLACK
6
CONTINUOUS
10
1.266425905511811
20
3.5485690551181102
11
1.2703287401574803
21
3.5501856692913387
0
LINE
8
BLACK
6
CONTINUOUS
10
1.2703287401574803
20
3.5501856692913387
11
1.2745531496062992
21
3.5501856692913387
0
LINE
8
BLACK
6
CONTINUOUS
10
1.2745531496062992
20
3.5501856692913387
11
1.2784559842519685
21
3.5485690551181102
0
LINE
8
BLACK
6
CONTINUOUS
10
1.2784559842519685
20
3.5485690551181102
11
1.2814430708661417
21
3.5455819685039369
0
LINE
8
BLACK
6
CONTINUOUS
10
1.2814430708661417
20
3.5455819685039369
11
1.2830596850393701
21
3.5416791338582678
0
LINE
8
BLACK
6
CONTINUOUS
10
1.2830596850393701
20
3.5416791338582678
11
1.2832677165354331
21
3.5395669291338581
0
LINE
8
BLACK
6
CONTINUOUS
10
1.2832677165354331
20
3.5395669291338581
11
1.2832677165354331
21
3.5139763779527557
0
LINE
8
BLACK
6
CONTINUOUS
10
1.2832677165354331
20
3.5139763779527557
11
1.2830596850393701
21
3.5118641732283464
0
LINE
8
BLACK
6
CONTINUOUS
10
1.294935590551181
20
3.3641545669291339
11
1.2938050787401574
21
3.359935433070866
0
LINE
8
BLACK
6
CONTINUOUS
10
1.2938050787401574
20
3.359935433070866
11
1.2916210629921259
21
3.3561525984251968
0
LINE
8
BLACK
6
CONTINUOUS
10
1.2916210629921259
20
3.3561525984251968
11
1.288532440944882
21
3.3530639763779528
0
LINE
8
BLACK
6
CONTINUOUS
10
1.288532440944882
20
3.3530639763779528
11
1.2847496062992125
21
3.3508799606299213
0
LINE
8
BLACK
6
CONTINUOUS
10
1.2847496062992125
20
3.3508799606299213
11
1.2805304724409448
21
3.3497494488188977
0
LINE
8
BLACK
6
CONTINUOUS
10
1.2805304724409448
20
3.3497494488188977
11
1.276162440944882
21
3.3497494488188977
0
LINE
8
BLACK
6
CONTINUOUS
10
1.276162440944882
20
3.3497494488188977
11
1.2719433070866142
21
3.3508799606299213
0
LINE
8
BLACK
6
CONTINUOUS
10
1.2719433070866142
20
3.3508799606299213
11
1.2681604724409448
21
3.3530639763779528
0
LINE
8
BLACK
6
CONTINUOUS
10
1.2681604724409448
20
3.3530639763779528
11
1.2650718503937008
21
3.3561525984251968
0
LINE
8
BLACK
6
CONTINUOUS
10
1.2650718503937008
20
3.3561525984251968
11
1.2628878346456693
21
3.359935433070866
0
LINE
8
BLACK
6
CONTINUOUS
10
1.2628878346456693
20
3.359935433070866
11
1.2617573228346457
21
3.3641545669291339
0
LINE
8
BLACK
6
CONTINUOUS
10
1.2617573228346457
20
3.3641545669291339
11
1.2616141732283463
21
3.3663385826771655
0
LINE
8
BLACK
6
CONTINUOUS
10
1.2616141732283463
20
3.3663385826771655
11
1.2616141732283463
21
3.387992125984252
0
LINE
8
BLACK
6
CONTINUOUS
10
1.2616141732283463
20
3.387992125984252
11
1.2617573228346457
21
3.3901761417322835
0
LINE
8
BLACK
6
CONTINUOUS
10
1.2617573228346457
20
3.3901761417322835
11
1.2628878346456693
21
3.3943952755905511
0
LINE
8
BLACK
6
CONTINUOUS
10
1.2628878346456693
20
3.3943952755905511
11
1.2650718503937008
21
3.3981781102362203
0
LINE
8
BLACK
6
CONTINUOUS
10
1.2650718503937008
20
3.3981781102362203
11
1.2681604724409448
21
3.4012667322834647
0
LINE
8
BLACK
6
CONTINUOUS
10
1.2681604724409448
20
3.4012667322834647
11
1.2719433070866142
21
3.4034507480314962
0
LINE
8
BLACK
6
CONTINUOUS
10
1.2719433070866142
20
3.4034507480314962
11
1.276162440944882
21
3.4045812598425198
0
LINE
8
BLACK
6
CONTINUOUS
10
1.276162440944882
20
3.4045812598425198
11
1.2805304724409448
21
3.4045812598425198
0
LINE
8
BLACK
6
CONTINUOUS
10
1.2805304724409448
20
3.4045812598425198
11
1.2847496062992125
21
3.4034507480314962
0
LINE
8
BLACK
6
CONTINUOUS
10
1.2847496062992125
20
3.4034507480314962
11
1.288532440944882
21
3.4012667322834647
0
LINE
8
BLACK
6
CONTINUOUS
10
1.288532440944882
20
3.4012667322834647
11
1.2916210629921259
21
3.3981781102362203
0
LINE
8
BLACK
6
CONTINUOUS
10
1.2916210629921259
20
3.3981781102362203
11
1.2938050787401574
21
3.3943952755905511
0
LINE
8
BLACK
6
CONTINUOUS
10
1.2938050787401574
20
3.3943952755905511
11
1.294935590551181
21
3.3901761417322835
0
LINE
8
BLACK
6
CONTINUOUS
10
1.294935590551181
20
3.3901761417322835
11
1.2950787401574804
21
3.387992125984252
0
LINE
8
BLACK
6
CONTINUOUS
10
1.2950787401574804
20
3.387992125984252
11
1.2950787401574804
21
3.3663385826771655
0
LINE
8
BLACK
6
CONTINUOUS
10
1.2950787401574804
20
3.3663385826771655
11
1.294935590551181
21
3.3641545669291339
0
LINE
8
BLACK
6
CONTINUOUS
10
1.5882426771653544
20
3.3641545669291339
11
1.5871121653543308
21
3.359935433070866
0
LINE
8
BLACK
6
CONTINUOUS
10
1.5871121653543308
20
3.359935433070866
11
1.5849281496062992
21
3.3561525984251968
0
LINE
8
BLACK
6
CONTINUOUS
10
1.5849281496062992
20
3.3561525984251968
11
1.5818395275590551
21
3.3530639763779528
0
LINE
8
BLACK
6
CONTINUOUS
10
1.5818395275590551
20
3.3530639763779528
11
1.5780566929133857
21
3.3508799606299213
0
LINE
8
BLACK
6
CONTINUOUS
10
1.5780566929133857
20
3.3508799606299213
11
1.5738375590551181
21
3.3497494488188977
0
LINE
8
BLACK
6
CONTINUOUS
10
1.5738375590551181
20
3.3497494488188977
11
1.5694695275590551
21
3.3497494488188977
0
LINE
8
BLACK
6
CONTINUOUS
10
1.5694695275590551
20
3.3497494488188977
11
1.5652503937007873
21
3.3508799606299213
0
LINE
8
BLACK
6
CONTINUOUS
10
1.5652503937007873
20
3.3508799606299213
11
1.5614675590551181
21
3.3530639763779528
0
LINE
8
BLACK
6
CONTINUOUS
10
1.5614675590551181
20
3.3530639763779528
11
1.558378937007874
21
3.3561525984251968
0
LINE
8
BLACK
6
CONTINUOUS
10
1.558378937007874
20
3.3561525984251968
11
1.5561949212598425
21
3.359935433070866
0
LINE
8
BLACK
6
CONTINUOUS
10
1.5561949212598425
20
3.359935433070866
11
1.5550644094488189
21
3.3641545669291339
0
LINE
8
BLACK
6
CONTINUOUS
10
1.5550644094488189
20
3.3641545669291339
11
1.5549212598425197
21
3.3663385826771655
0
LINE
8
BLACK
6
CONTINUOUS
10
1.5549212598425197
20
3.3663385826771655
11
1.5549212598425197
21
3.387992125984252
0
LINE
8
BLACK
6
CONTINUOUS
10
1.5549212598425197
20
3.387992125984252
11
1.5550644094488189
21
3.3901761417322835
0
LINE
8
BLACK
6
CONTINUOUS
10
1.5550644094488189
20
3.3901761417322835
11
1.5561949212598425
21
3.3943952755905511
0
LINE
8
BLACK
6
CONTINUOUS
10
1.5561949212598425
20
3.3943952755905511
11
1.558378937007874
21
3.3981781102362203
0
LINE
8
BLACK
6
CONTINUOUS
10
1.558378937007874
20
3.3981781102362203
11
1.5614675590551181
21
3.4012667322834647
0
LINE
8
BLACK
6
CONTINUOUS
10
1.5614675590551181
20
3.4012667322834647
11
1.5652503937007873
21
3.4034507480314962
0
LINE
8
BLACK
6
CONTINUOUS
10
1.5652503937007873
20
3.4034507480314962
11
1.5694695275590551
21
3.4045812598425198
0
LINE
8
BLACK
6
CONTINUOUS
10
1.5694695275590551
20
3.4045812598425198
11
1.5738375590551181
21
3.4045812598425198
0
LINE
8
BLACK
6
CONTINUOUS
10
1.5738375590551181
20
3.4045812598425198
11
1.5780566929133857
21
3.4034507480314962
0
LINE
8
BLACK
6
CONTINUOUS
10
1.5780566929133857
20
3.4034507480314962
11
1.5818395275590551
21
3.4012667322834647
0
LINE
8
BLACK
6
CONTINUOUS
10
1.5818395275590551
20
3.4012667322834647
11
1.5849281496062992
21
3.3981781102362203
0
LINE
8
BLACK
6
CONTINUOUS
10
1.5849281496062992
20
3.3981781102362203
11
1.5871121653543308
21
3.3943952755905511
0
LINE
8
BLACK
6
CONTINUOUS
10
1.5871121653543308
20
3.3943952755905511
11
1.5882426771653544
21
3.3901761417322835
0
LINE
8
BLACK
6
CONTINUOUS
10
1.5882426771653544
20
3.3901761417322835
11
1.5883858267716535
21
3.387992125984252
0
LINE
8
BLACK
6
CONTINUOUS
10
1.5883858267716535
20
3.387992125984252
11
1.5883858267716535
21
3.3663385826771655
0
LINE
8
BLACK
6
CONTINUOUS
10
1.5883858267716535
20
3.3663385826771655
11
1.5882426771653544
21
3.3641545669291339
0
LINE
8
BLACK
6
CONTINUOUS
10
1.5881777952755904
20
3.5118641732283464
11
1.5865611811023621
21
3.5079613385826769
0
LINE
8
BLACK
6
CONTINUOUS
10
1.5865611811023621
20
3.5079613385826769
11
1.5835740944881889
21
3.5049742519685037
0
LINE
8
BLACK
6
CONTINUOUS
10
1.5835740944881889
20
3.5049742519685037
11
1.5796712598425195
21
3.5033576377952755
0
LINE
8
BLACK
6
CONTINUOUS
10
1.5796712598425195
20
3.5033576377952755
11
1.5754468503937007
21
3.5033576377952755
0
LINE
8
BLACK
6
CONTINUOUS
10
1.5754468503937007
20
3.5033576377952755
11
1.5715440157480314
21
3.5049742519685037
0
LINE
8
BLACK
6
CONTINUOUS
10
1.5715440157480314
20
3.5049742519685037
11
1.5685569291338581
21
3.5079613385826769
0
LINE
8
BLACK
6
CONTINUOUS
10
1.5685569291338581
20
3.5079613385826769
11
1.5669403149606298
21
3.5118641732283464
0
LINE
8
BLACK
6
CONTINUOUS
10
1.5669403149606298
20
3.5118641732283464
11
1.5667322834645669
21
3.5139763779527557
0
LINE
8
BLACK
6
CONTINUOUS
10
1.5667322834645669
20
3.5139763779527557
11
1.5667322834645669
21
3.5395669291338581
0
LINE
8
BLACK
6
CONTINUOUS
10
1.5667322834645669
20
3.5395669291338581
11
1.5669403149606298
21
3.5416791338582678
0
LINE
8
BLACK
6
CONTINUOUS
10
1.5669403149606298
20
3.5416791338582678
11
1.5685569291338581
21
3.5455819685039369
0
LINE
8
BLACK
6
CONTINUOUS
10
1.5685569291338581
20
3.5455819685039369
11
1.5715440157480314
21
3.5485690551181102
0
LINE
8
BLACK
6
CONTINUOUS
10
1.5715440157480314
20
3.5485690551181102
11
1.5754468503937007
21
3.5501856692913387
0
LINE
8
BLACK
6
CONTINUOUS
10
1.5754468503937007
20
3.5501856692913387
11
1.5796712598425195
21
3.5501856692913387
0
LINE
8
BLACK
6
CONTINUOUS
10
1.5796712598425195
20
3.5501856692913387
11
1.5835740944881889
21
3.5485690551181102
0
LINE
8
BLACK
6
CONTINUOUS
10
1.5835740944881889
20
3.5485690551181102
11
1.5865611811023621
21
3.5455819685039369
0
LINE
8
BLACK
6
CONTINUOUS
10
1.5865611811023621
20
3.5455819685039369
11
1.5881777952755904
21
3.5416791338582678
0
LINE
8
BLACK
6
CONTINUOUS
10
1.5881777952755904
20
3.5416791338582678
11
1.5883858267716535
21
3.5395669291338581
0
LINE
8
BLACK
6
CONTINUOUS
10
1.5883858267716535
20
3.5395669291338581
11
1.5883858267716535
21
3.5139763779527557
0
LINE
8
BLACK
6
CONTINUOUS
10
1.5883858267716535
20
3.5139763779527557
11
1.5881777952755904
21
3.5118641732283464
  0
ENDSEC
  0
EOF
