  0
SECTION
  2
HEADER
  9
$ANGBASE
  50
0.0
  9
$ANGDIR
  70
1
  9
$MEASUREMENT
  70
0
  0
ENDSEC
  0
SECTION
  2
TABLES
  0
TABLE
  2
LTYPE
  70
4
  0
LTYPE
  5
40F
  2
CONTINUOUS
  70
0
  3
Solid line
  72
65
  73
0
  40
0.0
  0
LTYPE
  5
410
  2
DASHDOT
 70
0
  3
Dash Dot ____ _ ____ _
 72
65
 73
4
 40
2.0
 49
1.25
 49
-0.25
 49
0.25
 49
-0.25
  0
LTYPE
  5
411
  2
DASHED
 70
0
  3
Dashed __ __ __ __ __
 72
65
 73
2
 40
0.75
 49
0.5
 49
-0.25
  0
LTYPE
  5
43B
  2
DOTTED
 70
0
  3
Dotted .  .  .  .
 72
65
 73
2
 40
0.2
 49
0.0
 49
-0.2
  0
ENDTAB
  0
TABLE
  2
STYLE
  70
4
  0
STYLE
  2
KICAD
  70
0
  40
0
  41
1
  42
1
  50
0
  71
0
  3
isocp.shx
  0
STYLE
  2
KICADB
  70
0
  40
0
  41
1
  42
1
  50
0
  71
0
  3
isocp.shx
  0
STYLE
  2
KICADI
  70
0
  40
0
  41
1
  42
1
  50
15
  71
0
  3
isocp.shx
  0
STYLE
  2
KICADBI
  70
0
  40
0
  41
1
  42
1
  50
15
  71
0
  3
isocp.shx
  0
ENDTAB
  0
TABLE
  2
LAYER
  70
1
  0
LAYER
  2
BLACK
  70
0
  62
7
  6
CONTINUOUS
  0
ENDTAB
  0
ENDSEC
  0
SECTION
  2
ENTITIES
0
LINE
8
BLACK
6
CONTINUOUS
10
0.419098031496063
20
0.1106608267716535
11
0.4264835826771654
21
0.1084204724409449
0
LINE
8
BLACK
6
CONTINUOUS
10
0.4264835826771654
20
0.1084204724409449
11
0.433290157480315
21
0.1047822834645669
0
LINE
8
BLACK
6
CONTINUOUS
10
0.433290157480315
20
0.1047822834645669
11
0.4392561811023622
21
0.0998861023622047
0
LINE
8
BLACK
6
CONTINUOUS
10
0.4392561811023622
20
0.0998861023622047
11
0.4441523622047244
21
0.0939200787401575
0
LINE
8
BLACK
6
CONTINUOUS
10
0.4441523622047244
20
0.0939200787401575
11
0.4477905511811023
21
0.0871135039370079
0
LINE
8
BLACK
6
CONTINUOUS
10
0.4477905511811023
20
0.0871135039370079
11
0.450030905511811
21
0.0797279527559055
0
LINE
8
BLACK
6
CONTINUOUS
10
0.450030905511811
20
0.0797279527559055
11
0.4507874015748031
21
0.0720472440944882
0
LINE
8
BLACK
6
CONTINUOUS
10
0.4507874015748031
20
0.0720472440944882
11
0.450030905511811
21
0.0643665354330709
0
LINE
8
BLACK
6
CONTINUOUS
10
0.450030905511811
20
0.0643665354330709
11
0.4477905511811023
21
0.0569809842519685
0
LINE
8
BLACK
6
CONTINUOUS
10
0.4477905511811023
20
0.0569809842519685
11
0.4441523622047244
21
0.0501744094488189
0
LINE
8
BLACK
6
CONTINUOUS
10
0.4441523622047244
20
0.0501744094488189
11
0.4392561811023622
21
0.0442083858267717
0
LINE
8
BLACK
6
CONTINUOUS
10
0.4392561811023622
20
0.0442083858267717
11
0.433290157480315
21
0.0393122047244094
0
LINE
8
BLACK
6
CONTINUOUS
10
0.433290157480315
20
0.0393122047244094
11
0.4264835826771654
21
0.0356740157480315
0
LINE
8
BLACK
6
CONTINUOUS
10
0.4264835826771654
20
0.0356740157480315
11
0.419098031496063
21
0.0334336614173228
0
LINE
8
BLACK
6
CONTINUOUS
10
0.419098031496063
20
0.0334336614173228
11
0.4114173228346457
21
0.0326771653543307
0
LINE
8
BLACK
6
CONTINUOUS
10
0.4114173228346457
20
0.0326771653543307
11
0.4037366141732283
21
0.0334336614173228
0
LINE
8
BLACK
6
CONTINUOUS
10
0.4037366141732283
20
0.0334336614173228
11
0.396351062992126
21
0.0356740157480315
0
LINE
8
BLACK
6
CONTINUOUS
10
0.396351062992126
20
0.0356740157480315
11
0.3895444881889764
21
0.0393122047244094
0
LINE
8
BLACK
6
CONTINUOUS
10
0.3895444881889764
20
0.0393122047244094
11
0.3835784645669291
21
0.0442083858267717
0
LINE
8
BLACK
6
CONTINUOUS
10
0.3835784645669291
20
0.0442083858267717
11
0.3786822834645669
21
0.0501744094488189
0
LINE
8
BLACK
6
CONTINUOUS
10
0.3786822834645669
20
0.0501744094488189
11
0.375044094488189
21
0.0569809842519685
0
LINE
8
BLACK
6
CONTINUOUS
10
0.375044094488189
20
0.0569809842519685
11
0.3728037401574803
21
0.0643665354330709
0
LINE
8
BLACK
6
CONTINUOUS
10
0.3728037401574803
20
0.0643665354330709
11
0.3720472440944882
21
0.0720472440944882
0
LINE
8
BLACK
6
CONTINUOUS
10
0.3720472440944882
20
0.0720472440944882
11
0.3728037401574803
21
0.0797279527559055
0
LINE
8
BLACK
6
CONTINUOUS
10
0.3728037401574803
20
0.0797279527559055
11
0.375044094488189
21
0.0871135039370079
0
LINE
8
BLACK
6
CONTINUOUS
10
0.375044094488189
20
0.0871135039370079
11
0.3786822834645669
21
0.0939200787401575
0
LINE
8
BLACK
6
CONTINUOUS
10
0.3786822834645669
20
0.0939200787401575
11
0.3835784645669291
21
0.0998861023622047
0
LINE
8
BLACK
6
CONTINUOUS
10
0.3835784645669291
20
0.0998861023622047
11
0.3895444881889764
21
0.1047822834645669
0
LINE
8
BLACK
6
CONTINUOUS
10
0.3895444881889764
20
0.1047822834645669
11
0.396351062992126
21
0.1084204724409449
0
LINE
8
BLACK
6
CONTINUOUS
10
0.396351062992126
20
0.1084204724409449
11
0.4037366141732283
21
0.1106608267716535
0
LINE
8
BLACK
6
CONTINUOUS
10
0.4037366141732283
20
0.1106608267716535
11
0.4114173228346457
21
0.1114173228346457
0
LINE
8
BLACK
6
CONTINUOUS
10
0.4114173228346457
20
0.1114173228346457
11
0.419098031496063
21
0.1106608267716535
0
LINE
8
BLACK
6
CONTINUOUS
10
0.5962633858267716
20
0.1106608267716535
11
0.603648937007874
21
0.1084204724409449
0
LINE
8
BLACK
6
CONTINUOUS
10
0.603648937007874
20
0.1084204724409449
11
0.6104555118110236
21
0.1047822834645669
0
LINE
8
BLACK
6
CONTINUOUS
10
0.6104555118110236
20
0.1047822834645669
11
0.6164215354330709
21
0.0998861023622047
0
LINE
8
BLACK
6
CONTINUOUS
10
0.6164215354330709
20
0.0998861023622047
11
0.6213177165354331
21
0.0939200787401575
0
LINE
8
BLACK
6
CONTINUOUS
10
0.6213177165354331
20
0.0939200787401575
11
0.624955905511811
21
0.0871135039370079
0
LINE
8
BLACK
6
CONTINUOUS
10
0.624955905511811
20
0.0871135039370079
11
0.6271962598425197
21
0.0797279527559055
0
LINE
8
BLACK
6
CONTINUOUS
10
0.6271962598425197
20
0.0797279527559055
11
0.6279527559055118
21
0.0720472440944882
0
LINE
8
BLACK
6
CONTINUOUS
10
0.6279527559055118
20
0.0720472440944882
11
0.6271962598425197
21
0.0643665354330709
0
LINE
8
BLACK
6
CONTINUOUS
10
0.6271962598425197
20
0.0643665354330709
11
0.624955905511811
21
0.0569809842519685
0
LINE
8
BLACK
6
CONTINUOUS
10
0.624955905511811
20
0.0569809842519685
11
0.6213177165354331
21
0.0501744094488189
0
LINE
8
BLACK
6
CONTINUOUS
10
0.6213177165354331
20
0.0501744094488189
11
0.6164215354330709
21
0.0442083858267717
0
LINE
8
BLACK
6
CONTINUOUS
10
0.6164215354330709
20
0.0442083858267717
11
0.6104555118110236
21
0.0393122047244094
0
LINE
8
BLACK
6
CONTINUOUS
10
0.6104555118110236
20
0.0393122047244094
11
0.603648937007874
21
0.0356740157480315
0
LINE
8
BLACK
6
CONTINUOUS
10
0.603648937007874
20
0.0356740157480315
11
0.5962633858267716
21
0.0334336614173228
0
LINE
8
BLACK
6
CONTINUOUS
10
0.5962633858267716
20
0.0334336614173228
11
0.5885826771653543
21
0.0326771653543307
0
LINE
8
BLACK
6
CONTINUOUS
10
0.5885826771653543
20
0.0326771653543307
11
0.580901968503937
21
0.0334336614173228
0
LINE
8
BLACK
6
CONTINUOUS
10
0.580901968503937
20
0.0334336614173228
11
0.5735164173228346
21
0.0356740157480315
0
LINE
8
BLACK
6
CONTINUOUS
10
0.5735164173228346
20
0.0356740157480315
11
0.566709842519685
21
0.0393122047244094
0
LINE
8
BLACK
6
CONTINUOUS
10
0.566709842519685
20
0.0393122047244094
11
0.5607438188976378
21
0.0442083858267717
0
LINE
8
BLACK
6
CONTINUOUS
10
0.5607438188976378
20
0.0442083858267717
11
0.5558476377952756
21
0.0501744094488189
0
LINE
8
BLACK
6
CONTINUOUS
10
0.5558476377952756
20
0.0501744094488189
11
0.5522094488188977
21
0.0569809842519685
0
LINE
8
BLACK
6
CONTINUOUS
10
0.5522094488188977
20
0.0569809842519685
11
0.549969094488189
21
0.0643665354330709
0
LINE
8
BLACK
6
CONTINUOUS
10
0.549969094488189
20
0.0643665354330709
11
0.5492125984251969
21
0.0720472440944882
0
LINE
8
BLACK
6
CONTINUOUS
10
0.5492125984251969
20
0.0720472440944882
11
0.549969094488189
21
0.0797279527559055
0
LINE
8
BLACK
6
CONTINUOUS
10
0.549969094488189
20
0.0797279527559055
11
0.5522094488188977
21
0.0871135039370079
0
LINE
8
BLACK
6
CONTINUOUS
10
0.5522094488188977
20
0.0871135039370079
11
0.5558476377952756
21
0.0939200787401575
0
LINE
8
BLACK
6
CONTINUOUS
10
0.5558476377952756
20
0.0939200787401575
11
0.5607438188976378
21
0.0998861023622047
0
LINE
8
BLACK
6
CONTINUOUS
10
0.5607438188976378
20
0.0998861023622047
11
0.566709842519685
21
0.1047822834645669
0
LINE
8
BLACK
6
CONTINUOUS
10
0.566709842519685
20
0.1047822834645669
11
0.5735164173228346
21
0.1084204724409449
0
LINE
8
BLACK
6
CONTINUOUS
10
0.5735164173228346
20
0.1084204724409449
11
0.580901968503937
21
0.1106608267716535
0
LINE
8
BLACK
6
CONTINUOUS
10
0.580901968503937
20
0.1106608267716535
11
0.5885826771653543
21
0.1114173228346457
0
LINE
8
BLACK
6
CONTINUOUS
10
0.5885826771653543
20
0.1114173228346457
11
0.5962633858267716
21
0.1106608267716535
0
LINE
8
BLACK
6
CONTINUOUS
10
0.719098031496063
20
0.1106608267716535
11
0.7264835826771653
21
0.1084204724409449
0
LINE
8
BLACK
6
CONTINUOUS
10
0.7264835826771653
20
0.1084204724409449
11
0.7332901574803149
21
0.1047822834645669
0
LINE
8
BLACK
6
CONTINUOUS
10
0.7332901574803149
20
0.1047822834645669
11
0.7392561811023622
21
0.0998861023622047
0
LINE
8
BLACK
6
CONTINUOUS
10
0.7392561811023622
20
0.0998861023622047
11
0.7441523622047244
21
0.0939200787401575
0
LINE
8
BLACK
6
CONTINUOUS
10
0.7441523622047244
20
0.0939200787401575
11
0.7477905511811024
21
0.0871135039370079
0
LINE
8
BLACK
6
CONTINUOUS
10
0.7477905511811024
20
0.0871135039370079
11
0.750030905511811
21
0.0797279527559055
0
LINE
8
BLACK
6
CONTINUOUS
10
0.750030905511811
20
0.0797279527559055
11
0.7507874015748032
21
0.0720472440944882
0
LINE
8
BLACK
6
CONTINUOUS
10
0.7507874015748032
20
0.0720472440944882
11
0.750030905511811
21
0.0643665354330709
0
LINE
8
BLACK
6
CONTINUOUS
10
0.750030905511811
20
0.0643665354330709
11
0.7477905511811024
21
0.0569809842519685
0
LINE
8
BLACK
6
CONTINUOUS
10
0.7477905511811024
20
0.0569809842519685
11
0.7441523622047244
21
0.0501744094488189
0
LINE
8
BLACK
6
CONTINUOUS
10
0.7441523622047244
20
0.0501744094488189
11
0.7392561811023622
21
0.0442083858267717
0
LINE
8
BLACK
6
CONTINUOUS
10
0.7392561811023622
20
0.0442083858267717
11
0.7332901574803149
21
0.0393122047244094
0
LINE
8
BLACK
6
CONTINUOUS
10
0.7332901574803149
20
0.0393122047244094
11
0.7264835826771653
21
0.0356740157480315
0
LINE
8
BLACK
6
CONTINUOUS
10
0.7264835826771653
20
0.0356740157480315
11
0.719098031496063
21
0.0334336614173228
0
LINE
8
BLACK
6
CONTINUOUS
10
0.719098031496063
20
0.0334336614173228
11
0.7114173228346456
21
0.0326771653543307
0
LINE
8
BLACK
6
CONTINUOUS
10
0.7114173228346456
20
0.0326771653543307
11
0.7037366141732283
21
0.0334336614173228
0
LINE
8
BLACK
6
CONTINUOUS
10
0.7037366141732283
20
0.0334336614173228
11
0.696351062992126
21
0.0356740157480315
0
LINE
8
BLACK
6
CONTINUOUS
10
0.696351062992126
20
0.0356740157480315
11
0.6895444881889764
21
0.0393122047244094
0
LINE
8
BLACK
6
CONTINUOUS
10
0.6895444881889764
20
0.0393122047244094
11
0.6835784645669292
21
0.0442083858267717
0
LINE
8
BLACK
6
CONTINUOUS
10
0.6835784645669292
20
0.0442083858267717
11
0.6786822834645669
21
0.0501744094488189
0
LINE
8
BLACK
6
CONTINUOUS
10
0.6786822834645669
20
0.0501744094488189
11
0.6750440944881889
21
0.0569809842519685
0
LINE
8
BLACK
6
CONTINUOUS
10
0.6750440944881889
20
0.0569809842519685
11
0.6728037401574803
21
0.0643665354330709
0
LINE
8
BLACK
6
CONTINUOUS
10
0.6728037401574803
20
0.0643665354330709
11
0.6720472440944881
21
0.0720472440944882
0
LINE
8
BLACK
6
CONTINUOUS
10
0.6720472440944881
20
0.0720472440944882
11
0.6728037401574803
21
0.0797279527559055
0
LINE
8
BLACK
6
CONTINUOUS
10
0.6728037401574803
20
0.0797279527559055
11
0.6750440944881889
21
0.0871135039370079
0
LINE
8
BLACK
6
CONTINUOUS
10
0.6750440944881889
20
0.0871135039370079
11
0.6786822834645669
21
0.0939200787401575
0
LINE
8
BLACK
6
CONTINUOUS
10
0.6786822834645669
20
0.0939200787401575
11
0.6835784645669292
21
0.0998861023622047
0
LINE
8
BLACK
6
CONTINUOUS
10
0.6835784645669292
20
0.0998861023622047
11
0.6895444881889764
21
0.1047822834645669
0
LINE
8
BLACK
6
CONTINUOUS
10
0.6895444881889764
20
0.1047822834645669
11
0.696351062992126
21
0.1084204724409449
0
LINE
8
BLACK
6
CONTINUOUS
10
0.696351062992126
20
0.1084204724409449
11
0.7037366141732283
21
0.1106608267716535
0
LINE
8
BLACK
6
CONTINUOUS
10
0.7037366141732283
20
0.1106608267716535
11
0.7114173228346456
21
0.1114173228346457
0
LINE
8
BLACK
6
CONTINUOUS
10
0.7114173228346456
20
0.1114173228346457
11
0.719098031496063
21
0.1106608267716535
0
LINE
8
BLACK
6
CONTINUOUS
10
0.8962633858267717
20
0.1106608267716535
11
0.903648937007874
21
0.1084204724409449
0
LINE
8
BLACK
6
CONTINUOUS
10
0.903648937007874
20
0.1084204724409449
11
0.9104555118110236
21
0.1047822834645669
0
LINE
8
BLACK
6
CONTINUOUS
10
0.9104555118110236
20
0.1047822834645669
11
0.9164215354330708
21
0.0998861023622047
0
LINE
8
BLACK
6
CONTINUOUS
10
0.9164215354330708
20
0.0998861023622047
11
0.921317716535433
21
0.0939200787401575
0
LINE
8
BLACK
6
CONTINUOUS
10
0.921317716535433
20
0.0939200787401575
11
0.9249559055118109
21
0.0871135039370079
0
LINE
8
BLACK
6
CONTINUOUS
10
0.9249559055118109
20
0.0871135039370079
11
0.9271962598425196
21
0.0797279527559055
0
LINE
8
BLACK
6
CONTINUOUS
10
0.9271962598425196
20
0.0797279527559055
11
0.9279527559055117
21
0.0720472440944882
0
LINE
8
BLACK
6
CONTINUOUS
10
0.9279527559055117
20
0.0720472440944882
11
0.9271962598425196
21
0.0643665354330709
0
LINE
8
BLACK
6
CONTINUOUS
10
0.9271962598425196
20
0.0643665354330709
11
0.9249559055118109
21
0.0569809842519685
0
LINE
8
BLACK
6
CONTINUOUS
10
0.9249559055118109
20
0.0569809842519685
11
0.921317716535433
21
0.0501744094488189
0
LINE
8
BLACK
6
CONTINUOUS
10
0.921317716535433
20
0.0501744094488189
11
0.9164215354330708
21
0.0442083858267717
0
LINE
8
BLACK
6
CONTINUOUS
10
0.9164215354330708
20
0.0442083858267717
11
0.9104555118110236
21
0.0393122047244094
0
LINE
8
BLACK
6
CONTINUOUS
10
0.9104555118110236
20
0.0393122047244094
11
0.903648937007874
21
0.0356740157480315
0
LINE
8
BLACK
6
CONTINUOUS
10
0.903648937007874
20
0.0356740157480315
11
0.8962633858267717
21
0.0334336614173228
0
LINE
8
BLACK
6
CONTINUOUS
10
0.8962633858267717
20
0.0334336614173228
11
0.8885826771653543
21
0.0326771653543307
0
LINE
8
BLACK
6
CONTINUOUS
10
0.8885826771653543
20
0.0326771653543307
11
0.880901968503937
21
0.0334336614173228
0
LINE
8
BLACK
6
CONTINUOUS
10
0.880901968503937
20
0.0334336614173228
11
0.8735164173228346
21
0.0356740157480315
0
LINE
8
BLACK
6
CONTINUOUS
10
0.8735164173228346
20
0.0356740157480315
11
0.866709842519685
21
0.0393122047244094
0
LINE
8
BLACK
6
CONTINUOUS
10
0.866709842519685
20
0.0393122047244094
11
0.8607438188976377
21
0.0442083858267717
0
LINE
8
BLACK
6
CONTINUOUS
10
0.8607438188976377
20
0.0442083858267717
11
0.8558476377952756
21
0.0501744094488189
0
LINE
8
BLACK
6
CONTINUOUS
10
0.8558476377952756
20
0.0501744094488189
11
0.8522094488188976
21
0.0569809842519685
0
LINE
8
BLACK
6
CONTINUOUS
10
0.8522094488188976
20
0.0569809842519685
11
0.8499690944881889
21
0.0643665354330709
0
LINE
8
BLACK
6
CONTINUOUS
10
0.8499690944881889
20
0.0643665354330709
11
0.8492125984251968
21
0.0720472440944882
0
LINE
8
BLACK
6
CONTINUOUS
10
0.8492125984251968
20
0.0720472440944882
11
0.8499690944881889
21
0.0797279527559055
0
LINE
8
BLACK
6
CONTINUOUS
10
0.8499690944881889
20
0.0797279527559055
11
0.8522094488188976
21
0.0871135039370079
0
LINE
8
BLACK
6
CONTINUOUS
10
0.8522094488188976
20
0.0871135039370079
11
0.8558476377952756
21
0.0939200787401575
0
LINE
8
BLACK
6
CONTINUOUS
10
0.8558476377952756
20
0.0939200787401575
11
0.8607438188976377
21
0.0998861023622047
0
LINE
8
BLACK
6
CONTINUOUS
10
0.8607438188976377
20
0.0998861023622047
11
0.866709842519685
21
0.1047822834645669
0
LINE
8
BLACK
6
CONTINUOUS
10
0.866709842519685
20
0.1047822834645669
11
0.8735164173228346
21
0.1084204724409449
0
LINE
8
BLACK
6
CONTINUOUS
10
0.8735164173228346
20
0.1084204724409449
11
0.880901968503937
21
0.1106608267716535
0
LINE
8
BLACK
6
CONTINUOUS
10
0.880901968503937
20
0.1106608267716535
11
0.8885826771653543
21
0.1114173228346457
0
LINE
8
BLACK
6
CONTINUOUS
10
0.8885826771653543
20
0.1114173228346457
11
0.8962633858267717
21
0.1106608267716535
0
LINE
8
BLACK
6
CONTINUOUS
10
1.0834645669291338
20
0.0665354330708661
11
1.016535433070866
21
0.0665354330708661
0
LINE
8
BLACK
6
CONTINUOUS
10
1.016535433070866
20
0.0665354330708661
11
1.016535433070866
21
0.1334645669291339
0
LINE
8
BLACK
6
CONTINUOUS
10
1.016535433070866
20
0.1334645669291339
11
1.0834645669291338
21
0.1334645669291339
0
LINE
8
BLACK
6
CONTINUOUS
10
1.0834645669291338
20
0.1334645669291339
11
1.0834645669291338
21
0.0665354330708661
0
LINE
8
BLACK
6
CONTINUOUS
10
1.1603411023622048
20
0.1318266929133858
11
1.1667322834645668
21
0.1289811811023622
0
LINE
8
BLACK
6
CONTINUOUS
10
1.1667322834645668
20
0.1289811811023622
11
1.1723921653543308
21
0.1248690157480315
0
LINE
8
BLACK
6
CONTINUOUS
10
1.1723921653543308
20
0.1248690157480315
11
1.1770733858267717
21
0.1196699606299213
0
LINE
8
BLACK
6
CONTINUOUS
10
1.1770733858267717
20
0.1196699606299213
11
1.1805714173228345
21
0.1136112598425197
0
LINE
8
BLACK
6
CONTINUOUS
10
1.1805714173228345
20
0.1136112598425197
11
1.1827332677165354
21
0.1069576771653543
0
LINE
8
BLACK
6
CONTINUOUS
10
1.1827332677165354
20
0.1069576771653543
11
1.1834645669291339
21
0.1
0
LINE
8
BLACK
6
CONTINUOUS
10
1.1834645669291339
20
0.1
11
1.1827332677165354
21
0.0930423228346457
0
LINE
8
BLACK
6
CONTINUOUS
10
1.1827332677165354
20
0.0930423228346457
11
1.1805714173228345
21
0.0863887401574803
0
LINE
8
BLACK
6
CONTINUOUS
10
1.1805714173228345
20
0.0863887401574803
11
1.1770733858267717
21
0.0803300393700787
0
LINE
8
BLACK
6
CONTINUOUS
10
1.1770733858267717
20
0.0803300393700787
11
1.1723921653543308
21
0.0751309842519685
0
LINE
8
BLACK
6
CONTINUOUS
10
1.1723921653543308
20
0.0751309842519685
11
1.1667322834645668
21
0.0710188188976378
0
LINE
8
BLACK
6
CONTINUOUS
10
1.1667322834645668
20
0.0710188188976378
11
1.1603411023622048
21
0.0681733070866142
0
LINE
8
BLACK
6
CONTINUOUS
10
1.1603411023622048
20
0.0681733070866142
11
1.1534979921259843
21
0.0667187401574803
0
LINE
8
BLACK
6
CONTINUOUS
10
1.1534979921259843
20
0.0667187401574803
11
1.1465020078740158
21
0.0667187401574803
0
LINE
8
BLACK
6
CONTINUOUS
10
1.1465020078740158
20
0.0667187401574803
11
1.1396588976377953
21
0.0681733070866142
0
LINE
8
BLACK
6
CONTINUOUS
10
1.1396588976377953
20
0.0681733070866142
11
1.133267716535433
21
0.0710188188976378
0
LINE
8
BLACK
6
CONTINUOUS
10
1.133267716535433
20
0.0710188188976378
11
1.1276078346456693
21
0.0751309842519685
0
LINE
8
BLACK
6
CONTINUOUS
10
1.1276078346456693
20
0.0751309842519685
11
1.1229266141732284
21
0.0803300393700787
0
LINE
8
BLACK
6
CONTINUOUS
10
1.1229266141732284
20
0.0803300393700787
11
1.1194285826771653
21
0.0863887401574803
0
LINE
8
BLACK
6
CONTINUOUS
10
1.1194285826771653
20
0.0863887401574803
11
1.1172667322834646
21
0.0930423228346457
0
LINE
8
BLACK
6
CONTINUOUS
10
1.1172667322834646
20
0.0930423228346457
11
1.1165354330708661
21
0.1
0
LINE
8
BLACK
6
CONTINUOUS
10
1.1165354330708661
20
0.1
11
1.1172667322834646
21
0.1069576771653543
0
LINE
8
BLACK
6
CONTINUOUS
10
1.1172667322834646
20
0.1069576771653543
11
1.1194285826771653
21
0.1136112598425197
0
LINE
8
BLACK
6
CONTINUOUS
10
1.1194285826771653
20
0.1136112598425197
11
1.1229266141732284
21
0.1196699606299213
0
LINE
8
BLACK
6
CONTINUOUS
10
1.1229266141732284
20
0.1196699606299213
11
1.1276078346456693
21
0.1248690157480315
0
LINE
8
BLACK
6
CONTINUOUS
10
1.1276078346456693
20
0.1248690157480315
11
1.133267716535433
21
0.1289811811023622
0
LINE
8
BLACK
6
CONTINUOUS
10
1.133267716535433
20
0.1289811811023622
11
1.1396588976377953
21
0.1318266929133858
0
LINE
8
BLACK
6
CONTINUOUS
10
1.1396588976377953
20
0.1318266929133858
11
1.1465020078740158
21
0.1332812598425197
0
LINE
8
BLACK
6
CONTINUOUS
10
1.1465020078740158
20
0.1332812598425197
11
1.1534979921259843
21
0.1332812598425197
0
LINE
8
BLACK
6
CONTINUOUS
10
1.1534979921259843
20
0.1332812598425197
11
1.1603411023622048
21
0.1318266929133858
0
LINE
8
BLACK
6
CONTINUOUS
10
1.2603411023622046
20
0.1318266929133858
11
1.2667322834645669
21
0.1289811811023622
0
LINE
8
BLACK
6
CONTINUOUS
10
1.2667322834645669
20
0.1289811811023622
11
1.2723921653543306
21
0.1248690157480315
0
LINE
8
BLACK
6
CONTINUOUS
10
1.2723921653543306
20
0.1248690157480315
11
1.2770733858267715
21
0.1196699606299213
0
LINE
8
BLACK
6
CONTINUOUS
10
1.2770733858267715
20
0.1196699606299213
11
1.2805714173228346
21
0.1136112598425197
0
LINE
8
BLACK
6
CONTINUOUS
10
1.2805714173228346
20
0.1136112598425197
11
1.2827332677165355
21
0.1069576771653543
0
LINE
8
BLACK
6
CONTINUOUS
10
1.2827332677165355
20
0.1069576771653543
11
1.2834645669291338
21
0.1
0
LINE
8
BLACK
6
CONTINUOUS
10
1.2834645669291338
20
0.1
11
1.2827332677165355
21
0.0930423228346457
0
LINE
8
BLACK
6
CONTINUOUS
10
1.2827332677165355
20
0.0930423228346457
11
1.2805714173228346
21
0.0863887401574803
0
LINE
8
BLACK
6
CONTINUOUS
10
1.2805714173228346
20
0.0863887401574803
11
1.2770733858267715
21
0.0803300393700787
0
LINE
8
BLACK
6
CONTINUOUS
10
1.2770733858267715
20
0.0803300393700787
11
1.2723921653543306
21
0.0751309842519685
0
LINE
8
BLACK
6
CONTINUOUS
10
1.2723921653543306
20
0.0751309842519685
11
1.2667322834645669
21
0.0710188188976378
0
LINE
8
BLACK
6
CONTINUOUS
10
1.2667322834645669
20
0.0710188188976378
11
1.2603411023622046
21
0.0681733070866142
0
LINE
8
BLACK
6
CONTINUOUS
10
1.2603411023622046
20
0.0681733070866142
11
1.2534979921259841
21
0.0667187401574803
0
LINE
8
BLACK
6
CONTINUOUS
10
1.2534979921259841
20
0.0667187401574803
11
1.2465020078740157
21
0.0667187401574803
0
LINE
8
BLACK
6
CONTINUOUS
10
1.2465020078740157
20
0.0667187401574803
11
1.2396588976377954
21
0.0681733070866142
0
LINE
8
BLACK
6
CONTINUOUS
10
1.2396588976377954
20
0.0681733070866142
11
1.2332677165354331
21
0.0710188188976378
0
LINE
8
BLACK
6
CONTINUOUS
10
1.2332677165354331
20
0.0710188188976378
11
1.2276078346456694
21
0.0751309842519685
0
LINE
8
BLACK
6
CONTINUOUS
10
1.2276078346456694
20
0.0751309842519685
11
1.2229266141732282
21
0.0803300393700787
0
LINE
8
BLACK
6
CONTINUOUS
10
1.2229266141732282
20
0.0803300393700787
11
1.2194285826771654
21
0.0863887401574803
0
LINE
8
BLACK
6
CONTINUOUS
10
1.2194285826771654
20
0.0863887401574803
11
1.2172667322834645
21
0.0930423228346457
0
LINE
8
BLACK
6
CONTINUOUS
10
1.2172667322834645
20
0.0930423228346457
11
1.2165354330708662
21
0.1
0
LINE
8
BLACK
6
CONTINUOUS
10
1.2165354330708662
20
0.1
11
1.2172667322834645
21
0.1069576771653543
0
LINE
8
BLACK
6
CONTINUOUS
10
1.2172667322834645
20
0.1069576771653543
11
1.2194285826771654
21
0.1136112598425197
0
LINE
8
BLACK
6
CONTINUOUS
10
1.2194285826771654
20
0.1136112598425197
11
1.2229266141732282
21
0.1196699606299213
0
LINE
8
BLACK
6
CONTINUOUS
10
1.2229266141732282
20
0.1196699606299213
11
1.2276078346456694
21
0.1248690157480315
0
LINE
8
BLACK
6
CONTINUOUS
10
1.2276078346456694
20
0.1248690157480315
11
1.2332677165354331
21
0.1289811811023622
0
LINE
8
BLACK
6
CONTINUOUS
10
1.2332677165354331
20
0.1289811811023622
11
1.2396588976377954
21
0.1318266929133858
0
LINE
8
BLACK
6
CONTINUOUS
10
1.2396588976377954
20
0.1318266929133858
11
1.2465020078740157
21
0.1332812598425197
0
LINE
8
BLACK
6
CONTINUOUS
10
1.2465020078740157
20
0.1332812598425197
11
1.2534979921259841
21
0.1332812598425197
0
LINE
8
BLACK
6
CONTINUOUS
10
1.2534979921259841
20
0.1332812598425197
11
1.2603411023622046
21
0.1318266929133858
0
LINE
8
BLACK
6
CONTINUOUS
10
1.3603411023622047
20
0.1318266929133858
11
1.366732283464567
21
0.1289811811023622
0
LINE
8
BLACK
6
CONTINUOUS
10
1.366732283464567
20
0.1289811811023622
11
1.3723921653543307
21
0.1248690157480315
0
LINE
8
BLACK
6
CONTINUOUS
10
1.3723921653543307
20
0.1248690157480315
11
1.3770733858267716
21
0.1196699606299213
0
LINE
8
BLACK
6
CONTINUOUS
10
1.3770733858267716
20
0.1196699606299213
11
1.3805714173228345
21
0.1136112598425197
0
LINE
8
BLACK
6
CONTINUOUS
10
1.3805714173228345
20
0.1136112598425197
11
1.3827332677165354
21
0.1069576771653543
0
LINE
8
BLACK
6
CONTINUOUS
10
1.3827332677165354
20
0.1069576771653543
11
1.3834645669291339
21
0.1
0
LINE
8
BLACK
6
CONTINUOUS
10
1.3834645669291339
20
0.1
11
1.3827332677165354
21
0.0930423228346457
0
LINE
8
BLACK
6
CONTINUOUS
10
1.3827332677165354
20
0.0930423228346457
11
1.3805714173228345
21
0.0863887401574803
0
LINE
8
BLACK
6
CONTINUOUS
10
1.3805714173228345
20
0.0863887401574803
11
1.3770733858267716
21
0.0803300393700787
0
LINE
8
BLACK
6
CONTINUOUS
10
1.3770733858267716
20
0.0803300393700787
11
1.3723921653543307
21
0.0751309842519685
0
LINE
8
BLACK
6
CONTINUOUS
10
1.3723921653543307
20
0.0751309842519685
11
1.366732283464567
21
0.0710188188976378
0
LINE
8
BLACK
6
CONTINUOUS
10
1.366732283464567
20
0.0710188188976378
11
1.3603411023622047
21
0.0681733070866142
0
LINE
8
BLACK
6
CONTINUOUS
10
1.3603411023622047
20
0.0681733070866142
11
1.3534979921259842
21
0.0667187401574803
0
LINE
8
BLACK
6
CONTINUOUS
10
1.3534979921259842
20
0.0667187401574803
11
1.3465020078740157
21
0.0667187401574803
0
LINE
8
BLACK
6
CONTINUOUS
10
1.3465020078740157
20
0.0667187401574803
11
1.3396588976377952
21
0.0681733070866142
0
LINE
8
BLACK
6
CONTINUOUS
10
1.3396588976377952
20
0.0681733070866142
11
1.333267716535433
21
0.0710188188976378
0
LINE
8
BLACK
6
CONTINUOUS
10
1.333267716535433
20
0.0710188188976378
11
1.3276078346456692
21
0.0751309842519685
0
LINE
8
BLACK
6
CONTINUOUS
10
1.3276078346456692
20
0.0751309842519685
11
1.3229266141732283
21
0.0803300393700787
0
LINE
8
BLACK
6
CONTINUOUS
10
1.3229266141732283
20
0.0803300393700787
11
1.3194285826771652
21
0.0863887401574803
0
LINE
8
BLACK
6
CONTINUOUS
10
1.3194285826771652
20
0.0863887401574803
11
1.3172667322834646
21
0.0930423228346457
0
LINE
8
BLACK
6
CONTINUOUS
10
1.3172667322834646
20
0.0930423228346457
11
1.3165354330708661
21
0.1
0
LINE
8
BLACK
6
CONTINUOUS
10
1.3165354330708661
20
0.1
11
1.3172667322834646
21
0.1069576771653543
0
LINE
8
BLACK
6
CONTINUOUS
10
1.3172667322834646
20
0.1069576771653543
11
1.3194285826771652
21
0.1136112598425197
0
LINE
8
BLACK
6
CONTINUOUS
10
1.3194285826771652
20
0.1136112598425197
11
1.3229266141732283
21
0.1196699606299213
0
LINE
8
BLACK
6
CONTINUOUS
10
1.3229266141732283
20
0.1196699606299213
11
1.3276078346456692
21
0.1248690157480315
0
LINE
8
BLACK
6
CONTINUOUS
10
1.3276078346456692
20
0.1248690157480315
11
1.333267716535433
21
0.1289811811023622
0
LINE
8
BLACK
6
CONTINUOUS
10
1.333267716535433
20
0.1289811811023622
11
1.3396588976377952
21
0.1318266929133858
0
LINE
8
BLACK
6
CONTINUOUS
10
1.3396588976377952
20
0.1318266929133858
11
1.3465020078740157
21
0.1332812598425197
0
LINE
8
BLACK
6
CONTINUOUS
10
1.3465020078740157
20
0.1332812598425197
11
1.3534979921259842
21
0.1332812598425197
0
LINE
8
BLACK
6
CONTINUOUS
10
1.3534979921259842
20
0.1332812598425197
11
1.3603411023622047
21
0.1318266929133858
0
LINE
8
BLACK
6
CONTINUOUS
10
1.4603411023622046
20
0.1318266929133858
11
1.4667322834645669
21
0.1289811811023622
0
LINE
8
BLACK
6
CONTINUOUS
10
1.4667322834645669
20
0.1289811811023622
11
1.4723921653543306
21
0.1248690157480315
0
LINE
8
BLACK
6
CONTINUOUS
10
1.4723921653543306
20
0.1248690157480315
11
1.4770733858267717
21
0.1196699606299213
0
LINE
8
BLACK
6
CONTINUOUS
10
1.4770733858267717
20
0.1196699606299213
11
1.4805714173228346
21
0.1136112598425197
0
LINE
8
BLACK
6
CONTINUOUS
10
1.4805714173228346
20
0.1136112598425197
11
1.4827332677165355
21
0.1069576771653543
0
LINE
8
BLACK
6
CONTINUOUS
10
1.4827332677165355
20
0.1069576771653543
11
1.4834645669291338
21
0.1
0
LINE
8
BLACK
6
CONTINUOUS
10
1.4834645669291338
20
0.1
11
1.4827332677165355
21
0.0930423228346457
0
LINE
8
BLACK
6
CONTINUOUS
10
1.4827332677165355
20
0.0930423228346457
11
1.4805714173228346
21
0.0863887401574803
0
LINE
8
BLACK
6
CONTINUOUS
10
1.4805714173228346
20
0.0863887401574803
11
1.4770733858267717
21
0.0803300393700787
0
LINE
8
BLACK
6
CONTINUOUS
10
1.4770733858267717
20
0.0803300393700787
11
1.4723921653543306
21
0.0751309842519685
0
LINE
8
BLACK
6
CONTINUOUS
10
1.4723921653543306
20
0.0751309842519685
11
1.4667322834645669
21
0.0710188188976378
0
LINE
8
BLACK
6
CONTINUOUS
10
1.4667322834645669
20
0.0710188188976378
11
1.4603411023622046
21
0.0681733070866142
0
LINE
8
BLACK
6
CONTINUOUS
10
1.4603411023622046
20
0.0681733070866142
11
1.4534979921259843
21
0.0667187401574803
0
LINE
8
BLACK
6
CONTINUOUS
10
1.4534979921259843
20
0.0667187401574803
11
1.4465020078740156
21
0.0667187401574803
0
LINE
8
BLACK
6
CONTINUOUS
10
1.4465020078740156
20
0.0667187401574803
11
1.4396588976377953
21
0.0681733070866142
0
LINE
8
BLACK
6
CONTINUOUS
10
1.4396588976377953
20
0.0681733070866142
11
1.4332677165354331
21
0.0710188188976378
0
LINE
8
BLACK
6
CONTINUOUS
10
1.4332677165354331
20
0.0710188188976378
11
1.4276078346456693
21
0.0751309842519685
0
LINE
8
BLACK
6
CONTINUOUS
10
1.4276078346456693
20
0.0751309842519685
11
1.4229266141732284
21
0.0803300393700787
0
LINE
8
BLACK
6
CONTINUOUS
10
1.4229266141732284
20
0.0803300393700787
11
1.4194285826771653
21
0.0863887401574803
0
LINE
8
BLACK
6
CONTINUOUS
10
1.4194285826771653
20
0.0863887401574803
11
1.4172667322834644
21
0.0930423228346457
0
LINE
8
BLACK
6
CONTINUOUS
10
1.4172667322834644
20
0.0930423228346457
11
1.4165354330708662
21
0.1
0
LINE
8
BLACK
6
CONTINUOUS
10
1.4165354330708662
20
0.1
11
1.4172667322834644
21
0.1069576771653543
0
LINE
8
BLACK
6
CONTINUOUS
10
1.4172667322834644
20
0.1069576771653543
11
1.4194285826771653
21
0.1136112598425197
0
LINE
8
BLACK
6
CONTINUOUS
10
1.4194285826771653
20
0.1136112598425197
11
1.4229266141732284
21
0.1196699606299213
0
LINE
8
BLACK
6
CONTINUOUS
10
1.4229266141732284
20
0.1196699606299213
11
1.4276078346456693
21
0.1248690157480315
0
LINE
8
BLACK
6
CONTINUOUS
10
1.4276078346456693
20
0.1248690157480315
11
1.4332677165354331
21
0.1289811811023622
0
LINE
8
BLACK
6
CONTINUOUS
10
1.4332677165354331
20
0.1289811811023622
11
1.4396588976377953
21
0.1318266929133858
0
LINE
8
BLACK
6
CONTINUOUS
10
1.4396588976377953
20
0.1318266929133858
11
1.4465020078740156
21
0.1332812598425197
0
LINE
8
BLACK
6
CONTINUOUS
10
1.4465020078740156
20
0.1332812598425197
11
1.4534979921259843
21
0.1332812598425197
0
LINE
8
BLACK
6
CONTINUOUS
10
1.4534979921259843
20
0.1332812598425197
11
1.4603411023622046
21
0.1318266929133858
0
LINE
8
BLACK
6
CONTINUOUS
10
1.5603411023622047
20
0.1318266929133858
11
1.5667322834645669
21
0.1289811811023622
0
LINE
8
BLACK
6
CONTINUOUS
10
1.5667322834645669
20
0.1289811811023622
11
1.5723921653543307
21
0.1248690157480315
0
LINE
8
BLACK
6
CONTINUOUS
10
1.5723921653543307
20
0.1248690157480315
11
1.5770733858267716
21
0.1196699606299213
0
LINE
8
BLACK
6
CONTINUOUS
10
1.5770733858267716
20
0.1196699606299213
11
1.5805714173228347
21
0.1136112598425197
0
LINE
8
BLACK
6
CONTINUOUS
10
1.5805714173228347
20
0.1136112598425197
11
1.5827332677165353
21
0.1069576771653543
0
LINE
8
BLACK
6
CONTINUOUS
10
1.5827332677165353
20
0.1069576771653543
11
1.5834645669291338
21
0.1
0
LINE
8
BLACK
6
CONTINUOUS
10
1.5834645669291338
20
0.1
11
1.5827332677165353
21
0.0930423228346457
0
LINE
8
BLACK
6
CONTINUOUS
10
1.5827332677165353
20
0.0930423228346457
11
1.5805714173228347
21
0.0863887401574803
0
LINE
8
BLACK
6
CONTINUOUS
10
1.5805714173228347
20
0.0863887401574803
11
1.5770733858267716
21
0.0803300393700787
0
LINE
8
BLACK
6
CONTINUOUS
10
1.5770733858267716
20
0.0803300393700787
11
1.5723921653543307
21
0.0751309842519685
0
LINE
8
BLACK
6
CONTINUOUS
10
1.5723921653543307
20
0.0751309842519685
11
1.5667322834645669
21
0.0710188188976378
0
LINE
8
BLACK
6
CONTINUOUS
10
1.5667322834645669
20
0.0710188188976378
11
1.5603411023622047
21
0.0681733070866142
0
LINE
8
BLACK
6
CONTINUOUS
10
1.5603411023622047
20
0.0681733070866142
11
1.5534979921259842
21
0.0667187401574803
0
LINE
8
BLACK
6
CONTINUOUS
10
1.5534979921259842
20
0.0667187401574803
11
1.5465020078740157
21
0.0667187401574803
0
LINE
8
BLACK
6
CONTINUOUS
10
1.5465020078740157
20
0.0667187401574803
11
1.5396588976377952
21
0.0681733070866142
0
LINE
8
BLACK
6
CONTINUOUS
10
1.5396588976377952
20
0.0681733070866142
11
1.5332677165354331
21
0.0710188188976378
0
LINE
8
BLACK
6
CONTINUOUS
10
1.5332677165354331
20
0.0710188188976378
11
1.5276078346456692
21
0.0751309842519685
0
LINE
8
BLACK
6
CONTINUOUS
10
1.5276078346456692
20
0.0751309842519685
11
1.5229266141732283
21
0.0803300393700787
0
LINE
8
BLACK
6
CONTINUOUS
10
1.5229266141732283
20
0.0803300393700787
11
1.5194285826771654
21
0.0863887401574803
0
LINE
8
BLACK
6
CONTINUOUS
10
1.5194285826771654
20
0.0863887401574803
11
1.5172667322834645
21
0.0930423228346457
0
LINE
8
BLACK
6
CONTINUOUS
10
1.5172667322834645
20
0.0930423228346457
11
1.516535433070866
21
0.1
0
LINE
8
BLACK
6
CONTINUOUS
10
1.516535433070866
20
0.1
11
1.5172667322834645
21
0.1069576771653543
0
LINE
8
BLACK
6
CONTINUOUS
10
1.5172667322834645
20
0.1069576771653543
11
1.5194285826771654
21
0.1136112598425197
0
LINE
8
BLACK
6
CONTINUOUS
10
1.5194285826771654
20
0.1136112598425197
11
1.5229266141732283
21
0.1196699606299213
0
LINE
8
BLACK
6
CONTINUOUS
10
1.5229266141732283
20
0.1196699606299213
11
1.5276078346456692
21
0.1248690157480315
0
LINE
8
BLACK
6
CONTINUOUS
10
1.5276078346456692
20
0.1248690157480315
11
1.5332677165354331
21
0.1289811811023622
0
LINE
8
BLACK
6
CONTINUOUS
10
1.5332677165354331
20
0.1289811811023622
11
1.5396588976377952
21
0.1318266929133858
0
LINE
8
BLACK
6
CONTINUOUS
10
1.5396588976377952
20
0.1318266929133858
11
1.5465020078740157
21
0.1332812598425197
0
LINE
8
BLACK
6
CONTINUOUS
10
1.5465020078740157
20
0.1332812598425197
11
1.5534979921259842
21
0.1332812598425197
0
LINE
8
BLACK
6
CONTINUOUS
10
1.5534979921259842
20
0.1332812598425197
11
1.5603411023622047
21
0.1318266929133858
0
LINE
8
BLACK
6
CONTINUOUS
10
0.2191423228346457
20
0.3085614960629921
11
0.2316161023622047
21
0.305605157480315
0
LINE
8
BLACK
6
CONTINUOUS
10
0.2316161023622047
20
0.305605157480315
11
0.2436623228346457
21
0.3012206692913386
0
LINE
8
BLACK
6
CONTINUOUS
10
0.2436623228346457
20
0.3012206692913386
11
0.2551181102362204
21
0.2954673622047244
0
LINE
8
BLACK
6
CONTINUOUS
10
0.2551181102362204
20
0.2954673622047244
11
0.2658285039370079
21
0.288423031496063
0
LINE
8
BLACK
6
CONTINUOUS
10
0.2658285039370079
20
0.288423031496063
11
0.2756487007874016
21
0.2801829133858268
0
LINE
8
BLACK
6
CONTINUOUS
10
0.2756487007874016
20
0.2801829133858268
11
0.2844458267716535
21
0.2708584645669291
0
LINE
8
BLACK
6
CONTINUOUS
10
0.2844458267716535
20
0.2708584645669291
11
0.2921010236220473
21
0.2605757874015748
0
LINE
8
BLACK
6
CONTINUOUS
10
0.2921010236220473
20
0.2605757874015748
11
0.2985106692913386
21
0.249473937007874
0
LINE
8
BLACK
6
CONTINUOUS
10
0.2985106692913386
20
0.249473937007874
11
0.3035881496062992
21
0.2377029921259843
0
LINE
8
BLACK
6
CONTINUOUS
10
0.3035881496062992
20
0.2377029921259843
11
0.3072648031496063
21
0.2254222047244094
0
LINE
8
BLACK
6
CONTINUOUS
10
0.3072648031496063
20
0.2254222047244094
11
0.3094908267716535
21
0.2127976377952756
0
LINE
8
BLACK
6
CONTINUOUS
10
0.3094908267716535
20
0.2127976377952756
11
0.3102362204724409
21
0.2
0
LINE
8
BLACK
6
CONTINUOUS
10
0.3102362204724409
20
0.2
11
0.3094908267716535
21
0.1872023622047244
0
LINE
8
BLACK
6
CONTINUOUS
10
0.3094908267716535
20
0.1872023622047244
11
0.3072648031496063
21
0.1745777952755906
0
LINE
8
BLACK
6
CONTINUOUS
10
0.3072648031496063
20
0.1745777952755906
11
0.3035881496062992
21
0.1622970078740157
0
LINE
8
BLACK
6
CONTINUOUS
10
0.3035881496062992
20
0.1622970078740157
11
0.2985106692913386
21
0.150526062992126
0
LINE
8
BLACK
6
CONTINUOUS
10
0.2985106692913386
20
0.150526062992126
11
0.2921010236220473
21
0.1394242125984252
0
LINE
8
BLACK
6
CONTINUOUS
10
0.2921010236220473
20
0.1394242125984252
11
0.2844458267716535
21
0.1291415354330709
0
LINE
8
BLACK
6
CONTINUOUS
10
0.2844458267716535
20
0.1291415354330709
11
0.2756487007874016
21
0.1198170866141732
0
LINE
8
BLACK
6
CONTINUOUS
10
0.2756487007874016
20
0.1198170866141732
11
0.2658285039370079
21
0.111576968503937
0
LINE
8
BLACK
6
CONTINUOUS
10
0.2658285039370079
20
0.111576968503937
11
0.2551181102362204
21
0.1045326377952756
0
LINE
8
BLACK
6
CONTINUOUS
10
0.2551181102362204
20
0.1045326377952756
11
0.2436623228346457
21
0.0987793307086614
0
LINE
8
BLACK
6
CONTINUOUS
10
0.2436623228346457
20
0.0987793307086614
11
0.2316161023622047
21
0.094394842519685
0
LINE
8
BLACK
6
CONTINUOUS
10
0.2316161023622047
20
0.094394842519685
11
0.2191423228346457
21
0.0914385039370079
0
LINE
8
BLACK
6
CONTINUOUS
10
0.2191423228346457
20
0.0914385039370079
11
0.2064096850393701
21
0.0899502755905512
0
LINE
8
BLACK
6
CONTINUOUS
10
0.2064096850393701
20
0.0899502755905512
11
0.1935903149606299
21
0.0899502755905512
0
LINE
8
BLACK
6
CONTINUOUS
10
0.1935903149606299
20
0.0899502755905512
11
0.1808576771653543
21
0.0914385039370079
0
LINE
8
BLACK
6
CONTINUOUS
10
0.1808576771653543
20
0.0914385039370079
11
0.1683838976377953
21
0.094394842519685
0
LINE
8
BLACK
6
CONTINUOUS
10
0.1683838976377953
20
0.094394842519685
11
0.1563376771653543
21
0.0987793307086614
0
LINE
8
BLACK
6
CONTINUOUS
10
0.1563376771653543
20
0.0987793307086614
11
0.1448818897637795
21
0.1045326377952756
0
LINE
8
BLACK
6
CONTINUOUS
10
0.1448818897637795
20
0.1045326377952756
11
0.1341714960629921
21
0.111576968503937
0
LINE
8
BLACK
6
CONTINUOUS
10
0.1341714960629921
20
0.111576968503937
11
0.1243512992125984
21
0.1198170866141732
0
LINE
8
BLACK
6
CONTINUOUS
10
0.1243512992125984
20
0.1198170866141732
11
0.1155541732283464
21
0.1291415354330709
0
LINE
8
BLACK
6
CONTINUOUS
10
0.1155541732283464
20
0.1291415354330709
11
0.1078989763779528
21
0.1394242125984252
0
LINE
8
BLACK
6
CONTINUOUS
10
0.1078989763779528
20
0.1394242125984252
11
0.1014893307086614
21
0.150526062992126
0
LINE
8
BLACK
6
CONTINUOUS
10
0.1014893307086614
20
0.150526062992126
11
0.0964118503937008
21
0.1622970078740157
0
LINE
8
BLACK
6
CONTINUOUS
10
0.0964118503937008
20
0.1622970078740157
11
0.0927351968503937
21
0.1745777952755906
0
LINE
8
BLACK
6
CONTINUOUS
10
0.0927351968503937
20
0.1745777952755906
11
0.0905091732283465
21
0.1872023622047244
0
LINE
8
BLACK
6
CONTINUOUS
10
0.0905091732283465
20
0.1872023622047244
11
0.0897637795275591
21
0.2
0
LINE
8
BLACK
6
CONTINUOUS
10
0.0897637795275591
20
0.2
11
0.0905091732283465
21
0.2127976377952756
0
LINE
8
BLACK
6
CONTINUOUS
10
0.0905091732283465
20
0.2127976377952756
11
0.0927351968503937
21
0.2254222047244094
0
LINE
8
BLACK
6
CONTINUOUS
10
0.0927351968503937
20
0.2254222047244094
11
0.0964118503937008
21
0.2377029921259843
0
LINE
8
BLACK
6
CONTINUOUS
10
0.0964118503937008
20
0.2377029921259843
11
0.1014893307086614
21
0.249473937007874
0
LINE
8
BLACK
6
CONTINUOUS
10
0.1014893307086614
20
0.249473937007874
11
0.1078989763779528
21
0.2605757874015748
0
LINE
8
BLACK
6
CONTINUOUS
10
0.1078989763779528
20
0.2605757874015748
11
0.1155541732283464
21
0.2708584645669291
0
LINE
8
BLACK
6
CONTINUOUS
10
0.1155541732283464
20
0.2708584645669291
11
0.1243512992125984
21
0.2801829133858268
0
LINE
8
BLACK
6
CONTINUOUS
10
0.1243512992125984
20
0.2801829133858268
11
0.1341714960629921
21
0.288423031496063
0
LINE
8
BLACK
6
CONTINUOUS
10
0.1341714960629921
20
0.288423031496063
11
0.1448818897637795
21
0.2954673622047244
0
LINE
8
BLACK
6
CONTINUOUS
10
0.1448818897637795
20
0.2954673622047244
11
0.1563376771653543
21
0.3012206692913386
0
LINE
8
BLACK
6
CONTINUOUS
10
0.1563376771653543
20
0.3012206692913386
11
0.1683838976377953
21
0.305605157480315
0
LINE
8
BLACK
6
CONTINUOUS
10
0.1683838976377953
20
0.305605157480315
11
0.1808576771653543
21
0.3085614960629921
0
LINE
8
BLACK
6
CONTINUOUS
10
0.1808576771653543
20
0.3085614960629921
11
0.1935903149606299
21
0.3100497244094488
0
LINE
8
BLACK
6
CONTINUOUS
10
0.1935903149606299
20
0.3100497244094488
11
0.2064096850393701
21
0.3100497244094488
0
LINE
8
BLACK
6
CONTINUOUS
10
0.2064096850393701
20
0.3100497244094488
11
0.2191423228346457
21
0.3085614960629921
0
LINE
8
BLACK
6
CONTINUOUS
10
1.8191423228346457
20
0.3085614960629921
11
1.8316161023622046
21
0.305605157480315
0
LINE
8
BLACK
6
CONTINUOUS
10
1.8316161023622046
20
0.305605157480315
11
1.8436623228346456
21
0.3012206692913386
0
LINE
8
BLACK
6
CONTINUOUS
10
1.8436623228346456
20
0.3012206692913386
11
1.8551181102362204
21
0.2954673622047244
0
LINE
8
BLACK
6
CONTINUOUS
10
1.8551181102362204
20
0.2954673622047244
11
1.8658285039370077
21
0.288423031496063
0
LINE
8
BLACK
6
CONTINUOUS
10
1.8658285039370077
20
0.288423031496063
11
1.8756487007874014
21
0.2801829133858268
0
LINE
8
BLACK
6
CONTINUOUS
10
1.8756487007874014
20
0.2801829133858268
11
1.8844458267716535
21
0.2708584645669291
0
LINE
8
BLACK
6
CONTINUOUS
10
1.8844458267716535
20
0.2708584645669291
11
1.8921010236220472
21
0.2605757874015748
0
LINE
8
BLACK
6
CONTINUOUS
10
1.8921010236220472
20
0.2605757874015748
11
1.8985106692913385
21
0.249473937007874
0
LINE
8
BLACK
6
CONTINUOUS
10
1.8985106692913385
20
0.249473937007874
11
1.9035881496062992
21
0.2377029921259843
0
LINE
8
BLACK
6
CONTINUOUS
10
1.9035881496062992
20
0.2377029921259843
11
1.9072648031496062
21
0.2254222047244094
0
LINE
8
BLACK
6
CONTINUOUS
10
1.9072648031496062
20
0.2254222047244094
11
1.9094908267716535
21
0.2127976377952756
0
LINE
8
BLACK
6
CONTINUOUS
10
1.9094908267716535
20
0.2127976377952756
11
1.9102362204724408
21
0.2
0
LINE
8
BLACK
6
CONTINUOUS
10
1.9102362204724408
20
0.2
11
1.9094908267716535
21
0.1872023622047244
0
LINE
8
BLACK
6
CONTINUOUS
10
1.9094908267716535
20
0.1872023622047244
11
1.9072648031496062
21
0.1745777952755906
0
LINE
8
BLACK
6
CONTINUOUS
10
1.9072648031496062
20
0.1745777952755906
11
1.9035881496062992
21
0.1622970078740157
0
LINE
8
BLACK
6
CONTINUOUS
10
1.9035881496062992
20
0.1622970078740157
11
1.8985106692913385
21
0.150526062992126
0
LINE
8
BLACK
6
CONTINUOUS
10
1.8985106692913385
20
0.150526062992126
11
1.8921010236220472
21
0.1394242125984252
0
LINE
8
BLACK
6
CONTINUOUS
10
1.8921010236220472
20
0.1394242125984252
11
1.8844458267716535
21
0.1291415354330709
0
LINE
8
BLACK
6
CONTINUOUS
10
1.8844458267716535
20
0.1291415354330709
11
1.8756487007874014
21
0.1198170866141732
0
LINE
8
BLACK
6
CONTINUOUS
10
1.8756487007874014
20
0.1198170866141732
11
1.8658285039370077
21
0.111576968503937
0
LINE
8
BLACK
6
CONTINUOUS
10
1.8658285039370077
20
0.111576968503937
11
1.8551181102362204
21
0.1045326377952756
0
LINE
8
BLACK
6
CONTINUOUS
10
1.8551181102362204
20
0.1045326377952756
11
1.8436623228346456
21
0.0987793307086614
0
LINE
8
BLACK
6
CONTINUOUS
10
1.8436623228346456
20
0.0987793307086614
11
1.8316161023622046
21
0.094394842519685
0
LINE
8
BLACK
6
CONTINUOUS
10
1.8316161023622046
20
0.094394842519685
11
1.8191423228346457
21
0.0914385039370079
0
LINE
8
BLACK
6
CONTINUOUS
10
1.8191423228346457
20
0.0914385039370079
11
1.80640968503937
21
0.0899502755905512
0
LINE
8
BLACK
6
CONTINUOUS
10
1.80640968503937
20
0.0899502755905512
11
1.7935903149606298
21
0.0899502755905512
0
LINE
8
BLACK
6
CONTINUOUS
10
1.7935903149606298
20
0.0899502755905512
11
1.7808576771653544
21
0.0914385039370079
0
LINE
8
BLACK
6
CONTINUOUS
10
1.7808576771653544
20
0.0914385039370079
11
1.7683838976377952
21
0.094394842519685
0
LINE
8
BLACK
6
CONTINUOUS
10
1.7683838976377952
20
0.094394842519685
11
1.7563376771653543
21
0.0987793307086614
0
LINE
8
BLACK
6
CONTINUOUS
10
1.7563376771653543
20
0.0987793307086614
11
1.7448818897637794
21
0.1045326377952756
0
LINE
8
BLACK
6
CONTINUOUS
10
1.7448818897637794
20
0.1045326377952756
11
1.7341714960629921
21
0.111576968503937
0
LINE
8
BLACK
6
CONTINUOUS
10
1.7341714960629921
20
0.111576968503937
11
1.7243512992125984
21
0.1198170866141732
0
LINE
8
BLACK
6
CONTINUOUS
10
1.7243512992125984
20
0.1198170866141732
11
1.7155541732283464
21
0.1291415354330709
0
LINE
8
BLACK
6
CONTINUOUS
10
1.7155541732283464
20
0.1291415354330709
11
1.7078989763779526
21
0.1394242125984252
0
LINE
8
BLACK
6
CONTINUOUS
10
1.7078989763779526
20
0.1394242125984252
11
1.7014893307086614
21
0.150526062992126
0
LINE
8
BLACK
6
CONTINUOUS
10
1.7014893307086614
20
0.150526062992126
11
1.6964118503937007
21
0.1622970078740157
0
LINE
8
BLACK
6
CONTINUOUS
10
1.6964118503937007
20
0.1622970078740157
11
1.6927351968503936
21
0.1745777952755906
0
LINE
8
BLACK
6
CONTINUOUS
10
1.6927351968503936
20
0.1745777952755906
11
1.6905091732283464
21
0.1872023622047244
0
LINE
8
BLACK
6
CONTINUOUS
10
1.6905091732283464
20
0.1872023622047244
11
1.6897637795275591
21
0.2
0
LINE
8
BLACK
6
CONTINUOUS
10
1.6897637795275591
20
0.2
11
1.6905091732283464
21
0.2127976377952756
0
LINE
8
BLACK
6
CONTINUOUS
10
1.6905091732283464
20
0.2127976377952756
11
1.6927351968503936
21
0.2254222047244094
0
LINE
8
BLACK
6
CONTINUOUS
10
1.6927351968503936
20
0.2254222047244094
11
1.6964118503937007
21
0.2377029921259843
0
LINE
8
BLACK
6
CONTINUOUS
10
1.6964118503937007
20
0.2377029921259843
11
1.7014893307086614
21
0.249473937007874
0
LINE
8
BLACK
6
CONTINUOUS
10
1.7014893307086614
20
0.249473937007874
11
1.7078989763779526
21
0.2605757874015748
0
LINE
8
BLACK
6
CONTINUOUS
10
1.7078989763779526
20
0.2605757874015748
11
1.7155541732283464
21
0.2708584645669291
0
LINE
8
BLACK
6
CONTINUOUS
10
1.7155541732283464
20
0.2708584645669291
11
1.7243512992125984
21
0.2801829133858268
0
LINE
8
BLACK
6
CONTINUOUS
10
1.7243512992125984
20
0.2801829133858268
11
1.7341714960629921
21
0.288423031496063
0
LINE
8
BLACK
6
CONTINUOUS
10
1.7341714960629921
20
0.288423031496063
11
1.7448818897637794
21
0.2954673622047244
0
LINE
8
BLACK
6
CONTINUOUS
10
1.7448818897637794
20
0.2954673622047244
11
1.7563376771653543
21
0.3012206692913386
0
LINE
8
BLACK
6
CONTINUOUS
10
1.7563376771653543
20
0.3012206692913386
11
1.7683838976377952
21
0.305605157480315
0
LINE
8
BLACK
6
CONTINUOUS
10
1.7683838976377952
20
0.305605157480315
11
1.7808576771653544
21
0.3085614960629921
0
LINE
8
BLACK
6
CONTINUOUS
10
1.7808576771653544
20
0.3085614960629921
11
1.7935903149606298
21
0.3100497244094488
0
LINE
8
BLACK
6
CONTINUOUS
10
1.7935903149606298
20
0.3100497244094488
11
1.80640968503937
21
0.3100497244094488
0
LINE
8
BLACK
6
CONTINUOUS
10
1.80640968503937
20
0.3100497244094488
11
1.8191423228346457
21
0.3085614960629921
0
LINE
8
BLACK
6
CONTINUOUS
10
0.635361062992126
20
0.227794094488189
11
0.6385542125984252
21
0.2256605118110236
0
LINE
8
BLACK
6
CONTINUOUS
10
0.6385542125984252
20
0.2256605118110236
11
0.6406877952755905
21
0.2224673622047244
0
LINE
8
BLACK
6
CONTINUOUS
10
0.6406877952755905
20
0.2224673622047244
11
0.6414370078740157
21
0.2187007874015748
0
LINE
8
BLACK
6
CONTINUOUS
10
0.6414370078740157
20
0.2187007874015748
11
0.6414370078740157
21
0.1812992125984252
0
LINE
8
BLACK
6
CONTINUOUS
10
0.6414370078740157
20
0.1812992125984252
11
0.6406877952755905
21
0.1775326377952756
0
LINE
8
BLACK
6
CONTINUOUS
10
0.6406877952755905
20
0.1775326377952756
11
0.6385542125984252
21
0.1743394881889764
0
LINE
8
BLACK
6
CONTINUOUS
10
0.6385542125984252
20
0.1743394881889764
11
0.635361062992126
21
0.172205905511811
0
LINE
8
BLACK
6
CONTINUOUS
10
0.635361062992126
20
0.172205905511811
11
0.6315944881889763
21
0.1714566929133858
0
LINE
8
BLACK
6
CONTINUOUS
10
0.6315944881889763
20
0.1714566929133858
11
0.6050196850393701
21
0.1714566929133858
0
LINE
8
BLACK
6
CONTINUOUS
10
0.6050196850393701
20
0.1714566929133858
11
0.6012531102362204
21
0.172205905511811
0
LINE
8
BLACK
6
CONTINUOUS
10
0.6012531102362204
20
0.172205905511811
11
0.5980599606299213
21
0.1743394881889764
0
LINE
8
BLACK
6
CONTINUOUS
10
0.5980599606299213
20
0.1743394881889764
11
0.5959263779527559
21
0.1775326377952756
0
LINE
8
BLACK
6
CONTINUOUS
10
0.5959263779527559
20
0.1775326377952756
11
0.5951771653543307
21
0.1812992125984252
0
LINE
8
BLACK
6
CONTINUOUS
10
0.5951771653543307
20
0.1812992125984252
11
0.5951771653543307
21
0.2187007874015748
0
LINE
8
BLACK
6
CONTINUOUS
10
0.5951771653543307
20
0.2187007874015748
11
0.5959263779527559
21
0.2224673622047244
0
LINE
8
BLACK
6
CONTINUOUS
10
0.5959263779527559
20
0.2224673622047244
11
0.5980599606299213
21
0.2256605118110236
0
LINE
8
BLACK
6
CONTINUOUS
10
0.5980599606299213
20
0.2256605118110236
11
0.6012531102362204
21
0.227794094488189
0
LINE
8
BLACK
6
CONTINUOUS
10
0.6012531102362204
20
0.227794094488189
11
0.6050196850393701
21
0.2285433070866142
0
LINE
8
BLACK
6
CONTINUOUS
10
0.6050196850393701
20
0.2285433070866142
11
0.6315944881889763
21
0.2285433070866142
0
LINE
8
BLACK
6
CONTINUOUS
10
0.6315944881889763
20
0.2285433070866142
11
0.635361062992126
21
0.227794094488189
0
LINE
8
BLACK
6
CONTINUOUS
10
0.7170539763779528
20
0.227794094488189
11
0.720247125984252
21
0.2256605118110236
0
LINE
8
BLACK
6
CONTINUOUS
10
0.720247125984252
20
0.2256605118110236
11
0.7223807086614173
21
0.2224673622047244
0
LINE
8
BLACK
6
CONTINUOUS
10
0.7223807086614173
20
0.2224673622047244
11
0.7231299212598425
21
0.2187007874015748
0
LINE
8
BLACK
6
CONTINUOUS
10
0.7231299212598425
20
0.2187007874015748
11
0.7231299212598425
21
0.1812992125984252
0
LINE
8
BLACK
6
CONTINUOUS
10
0.7231299212598425
20
0.1812992125984252
11
0.7223807086614173
21
0.1775326377952756
0
LINE
8
BLACK
6
CONTINUOUS
10
0.7223807086614173
20
0.1775326377952756
11
0.720247125984252
21
0.1743394881889764
0
LINE
8
BLACK
6
CONTINUOUS
10
0.720247125984252
20
0.1743394881889764
11
0.7170539763779528
21
0.172205905511811
0
LINE
8
BLACK
6
CONTINUOUS
10
0.7170539763779528
20
0.172205905511811
11
0.7132874015748031
21
0.1714566929133858
0
LINE
8
BLACK
6
CONTINUOUS
10
0.7132874015748031
20
0.1714566929133858
11
0.6867125984251968
21
0.1714566929133858
0
LINE
8
BLACK
6
CONTINUOUS
10
0.6867125984251968
20
0.1714566929133858
11
0.6829460236220473
21
0.172205905511811
0
LINE
8
BLACK
6
CONTINUOUS
10
0.6829460236220473
20
0.172205905511811
11
0.679752874015748
21
0.1743394881889764
0
LINE
8
BLACK
6
CONTINUOUS
10
0.679752874015748
20
0.1743394881889764
11
0.6776192913385827
21
0.1775326377952756
0
LINE
8
BLACK
6
CONTINUOUS
10
0.6776192913385827
20
0.1775326377952756
11
0.6768700787401575
21
0.1812992125984252
0
LINE
8
BLACK
6
CONTINUOUS
10
0.6768700787401575
20
0.1812992125984252
11
0.6768700787401575
21
0.2187007874015748
0
LINE
8
BLACK
6
CONTINUOUS
10
0.6768700787401575
20
0.2187007874015748
11
0.6776192913385827
21
0.2224673622047244
0
LINE
8
BLACK
6
CONTINUOUS
10
0.6776192913385827
20
0.2224673622047244
11
0.679752874015748
21
0.2256605118110236
0
LINE
8
BLACK
6
CONTINUOUS
10
0.679752874015748
20
0.2256605118110236
11
0.6829460236220473
21
0.227794094488189
0
LINE
8
BLACK
6
CONTINUOUS
10
0.6829460236220473
20
0.227794094488189
11
0.6867125984251968
21
0.2285433070866142
0
LINE
8
BLACK
6
CONTINUOUS
10
0.6867125984251968
20
0.2285433070866142
11
0.7132874015748031
21
0.2285433070866142
0
LINE
8
BLACK
6
CONTINUOUS
10
0.7132874015748031
20
0.2285433070866142
11
0.7170539763779528
21
0.227794094488189
0
LINE
8
BLACK
6
CONTINUOUS
10
0.419098031496063
20
0.3665663385826772
11
0.4264835826771654
21
0.3643259842519685
0
LINE
8
BLACK
6
CONTINUOUS
10
0.4264835826771654
20
0.3643259842519685
11
0.433290157480315
21
0.3606877952755905
0
LINE
8
BLACK
6
CONTINUOUS
10
0.433290157480315
20
0.3606877952755905
11
0.4392561811023622
21
0.3557916141732284
0
LINE
8
BLACK
6
CONTINUOUS
10
0.4392561811023622
20
0.3557916141732284
11
0.4441523622047244
21
0.3498255905511811
0
LINE
8
BLACK
6
CONTINUOUS
10
0.4441523622047244
20
0.3498255905511811
11
0.4477905511811023
21
0.3430190157480315
0
LINE
8
BLACK
6
CONTINUOUS
10
0.4477905511811023
20
0.3430190157480315
11
0.450030905511811
21
0.3356334645669291
0
LINE
8
BLACK
6
CONTINUOUS
10
0.450030905511811
20
0.3356334645669291
11
0.4507874015748031
21
0.3279527559055118
0
LINE
8
BLACK
6
CONTINUOUS
10
0.4507874015748031
20
0.3279527559055118
11
0.450030905511811
21
0.3202720472440945
0
LINE
8
BLACK
6
CONTINUOUS
10
0.450030905511811
20
0.3202720472440945
11
0.4477905511811023
21
0.3128864960629921
0
LINE
8
BLACK
6
CONTINUOUS
10
0.4477905511811023
20
0.3128864960629921
11
0.4441523622047244
21
0.3060799212598425
0
LINE
8
BLACK
6
CONTINUOUS
10
0.4441523622047244
20
0.3060799212598425
11
0.4392561811023622
21
0.3001138976377953
0
LINE
8
BLACK
6
CONTINUOUS
10
0.4392561811023622
20
0.3001138976377953
11
0.433290157480315
21
0.2952177165354331
0
LINE
8
BLACK
6
CONTINUOUS
10
0.433290157480315
20
0.2952177165354331
11
0.4264835826771654
21
0.2915795275590551
0
LINE
8
BLACK
6
CONTINUOUS
10
0.4264835826771654
20
0.2915795275590551
11
0.419098031496063
21
0.2893391732283465
0
LINE
8
BLACK
6
CONTINUOUS
10
0.419098031496063
20
0.2893391732283465
11
0.4114173228346457
21
0.2885826771653544
0
LINE
8
BLACK
6
CONTINUOUS
10
0.4114173228346457
20
0.2885826771653544
11
0.4037366141732283
21
0.2893391732283465
0
LINE
8
BLACK
6
CONTINUOUS
10
0.4037366141732283
20
0.2893391732283465
11
0.396351062992126
21
0.2915795275590551
0
LINE
8
BLACK
6
CONTINUOUS
10
0.396351062992126
20
0.2915795275590551
11
0.3895444881889764
21
0.2952177165354331
0
LINE
8
BLACK
6
CONTINUOUS
10
0.3895444881889764
20
0.2952177165354331
11
0.3835784645669291
21
0.3001138976377953
0
LINE
8
BLACK
6
CONTINUOUS
10
0.3835784645669291
20
0.3001138976377953
11
0.3786822834645669
21
0.3060799212598425
0
LINE
8
BLACK
6
CONTINUOUS
10
0.3786822834645669
20
0.3060799212598425
11
0.375044094488189
21
0.3128864960629921
0
LINE
8
BLACK
6
CONTINUOUS
10
0.375044094488189
20
0.3128864960629921
11
0.3728037401574803
21
0.3202720472440945
0
LINE
8
BLACK
6
CONTINUOUS
10
0.3728037401574803
20
0.3202720472440945
11
0.3720472440944882
21
0.3279527559055118
0
LINE
8
BLACK
6
CONTINUOUS
10
0.3720472440944882
20
0.3279527559055118
11
0.3728037401574803
21
0.3356334645669291
0
LINE
8
BLACK
6
CONTINUOUS
10
0.3728037401574803
20
0.3356334645669291
11
0.375044094488189
21
0.3430190157480315
0
LINE
8
BLACK
6
CONTINUOUS
10
0.375044094488189
20
0.3430190157480315
11
0.3786822834645669
21
0.3498255905511811
0
LINE
8
BLACK
6
CONTINUOUS
10
0.3786822834645669
20
0.3498255905511811
11
0.3835784645669291
21
0.3557916141732284
0
LINE
8
BLACK
6
CONTINUOUS
10
0.3835784645669291
20
0.3557916141732284
11
0.3895444881889764
21
0.3606877952755905
0
LINE
8
BLACK
6
CONTINUOUS
10
0.3895444881889764
20
0.3606877952755905
11
0.396351062992126
21
0.3643259842519685
0
LINE
8
BLACK
6
CONTINUOUS
10
0.396351062992126
20
0.3643259842519685
11
0.4037366141732283
21
0.3665663385826772
0
LINE
8
BLACK
6
CONTINUOUS
10
0.4037366141732283
20
0.3665663385826772
11
0.4114173228346457
21
0.3673228346456693
0
LINE
8
BLACK
6
CONTINUOUS
10
0.4114173228346457
20
0.3673228346456693
11
0.419098031496063
21
0.3665663385826772
0
LINE
8
BLACK
6
CONTINUOUS
10
0.5962633858267716
20
0.3665663385826772
11
0.603648937007874
21
0.3643259842519685
0
LINE
8
BLACK
6
CONTINUOUS
10
0.603648937007874
20
0.3643259842519685
11
0.6104555118110236
21
0.3606877952755905
0
LINE
8
BLACK
6
CONTINUOUS
10
0.6104555118110236
20
0.3606877952755905
11
0.6164215354330709
21
0.3557916141732284
0
LINE
8
BLACK
6
CONTINUOUS
10
0.6164215354330709
20
0.3557916141732284
11
0.6213177165354331
21
0.3498255905511811
0
LINE
8
BLACK
6
CONTINUOUS
10
0.6213177165354331
20
0.3498255905511811
11
0.624955905511811
21
0.3430190157480315
0
LINE
8
BLACK
6
CONTINUOUS
10
0.624955905511811
20
0.3430190157480315
11
0.6271962598425197
21
0.3356334645669291
0
LINE
8
BLACK
6
CONTINUOUS
10
0.6271962598425197
20
0.3356334645669291
11
0.6279527559055118
21
0.3279527559055118
0
LINE
8
BLACK
6
CONTINUOUS
10
0.6279527559055118
20
0.3279527559055118
11
0.6271962598425197
21
0.3202720472440945
0
LINE
8
BLACK
6
CONTINUOUS
10
0.6271962598425197
20
0.3202720472440945
11
0.624955905511811
21
0.3128864960629921
0
LINE
8
BLACK
6
CONTINUOUS
10
0.624955905511811
20
0.3128864960629921
11
0.6213177165354331
21
0.3060799212598425
0
LINE
8
BLACK
6
CONTINUOUS
10
0.6213177165354331
20
0.3060799212598425
11
0.6164215354330709
21
0.3001138976377953
0
LINE
8
BLACK
6
CONTINUOUS
10
0.6164215354330709
20
0.3001138976377953
11
0.6104555118110236
21
0.2952177165354331
0
LINE
8
BLACK
6
CONTINUOUS
10
0.6104555118110236
20
0.2952177165354331
11
0.603648937007874
21
0.2915795275590551
0
LINE
8
BLACK
6
CONTINUOUS
10
0.603648937007874
20
0.2915795275590551
11
0.5962633858267716
21
0.2893391732283465
0
LINE
8
BLACK
6
CONTINUOUS
10
0.5962633858267716
20
0.2893391732283465
11
0.5885826771653543
21
0.2885826771653544
0
LINE
8
BLACK
6
CONTINUOUS
10
0.5885826771653543
20
0.2885826771653544
11
0.580901968503937
21
0.2893391732283465
0
LINE
8
BLACK
6
CONTINUOUS
10
0.580901968503937
20
0.2893391732283465
11
0.5735164173228346
21
0.2915795275590551
0
LINE
8
BLACK
6
CONTINUOUS
10
0.5735164173228346
20
0.2915795275590551
11
0.566709842519685
21
0.2952177165354331
0
LINE
8
BLACK
6
CONTINUOUS
10
0.566709842519685
20
0.2952177165354331
11
0.5607438188976378
21
0.3001138976377953
0
LINE
8
BLACK
6
CONTINUOUS
10
0.5607438188976378
20
0.3001138976377953
11
0.5558476377952756
21
0.3060799212598425
0
LINE
8
BLACK
6
CONTINUOUS
10
0.5558476377952756
20
0.3060799212598425
11
0.5522094488188977
21
0.3128864960629921
0
LINE
8
BLACK
6
CONTINUOUS
10
0.5522094488188977
20
0.3128864960629921
11
0.549969094488189
21
0.3202720472440945
0
LINE
8
BLACK
6
CONTINUOUS
10
0.549969094488189
20
0.3202720472440945
11
0.5492125984251969
21
0.3279527559055118
0
LINE
8
BLACK
6
CONTINUOUS
10
0.5492125984251969
20
0.3279527559055118
11
0.549969094488189
21
0.3356334645669291
0
LINE
8
BLACK
6
CONTINUOUS
10
0.549969094488189
20
0.3356334645669291
11
0.5522094488188977
21
0.3430190157480315
0
LINE
8
BLACK
6
CONTINUOUS
10
0.5522094488188977
20
0.3430190157480315
11
0.5558476377952756
21
0.3498255905511811
0
LINE
8
BLACK
6
CONTINUOUS
10
0.5558476377952756
20
0.3498255905511811
11
0.5607438188976378
21
0.3557916141732284
0
LINE
8
BLACK
6
CONTINUOUS
10
0.5607438188976378
20
0.3557916141732284
11
0.566709842519685
21
0.3606877952755905
0
LINE
8
BLACK
6
CONTINUOUS
10
0.566709842519685
20
0.3606877952755905
11
0.5735164173228346
21
0.3643259842519685
0
LINE
8
BLACK
6
CONTINUOUS
10
0.5735164173228346
20
0.3643259842519685
11
0.580901968503937
21
0.3665663385826772
0
LINE
8
BLACK
6
CONTINUOUS
10
0.580901968503937
20
0.3665663385826772
11
0.5885826771653543
21
0.3673228346456693
0
LINE
8
BLACK
6
CONTINUOUS
10
0.5885826771653543
20
0.3673228346456693
11
0.5962633858267716
21
0.3665663385826772
0
LINE
8
BLACK
6
CONTINUOUS
10
0.719098031496063
20
0.3665663385826772
11
0.7264835826771653
21
0.3643259842519685
0
LINE
8
BLACK
6
CONTINUOUS
10
0.7264835826771653
20
0.3643259842519685
11
0.7332901574803149
21
0.3606877952755905
0
LINE
8
BLACK
6
CONTINUOUS
10
0.7332901574803149
20
0.3606877952755905
11
0.7392561811023622
21
0.3557916141732284
0
LINE
8
BLACK
6
CONTINUOUS
10
0.7392561811023622
20
0.3557916141732284
11
0.7441523622047244
21
0.3498255905511811
0
LINE
8
BLACK
6
CONTINUOUS
10
0.7441523622047244
20
0.3498255905511811
11
0.7477905511811024
21
0.3430190157480315
0
LINE
8
BLACK
6
CONTINUOUS
10
0.7477905511811024
20
0.3430190157480315
11
0.750030905511811
21
0.3356334645669291
0
LINE
8
BLACK
6
CONTINUOUS
10
0.750030905511811
20
0.3356334645669291
11
0.7507874015748032
21
0.3279527559055118
0
LINE
8
BLACK
6
CONTINUOUS
10
0.7507874015748032
20
0.3279527559055118
11
0.750030905511811
21
0.3202720472440945
0
LINE
8
BLACK
6
CONTINUOUS
10
0.750030905511811
20
0.3202720472440945
11
0.7477905511811024
21
0.3128864960629921
0
LINE
8
BLACK
6
CONTINUOUS
10
0.7477905511811024
20
0.3128864960629921
11
0.7441523622047244
21
0.3060799212598425
0
LINE
8
BLACK
6
CONTINUOUS
10
0.7441523622047244
20
0.3060799212598425
11
0.7392561811023622
21
0.3001138976377953
0
LINE
8
BLACK
6
CONTINUOUS
10
0.7392561811023622
20
0.3001138976377953
11
0.7332901574803149
21
0.2952177165354331
0
LINE
8
BLACK
6
CONTINUOUS
10
0.7332901574803149
20
0.2952177165354331
11
0.7264835826771653
21
0.2915795275590551
0
LINE
8
BLACK
6
CONTINUOUS
10
0.7264835826771653
20
0.2915795275590551
11
0.719098031496063
21
0.2893391732283465
0
LINE
8
BLACK
6
CONTINUOUS
10
0.719098031496063
20
0.2893391732283465
11
0.7114173228346456
21
0.2885826771653544
0
LINE
8
BLACK
6
CONTINUOUS
10
0.7114173228346456
20
0.2885826771653544
11
0.7037366141732283
21
0.2893391732283465
0
LINE
8
BLACK
6
CONTINUOUS
10
0.7037366141732283
20
0.2893391732283465
11
0.696351062992126
21
0.2915795275590551
0
LINE
8
BLACK
6
CONTINUOUS
10
0.696351062992126
20
0.2915795275590551
11
0.6895444881889764
21
0.2952177165354331
0
LINE
8
BLACK
6
CONTINUOUS
10
0.6895444881889764
20
0.2952177165354331
11
0.6835784645669292
21
0.3001138976377953
0
LINE
8
BLACK
6
CONTINUOUS
10
0.6835784645669292
20
0.3001138976377953
11
0.6786822834645669
21
0.3060799212598425
0
LINE
8
BLACK
6
CONTINUOUS
10
0.6786822834645669
20
0.3060799212598425
11
0.6750440944881889
21
0.3128864960629921
0
LINE
8
BLACK
6
CONTINUOUS
10
0.6750440944881889
20
0.3128864960629921
11
0.6728037401574803
21
0.3202720472440945
0
LINE
8
BLACK
6
CONTINUOUS
10
0.6728037401574803
20
0.3202720472440945
11
0.6720472440944881
21
0.3279527559055118
0
LINE
8
BLACK
6
CONTINUOUS
10
0.6720472440944881
20
0.3279527559055118
11
0.6728037401574803
21
0.3356334645669291
0
LINE
8
BLACK
6
CONTINUOUS
10
0.6728037401574803
20
0.3356334645669291
11
0.6750440944881889
21
0.3430190157480315
0
LINE
8
BLACK
6
CONTINUOUS
10
0.6750440944881889
20
0.3430190157480315
11
0.6786822834645669
21
0.3498255905511811
0
LINE
8
BLACK
6
CONTINUOUS
10
0.6786822834645669
20
0.3498255905511811
11
0.6835784645669292
21
0.3557916141732284
0
LINE
8
BLACK
6
CONTINUOUS
10
0.6835784645669292
20
0.3557916141732284
11
0.6895444881889764
21
0.3606877952755905
0
LINE
8
BLACK
6
CONTINUOUS
10
0.6895444881889764
20
0.3606877952755905
11
0.696351062992126
21
0.3643259842519685
0
LINE
8
BLACK
6
CONTINUOUS
10
0.696351062992126
20
0.3643259842519685
11
0.7037366141732283
21
0.3665663385826772
0
LINE
8
BLACK
6
CONTINUOUS
10
0.7037366141732283
20
0.3665663385826772
11
0.7114173228346456
21
0.3673228346456693
0
LINE
8
BLACK
6
CONTINUOUS
10
0.7114173228346456
20
0.3673228346456693
11
0.719098031496063
21
0.3665663385826772
0
LINE
8
BLACK
6
CONTINUOUS
10
0.8962633858267717
20
0.3665663385826772
11
0.903648937007874
21
0.3643259842519685
0
LINE
8
BLACK
6
CONTINUOUS
10
0.903648937007874
20
0.3643259842519685
11
0.9104555118110236
21
0.3606877952755905
0
LINE
8
BLACK
6
CONTINUOUS
10
0.9104555118110236
20
0.3606877952755905
11
0.9164215354330708
21
0.3557916141732284
0
LINE
8
BLACK
6
CONTINUOUS
10
0.9164215354330708
20
0.3557916141732284
11
0.921317716535433
21
0.3498255905511811
0
LINE
8
BLACK
6
CONTINUOUS
10
0.921317716535433
20
0.3498255905511811
11
0.9249559055118109
21
0.3430190157480315
0
LINE
8
BLACK
6
CONTINUOUS
10
0.9249559055118109
20
0.3430190157480315
11
0.9271962598425196
21
0.3356334645669291
0
LINE
8
BLACK
6
CONTINUOUS
10
0.9271962598425196
20
0.3356334645669291
11
0.9279527559055117
21
0.3279527559055118
0
LINE
8
BLACK
6
CONTINUOUS
10
0.9279527559055117
20
0.3279527559055118
11
0.9271962598425196
21
0.3202720472440945
0
LINE
8
BLACK
6
CONTINUOUS
10
0.9271962598425196
20
0.3202720472440945
11
0.9249559055118109
21
0.3128864960629921
0
LINE
8
BLACK
6
CONTINUOUS
10
0.9249559055118109
20
0.3128864960629921
11
0.921317716535433
21
0.3060799212598425
0
LINE
8
BLACK
6
CONTINUOUS
10
0.921317716535433
20
0.3060799212598425
11
0.9164215354330708
21
0.3001138976377953
0
LINE
8
BLACK
6
CONTINUOUS
10
0.9164215354330708
20
0.3001138976377953
11
0.9104555118110236
21
0.2952177165354331
0
LINE
8
BLACK
6
CONTINUOUS
10
0.9104555118110236
20
0.2952177165354331
11
0.903648937007874
21
0.2915795275590551
0
LINE
8
BLACK
6
CONTINUOUS
10
0.903648937007874
20
0.2915795275590551
11
0.8962633858267717
21
0.2893391732283465
0
LINE
8
BLACK
6
CONTINUOUS
10
0.8962633858267717
20
0.2893391732283465
11
0.8885826771653543
21
0.2885826771653544
0
LINE
8
BLACK
6
CONTINUOUS
10
0.8885826771653543
20
0.2885826771653544
11
0.880901968503937
21
0.2893391732283465
0
LINE
8
BLACK
6
CONTINUOUS
10
0.880901968503937
20
0.2893391732283465
11
0.8735164173228346
21
0.2915795275590551
0
LINE
8
BLACK
6
CONTINUOUS
10
0.8735164173228346
20
0.2915795275590551
11
0.866709842519685
21
0.2952177165354331
0
LINE
8
BLACK
6
CONTINUOUS
10
0.866709842519685
20
0.2952177165354331
11
0.8607438188976377
21
0.3001138976377953
0
LINE
8
BLACK
6
CONTINUOUS
10
0.8607438188976377
20
0.3001138976377953
11
0.8558476377952756
21
0.3060799212598425
0
LINE
8
BLACK
6
CONTINUOUS
10
0.8558476377952756
20
0.3060799212598425
11
0.8522094488188976
21
0.3128864960629921
0
LINE
8
BLACK
6
CONTINUOUS
10
0.8522094488188976
20
0.3128864960629921
11
0.8499690944881889
21
0.3202720472440945
0
LINE
8
BLACK
6
CONTINUOUS
10
0.8499690944881889
20
0.3202720472440945
11
0.8492125984251968
21
0.3279527559055118
0
LINE
8
BLACK
6
CONTINUOUS
10
0.8492125984251968
20
0.3279527559055118
11
0.8499690944881889
21
0.3356334645669291
0
LINE
8
BLACK
6
CONTINUOUS
10
0.8499690944881889
20
0.3356334645669291
11
0.8522094488188976
21
0.3430190157480315
0
LINE
8
BLACK
6
CONTINUOUS
10
0.8522094488188976
20
0.3430190157480315
11
0.8558476377952756
21
0.3498255905511811
0
LINE
8
BLACK
6
CONTINUOUS
10
0.8558476377952756
20
0.3498255905511811
11
0.8607438188976377
21
0.3557916141732284
0
LINE
8
BLACK
6
CONTINUOUS
10
0.8607438188976377
20
0.3557916141732284
11
0.866709842519685
21
0.3606877952755905
0
LINE
8
BLACK
6
CONTINUOUS
10
0.866709842519685
20
0.3606877952755905
11
0.8735164173228346
21
0.3643259842519685
0
LINE
8
BLACK
6
CONTINUOUS
10
0.8735164173228346
20
0.3643259842519685
11
0.880901968503937
21
0.3665663385826772
0
LINE
8
BLACK
6
CONTINUOUS
10
0.880901968503937
20
0.3665663385826772
11
0.8885826771653543
21
0.3673228346456693
0
LINE
8
BLACK
6
CONTINUOUS
10
0.8885826771653543
20
0.3673228346456693
11
0.8962633858267717
21
0.3665663385826772
0
LINE
8
BLACK
6
CONTINUOUS
10
1.8834645669291339
20
0.3665354330708661
11
1.8165354330708661
21
0.3665354330708661
0
LINE
8
BLACK
6
CONTINUOUS
10
1.8165354330708661
20
0.3665354330708661
11
1.8165354330708661
21
0.4334645669291338
0
LINE
8
BLACK
6
CONTINUOUS
10
1.8165354330708661
20
0.4334645669291338
11
1.8834645669291339
21
0.4334645669291338
0
LINE
8
BLACK
6
CONTINUOUS
10
1.8834645669291339
20
0.4334645669291338
11
1.8834645669291339
21
0.3665354330708661
0
LINE
8
BLACK
6
CONTINUOUS
10
1.7603411023622046
20
0.4318266929133858
11
1.7667322834645669
21
0.4289811811023622
0
LINE
8
BLACK
6
CONTINUOUS
10
1.7667322834645669
20
0.4289811811023622
11
1.7723921653543306
21
0.4248690157480315
0
LINE
8
BLACK
6
CONTINUOUS
10
1.7723921653543306
20
0.4248690157480315
11
1.7770733858267715
21
0.4196699606299212
0
LINE
8
BLACK
6
CONTINUOUS
10
1.7770733858267715
20
0.4196699606299212
11
1.7805714173228346
21
0.4136112598425197
0
LINE
8
BLACK
6
CONTINUOUS
10
1.7805714173228346
20
0.4136112598425197
11
1.7827332677165353
21
0.4069576771653543
0
LINE
8
BLACK
6
CONTINUOUS
10
1.7827332677165353
20
0.4069576771653543
11
1.7834645669291338
21
0.4
0
LINE
8
BLACK
6
CONTINUOUS
10
1.7834645669291338
20
0.4
11
1.7827332677165353
21
0.3930423228346457
0
LINE
8
BLACK
6
CONTINUOUS
10
1.7827332677165353
20
0.3930423228346457
11
1.7805714173228346
21
0.3863887401574803
0
LINE
8
BLACK
6
CONTINUOUS
10
1.7805714173228346
20
0.3863887401574803
11
1.7770733858267715
21
0.3803300393700788
0
LINE
8
BLACK
6
CONTINUOUS
10
1.7770733858267715
20
0.3803300393700788
11
1.7723921653543306
21
0.3751309842519685
0
LINE
8
BLACK
6
CONTINUOUS
10
1.7723921653543306
20
0.3751309842519685
11
1.7667322834645669
21
0.3710188188976378
0
LINE
8
BLACK
6
CONTINUOUS
10
1.7667322834645669
20
0.3710188188976378
11
1.7603411023622046
21
0.3681733070866142
0
LINE
8
BLACK
6
CONTINUOUS
10
1.7603411023622046
20
0.3681733070866142
11
1.7534979921259841
21
0.3667187401574803
0
LINE
8
BLACK
6
CONTINUOUS
10
1.7534979921259841
20
0.3667187401574803
11
1.7465020078740157
21
0.3667187401574803
0
LINE
8
BLACK
6
CONTINUOUS
10
1.7465020078740157
20
0.3667187401574803
11
1.7396588976377951
21
0.3681733070866142
0
LINE
8
BLACK
6
CONTINUOUS
10
1.7396588976377951
20
0.3681733070866142
11
1.7332677165354331
21
0.3710188188976378
0
LINE
8
BLACK
6
CONTINUOUS
10
1.7332677165354331
20
0.3710188188976378
11
1.7276078346456694
21
0.3751309842519685
0
LINE
8
BLACK
6
CONTINUOUS
10
1.7276078346456694
20
0.3751309842519685
11
1.7229266141732282
21
0.3803300393700788
0
LINE
8
BLACK
6
CONTINUOUS
10
1.7229266141732282
20
0.3803300393700788
11
1.7194285826771654
21
0.3863887401574803
0
LINE
8
BLACK
6
CONTINUOUS
10
1.7194285826771654
20
0.3863887401574803
11
1.7172667322834645
21
0.3930423228346457
0
LINE
8
BLACK
6
CONTINUOUS
10
1.7172667322834645
20
0.3930423228346457
11
1.7165354330708662
21
0.4
0
LINE
8
BLACK
6
CONTINUOUS
10
1.7165354330708662
20
0.4
11
1.7172667322834645
21
0.4069576771653543
0
LINE
8
BLACK
6
CONTINUOUS
10
1.7172667322834645
20
0.4069576771653543
11
1.7194285826771654
21
0.4136112598425197
0
LINE
8
BLACK
6
CONTINUOUS
10
1.7194285826771654
20
0.4136112598425197
11
1.7229266141732282
21
0.4196699606299212
0
LINE
8
BLACK
6
CONTINUOUS
10
1.7229266141732282
20
0.4196699606299212
11
1.7276078346456694
21
0.4248690157480315
0
LINE
8
BLACK
6
CONTINUOUS
10
1.7276078346456694
20
0.4248690157480315
11
1.7332677165354331
21
0.4289811811023622
0
LINE
8
BLACK
6
CONTINUOUS
10
1.7332677165354331
20
0.4289811811023622
11
1.7396588976377951
21
0.4318266929133858
0
LINE
8
BLACK
6
CONTINUOUS
10
1.7396588976377951
20
0.4318266929133858
11
1.7465020078740157
21
0.4332812598425197
0
LINE
8
BLACK
6
CONTINUOUS
10
1.7465020078740157
20
0.4332812598425197
11
1.7534979921259841
21
0.4332812598425197
0
LINE
8
BLACK
6
CONTINUOUS
10
1.7534979921259841
20
0.4332812598425197
11
1.7603411023622046
21
0.4318266929133858
0
LINE
8
BLACK
6
CONTINUOUS
10
0.4289634251968504
20
0.4685421259842519
11
0.4321565748031496
21
0.4664085433070866
0
LINE
8
BLACK
6
CONTINUOUS
10
0.4321565748031496
20
0.4664085433070866
11
0.434290157480315
21
0.4632153937007874
0
LINE
8
BLACK
6
CONTINUOUS
10
0.434290157480315
20
0.4632153937007874
11
0.4350393700787402
21
0.4594488188976378
0
LINE
8
BLACK
6
CONTINUOUS
10
0.4350393700787402
20
0.4594488188976378
11
0.4350393700787402
21
0.4240157480314961
0
LINE
8
BLACK
6
CONTINUOUS
10
0.4350393700787402
20
0.4240157480314961
11
0.434290157480315
21
0.4202491732283464
0
LINE
8
BLACK
6
CONTINUOUS
10
0.434290157480315
20
0.4202491732283464
11
0.4321565748031496
21
0.4170560236220472
0
LINE
8
BLACK
6
CONTINUOUS
10
0.4321565748031496
20
0.4170560236220472
11
0.4289634251968504
21
0.4149224409448819
0
LINE
8
BLACK
6
CONTINUOUS
10
0.4289634251968504
20
0.4149224409448819
11
0.4251968503937008
21
0.4141732283464567
0
LINE
8
BLACK
6
CONTINUOUS
10
0.4251968503937008
20
0.4141732283464567
11
0.3996062992125984
21
0.4141732283464567
0
LINE
8
BLACK
6
CONTINUOUS
10
0.3996062992125984
20
0.4141732283464567
11
0.3958397244094488
21
0.4149224409448819
0
LINE
8
BLACK
6
CONTINUOUS
10
0.3958397244094488
20
0.4149224409448819
11
0.3926465748031496
21
0.4170560236220472
0
LINE
8
BLACK
6
CONTINUOUS
10
0.3926465748031496
20
0.4170560236220472
11
0.3905129921259842
21
0.4202491732283464
0
LINE
8
BLACK
6
CONTINUOUS
10
0.3905129921259842
20
0.4202491732283464
11
0.389763779527559
21
0.4240157480314961
0
LINE
8
BLACK
6
CONTINUOUS
10
0.389763779527559
20
0.4240157480314961
11
0.389763779527559
21
0.4594488188976378
0
LINE
8
BLACK
6
CONTINUOUS
10
0.389763779527559
20
0.4594488188976378
11
0.3905129921259842
21
0.4632153937007874
0
LINE
8
BLACK
6
CONTINUOUS
10
0.3905129921259842
20
0.4632153937007874
11
0.3926465748031496
21
0.4664085433070866
0
LINE
8
BLACK
6
CONTINUOUS
10
0.3926465748031496
20
0.4664085433070866
11
0.3958397244094488
21
0.4685421259842519
0
LINE
8
BLACK
6
CONTINUOUS
10
0.3958397244094488
20
0.4685421259842519
11
0.3996062992125984
21
0.4692913385826771
0
LINE
8
BLACK
6
CONTINUOUS
10
0.3996062992125984
20
0.4692913385826771
11
0.4251968503937008
21
0.4692913385826771
0
LINE
8
BLACK
6
CONTINUOUS
10
0.4251968503937008
20
0.4692913385826771
11
0.4289634251968504
21
0.4685421259842519
0
LINE
8
BLACK
6
CONTINUOUS
10
0.5096720866141732
20
0.4685421259842519
11
0.5128652362204724
21
0.4664085433070866
0
LINE
8
BLACK
6
CONTINUOUS
10
0.5128652362204724
20
0.4664085433070866
11
0.5149988188976378
21
0.4632153937007874
0
LINE
8
BLACK
6
CONTINUOUS
10
0.5149988188976378
20
0.4632153937007874
11
0.515748031496063
21
0.4594488188976378
0
LINE
8
BLACK
6
CONTINUOUS
10
0.515748031496063
20
0.4594488188976378
11
0.515748031496063
21
0.4240157480314961
0
LINE
8
BLACK
6
CONTINUOUS
10
0.515748031496063
20
0.4240157480314961
11
0.5149988188976378
21
0.4202491732283464
0
LINE
8
BLACK
6
CONTINUOUS
10
0.5149988188976378
20
0.4202491732283464
11
0.5128652362204724
21
0.4170560236220472
0
LINE
8
BLACK
6
CONTINUOUS
10
0.5128652362204724
20
0.4170560236220472
11
0.5096720866141732
21
0.4149224409448819
0
LINE
8
BLACK
6
CONTINUOUS
10
0.5096720866141732
20
0.4149224409448819
11
0.5059055118110236
21
0.4141732283464567
0
LINE
8
BLACK
6
CONTINUOUS
10
0.5059055118110236
20
0.4141732283464567
11
0.4803149606299212
21
0.4141732283464567
0
LINE
8
BLACK
6
CONTINUOUS
10
0.4803149606299212
20
0.4141732283464567
11
0.4765483858267717
21
0.4149224409448819
0
LINE
8
BLACK
6
CONTINUOUS
10
0.4765483858267717
20
0.4149224409448819
11
0.4733552362204724
21
0.4170560236220472
0
LINE
8
BLACK
6
CONTINUOUS
10
0.4733552362204724
20
0.4170560236220472
11
0.4712216535433071
21
0.4202491732283464
0
LINE
8
BLACK
6
CONTINUOUS
10
0.4712216535433071
20
0.4202491732283464
11
0.4704724409448819
21
0.4240157480314961
0
LINE
8
BLACK
6
CONTINUOUS
10
0.4704724409448819
20
0.4240157480314961
11
0.4704724409448819
21
0.4594488188976378
0
LINE
8
BLACK
6
CONTINUOUS
10
0.4704724409448819
20
0.4594488188976378
11
0.4712216535433071
21
0.4632153937007874
0
LINE
8
BLACK
6
CONTINUOUS
10
0.4712216535433071
20
0.4632153937007874
11
0.4733552362204724
21
0.4664085433070866
0
LINE
8
BLACK
6
CONTINUOUS
10
0.4733552362204724
20
0.4664085433070866
11
0.4765483858267717
21
0.4685421259842519
0
LINE
8
BLACK
6
CONTINUOUS
10
0.4765483858267717
20
0.4685421259842519
11
0.4803149606299212
21
0.4692913385826771
0
LINE
8
BLACK
6
CONTINUOUS
10
0.4803149606299212
20
0.4692913385826771
11
0.5059055118110236
21
0.4692913385826771
0
LINE
8
BLACK
6
CONTINUOUS
10
0.5059055118110236
20
0.4692913385826771
11
0.5096720866141732
21
0.4685421259842519
0
LINE
8
BLACK
6
CONTINUOUS
10
0.2603411023622047
20
0.5818266929133858
11
0.2667322834645669
21
0.5789811811023622
0
LINE
8
BLACK
6
CONTINUOUS
10
0.2667322834645669
20
0.5789811811023622
11
0.2723921653543307
21
0.5748690157480315
0
LINE
8
BLACK
6
CONTINUOUS
10
0.2723921653543307
20
0.5748690157480315
11
0.2770733858267717
21
0.5696699606299213
0
LINE
8
BLACK
6
CONTINUOUS
10
0.2770733858267717
20
0.5696699606299213
11
0.2805714173228346
21
0.5636112598425197
0
LINE
8
BLACK
6
CONTINUOUS
10
0.2805714173228346
20
0.5636112598425197
11
0.2827332677165355
21
0.5569576771653543
0
LINE
8
BLACK
6
CONTINUOUS
10
0.2827332677165355
20
0.5569576771653543
11
0.2834645669291339
21
0.5499999999999999
0
LINE
8
BLACK
6
CONTINUOUS
10
0.2834645669291339
20
0.5499999999999999
11
0.2827332677165355
21
0.5430423228346457
0
LINE
8
BLACK
6
CONTINUOUS
10
0.2827332677165355
20
0.5430423228346457
11
0.2805714173228346
21
0.5363887401574803
0
LINE
8
BLACK
6
CONTINUOUS
10
0.2805714173228346
20
0.5363887401574803
11
0.2770733858267717
21
0.5303300393700787
0
LINE
8
BLACK
6
CONTINUOUS
10
0.2770733858267717
20
0.5303300393700787
11
0.2723921653543307
21
0.5251309842519685
0
LINE
8
BLACK
6
CONTINUOUS
10
0.2723921653543307
20
0.5251309842519685
11
0.2667322834645669
21
0.5210188188976378
0
LINE
8
BLACK
6
CONTINUOUS
10
0.2667322834645669
20
0.5210188188976378
11
0.2603411023622047
21
0.5181733070866141
0
LINE
8
BLACK
6
CONTINUOUS
10
0.2603411023622047
20
0.5181733070866141
11
0.2534979921259842
21
0.5167187401574803
0
LINE
8
BLACK
6
CONTINUOUS
10
0.2534979921259842
20
0.5167187401574803
11
0.2465020078740157
21
0.5167187401574803
0
LINE
8
BLACK
6
CONTINUOUS
10
0.2465020078740157
20
0.5167187401574803
11
0.2396588976377953
21
0.5181733070866141
0
LINE
8
BLACK
6
CONTINUOUS
10
0.2396588976377953
20
0.5181733070866141
11
0.2332677165354331
21
0.5210188188976378
0
LINE
8
BLACK
6
CONTINUOUS
10
0.2332677165354331
20
0.5210188188976378
11
0.2276078346456693
21
0.5251309842519685
0
LINE
8
BLACK
6
CONTINUOUS
10
0.2276078346456693
20
0.5251309842519685
11
0.2229266141732283
21
0.5303300393700787
0
LINE
8
BLACK
6
CONTINUOUS
10
0.2229266141732283
20
0.5303300393700787
11
0.2194285826771654
21
0.5363887401574803
0
LINE
8
BLACK
6
CONTINUOUS
10
0.2194285826771654
20
0.5363887401574803
11
0.2172667322834646
21
0.5430423228346457
0
LINE
8
BLACK
6
CONTINUOUS
10
0.2172667322834646
20
0.5430423228346457
11
0.2165354330708661
21
0.5499999999999999
0
LINE
8
BLACK
6
CONTINUOUS
10
0.2165354330708661
20
0.5499999999999999
11
0.2172667322834646
21
0.5569576771653543
0
LINE
8
BLACK
6
CONTINUOUS
10
0.2172667322834646
20
0.5569576771653543
11
0.2194285826771654
21
0.5636112598425197
0
LINE
8
BLACK
6
CONTINUOUS
10
0.2194285826771654
20
0.5636112598425197
11
0.2229266141732283
21
0.5696699606299213
0
LINE
8
BLACK
6
CONTINUOUS
10
0.2229266141732283
20
0.5696699606299213
11
0.2276078346456693
21
0.5748690157480315
0
LINE
8
BLACK
6
CONTINUOUS
10
0.2276078346456693
20
0.5748690157480315
11
0.2332677165354331
21
0.5789811811023622
0
LINE
8
BLACK
6
CONTINUOUS
10
0.2332677165354331
20
0.5789811811023622
11
0.2396588976377953
21
0.5818266929133858
0
LINE
8
BLACK
6
CONTINUOUS
10
0.2396588976377953
20
0.5818266929133858
11
0.2465020078740157
21
0.5832812598425197
0
LINE
8
BLACK
6
CONTINUOUS
10
0.2465020078740157
20
0.5832812598425197
11
0.2534979921259842
21
0.5832812598425197
0
LINE
8
BLACK
6
CONTINUOUS
10
0.2534979921259842
20
0.5832812598425197
11
0.2603411023622047
21
0.5818266929133858
0
LINE
8
BLACK
6
CONTINUOUS
10
0.3603411023622047
20
0.5818266929133858
11
0.3667322834645669
21
0.5789811811023622
0
LINE
8
BLACK
6
CONTINUOUS
10
0.3667322834645669
20
0.5789811811023622
11
0.3723921653543307
21
0.5748690157480315
0
LINE
8
BLACK
6
CONTINUOUS
10
0.3723921653543307
20
0.5748690157480315
11
0.3770733858267716
21
0.5696699606299213
0
LINE
8
BLACK
6
CONTINUOUS
10
0.3770733858267716
20
0.5696699606299213
11
0.3805714173228346
21
0.5636112598425197
0
LINE
8
BLACK
6
CONTINUOUS
10
0.3805714173228346
20
0.5636112598425197
11
0.3827332677165354
21
0.5569576771653543
0
LINE
8
BLACK
6
CONTINUOUS
10
0.3827332677165354
20
0.5569576771653543
11
0.3834645669291338
21
0.5499999999999999
0
LINE
8
BLACK
6
CONTINUOUS
10
0.3834645669291338
20
0.5499999999999999
11
0.3827332677165354
21
0.5430423228346457
0
LINE
8
BLACK
6
CONTINUOUS
10
0.3827332677165354
20
0.5430423228346457
11
0.3805714173228346
21
0.5363887401574803
0
LINE
8
BLACK
6
CONTINUOUS
10
0.3805714173228346
20
0.5363887401574803
11
0.3770733858267716
21
0.5303300393700787
0
LINE
8
BLACK
6
CONTINUOUS
10
0.3770733858267716
20
0.5303300393700787
11
0.3723921653543307
21
0.5251309842519685
0
LINE
8
BLACK
6
CONTINUOUS
10
0.3723921653543307
20
0.5251309842519685
11
0.3667322834645669
21
0.5210188188976378
0
LINE
8
BLACK
6
CONTINUOUS
10
0.3667322834645669
20
0.5210188188976378
11
0.3603411023622047
21
0.5181733070866141
0
LINE
8
BLACK
6
CONTINUOUS
10
0.3603411023622047
20
0.5181733070866141
11
0.3534979921259843
21
0.5167187401574803
0
LINE
8
BLACK
6
CONTINUOUS
10
0.3534979921259843
20
0.5167187401574803
11
0.3465020078740157
21
0.5167187401574803
0
LINE
8
BLACK
6
CONTINUOUS
10
0.3465020078740157
20
0.5167187401574803
11
0.3396588976377953
21
0.5181733070866141
0
LINE
8
BLACK
6
CONTINUOUS
10
0.3396588976377953
20
0.5181733070866141
11
0.3332677165354331
21
0.5210188188976378
0
LINE
8
BLACK
6
CONTINUOUS
10
0.3332677165354331
20
0.5210188188976378
11
0.3276078346456693
21
0.5251309842519685
0
LINE
8
BLACK
6
CONTINUOUS
10
0.3276078346456693
20
0.5251309842519685
11
0.3229266141732283
21
0.5303300393700787
0
LINE
8
BLACK
6
CONTINUOUS
10
0.3229266141732283
20
0.5303300393700787
11
0.3194285826771653
21
0.5363887401574803
0
LINE
8
BLACK
6
CONTINUOUS
10
0.3194285826771653
20
0.5363887401574803
11
0.3172667322834646
21
0.5430423228346457
0
LINE
8
BLACK
6
CONTINUOUS
10
0.3172667322834646
20
0.5430423228346457
11
0.3165354330708661
21
0.5499999999999999
0
LINE
8
BLACK
6
CONTINUOUS
10
0.3165354330708661
20
0.5499999999999999
11
0.3172667322834646
21
0.5569576771653543
0
LINE
8
BLACK
6
CONTINUOUS
10
0.3172667322834646
20
0.5569576771653543
11
0.3194285826771653
21
0.5636112598425197
0
LINE
8
BLACK
6
CONTINUOUS
10
0.3194285826771653
20
0.5636112598425197
11
0.3229266141732283
21
0.5696699606299213
0
LINE
8
BLACK
6
CONTINUOUS
10
0.3229266141732283
20
0.5696699606299213
11
0.3276078346456693
21
0.5748690157480315
0
LINE
8
BLACK
6
CONTINUOUS
10
0.3276078346456693
20
0.5748690157480315
11
0.3332677165354331
21
0.5789811811023622
0
LINE
8
BLACK
6
CONTINUOUS
10
0.3332677165354331
20
0.5789811811023622
11
0.3396588976377953
21
0.5818266929133858
0
LINE
8
BLACK
6
CONTINUOUS
10
0.3396588976377953
20
0.5818266929133858
11
0.3465020078740157
21
0.5832812598425197
0
LINE
8
BLACK
6
CONTINUOUS
10
0.3465020078740157
20
0.5832812598425197
11
0.3534979921259843
21
0.5832812598425197
0
LINE
8
BLACK
6
CONTINUOUS
10
0.3534979921259843
20
0.5832812598425197
11
0.3603411023622047
21
0.5818266929133858
0
LINE
8
BLACK
6
CONTINUOUS
10
0.4603411023622047
20
0.5818266929133858
11
0.4667322834645669
21
0.5789811811023622
0
LINE
8
BLACK
6
CONTINUOUS
10
0.4667322834645669
20
0.5789811811023622
11
0.4723921653543307
21
0.5748690157480315
0
LINE
8
BLACK
6
CONTINUOUS
10
0.4723921653543307
20
0.5748690157480315
11
0.4770733858267717
21
0.5696699606299213
0
LINE
8
BLACK
6
CONTINUOUS
10
0.4770733858267717
20
0.5696699606299213
11
0.4805714173228346
21
0.5636112598425197
0
LINE
8
BLACK
6
CONTINUOUS
10
0.4805714173228346
20
0.5636112598425197
11
0.4827332677165354
21
0.5569576771653543
0
LINE
8
BLACK
6
CONTINUOUS
10
0.4827332677165354
20
0.5569576771653543
11
0.4834645669291339
21
0.5499999999999999
0
LINE
8
BLACK
6
CONTINUOUS
10
0.4834645669291339
20
0.5499999999999999
11
0.4827332677165354
21
0.5430423228346457
0
LINE
8
BLACK
6
CONTINUOUS
10
0.4827332677165354
20
0.5430423228346457
11
0.4805714173228346
21
0.5363887401574803
0
LINE
8
BLACK
6
CONTINUOUS
10
0.4805714173228346
20
0.5363887401574803
11
0.4770733858267717
21
0.5303300393700787
0
LINE
8
BLACK
6
CONTINUOUS
10
0.4770733858267717
20
0.5303300393700787
11
0.4723921653543307
21
0.5251309842519685
0
LINE
8
BLACK
6
CONTINUOUS
10
0.4723921653543307
20
0.5251309842519685
11
0.4667322834645669
21
0.5210188188976378
0
LINE
8
BLACK
6
CONTINUOUS
10
0.4667322834645669
20
0.5210188188976378
11
0.4603411023622047
21
0.5181733070866141
0
LINE
8
BLACK
6
CONTINUOUS
10
0.4603411023622047
20
0.5181733070866141
11
0.4534979921259842
21
0.5167187401574803
0
LINE
8
BLACK
6
CONTINUOUS
10
0.4534979921259842
20
0.5167187401574803
11
0.4465020078740157
21
0.5167187401574803
0
LINE
8
BLACK
6
CONTINUOUS
10
0.4465020078740157
20
0.5167187401574803
11
0.4396588976377953
21
0.5181733070866141
0
LINE
8
BLACK
6
CONTINUOUS
10
0.4396588976377953
20
0.5181733070866141
11
0.4332677165354331
21
0.5210188188976378
0
LINE
8
BLACK
6
CONTINUOUS
10
0.4332677165354331
20
0.5210188188976378
11
0.4276078346456693
21
0.5251309842519685
0
LINE
8
BLACK
6
CONTINUOUS
10
0.4276078346456693
20
0.5251309842519685
11
0.4229266141732284
21
0.5303300393700787
0
LINE
8
BLACK
6
CONTINUOUS
10
0.4229266141732284
20
0.5303300393700787
11
0.4194285826771653
21
0.5363887401574803
0
LINE
8
BLACK
6
CONTINUOUS
10
0.4194285826771653
20
0.5363887401574803
11
0.4172667322834646
21
0.5430423228346457
0
LINE
8
BLACK
6
CONTINUOUS
10
0.4172667322834646
20
0.5430423228346457
11
0.4165354330708662
21
0.5499999999999999
0
LINE
8
BLACK
6
CONTINUOUS
10
0.4165354330708662
20
0.5499999999999999
11
0.4172667322834646
21
0.5569576771653543
0
LINE
8
BLACK
6
CONTINUOUS
10
0.4172667322834646
20
0.5569576771653543
11
0.4194285826771653
21
0.5636112598425197
0
LINE
8
BLACK
6
CONTINUOUS
10
0.4194285826771653
20
0.5636112598425197
11
0.4229266141732284
21
0.5696699606299213
0
LINE
8
BLACK
6
CONTINUOUS
10
0.4229266141732284
20
0.5696699606299213
11
0.4276078346456693
21
0.5748690157480315
0
LINE
8
BLACK
6
CONTINUOUS
10
0.4276078346456693
20
0.5748690157480315
11
0.4332677165354331
21
0.5789811811023622
0
LINE
8
BLACK
6
CONTINUOUS
10
0.4332677165354331
20
0.5789811811023622
11
0.4396588976377953
21
0.5818266929133858
0
LINE
8
BLACK
6
CONTINUOUS
10
0.4396588976377953
20
0.5818266929133858
11
0.4465020078740157
21
0.5832812598425197
0
LINE
8
BLACK
6
CONTINUOUS
10
0.4465020078740157
20
0.5832812598425197
11
0.4534979921259842
21
0.5832812598425197
0
LINE
8
BLACK
6
CONTINUOUS
10
0.4534979921259842
20
0.5832812598425197
11
0.4603411023622047
21
0.5818266929133858
0
LINE
8
BLACK
6
CONTINUOUS
10
0.5603411023622047
20
0.5818266929133858
11
0.5667322834645669
21
0.5789811811023622
0
LINE
8
BLACK
6
CONTINUOUS
10
0.5667322834645669
20
0.5789811811023622
11
0.5723921653543307
21
0.5748690157480315
0
LINE
8
BLACK
6
CONTINUOUS
10
0.5723921653543307
20
0.5748690157480315
11
0.5770733858267716
21
0.5696699606299213
0
LINE
8
BLACK
6
CONTINUOUS
10
0.5770733858267716
20
0.5696699606299213
11
0.5805714173228347
21
0.5636112598425197
0
LINE
8
BLACK
6
CONTINUOUS
10
0.5805714173228347
20
0.5636112598425197
11
0.5827332677165354
21
0.5569576771653543
0
LINE
8
BLACK
6
CONTINUOUS
10
0.5827332677165354
20
0.5569576771653543
11
0.5834645669291338
21
0.5499999999999999
0
LINE
8
BLACK
6
CONTINUOUS
10
0.5834645669291338
20
0.5499999999999999
11
0.5827332677165354
21
0.5430423228346457
0
LINE
8
BLACK
6
CONTINUOUS
10
0.5827332677165354
20
0.5430423228346457
11
0.5805714173228347
21
0.5363887401574803
0
LINE
8
BLACK
6
CONTINUOUS
10
0.5805714173228347
20
0.5363887401574803
11
0.5770733858267716
21
0.5303300393700787
0
LINE
8
BLACK
6
CONTINUOUS
10
0.5770733858267716
20
0.5303300393700787
11
0.5723921653543307
21
0.5251309842519685
0
LINE
8
BLACK
6
CONTINUOUS
10
0.5723921653543307
20
0.5251309842519685
11
0.5667322834645669
21
0.5210188188976378
0
LINE
8
BLACK
6
CONTINUOUS
10
0.5667322834645669
20
0.5210188188976378
11
0.5603411023622047
21
0.5181733070866141
0
LINE
8
BLACK
6
CONTINUOUS
10
0.5603411023622047
20
0.5181733070866141
11
0.5534979921259843
21
0.5167187401574803
0
LINE
8
BLACK
6
CONTINUOUS
10
0.5534979921259843
20
0.5167187401574803
11
0.5465020078740157
21
0.5167187401574803
0
LINE
8
BLACK
6
CONTINUOUS
10
0.5465020078740157
20
0.5167187401574803
11
0.5396588976377953
21
0.5181733070866141
0
LINE
8
BLACK
6
CONTINUOUS
10
0.5396588976377953
20
0.5181733070866141
11
0.533267716535433
21
0.5210188188976378
0
LINE
8
BLACK
6
CONTINUOUS
10
0.533267716535433
20
0.5210188188976378
11
0.5276078346456693
21
0.5251309842519685
0
LINE
8
BLACK
6
CONTINUOUS
10
0.5276078346456693
20
0.5251309842519685
11
0.5229266141732284
21
0.5303300393700787
0
LINE
8
BLACK
6
CONTINUOUS
10
0.5229266141732284
20
0.5303300393700787
11
0.5194285826771653
21
0.5363887401574803
0
LINE
8
BLACK
6
CONTINUOUS
10
0.5194285826771653
20
0.5363887401574803
11
0.5172667322834645
21
0.5430423228346457
0
LINE
8
BLACK
6
CONTINUOUS
10
0.5172667322834645
20
0.5430423228346457
11
0.5165354330708661
21
0.5499999999999999
0
LINE
8
BLACK
6
CONTINUOUS
10
0.5165354330708661
20
0.5499999999999999
11
0.5172667322834645
21
0.5569576771653543
0
LINE
8
BLACK
6
CONTINUOUS
10
0.5172667322834645
20
0.5569576771653543
11
0.5194285826771653
21
0.5636112598425197
0
LINE
8
BLACK
6
CONTINUOUS
10
0.5194285826771653
20
0.5636112598425197
11
0.5229266141732284
21
0.5696699606299213
0
LINE
8
BLACK
6
CONTINUOUS
10
0.5229266141732284
20
0.5696699606299213
11
0.5276078346456693
21
0.5748690157480315
0
LINE
8
BLACK
6
CONTINUOUS
10
0.5276078346456693
20
0.5748690157480315
11
0.533267716535433
21
0.5789811811023622
0
LINE
8
BLACK
6
CONTINUOUS
10
0.533267716535433
20
0.5789811811023622
11
0.5396588976377953
21
0.5818266929133858
0
LINE
8
BLACK
6
CONTINUOUS
10
0.5396588976377953
20
0.5818266929133858
11
0.5465020078740157
21
0.5832812598425197
0
LINE
8
BLACK
6
CONTINUOUS
10
0.5465020078740157
20
0.5832812598425197
11
0.5534979921259843
21
0.5832812598425197
0
LINE
8
BLACK
6
CONTINUOUS
10
0.5534979921259843
20
0.5832812598425197
11
0.5603411023622047
21
0.5818266929133858
0
LINE
8
BLACK
6
CONTINUOUS
10
0.6603411023622047
20
0.5818266929133858
11
0.6667322834645669
21
0.5789811811023622
0
LINE
8
BLACK
6
CONTINUOUS
10
0.6667322834645669
20
0.5789811811023622
11
0.6723921653543307
21
0.5748690157480315
0
LINE
8
BLACK
6
CONTINUOUS
10
0.6723921653543307
20
0.5748690157480315
11
0.6770733858267717
21
0.5696699606299213
0
LINE
8
BLACK
6
CONTINUOUS
10
0.6770733858267717
20
0.5696699606299213
11
0.6805714173228347
21
0.5636112598425197
0
LINE
8
BLACK
6
CONTINUOUS
10
0.6805714173228347
20
0.5636112598425197
11
0.6827332677165354
21
0.5569576771653543
0
LINE
8
BLACK
6
CONTINUOUS
10
0.6827332677165354
20
0.5569576771653543
11
0.6834645669291338
21
0.5499999999999999
0
LINE
8
BLACK
6
CONTINUOUS
10
0.6834645669291338
20
0.5499999999999999
11
0.6827332677165354
21
0.5430423228346457
0
LINE
8
BLACK
6
CONTINUOUS
10
0.6827332677165354
20
0.5430423228346457
11
0.6805714173228347
21
0.5363887401574803
0
LINE
8
BLACK
6
CONTINUOUS
10
0.6805714173228347
20
0.5363887401574803
11
0.6770733858267717
21
0.5303300393700787
0
LINE
8
BLACK
6
CONTINUOUS
10
0.6770733858267717
20
0.5303300393700787
11
0.6723921653543307
21
0.5251309842519685
0
LINE
8
BLACK
6
CONTINUOUS
10
0.6723921653543307
20
0.5251309842519685
11
0.6667322834645669
21
0.5210188188976378
0
LINE
8
BLACK
6
CONTINUOUS
10
0.6667322834645669
20
0.5210188188976378
11
0.6603411023622047
21
0.5181733070866141
0
LINE
8
BLACK
6
CONTINUOUS
10
0.6603411023622047
20
0.5181733070866141
11
0.6534979921259843
21
0.5167187401574803
0
LINE
8
BLACK
6
CONTINUOUS
10
0.6534979921259843
20
0.5167187401574803
11
0.6465020078740157
21
0.5167187401574803
0
LINE
8
BLACK
6
CONTINUOUS
10
0.6465020078740157
20
0.5167187401574803
11
0.6396588976377953
21
0.5181733070866141
0
LINE
8
BLACK
6
CONTINUOUS
10
0.6396588976377953
20
0.5181733070866141
11
0.633267716535433
21
0.5210188188976378
0
LINE
8
BLACK
6
CONTINUOUS
10
0.633267716535433
20
0.5210188188976378
11
0.6276078346456693
21
0.5251309842519685
0
LINE
8
BLACK
6
CONTINUOUS
10
0.6276078346456693
20
0.5251309842519685
11
0.6229266141732284
21
0.5303300393700787
0
LINE
8
BLACK
6
CONTINUOUS
10
0.6229266141732284
20
0.5303300393700787
11
0.6194285826771654
21
0.5363887401574803
0
LINE
8
BLACK
6
CONTINUOUS
10
0.6194285826771654
20
0.5363887401574803
11
0.6172667322834645
21
0.5430423228346457
0
LINE
8
BLACK
6
CONTINUOUS
10
0.6172667322834645
20
0.5430423228346457
11
0.6165354330708661
21
0.5499999999999999
0
LINE
8
BLACK
6
CONTINUOUS
10
0.6165354330708661
20
0.5499999999999999
11
0.6172667322834645
21
0.5569576771653543
0
LINE
8
BLACK
6
CONTINUOUS
10
0.6172667322834645
20
0.5569576771653543
11
0.6194285826771654
21
0.5636112598425197
0
LINE
8
BLACK
6
CONTINUOUS
10
0.6194285826771654
20
0.5636112598425197
11
0.6229266141732284
21
0.5696699606299213
0
LINE
8
BLACK
6
CONTINUOUS
10
0.6229266141732284
20
0.5696699606299213
11
0.6276078346456693
21
0.5748690157480315
0
LINE
8
BLACK
6
CONTINUOUS
10
0.6276078346456693
20
0.5748690157480315
11
0.633267716535433
21
0.5789811811023622
0
LINE
8
BLACK
6
CONTINUOUS
10
0.633267716535433
20
0.5789811811023622
11
0.6396588976377953
21
0.5818266929133858
0
LINE
8
BLACK
6
CONTINUOUS
10
0.6396588976377953
20
0.5818266929133858
11
0.6465020078740157
21
0.5832812598425197
0
LINE
8
BLACK
6
CONTINUOUS
10
0.6465020078740157
20
0.5832812598425197
11
0.6534979921259843
21
0.5832812598425197
0
LINE
8
BLACK
6
CONTINUOUS
10
0.6534979921259843
20
0.5832812598425197
11
0.6603411023622047
21
0.5818266929133858
0
LINE
8
BLACK
6
CONTINUOUS
10
0.7603411023622048
20
0.5818266929133858
11
0.7667322834645669
21
0.5789811811023622
0
LINE
8
BLACK
6
CONTINUOUS
10
0.7667322834645669
20
0.5789811811023622
11
0.7723921653543306
21
0.5748690157480315
0
LINE
8
BLACK
6
CONTINUOUS
10
0.7723921653543306
20
0.5748690157480315
11
0.7770733858267717
21
0.5696699606299213
0
LINE
8
BLACK
6
CONTINUOUS
10
0.7770733858267717
20
0.5696699606299213
11
0.7805714173228346
21
0.5636112598425197
0
LINE
8
BLACK
6
CONTINUOUS
10
0.7805714173228346
20
0.5636112598425197
11
0.7827332677165354
21
0.5569576771653543
0
LINE
8
BLACK
6
CONTINUOUS
10
0.7827332677165354
20
0.5569576771653543
11
0.7834645669291338
21
0.5499999999999999
0
LINE
8
BLACK
6
CONTINUOUS
10
0.7834645669291338
20
0.5499999999999999
11
0.7827332677165354
21
0.5430423228346457
0
LINE
8
BLACK
6
CONTINUOUS
10
0.7827332677165354
20
0.5430423228346457
11
0.7805714173228346
21
0.5363887401574803
0
LINE
8
BLACK
6
CONTINUOUS
10
0.7805714173228346
20
0.5363887401574803
11
0.7770733858267717
21
0.5303300393700787
0
LINE
8
BLACK
6
CONTINUOUS
10
0.7770733858267717
20
0.5303300393700787
11
0.7723921653543306
21
0.5251309842519685
0
LINE
8
BLACK
6
CONTINUOUS
10
0.7723921653543306
20
0.5251309842519685
11
0.7667322834645669
21
0.5210188188976378
0
LINE
8
BLACK
6
CONTINUOUS
10
0.7667322834645669
20
0.5210188188976378
11
0.7603411023622048
21
0.5181733070866141
0
LINE
8
BLACK
6
CONTINUOUS
10
0.7603411023622048
20
0.5181733070866141
11
0.7534979921259842
21
0.5167187401574803
0
LINE
8
BLACK
6
CONTINUOUS
10
0.7534979921259842
20
0.5167187401574803
11
0.7465020078740158
21
0.5167187401574803
0
LINE
8
BLACK
6
CONTINUOUS
10
0.7465020078740158
20
0.5167187401574803
11
0.7396588976377952
21
0.5181733070866141
0
LINE
8
BLACK
6
CONTINUOUS
10
0.7396588976377952
20
0.5181733070866141
11
0.7332677165354331
21
0.5210188188976378
0
LINE
8
BLACK
6
CONTINUOUS
10
0.7332677165354331
20
0.5210188188976378
11
0.7276078346456692
21
0.5251309842519685
0
LINE
8
BLACK
6
CONTINUOUS
10
0.7276078346456692
20
0.5251309842519685
11
0.7229266141732283
21
0.5303300393700787
0
LINE
8
BLACK
6
CONTINUOUS
10
0.7229266141732283
20
0.5303300393700787
11
0.7194285826771654
21
0.5363887401574803
0
LINE
8
BLACK
6
CONTINUOUS
10
0.7194285826771654
20
0.5363887401574803
11
0.7172667322834646
21
0.5430423228346457
0
LINE
8
BLACK
6
CONTINUOUS
10
0.7172667322834646
20
0.5430423228346457
11
0.7165354330708661
21
0.5499999999999999
0
LINE
8
BLACK
6
CONTINUOUS
10
0.7165354330708661
20
0.5499999999999999
11
0.7172667322834646
21
0.5569576771653543
0
LINE
8
BLACK
6
CONTINUOUS
10
0.7172667322834646
20
0.5569576771653543
11
0.7194285826771654
21
0.5636112598425197
0
LINE
8
BLACK
6
CONTINUOUS
10
0.7194285826771654
20
0.5636112598425197
11
0.7229266141732283
21
0.5696699606299213
0
LINE
8
BLACK
6
CONTINUOUS
10
0.7229266141732283
20
0.5696699606299213
11
0.7276078346456692
21
0.5748690157480315
0
LINE
8
BLACK
6
CONTINUOUS
10
0.7276078346456692
20
0.5748690157480315
11
0.7332677165354331
21
0.5789811811023622
0
LINE
8
BLACK
6
CONTINUOUS
10
0.7332677165354331
20
0.5789811811023622
11
0.7396588976377952
21
0.5818266929133858
0
LINE
8
BLACK
6
CONTINUOUS
10
0.7396588976377952
20
0.5818266929133858
11
0.7465020078740158
21
0.5832812598425197
0
LINE
8
BLACK
6
CONTINUOUS
10
0.7465020078740158
20
0.5832812598425197
11
0.7534979921259842
21
0.5832812598425197
0
LINE
8
BLACK
6
CONTINUOUS
10
0.7534979921259842
20
0.5832812598425197
11
0.7603411023622048
21
0.5818266929133858
0
LINE
8
BLACK
6
CONTINUOUS
10
0.8603411023622047
20
0.5818266929133858
11
0.8667322834645669
21
0.5789811811023622
0
LINE
8
BLACK
6
CONTINUOUS
10
0.8667322834645669
20
0.5789811811023622
11
0.8723921653543307
21
0.5748690157480315
0
LINE
8
BLACK
6
CONTINUOUS
10
0.8723921653543307
20
0.5748690157480315
11
0.8770733858267716
21
0.5696699606299213
0
LINE
8
BLACK
6
CONTINUOUS
10
0.8770733858267716
20
0.5696699606299213
11
0.8805714173228346
21
0.5636112598425197
0
LINE
8
BLACK
6
CONTINUOUS
10
0.8805714173228346
20
0.5636112598425197
11
0.8827332677165354
21
0.5569576771653543
0
LINE
8
BLACK
6
CONTINUOUS
10
0.8827332677165354
20
0.5569576771653543
11
0.8834645669291339
21
0.5499999999999999
0
LINE
8
BLACK
6
CONTINUOUS
10
0.8834645669291339
20
0.5499999999999999
11
0.8827332677165354
21
0.5430423228346457
0
LINE
8
BLACK
6
CONTINUOUS
10
0.8827332677165354
20
0.5430423228346457
11
0.8805714173228346
21
0.5363887401574803
0
LINE
8
BLACK
6
CONTINUOUS
10
0.8805714173228346
20
0.5363887401574803
11
0.8770733858267716
21
0.5303300393700787
0
LINE
8
BLACK
6
CONTINUOUS
10
0.8770733858267716
20
0.5303300393700787
11
0.8723921653543307
21
0.5251309842519685
0
LINE
8
BLACK
6
CONTINUOUS
10
0.8723921653543307
20
0.5251309842519685
11
0.8667322834645669
21
0.5210188188976378
0
LINE
8
BLACK
6
CONTINUOUS
10
0.8667322834645669
20
0.5210188188976378
11
0.8603411023622047
21
0.5181733070866141
0
LINE
8
BLACK
6
CONTINUOUS
10
0.8603411023622047
20
0.5181733070866141
11
0.8534979921259842
21
0.5167187401574803
0
LINE
8
BLACK
6
CONTINUOUS
10
0.8534979921259842
20
0.5167187401574803
11
0.8465020078740157
21
0.5167187401574803
0
LINE
8
BLACK
6
CONTINUOUS
10
0.8465020078740157
20
0.5167187401574803
11
0.8396588976377952
21
0.5181733070866141
0
LINE
8
BLACK
6
CONTINUOUS
10
0.8396588976377952
20
0.5181733070866141
11
0.8332677165354331
21
0.5210188188976378
0
LINE
8
BLACK
6
CONTINUOUS
10
0.8332677165354331
20
0.5210188188976378
11
0.8276078346456692
21
0.5251309842519685
0
LINE
8
BLACK
6
CONTINUOUS
10
0.8276078346456692
20
0.5251309842519685
11
0.8229266141732283
21
0.5303300393700787
0
LINE
8
BLACK
6
CONTINUOUS
10
0.8229266141732283
20
0.5303300393700787
11
0.8194285826771653
21
0.5363887401574803
0
LINE
8
BLACK
6
CONTINUOUS
10
0.8194285826771653
20
0.5363887401574803
11
0.8172667322834646
21
0.5430423228346457
0
LINE
8
BLACK
6
CONTINUOUS
10
0.8172667322834646
20
0.5430423228346457
11
0.8165354330708661
21
0.5499999999999999
0
LINE
8
BLACK
6
CONTINUOUS
10
0.8165354330708661
20
0.5499999999999999
11
0.8172667322834646
21
0.5569576771653543
0
LINE
8
BLACK
6
CONTINUOUS
10
0.8172667322834646
20
0.5569576771653543
11
0.8194285826771653
21
0.5636112598425197
0
LINE
8
BLACK
6
CONTINUOUS
10
0.8194285826771653
20
0.5636112598425197
11
0.8229266141732283
21
0.5696699606299213
0
LINE
8
BLACK
6
CONTINUOUS
10
0.8229266141732283
20
0.5696699606299213
11
0.8276078346456692
21
0.5748690157480315
0
LINE
8
BLACK
6
CONTINUOUS
10
0.8276078346456692
20
0.5748690157480315
11
0.8332677165354331
21
0.5789811811023622
0
LINE
8
BLACK
6
CONTINUOUS
10
0.8332677165354331
20
0.5789811811023622
11
0.8396588976377952
21
0.5818266929133858
0
LINE
8
BLACK
6
CONTINUOUS
10
0.8396588976377952
20
0.5818266929133858
11
0.8465020078740157
21
0.5832812598425197
0
LINE
8
BLACK
6
CONTINUOUS
10
0.8465020078740157
20
0.5832812598425197
11
0.8534979921259842
21
0.5832812598425197
0
LINE
8
BLACK
6
CONTINUOUS
10
0.8534979921259842
20
0.5832812598425197
11
0.8603411023622047
21
0.5818266929133858
0
LINE
8
BLACK
6
CONTINUOUS
10
0.9603411023622047
20
0.5818266929133858
11
0.9667322834645669
21
0.5789811811023622
0
LINE
8
BLACK
6
CONTINUOUS
10
0.9667322834645669
20
0.5789811811023622
11
0.9723921653543307
21
0.5748690157480315
0
LINE
8
BLACK
6
CONTINUOUS
10
0.9723921653543307
20
0.5748690157480315
11
0.9770733858267716
21
0.5696699606299213
0
LINE
8
BLACK
6
CONTINUOUS
10
0.9770733858267716
20
0.5696699606299213
11
0.9805714173228346
21
0.5636112598425197
0
LINE
8
BLACK
6
CONTINUOUS
10
0.9805714173228346
20
0.5636112598425197
11
0.9827332677165355
21
0.5569576771653543
0
LINE
8
BLACK
6
CONTINUOUS
10
0.9827332677165355
20
0.5569576771653543
11
0.9834645669291339
21
0.5499999999999999
0
LINE
8
BLACK
6
CONTINUOUS
10
0.9834645669291339
20
0.5499999999999999
11
0.9827332677165355
21
0.5430423228346457
0
LINE
8
BLACK
6
CONTINUOUS
10
0.9827332677165355
20
0.5430423228346457
11
0.9805714173228346
21
0.5363887401574803
0
LINE
8
BLACK
6
CONTINUOUS
10
0.9805714173228346
20
0.5363887401574803
11
0.9770733858267716
21
0.5303300393700787
0
LINE
8
BLACK
6
CONTINUOUS
10
0.9770733858267716
20
0.5303300393700787
11
0.9723921653543307
21
0.5251309842519685
0
LINE
8
BLACK
6
CONTINUOUS
10
0.9723921653543307
20
0.5251309842519685
11
0.9667322834645669
21
0.5210188188976378
0
LINE
8
BLACK
6
CONTINUOUS
10
0.9667322834645669
20
0.5210188188976378
11
0.9603411023622047
21
0.5181733070866141
0
LINE
8
BLACK
6
CONTINUOUS
10
0.9603411023622047
20
0.5181733070866141
11
0.9534979921259842
21
0.5167187401574803
0
LINE
8
BLACK
6
CONTINUOUS
10
0.9534979921259842
20
0.5167187401574803
11
0.9465020078740157
21
0.5167187401574803
0
LINE
8
BLACK
6
CONTINUOUS
10
0.9465020078740157
20
0.5167187401574803
11
0.9396588976377953
21
0.5181733070866141
0
LINE
8
BLACK
6
CONTINUOUS
10
0.9396588976377953
20
0.5181733070866141
11
0.9332677165354331
21
0.5210188188976378
0
LINE
8
BLACK
6
CONTINUOUS
10
0.9332677165354331
20
0.5210188188976378
11
0.9276078346456693
21
0.5251309842519685
0
LINE
8
BLACK
6
CONTINUOUS
10
0.9276078346456693
20
0.5251309842519685
11
0.9229266141732283
21
0.5303300393700787
0
LINE
8
BLACK
6
CONTINUOUS
10
0.9229266141732283
20
0.5303300393700787
11
0.9194285826771653
21
0.5363887401574803
0
LINE
8
BLACK
6
CONTINUOUS
10
0.9194285826771653
20
0.5363887401574803
11
0.9172667322834646
21
0.5430423228346457
0
LINE
8
BLACK
6
CONTINUOUS
10
0.9172667322834646
20
0.5430423228346457
11
0.9165354330708662
21
0.5499999999999999
0
LINE
8
BLACK
6
CONTINUOUS
10
0.9165354330708662
20
0.5499999999999999
11
0.9172667322834646
21
0.5569576771653543
0
LINE
8
BLACK
6
CONTINUOUS
10
0.9172667322834646
20
0.5569576771653543
11
0.9194285826771653
21
0.5636112598425197
0
LINE
8
BLACK
6
CONTINUOUS
10
0.9194285826771653
20
0.5636112598425197
11
0.9229266141732283
21
0.5696699606299213
0
LINE
8
BLACK
6
CONTINUOUS
10
0.9229266141732283
20
0.5696699606299213
11
0.9276078346456693
21
0.5748690157480315
0
LINE
8
BLACK
6
CONTINUOUS
10
0.9276078346456693
20
0.5748690157480315
11
0.9332677165354331
21
0.5789811811023622
0
LINE
8
BLACK
6
CONTINUOUS
10
0.9332677165354331
20
0.5789811811023622
11
0.9396588976377953
21
0.5818266929133858
0
LINE
8
BLACK
6
CONTINUOUS
10
0.9396588976377953
20
0.5818266929133858
11
0.9465020078740157
21
0.5832812598425197
0
LINE
8
BLACK
6
CONTINUOUS
10
0.9465020078740157
20
0.5832812598425197
11
0.9534979921259842
21
0.5832812598425197
0
LINE
8
BLACK
6
CONTINUOUS
10
0.9534979921259842
20
0.5832812598425197
11
0.9603411023622047
21
0.5818266929133858
0
LINE
8
BLACK
6
CONTINUOUS
10
1.0603411023622047
20
0.5818266929133858
11
1.0667322834645669
21
0.5789811811023622
0
LINE
8
BLACK
6
CONTINUOUS
10
1.0667322834645669
20
0.5789811811023622
11
1.0723921653543307
21
0.5748690157480315
0
LINE
8
BLACK
6
CONTINUOUS
10
1.0723921653543307
20
0.5748690157480315
11
1.0770733858267716
21
0.5696699606299213
0
LINE
8
BLACK
6
CONTINUOUS
10
1.0770733858267716
20
0.5696699606299213
11
1.0805714173228347
21
0.5636112598425197
0
LINE
8
BLACK
6
CONTINUOUS
10
1.0805714173228347
20
0.5636112598425197
11
1.0827332677165353
21
0.5569576771653543
0
LINE
8
BLACK
6
CONTINUOUS
10
1.0827332677165353
20
0.5569576771653543
11
1.0834645669291338
21
0.5499999999999999
0
LINE
8
BLACK
6
CONTINUOUS
10
1.0834645669291338
20
0.5499999999999999
11
1.0827332677165353
21
0.5430423228346457
0
LINE
8
BLACK
6
CONTINUOUS
10
1.0827332677165353
20
0.5430423228346457
11
1.0805714173228347
21
0.5363887401574803
0
LINE
8
BLACK
6
CONTINUOUS
10
1.0805714173228347
20
0.5363887401574803
11
1.0770733858267716
21
0.5303300393700787
0
LINE
8
BLACK
6
CONTINUOUS
10
1.0770733858267716
20
0.5303300393700787
11
1.0723921653543307
21
0.5251309842519685
0
LINE
8
BLACK
6
CONTINUOUS
10
1.0723921653543307
20
0.5251309842519685
11
1.0667322834645669
21
0.5210188188976378
0
LINE
8
BLACK
6
CONTINUOUS
10
1.0667322834645669
20
0.5210188188976378
11
1.0603411023622047
21
0.5181733070866141
0
LINE
8
BLACK
6
CONTINUOUS
10
1.0603411023622047
20
0.5181733070866141
11
1.0534979921259842
21
0.5167187401574803
0
LINE
8
BLACK
6
CONTINUOUS
10
1.0534979921259842
20
0.5167187401574803
11
1.0465020078740157
21
0.5167187401574803
0
LINE
8
BLACK
6
CONTINUOUS
10
1.0465020078740157
20
0.5167187401574803
11
1.0396588976377952
21
0.5181733070866141
0
LINE
8
BLACK
6
CONTINUOUS
10
1.0396588976377952
20
0.5181733070866141
11
1.0332677165354331
21
0.5210188188976378
0
LINE
8
BLACK
6
CONTINUOUS
10
1.0332677165354331
20
0.5210188188976378
11
1.0276078346456692
21
0.5251309842519685
0
LINE
8
BLACK
6
CONTINUOUS
10
1.0276078346456692
20
0.5251309842519685
11
1.0229266141732283
21
0.5303300393700787
0
LINE
8
BLACK
6
CONTINUOUS
10
1.0229266141732283
20
0.5303300393700787
11
1.0194285826771654
21
0.5363887401574803
0
LINE
8
BLACK
6
CONTINUOUS
10
1.0194285826771654
20
0.5363887401574803
11
1.0172667322834645
21
0.5430423228346457
0
LINE
8
BLACK
6
CONTINUOUS
10
1.0172667322834645
20
0.5430423228346457
11
1.016535433070866
21
0.5499999999999999
0
LINE
8
BLACK
6
CONTINUOUS
10
1.016535433070866
20
0.5499999999999999
11
1.0172667322834645
21
0.5569576771653543
0
LINE
8
BLACK
6
CONTINUOUS
10
1.0172667322834645
20
0.5569576771653543
11
1.0194285826771654
21
0.5636112598425197
0
LINE
8
BLACK
6
CONTINUOUS
10
1.0194285826771654
20
0.5636112598425197
11
1.0229266141732283
21
0.5696699606299213
0
LINE
8
BLACK
6
CONTINUOUS
10
1.0229266141732283
20
0.5696699606299213
11
1.0276078346456692
21
0.5748690157480315
0
LINE
8
BLACK
6
CONTINUOUS
10
1.0276078346456692
20
0.5748690157480315
11
1.0332677165354331
21
0.5789811811023622
0
LINE
8
BLACK
6
CONTINUOUS
10
1.0332677165354331
20
0.5789811811023622
11
1.0396588976377952
21
0.5818266929133858
0
LINE
8
BLACK
6
CONTINUOUS
10
1.0396588976377952
20
0.5818266929133858
11
1.0465020078740157
21
0.5832812598425197
0
LINE
8
BLACK
6
CONTINUOUS
10
1.0465020078740157
20
0.5832812598425197
11
1.0534979921259842
21
0.5832812598425197
0
LINE
8
BLACK
6
CONTINUOUS
10
1.0534979921259842
20
0.5832812598425197
11
1.0603411023622047
21
0.5818266929133858
0
LINE
8
BLACK
6
CONTINUOUS
10
1.1603411023622048
20
0.5818266929133858
11
1.1667322834645668
21
0.5789811811023622
0
LINE
8
BLACK
6
CONTINUOUS
10
1.1667322834645668
20
0.5789811811023622
11
1.1723921653543308
21
0.5748690157480315
0
LINE
8
BLACK
6
CONTINUOUS
10
1.1723921653543308
20
0.5748690157480315
11
1.1770733858267717
21
0.5696699606299213
0
LINE
8
BLACK
6
CONTINUOUS
10
1.1770733858267717
20
0.5696699606299213
11
1.1805714173228345
21
0.5636112598425197
0
LINE
8
BLACK
6
CONTINUOUS
10
1.1805714173228345
20
0.5636112598425197
11
1.1827332677165354
21
0.5569576771653543
0
LINE
8
BLACK
6
CONTINUOUS
10
1.1827332677165354
20
0.5569576771653543
11
1.1834645669291339
21
0.5499999999999999
0
LINE
8
BLACK
6
CONTINUOUS
10
1.1834645669291339
20
0.5499999999999999
11
1.1827332677165354
21
0.5430423228346457
0
LINE
8
BLACK
6
CONTINUOUS
10
1.1827332677165354
20
0.5430423228346457
11
1.1805714173228345
21
0.5363887401574803
0
LINE
8
BLACK
6
CONTINUOUS
10
1.1805714173228345
20
0.5363887401574803
11
1.1770733858267717
21
0.5303300393700787
0
LINE
8
BLACK
6
CONTINUOUS
10
1.1770733858267717
20
0.5303300393700787
11
1.1723921653543308
21
0.5251309842519685
0
LINE
8
BLACK
6
CONTINUOUS
10
1.1723921653543308
20
0.5251309842519685
11
1.1667322834645668
21
0.5210188188976378
0
LINE
8
BLACK
6
CONTINUOUS
10
1.1667322834645668
20
0.5210188188976378
11
1.1603411023622048
21
0.5181733070866141
0
LINE
8
BLACK
6
CONTINUOUS
10
1.1603411023622048
20
0.5181733070866141
11
1.1534979921259843
21
0.5167187401574803
0
LINE
8
BLACK
6
CONTINUOUS
10
1.1534979921259843
20
0.5167187401574803
11
1.1465020078740158
21
0.5167187401574803
0
LINE
8
BLACK
6
CONTINUOUS
10
1.1465020078740158
20
0.5167187401574803
11
1.1396588976377953
21
0.5181733070866141
0
LINE
8
BLACK
6
CONTINUOUS
10
1.1396588976377953
20
0.5181733070866141
11
1.133267716535433
21
0.5210188188976378
0
LINE
8
BLACK
6
CONTINUOUS
10
1.133267716535433
20
0.5210188188976378
11
1.1276078346456693
21
0.5251309842519685
0
LINE
8
BLACK
6
CONTINUOUS
10
1.1276078346456693
20
0.5251309842519685
11
1.1229266141732284
21
0.5303300393700787
0
LINE
8
BLACK
6
CONTINUOUS
10
1.1229266141732284
20
0.5303300393700787
11
1.1194285826771653
21
0.5363887401574803
0
LINE
8
BLACK
6
CONTINUOUS
10
1.1194285826771653
20
0.5363887401574803
11
1.1172667322834646
21
0.5430423228346457
0
LINE
8
BLACK
6
CONTINUOUS
10
1.1172667322834646
20
0.5430423228346457
11
1.1165354330708661
21
0.5499999999999999
0
LINE
8
BLACK
6
CONTINUOUS
10
1.1165354330708661
20
0.5499999999999999
11
1.1172667322834646
21
0.5569576771653543
0
LINE
8
BLACK
6
CONTINUOUS
10
1.1172667322834646
20
0.5569576771653543
11
1.1194285826771653
21
0.5636112598425197
0
LINE
8
BLACK
6
CONTINUOUS
10
1.1194285826771653
20
0.5636112598425197
11
1.1229266141732284
21
0.5696699606299213
0
LINE
8
BLACK
6
CONTINUOUS
10
1.1229266141732284
20
0.5696699606299213
11
1.1276078346456693
21
0.5748690157480315
0
LINE
8
BLACK
6
CONTINUOUS
10
1.1276078346456693
20
0.5748690157480315
11
1.133267716535433
21
0.5789811811023622
0
LINE
8
BLACK
6
CONTINUOUS
10
1.133267716535433
20
0.5789811811023622
11
1.1396588976377953
21
0.5818266929133858
0
LINE
8
BLACK
6
CONTINUOUS
10
1.1396588976377953
20
0.5818266929133858
11
1.1465020078740158
21
0.5832812598425197
0
LINE
8
BLACK
6
CONTINUOUS
10
1.1465020078740158
20
0.5832812598425197
11
1.1534979921259843
21
0.5832812598425197
0
LINE
8
BLACK
6
CONTINUOUS
10
1.1534979921259843
20
0.5832812598425197
11
1.1603411023622048
21
0.5818266929133858
0
LINE
8
BLACK
6
CONTINUOUS
10
1.2603411023622046
20
0.5818266929133858
11
1.2667322834645669
21
0.5789811811023622
0
LINE
8
BLACK
6
CONTINUOUS
10
1.2667322834645669
20
0.5789811811023622
11
1.2723921653543306
21
0.5748690157480315
0
LINE
8
BLACK
6
CONTINUOUS
10
1.2723921653543306
20
0.5748690157480315
11
1.2770733858267715
21
0.5696699606299213
0
LINE
8
BLACK
6
CONTINUOUS
10
1.2770733858267715
20
0.5696699606299213
11
1.2805714173228346
21
0.5636112598425197
0
LINE
8
BLACK
6
CONTINUOUS
10
1.2805714173228346
20
0.5636112598425197
11
1.2827332677165355
21
0.5569576771653543
0
LINE
8
BLACK
6
CONTINUOUS
10
1.2827332677165355
20
0.5569576771653543
11
1.2834645669291338
21
0.5499999999999999
0
LINE
8
BLACK
6
CONTINUOUS
10
1.2834645669291338
20
0.5499999999999999
11
1.2827332677165355
21
0.5430423228346457
0
LINE
8
BLACK
6
CONTINUOUS
10
1.2827332677165355
20
0.5430423228346457
11
1.2805714173228346
21
0.5363887401574803
0
LINE
8
BLACK
6
CONTINUOUS
10
1.2805714173228346
20
0.5363887401574803
11
1.2770733858267715
21
0.5303300393700787
0
LINE
8
BLACK
6
CONTINUOUS
10
1.2770733858267715
20
0.5303300393700787
11
1.2723921653543306
21
0.5251309842519685
0
LINE
8
BLACK
6
CONTINUOUS
10
1.2723921653543306
20
0.5251309842519685
11
1.2667322834645669
21
0.5210188188976378
0
LINE
8
BLACK
6
CONTINUOUS
10
1.2667322834645669
20
0.5210188188976378
11
1.2603411023622046
21
0.5181733070866141
0
LINE
8
BLACK
6
CONTINUOUS
10
1.2603411023622046
20
0.5181733070866141
11
1.2534979921259841
21
0.5167187401574803
0
LINE
8
BLACK
6
CONTINUOUS
10
1.2534979921259841
20
0.5167187401574803
11
1.2465020078740157
21
0.5167187401574803
0
LINE
8
BLACK
6
CONTINUOUS
10
1.2465020078740157
20
0.5167187401574803
11
1.2396588976377954
21
0.5181733070866141
0
LINE
8
BLACK
6
CONTINUOUS
10
1.2396588976377954
20
0.5181733070866141
11
1.2332677165354331
21
0.5210188188976378
0
LINE
8
BLACK
6
CONTINUOUS
10
1.2332677165354331
20
0.5210188188976378
11
1.2276078346456694
21
0.5251309842519685
0
LINE
8
BLACK
6
CONTINUOUS
10
1.2276078346456694
20
0.5251309842519685
11
1.2229266141732282
21
0.5303300393700787
0
LINE
8
BLACK
6
CONTINUOUS
10
1.2229266141732282
20
0.5303300393700787
11
1.2194285826771654
21
0.5363887401574803
0
LINE
8
BLACK
6
CONTINUOUS
10
1.2194285826771654
20
0.5363887401574803
11
1.2172667322834645
21
0.5430423228346457
0
LINE
8
BLACK
6
CONTINUOUS
10
1.2172667322834645
20
0.5430423228346457
11
1.2165354330708662
21
0.5499999999999999
0
LINE
8
BLACK
6
CONTINUOUS
10
1.2165354330708662
20
0.5499999999999999
11
1.2172667322834645
21
0.5569576771653543
0
LINE
8
BLACK
6
CONTINUOUS
10
1.2172667322834645
20
0.5569576771653543
11
1.2194285826771654
21
0.5636112598425197
0
LINE
8
BLACK
6
CONTINUOUS
10
1.2194285826771654
20
0.5636112598425197
11
1.2229266141732282
21
0.5696699606299213
0
LINE
8
BLACK
6
CONTINUOUS
10
1.2229266141732282
20
0.5696699606299213
11
1.2276078346456694
21
0.5748690157480315
0
LINE
8
BLACK
6
CONTINUOUS
10
1.2276078346456694
20
0.5748690157480315
11
1.2332677165354331
21
0.5789811811023622
0
LINE
8
BLACK
6
CONTINUOUS
10
1.2332677165354331
20
0.5789811811023622
11
1.2396588976377954
21
0.5818266929133858
0
LINE
8
BLACK
6
CONTINUOUS
10
1.2396588976377954
20
0.5818266929133858
11
1.2465020078740157
21
0.5832812598425197
0
LINE
8
BLACK
6
CONTINUOUS
10
1.2465020078740157
20
0.5832812598425197
11
1.2534979921259841
21
0.5832812598425197
0
LINE
8
BLACK
6
CONTINUOUS
10
1.2534979921259841
20
0.5832812598425197
11
1.2603411023622046
21
0.5818266929133858
0
LINE
8
BLACK
6
CONTINUOUS
10
1.3603411023622047
20
0.5818266929133858
11
1.366732283464567
21
0.5789811811023622
0
LINE
8
BLACK
6
CONTINUOUS
10
1.366732283464567
20
0.5789811811023622
11
1.3723921653543307
21
0.5748690157480315
0
LINE
8
BLACK
6
CONTINUOUS
10
1.3723921653543307
20
0.5748690157480315
11
1.3770733858267716
21
0.5696699606299213
0
LINE
8
BLACK
6
CONTINUOUS
10
1.3770733858267716
20
0.5696699606299213
11
1.3805714173228345
21
0.5636112598425197
0
LINE
8
BLACK
6
CONTINUOUS
10
1.3805714173228345
20
0.5636112598425197
11
1.3827332677165354
21
0.5569576771653543
0
LINE
8
BLACK
6
CONTINUOUS
10
1.3827332677165354
20
0.5569576771653543
11
1.3834645669291339
21
0.5499999999999999
0
LINE
8
BLACK
6
CONTINUOUS
10
1.3834645669291339
20
0.5499999999999999
11
1.3827332677165354
21
0.5430423228346457
0
LINE
8
BLACK
6
CONTINUOUS
10
1.3827332677165354
20
0.5430423228346457
11
1.3805714173228345
21
0.5363887401574803
0
LINE
8
BLACK
6
CONTINUOUS
10
1.3805714173228345
20
0.5363887401574803
11
1.3770733858267716
21
0.5303300393700787
0
LINE
8
BLACK
6
CONTINUOUS
10
1.3770733858267716
20
0.5303300393700787
11
1.3723921653543307
21
0.5251309842519685
0
LINE
8
BLACK
6
CONTINUOUS
10
1.3723921653543307
20
0.5251309842519685
11
1.366732283464567
21
0.5210188188976378
0
LINE
8
BLACK
6
CONTINUOUS
10
1.366732283464567
20
0.5210188188976378
11
1.3603411023622047
21
0.5181733070866141
0
LINE
8
BLACK
6
CONTINUOUS
10
1.3603411023622047
20
0.5181733070866141
11
1.3534979921259842
21
0.5167187401574803
0
LINE
8
BLACK
6
CONTINUOUS
10
1.3534979921259842
20
0.5167187401574803
11
1.3465020078740157
21
0.5167187401574803
0
LINE
8
BLACK
6
CONTINUOUS
10
1.3465020078740157
20
0.5167187401574803
11
1.3396588976377952
21
0.5181733070866141
0
LINE
8
BLACK
6
CONTINUOUS
10
1.3396588976377952
20
0.5181733070866141
11
1.333267716535433
21
0.5210188188976378
0
LINE
8
BLACK
6
CONTINUOUS
10
1.333267716535433
20
0.5210188188976378
11
1.3276078346456692
21
0.5251309842519685
0
LINE
8
BLACK
6
CONTINUOUS
10
1.3276078346456692
20
0.5251309842519685
11
1.3229266141732283
21
0.5303300393700787
0
LINE
8
BLACK
6
CONTINUOUS
10
1.3229266141732283
20
0.5303300393700787
11
1.3194285826771652
21
0.5363887401574803
0
LINE
8
BLACK
6
CONTINUOUS
10
1.3194285826771652
20
0.5363887401574803
11
1.3172667322834646
21
0.5430423228346457
0
LINE
8
BLACK
6
CONTINUOUS
10
1.3172667322834646
20
0.5430423228346457
11
1.3165354330708661
21
0.5499999999999999
0
LINE
8
BLACK
6
CONTINUOUS
10
1.3165354330708661
20
0.5499999999999999
11
1.3172667322834646
21
0.5569576771653543
0
LINE
8
BLACK
6
CONTINUOUS
10
1.3172667322834646
20
0.5569576771653543
11
1.3194285826771652
21
0.5636112598425197
0
LINE
8
BLACK
6
CONTINUOUS
10
1.3194285826771652
20
0.5636112598425197
11
1.3229266141732283
21
0.5696699606299213
0
LINE
8
BLACK
6
CONTINUOUS
10
1.3229266141732283
20
0.5696699606299213
11
1.3276078346456692
21
0.5748690157480315
0
LINE
8
BLACK
6
CONTINUOUS
10
1.3276078346456692
20
0.5748690157480315
11
1.333267716535433
21
0.5789811811023622
0
LINE
8
BLACK
6
CONTINUOUS
10
1.333267716535433
20
0.5789811811023622
11
1.3396588976377952
21
0.5818266929133858
0
LINE
8
BLACK
6
CONTINUOUS
10
1.3396588976377952
20
0.5818266929133858
11
1.3465020078740157
21
0.5832812598425197
0
LINE
8
BLACK
6
CONTINUOUS
10
1.3465020078740157
20
0.5832812598425197
11
1.3534979921259842
21
0.5832812598425197
0
LINE
8
BLACK
6
CONTINUOUS
10
1.3534979921259842
20
0.5832812598425197
11
1.3603411023622047
21
0.5818266929133858
0
LINE
8
BLACK
6
CONTINUOUS
10
1.4603411023622046
20
0.5818266929133858
11
1.4667322834645669
21
0.5789811811023622
0
LINE
8
BLACK
6
CONTINUOUS
10
1.4667322834645669
20
0.5789811811023622
11
1.4723921653543306
21
0.5748690157480315
0
LINE
8
BLACK
6
CONTINUOUS
10
1.4723921653543306
20
0.5748690157480315
11
1.4770733858267717
21
0.5696699606299213
0
LINE
8
BLACK
6
CONTINUOUS
10
1.4770733858267717
20
0.5696699606299213
11
1.4805714173228346
21
0.5636112598425197
0
LINE
8
BLACK
6
CONTINUOUS
10
1.4805714173228346
20
0.5636112598425197
11
1.4827332677165355
21
0.5569576771653543
0
LINE
8
BLACK
6
CONTINUOUS
10
1.4827332677165355
20
0.5569576771653543
11
1.4834645669291338
21
0.5499999999999999
0
LINE
8
BLACK
6
CONTINUOUS
10
1.4834645669291338
20
0.5499999999999999
11
1.4827332677165355
21
0.5430423228346457
0
LINE
8
BLACK
6
CONTINUOUS
10
1.4827332677165355
20
0.5430423228346457
11
1.4805714173228346
21
0.5363887401574803
0
LINE
8
BLACK
6
CONTINUOUS
10
1.4805714173228346
20
0.5363887401574803
11
1.4770733858267717
21
0.5303300393700787
0
LINE
8
BLACK
6
CONTINUOUS
10
1.4770733858267717
20
0.5303300393700787
11
1.4723921653543306
21
0.5251309842519685
0
LINE
8
BLACK
6
CONTINUOUS
10
1.4723921653543306
20
0.5251309842519685
11
1.4667322834645669
21
0.5210188188976378
0
LINE
8
BLACK
6
CONTINUOUS
10
1.4667322834645669
20
0.5210188188976378
11
1.4603411023622046
21
0.5181733070866141
0
LINE
8
BLACK
6
CONTINUOUS
10
1.4603411023622046
20
0.5181733070866141
11
1.4534979921259843
21
0.5167187401574803
0
LINE
8
BLACK
6
CONTINUOUS
10
1.4534979921259843
20
0.5167187401574803
11
1.4465020078740156
21
0.5167187401574803
0
LINE
8
BLACK
6
CONTINUOUS
10
1.4465020078740156
20
0.5167187401574803
11
1.4396588976377953
21
0.5181733070866141
0
LINE
8
BLACK
6
CONTINUOUS
10
1.4396588976377953
20
0.5181733070866141
11
1.4332677165354331
21
0.5210188188976378
0
LINE
8
BLACK
6
CONTINUOUS
10
1.4332677165354331
20
0.5210188188976378
11
1.4276078346456693
21
0.5251309842519685
0
LINE
8
BLACK
6
CONTINUOUS
10
1.4276078346456693
20
0.5251309842519685
11
1.4229266141732284
21
0.5303300393700787
0
LINE
8
BLACK
6
CONTINUOUS
10
1.4229266141732284
20
0.5303300393700787
11
1.4194285826771653
21
0.5363887401574803
0
LINE
8
BLACK
6
CONTINUOUS
10
1.4194285826771653
20
0.5363887401574803
11
1.4172667322834644
21
0.5430423228346457
0
LINE
8
BLACK
6
CONTINUOUS
10
1.4172667322834644
20
0.5430423228346457
11
1.4165354330708662
21
0.5499999999999999
0
LINE
8
BLACK
6
CONTINUOUS
10
1.4165354330708662
20
0.5499999999999999
11
1.4172667322834644
21
0.5569576771653543
0
LINE
8
BLACK
6
CONTINUOUS
10
1.4172667322834644
20
0.5569576771653543
11
1.4194285826771653
21
0.5636112598425197
0
LINE
8
BLACK
6
CONTINUOUS
10
1.4194285826771653
20
0.5636112598425197
11
1.4229266141732284
21
0.5696699606299213
0
LINE
8
BLACK
6
CONTINUOUS
10
1.4229266141732284
20
0.5696699606299213
11
1.4276078346456693
21
0.5748690157480315
0
LINE
8
BLACK
6
CONTINUOUS
10
1.4276078346456693
20
0.5748690157480315
11
1.4332677165354331
21
0.5789811811023622
0
LINE
8
BLACK
6
CONTINUOUS
10
1.4332677165354331
20
0.5789811811023622
11
1.4396588976377953
21
0.5818266929133858
0
LINE
8
BLACK
6
CONTINUOUS
10
1.4396588976377953
20
0.5818266929133858
11
1.4465020078740156
21
0.5832812598425197
0
LINE
8
BLACK
6
CONTINUOUS
10
1.4465020078740156
20
0.5832812598425197
11
1.4534979921259843
21
0.5832812598425197
0
LINE
8
BLACK
6
CONTINUOUS
10
1.4534979921259843
20
0.5832812598425197
11
1.4603411023622046
21
0.5818266929133858
0
LINE
8
BLACK
6
CONTINUOUS
10
1.5603411023622047
20
0.5818266929133858
11
1.5667322834645669
21
0.5789811811023622
0
LINE
8
BLACK
6
CONTINUOUS
10
1.5667322834645669
20
0.5789811811023622
11
1.5723921653543307
21
0.5748690157480315
0
LINE
8
BLACK
6
CONTINUOUS
10
1.5723921653543307
20
0.5748690157480315
11
1.5770733858267716
21
0.5696699606299213
0
LINE
8
BLACK
6
CONTINUOUS
10
1.5770733858267716
20
0.5696699606299213
11
1.5805714173228347
21
0.5636112598425197
0
LINE
8
BLACK
6
CONTINUOUS
10
1.5805714173228347
20
0.5636112598425197
11
1.5827332677165353
21
0.5569576771653543
0
LINE
8
BLACK
6
CONTINUOUS
10
1.5827332677165353
20
0.5569576771653543
11
1.5834645669291338
21
0.5499999999999999
0
LINE
8
BLACK
6
CONTINUOUS
10
1.5834645669291338
20
0.5499999999999999
11
1.5827332677165353
21
0.5430423228346457
0
LINE
8
BLACK
6
CONTINUOUS
10
1.5827332677165353
20
0.5430423228346457
11
1.5805714173228347
21
0.5363887401574803
0
LINE
8
BLACK
6
CONTINUOUS
10
1.5805714173228347
20
0.5363887401574803
11
1.5770733858267716
21
0.5303300393700787
0
LINE
8
BLACK
6
CONTINUOUS
10
1.5770733858267716
20
0.5303300393700787
11
1.5723921653543307
21
0.5251309842519685
0
LINE
8
BLACK
6
CONTINUOUS
10
1.5723921653543307
20
0.5251309842519685
11
1.5667322834645669
21
0.5210188188976378
0
LINE
8
BLACK
6
CONTINUOUS
10
1.5667322834645669
20
0.5210188188976378
11
1.5603411023622047
21
0.5181733070866141
0
LINE
8
BLACK
6
CONTINUOUS
10
1.5603411023622047
20
0.5181733070866141
11
1.5534979921259842
21
0.5167187401574803
0
LINE
8
BLACK
6
CONTINUOUS
10
1.5534979921259842
20
0.5167187401574803
11
1.5465020078740157
21
0.5167187401574803
0
LINE
8
BLACK
6
CONTINUOUS
10
1.5465020078740157
20
0.5167187401574803
11
1.5396588976377952
21
0.5181733070866141
0
LINE
8
BLACK
6
CONTINUOUS
10
1.5396588976377952
20
0.5181733070866141
11
1.5332677165354331
21
0.5210188188976378
0
LINE
8
BLACK
6
CONTINUOUS
10
1.5332677165354331
20
0.5210188188976378
11
1.5276078346456692
21
0.5251309842519685
0
LINE
8
BLACK
6
CONTINUOUS
10
1.5276078346456692
20
0.5251309842519685
11
1.5229266141732283
21
0.5303300393700787
0
LINE
8
BLACK
6
CONTINUOUS
10
1.5229266141732283
20
0.5303300393700787
11
1.5194285826771654
21
0.5363887401574803
0
LINE
8
BLACK
6
CONTINUOUS
10
1.5194285826771654
20
0.5363887401574803
11
1.5172667322834645
21
0.5430423228346457
0
LINE
8
BLACK
6
CONTINUOUS
10
1.5172667322834645
20
0.5430423228346457
11
1.516535433070866
21
0.5499999999999999
0
LINE
8
BLACK
6
CONTINUOUS
10
1.516535433070866
20
0.5499999999999999
11
1.5172667322834645
21
0.5569576771653543
0
LINE
8
BLACK
6
CONTINUOUS
10
1.5172667322834645
20
0.5569576771653543
11
1.5194285826771654
21
0.5636112598425197
0
LINE
8
BLACK
6
CONTINUOUS
10
1.5194285826771654
20
0.5636112598425197
11
1.5229266141732283
21
0.5696699606299213
0
LINE
8
BLACK
6
CONTINUOUS
10
1.5229266141732283
20
0.5696699606299213
11
1.5276078346456692
21
0.5748690157480315
0
LINE
8
BLACK
6
CONTINUOUS
10
1.5276078346456692
20
0.5748690157480315
11
1.5332677165354331
21
0.5789811811023622
0
LINE
8
BLACK
6
CONTINUOUS
10
1.5332677165354331
20
0.5789811811023622
11
1.5396588976377952
21
0.5818266929133858
0
LINE
8
BLACK
6
CONTINUOUS
10
1.5396588976377952
20
0.5818266929133858
11
1.5465020078740157
21
0.5832812598425197
0
LINE
8
BLACK
6
CONTINUOUS
10
1.5465020078740157
20
0.5832812598425197
11
1.5534979921259842
21
0.5832812598425197
0
LINE
8
BLACK
6
CONTINUOUS
10
1.5534979921259842
20
0.5832812598425197
11
1.5603411023622047
21
0.5818266929133858
0
LINE
8
BLACK
6
CONTINUOUS
10
1.6603411023622048
20
0.5818266929133858
11
1.6667322834645668
21
0.5789811811023622
0
LINE
8
BLACK
6
CONTINUOUS
10
1.6667322834645668
20
0.5789811811023622
11
1.6723921653543308
21
0.5748690157480315
0
LINE
8
BLACK
6
CONTINUOUS
10
1.6723921653543308
20
0.5748690157480315
11
1.6770733858267717
21
0.5696699606299213
0
LINE
8
BLACK
6
CONTINUOUS
10
1.6770733858267717
20
0.5696699606299213
11
1.6805714173228345
21
0.5636112598425197
0
LINE
8
BLACK
6
CONTINUOUS
10
1.6805714173228345
20
0.5636112598425197
11
1.6827332677165354
21
0.5569576771653543
0
LINE
8
BLACK
6
CONTINUOUS
10
1.6827332677165354
20
0.5569576771653543
11
1.6834645669291337
21
0.5499999999999999
0
LINE
8
BLACK
6
CONTINUOUS
10
1.6834645669291337
20
0.5499999999999999
11
1.6827332677165354
21
0.5430423228346457
0
LINE
8
BLACK
6
CONTINUOUS
10
1.6827332677165354
20
0.5430423228346457
11
1.6805714173228345
21
0.5363887401574803
0
LINE
8
BLACK
6
CONTINUOUS
10
1.6805714173228345
20
0.5363887401574803
11
1.6770733858267717
21
0.5303300393700787
0
LINE
8
BLACK
6
CONTINUOUS
10
1.6770733858267717
20
0.5303300393700787
11
1.6723921653543308
21
0.5251309842519685
0
LINE
8
BLACK
6
CONTINUOUS
10
1.6723921653543308
20
0.5251309842519685
11
1.6667322834645668
21
0.5210188188976378
0
LINE
8
BLACK
6
CONTINUOUS
10
1.6667322834645668
20
0.5210188188976378
11
1.6603411023622048
21
0.5181733070866141
0
LINE
8
BLACK
6
CONTINUOUS
10
1.6603411023622048
20
0.5181733070866141
11
1.6534979921259843
21
0.5167187401574803
0
LINE
8
BLACK
6
CONTINUOUS
10
1.6534979921259843
20
0.5167187401574803
11
1.6465020078740158
21
0.5167187401574803
0
LINE
8
BLACK
6
CONTINUOUS
10
1.6465020078740158
20
0.5167187401574803
11
1.6396588976377953
21
0.5181733070866141
0
LINE
8
BLACK
6
CONTINUOUS
10
1.6396588976377953
20
0.5181733070866141
11
1.633267716535433
21
0.5210188188976378
0
LINE
8
BLACK
6
CONTINUOUS
10
1.633267716535433
20
0.5210188188976378
11
1.6276078346456693
21
0.5251309842519685
0
LINE
8
BLACK
6
CONTINUOUS
10
1.6276078346456693
20
0.5251309842519685
11
1.6229266141732284
21
0.5303300393700787
0
LINE
8
BLACK
6
CONTINUOUS
10
1.6229266141732284
20
0.5303300393700787
11
1.6194285826771653
21
0.5363887401574803
0
LINE
8
BLACK
6
CONTINUOUS
10
1.6194285826771653
20
0.5363887401574803
11
1.6172667322834646
21
0.5430423228346457
0
LINE
8
BLACK
6
CONTINUOUS
10
1.6172667322834646
20
0.5430423228346457
11
1.6165354330708661
21
0.5499999999999999
0
LINE
8
BLACK
6
CONTINUOUS
10
1.6165354330708661
20
0.5499999999999999
11
1.6172667322834646
21
0.5569576771653543
0
LINE
8
BLACK
6
CONTINUOUS
10
1.6172667322834646
20
0.5569576771653543
11
1.6194285826771653
21
0.5636112598425197
0
LINE
8
BLACK
6
CONTINUOUS
10
1.6194285826771653
20
0.5636112598425197
11
1.6229266141732284
21
0.5696699606299213
0
LINE
8
BLACK
6
CONTINUOUS
10
1.6229266141732284
20
0.5696699606299213
11
1.6276078346456693
21
0.5748690157480315
0
LINE
8
BLACK
6
CONTINUOUS
10
1.6276078346456693
20
0.5748690157480315
11
1.633267716535433
21
0.5789811811023622
0
LINE
8
BLACK
6
CONTINUOUS
10
1.633267716535433
20
0.5789811811023622
11
1.6396588976377953
21
0.5818266929133858
0
LINE
8
BLACK
6
CONTINUOUS
10
1.6396588976377953
20
0.5818266929133858
11
1.6465020078740158
21
0.5832812598425197
0
LINE
8
BLACK
6
CONTINUOUS
10
1.6465020078740158
20
0.5832812598425197
11
1.6534979921259843
21
0.5832812598425197
0
LINE
8
BLACK
6
CONTINUOUS
10
1.6534979921259843
20
0.5832812598425197
11
1.6603411023622048
21
0.5818266929133858
0
LINE
8
BLACK
6
CONTINUOUS
10
1.7603411023622046
20
0.5818266929133858
11
1.7667322834645669
21
0.5789811811023622
0
LINE
8
BLACK
6
CONTINUOUS
10
1.7667322834645669
20
0.5789811811023622
11
1.7723921653543306
21
0.5748690157480315
0
LINE
8
BLACK
6
CONTINUOUS
10
1.7723921653543306
20
0.5748690157480315
11
1.7770733858267715
21
0.5696699606299213
0
LINE
8
BLACK
6
CONTINUOUS
10
1.7770733858267715
20
0.5696699606299213
11
1.7805714173228346
21
0.5636112598425197
0
LINE
8
BLACK
6
CONTINUOUS
10
1.7805714173228346
20
0.5636112598425197
11
1.7827332677165353
21
0.5569576771653543
0
LINE
8
BLACK
6
CONTINUOUS
10
1.7827332677165353
20
0.5569576771653543
11
1.7834645669291338
21
0.5499999999999999
0
LINE
8
BLACK
6
CONTINUOUS
10
1.7834645669291338
20
0.5499999999999999
11
1.7827332677165353
21
0.5430423228346457
0
LINE
8
BLACK
6
CONTINUOUS
10
1.7827332677165353
20
0.5430423228346457
11
1.7805714173228346
21
0.5363887401574803
0
LINE
8
BLACK
6
CONTINUOUS
10
1.7805714173228346
20
0.5363887401574803
11
1.7770733858267715
21
0.5303300393700787
0
LINE
8
BLACK
6
CONTINUOUS
10
1.7770733858267715
20
0.5303300393700787
11
1.7723921653543306
21
0.5251309842519685
0
LINE
8
BLACK
6
CONTINUOUS
10
1.7723921653543306
20
0.5251309842519685
11
1.7667322834645669
21
0.5210188188976378
0
LINE
8
BLACK
6
CONTINUOUS
10
1.7667322834645669
20
0.5210188188976378
11
1.7603411023622046
21
0.5181733070866141
0
LINE
8
BLACK
6
CONTINUOUS
10
1.7603411023622046
20
0.5181733070866141
11
1.7534979921259841
21
0.5167187401574803
0
LINE
8
BLACK
6
CONTINUOUS
10
1.7534979921259841
20
0.5167187401574803
11
1.7465020078740157
21
0.5167187401574803
0
LINE
8
BLACK
6
CONTINUOUS
10
1.7465020078740157
20
0.5167187401574803
11
1.7396588976377951
21
0.5181733070866141
0
LINE
8
BLACK
6
CONTINUOUS
10
1.7396588976377951
20
0.5181733070866141
11
1.7332677165354331
21
0.5210188188976378
0
LINE
8
BLACK
6
CONTINUOUS
10
1.7332677165354331
20
0.5210188188976378
11
1.7276078346456694
21
0.5251309842519685
0
LINE
8
BLACK
6
CONTINUOUS
10
1.7276078346456694
20
0.5251309842519685
11
1.7229266141732282
21
0.5303300393700787
0
LINE
8
BLACK
6
CONTINUOUS
10
1.7229266141732282
20
0.5303300393700787
11
1.7194285826771654
21
0.5363887401574803
0
LINE
8
BLACK
6
CONTINUOUS
10
1.7194285826771654
20
0.5363887401574803
11
1.7172667322834645
21
0.5430423228346457
0
LINE
8
BLACK
6
CONTINUOUS
10
1.7172667322834645
20
0.5430423228346457
11
1.7165354330708662
21
0.5499999999999999
0
LINE
8
BLACK
6
CONTINUOUS
10
1.7165354330708662
20
0.5499999999999999
11
1.7172667322834645
21
0.5569576771653543
0
LINE
8
BLACK
6
CONTINUOUS
10
1.7172667322834645
20
0.5569576771653543
11
1.7194285826771654
21
0.5636112598425197
0
LINE
8
BLACK
6
CONTINUOUS
10
1.7194285826771654
20
0.5636112598425197
11
1.7229266141732282
21
0.5696699606299213
0
LINE
8
BLACK
6
CONTINUOUS
10
1.7229266141732282
20
0.5696699606299213
11
1.7276078346456694
21
0.5748690157480315
0
LINE
8
BLACK
6
CONTINUOUS
10
1.7276078346456694
20
0.5748690157480315
11
1.7332677165354331
21
0.5789811811023622
0
LINE
8
BLACK
6
CONTINUOUS
10
1.7332677165354331
20
0.5789811811023622
11
1.7396588976377951
21
0.5818266929133858
0
LINE
8
BLACK
6
CONTINUOUS
10
1.7396588976377951
20
0.5818266929133858
11
1.7465020078740157
21
0.5832812598425197
0
LINE
8
BLACK
6
CONTINUOUS
10
1.7465020078740157
20
0.5832812598425197
11
1.7534979921259841
21
0.5832812598425197
0
LINE
8
BLACK
6
CONTINUOUS
10
1.7534979921259841
20
0.5832812598425197
11
1.7603411023622046
21
0.5818266929133858
0
LINE
8
BLACK
6
CONTINUOUS
10
1.7834645669291338
20
0.6165354330708661
11
1.7165354330708662
21
0.6165354330708661
0
LINE
8
BLACK
6
CONTINUOUS
10
1.7165354330708662
20
0.6165354330708661
11
1.7165354330708662
21
0.6834645669291338
0
LINE
8
BLACK
6
CONTINUOUS
10
1.7165354330708662
20
0.6834645669291338
11
1.7834645669291338
21
0.6834645669291338
0
LINE
8
BLACK
6
CONTINUOUS
10
1.7834645669291338
20
0.6834645669291338
11
1.7834645669291338
21
0.6165354330708661
0
LINE
8
BLACK
6
CONTINUOUS
10
0.2603411023622047
20
0.6818266929133858
11
0.2667322834645669
21
0.6789811811023622
0
LINE
8
BLACK
6
CONTINUOUS
10
0.2667322834645669
20
0.6789811811023622
11
0.2723921653543307
21
0.6748690157480315
0
LINE
8
BLACK
6
CONTINUOUS
10
0.2723921653543307
20
0.6748690157480315
11
0.2770733858267717
21
0.6696699606299212
0
LINE
8
BLACK
6
CONTINUOUS
10
0.2770733858267717
20
0.6696699606299212
11
0.2805714173228346
21
0.6636112598425197
0
LINE
8
BLACK
6
CONTINUOUS
10
0.2805714173228346
20
0.6636112598425197
11
0.2827332677165355
21
0.6569576771653544
0
LINE
8
BLACK
6
CONTINUOUS
10
0.2827332677165355
20
0.6569576771653544
11
0.2834645669291339
21
0.65
0
LINE
8
BLACK
6
CONTINUOUS
10
0.2834645669291339
20
0.65
11
0.2827332677165355
21
0.6430423228346457
0
LINE
8
BLACK
6
CONTINUOUS
10
0.2827332677165355
20
0.6430423228346457
11
0.2805714173228346
21
0.6363887401574803
0
LINE
8
BLACK
6
CONTINUOUS
10
0.2805714173228346
20
0.6363887401574803
11
0.2770733858267717
21
0.6303300393700787
0
LINE
8
BLACK
6
CONTINUOUS
10
0.2770733858267717
20
0.6303300393700787
11
0.2723921653543307
21
0.6251309842519684
0
LINE
8
BLACK
6
CONTINUOUS
10
0.2723921653543307
20
0.6251309842519684
11
0.2667322834645669
21
0.6210188188976378
0
LINE
8
BLACK
6
CONTINUOUS
10
0.2667322834645669
20
0.6210188188976378
11
0.2603411023622047
21
0.6181733070866141
0
LINE
8
BLACK
6
CONTINUOUS
10
0.2603411023622047
20
0.6181733070866141
11
0.2534979921259842
21
0.6167187401574803
0
LINE
8
BLACK
6
CONTINUOUS
10
0.2534979921259842
20
0.6167187401574803
11
0.2465020078740157
21
0.6167187401574803
0
LINE
8
BLACK
6
CONTINUOUS
10
0.2465020078740157
20
0.6167187401574803
11
0.2396588976377953
21
0.6181733070866141
0
LINE
8
BLACK
6
CONTINUOUS
10
0.2396588976377953
20
0.6181733070866141
11
0.2332677165354331
21
0.6210188188976378
0
LINE
8
BLACK
6
CONTINUOUS
10
0.2332677165354331
20
0.6210188188976378
11
0.2276078346456693
21
0.6251309842519684
0
LINE
8
BLACK
6
CONTINUOUS
10
0.2276078346456693
20
0.6251309842519684
11
0.2229266141732283
21
0.6303300393700787
0
LINE
8
BLACK
6
CONTINUOUS
10
0.2229266141732283
20
0.6303300393700787
11
0.2194285826771654
21
0.6363887401574803
0
LINE
8
BLACK
6
CONTINUOUS
10
0.2194285826771654
20
0.6363887401574803
11
0.2172667322834646
21
0.6430423228346457
0
LINE
8
BLACK
6
CONTINUOUS
10
0.2172667322834646
20
0.6430423228346457
11
0.2165354330708661
21
0.65
0
LINE
8
BLACK
6
CONTINUOUS
10
0.2165354330708661
20
0.65
11
0.2172667322834646
21
0.6569576771653544
0
LINE
8
BLACK
6
CONTINUOUS
10
0.2172667322834646
20
0.6569576771653544
11
0.2194285826771654
21
0.6636112598425197
0
LINE
8
BLACK
6
CONTINUOUS
10
0.2194285826771654
20
0.6636112598425197
11
0.2229266141732283
21
0.6696699606299212
0
LINE
8
BLACK
6
CONTINUOUS
10
0.2229266141732283
20
0.6696699606299212
11
0.2276078346456693
21
0.6748690157480315
0
LINE
8
BLACK
6
CONTINUOUS
10
0.2276078346456693
20
0.6748690157480315
11
0.2332677165354331
21
0.6789811811023622
0
LINE
8
BLACK
6
CONTINUOUS
10
0.2332677165354331
20
0.6789811811023622
11
0.2396588976377953
21
0.6818266929133858
0
LINE
8
BLACK
6
CONTINUOUS
10
0.2396588976377953
20
0.6818266929133858
11
0.2465020078740157
21
0.6832812598425196
0
LINE
8
BLACK
6
CONTINUOUS
10
0.2465020078740157
20
0.6832812598425196
11
0.2534979921259842
21
0.6832812598425196
0
LINE
8
BLACK
6
CONTINUOUS
10
0.2534979921259842
20
0.6832812598425196
11
0.2603411023622047
21
0.6818266929133858
0
LINE
8
BLACK
6
CONTINUOUS
10
0.3603411023622047
20
0.6818266929133858
11
0.3667322834645669
21
0.6789811811023622
0
LINE
8
BLACK
6
CONTINUOUS
10
0.3667322834645669
20
0.6789811811023622
11
0.3723921653543307
21
0.6748690157480315
0
LINE
8
BLACK
6
CONTINUOUS
10
0.3723921653543307
20
0.6748690157480315
11
0.3770733858267716
21
0.6696699606299212
0
LINE
8
BLACK
6
CONTINUOUS
10
0.3770733858267716
20
0.6696699606299212
11
0.3805714173228346
21
0.6636112598425197
0
LINE
8
BLACK
6
CONTINUOUS
10
0.3805714173228346
20
0.6636112598425197
11
0.3827332677165354
21
0.6569576771653544
0
LINE
8
BLACK
6
CONTINUOUS
10
0.3827332677165354
20
0.6569576771653544
11
0.3834645669291338
21
0.65
0
LINE
8
BLACK
6
CONTINUOUS
10
0.3834645669291338
20
0.65
11
0.3827332677165354
21
0.6430423228346457
0
LINE
8
BLACK
6
CONTINUOUS
10
0.3827332677165354
20
0.6430423228346457
11
0.3805714173228346
21
0.6363887401574803
0
LINE
8
BLACK
6
CONTINUOUS
10
0.3805714173228346
20
0.6363887401574803
11
0.3770733858267716
21
0.6303300393700787
0
LINE
8
BLACK
6
CONTINUOUS
10
0.3770733858267716
20
0.6303300393700787
11
0.3723921653543307
21
0.6251309842519684
0
LINE
8
BLACK
6
CONTINUOUS
10
0.3723921653543307
20
0.6251309842519684
11
0.3667322834645669
21
0.6210188188976378
0
LINE
8
BLACK
6
CONTINUOUS
10
0.3667322834645669
20
0.6210188188976378
11
0.3603411023622047
21
0.6181733070866141
0
LINE
8
BLACK
6
CONTINUOUS
10
0.3603411023622047
20
0.6181733070866141
11
0.3534979921259843
21
0.6167187401574803
0
LINE
8
BLACK
6
CONTINUOUS
10
0.3534979921259843
20
0.6167187401574803
11
0.3465020078740157
21
0.6167187401574803
0
LINE
8
BLACK
6
CONTINUOUS
10
0.3465020078740157
20
0.6167187401574803
11
0.3396588976377953
21
0.6181733070866141
0
LINE
8
BLACK
6
CONTINUOUS
10
0.3396588976377953
20
0.6181733070866141
11
0.3332677165354331
21
0.6210188188976378
0
LINE
8
BLACK
6
CONTINUOUS
10
0.3332677165354331
20
0.6210188188976378
11
0.3276078346456693
21
0.6251309842519684
0
LINE
8
BLACK
6
CONTINUOUS
10
0.3276078346456693
20
0.6251309842519684
11
0.3229266141732283
21
0.6303300393700787
0
LINE
8
BLACK
6
CONTINUOUS
10
0.3229266141732283
20
0.6303300393700787
11
0.3194285826771653
21
0.6363887401574803
0
LINE
8
BLACK
6
CONTINUOUS
10
0.3194285826771653
20
0.6363887401574803
11
0.3172667322834646
21
0.6430423228346457
0
LINE
8
BLACK
6
CONTINUOUS
10
0.3172667322834646
20
0.6430423228346457
11
0.3165354330708661
21
0.65
0
LINE
8
BLACK
6
CONTINUOUS
10
0.3165354330708661
20
0.65
11
0.3172667322834646
21
0.6569576771653544
0
LINE
8
BLACK
6
CONTINUOUS
10
0.3172667322834646
20
0.6569576771653544
11
0.3194285826771653
21
0.6636112598425197
0
LINE
8
BLACK
6
CONTINUOUS
10
0.3194285826771653
20
0.6636112598425197
11
0.3229266141732283
21
0.6696699606299212
0
LINE
8
BLACK
6
CONTINUOUS
10
0.3229266141732283
20
0.6696699606299212
11
0.3276078346456693
21
0.6748690157480315
0
LINE
8
BLACK
6
CONTINUOUS
10
0.3276078346456693
20
0.6748690157480315
11
0.3332677165354331
21
0.6789811811023622
0
LINE
8
BLACK
6
CONTINUOUS
10
0.3332677165354331
20
0.6789811811023622
11
0.3396588976377953
21
0.6818266929133858
0
LINE
8
BLACK
6
CONTINUOUS
10
0.3396588976377953
20
0.6818266929133858
11
0.3465020078740157
21
0.6832812598425196
0
LINE
8
BLACK
6
CONTINUOUS
10
0.3465020078740157
20
0.6832812598425196
11
0.3534979921259843
21
0.6832812598425196
0
LINE
8
BLACK
6
CONTINUOUS
10
0.3534979921259843
20
0.6832812598425196
11
0.3603411023622047
21
0.6818266929133858
0
LINE
8
BLACK
6
CONTINUOUS
10
0.4603411023622047
20
0.6818266929133858
11
0.4667322834645669
21
0.6789811811023622
0
LINE
8
BLACK
6
CONTINUOUS
10
0.4667322834645669
20
0.6789811811023622
11
0.4723921653543307
21
0.6748690157480315
0
LINE
8
BLACK
6
CONTINUOUS
10
0.4723921653543307
20
0.6748690157480315
11
0.4770733858267717
21
0.6696699606299212
0
LINE
8
BLACK
6
CONTINUOUS
10
0.4770733858267717
20
0.6696699606299212
11
0.4805714173228346
21
0.6636112598425197
0
LINE
8
BLACK
6
CONTINUOUS
10
0.4805714173228346
20
0.6636112598425197
11
0.4827332677165354
21
0.6569576771653544
0
LINE
8
BLACK
6
CONTINUOUS
10
0.4827332677165354
20
0.6569576771653544
11
0.4834645669291339
21
0.65
0
LINE
8
BLACK
6
CONTINUOUS
10
0.4834645669291339
20
0.65
11
0.4827332677165354
21
0.6430423228346457
0
LINE
8
BLACK
6
CONTINUOUS
10
0.4827332677165354
20
0.6430423228346457
11
0.4805714173228346
21
0.6363887401574803
0
LINE
8
BLACK
6
CONTINUOUS
10
0.4805714173228346
20
0.6363887401574803
11
0.4770733858267717
21
0.6303300393700787
0
LINE
8
BLACK
6
CONTINUOUS
10
0.4770733858267717
20
0.6303300393700787
11
0.4723921653543307
21
0.6251309842519684
0
LINE
8
BLACK
6
CONTINUOUS
10
0.4723921653543307
20
0.6251309842519684
11
0.4667322834645669
21
0.6210188188976378
0
LINE
8
BLACK
6
CONTINUOUS
10
0.4667322834645669
20
0.6210188188976378
11
0.4603411023622047
21
0.6181733070866141
0
LINE
8
BLACK
6
CONTINUOUS
10
0.4603411023622047
20
0.6181733070866141
11
0.4534979921259842
21
0.6167187401574803
0
LINE
8
BLACK
6
CONTINUOUS
10
0.4534979921259842
20
0.6167187401574803
11
0.4465020078740157
21
0.6167187401574803
0
LINE
8
BLACK
6
CONTINUOUS
10
0.4465020078740157
20
0.6167187401574803
11
0.4396588976377953
21
0.6181733070866141
0
LINE
8
BLACK
6
CONTINUOUS
10
0.4396588976377953
20
0.6181733070866141
11
0.4332677165354331
21
0.6210188188976378
0
LINE
8
BLACK
6
CONTINUOUS
10
0.4332677165354331
20
0.6210188188976378
11
0.4276078346456693
21
0.6251309842519684
0
LINE
8
BLACK
6
CONTINUOUS
10
0.4276078346456693
20
0.6251309842519684
11
0.4229266141732284
21
0.6303300393700787
0
LINE
8
BLACK
6
CONTINUOUS
10
0.4229266141732284
20
0.6303300393700787
11
0.4194285826771653
21
0.6363887401574803
0
LINE
8
BLACK
6
CONTINUOUS
10
0.4194285826771653
20
0.6363887401574803
11
0.4172667322834646
21
0.6430423228346457
0
LINE
8
BLACK
6
CONTINUOUS
10
0.4172667322834646
20
0.6430423228346457
11
0.4165354330708662
21
0.65
0
LINE
8
BLACK
6
CONTINUOUS
10
0.4165354330708662
20
0.65
11
0.4172667322834646
21
0.6569576771653544
0
LINE
8
BLACK
6
CONTINUOUS
10
0.4172667322834646
20
0.6569576771653544
11
0.4194285826771653
21
0.6636112598425197
0
LINE
8
BLACK
6
CONTINUOUS
10
0.4194285826771653
20
0.6636112598425197
11
0.4229266141732284
21
0.6696699606299212
0
LINE
8
BLACK
6
CONTINUOUS
10
0.4229266141732284
20
0.6696699606299212
11
0.4276078346456693
21
0.6748690157480315
0
LINE
8
BLACK
6
CONTINUOUS
10
0.4276078346456693
20
0.6748690157480315
11
0.4332677165354331
21
0.6789811811023622
0
LINE
8
BLACK
6
CONTINUOUS
10
0.4332677165354331
20
0.6789811811023622
11
0.4396588976377953
21
0.6818266929133858
0
LINE
8
BLACK
6
CONTINUOUS
10
0.4396588976377953
20
0.6818266929133858
11
0.4465020078740157
21
0.6832812598425196
0
LINE
8
BLACK
6
CONTINUOUS
10
0.4465020078740157
20
0.6832812598425196
11
0.4534979921259842
21
0.6832812598425196
0
LINE
8
BLACK
6
CONTINUOUS
10
0.4534979921259842
20
0.6832812598425196
11
0.4603411023622047
21
0.6818266929133858
0
LINE
8
BLACK
6
CONTINUOUS
10
0.5603411023622047
20
0.6818266929133858
11
0.5667322834645669
21
0.6789811811023622
0
LINE
8
BLACK
6
CONTINUOUS
10
0.5667322834645669
20
0.6789811811023622
11
0.5723921653543307
21
0.6748690157480315
0
LINE
8
BLACK
6
CONTINUOUS
10
0.5723921653543307
20
0.6748690157480315
11
0.5770733858267716
21
0.6696699606299212
0
LINE
8
BLACK
6
CONTINUOUS
10
0.5770733858267716
20
0.6696699606299212
11
0.5805714173228347
21
0.6636112598425197
0
LINE
8
BLACK
6
CONTINUOUS
10
0.5805714173228347
20
0.6636112598425197
11
0.5827332677165354
21
0.6569576771653544
0
LINE
8
BLACK
6
CONTINUOUS
10
0.5827332677165354
20
0.6569576771653544
11
0.5834645669291338
21
0.65
0
LINE
8
BLACK
6
CONTINUOUS
10
0.5834645669291338
20
0.65
11
0.5827332677165354
21
0.6430423228346457
0
LINE
8
BLACK
6
CONTINUOUS
10
0.5827332677165354
20
0.6430423228346457
11
0.5805714173228347
21
0.6363887401574803
0
LINE
8
BLACK
6
CONTINUOUS
10
0.5805714173228347
20
0.6363887401574803
11
0.5770733858267716
21
0.6303300393700787
0
LINE
8
BLACK
6
CONTINUOUS
10
0.5770733858267716
20
0.6303300393700787
11
0.5723921653543307
21
0.6251309842519684
0
LINE
8
BLACK
6
CONTINUOUS
10
0.5723921653543307
20
0.6251309842519684
11
0.5667322834645669
21
0.6210188188976378
0
LINE
8
BLACK
6
CONTINUOUS
10
0.5667322834645669
20
0.6210188188976378
11
0.5603411023622047
21
0.6181733070866141
0
LINE
8
BLACK
6
CONTINUOUS
10
0.5603411023622047
20
0.6181733070866141
11
0.5534979921259843
21
0.6167187401574803
0
LINE
8
BLACK
6
CONTINUOUS
10
0.5534979921259843
20
0.6167187401574803
11
0.5465020078740157
21
0.6167187401574803
0
LINE
8
BLACK
6
CONTINUOUS
10
0.5465020078740157
20
0.6167187401574803
11
0.5396588976377953
21
0.6181733070866141
0
LINE
8
BLACK
6
CONTINUOUS
10
0.5396588976377953
20
0.6181733070866141
11
0.533267716535433
21
0.6210188188976378
0
LINE
8
BLACK
6
CONTINUOUS
10
0.533267716535433
20
0.6210188188976378
11
0.5276078346456693
21
0.6251309842519684
0
LINE
8
BLACK
6
CONTINUOUS
10
0.5276078346456693
20
0.6251309842519684
11
0.5229266141732284
21
0.6303300393700787
0
LINE
8
BLACK
6
CONTINUOUS
10
0.5229266141732284
20
0.6303300393700787
11
0.5194285826771653
21
0.6363887401574803
0
LINE
8
BLACK
6
CONTINUOUS
10
0.5194285826771653
20
0.6363887401574803
11
0.5172667322834645
21
0.6430423228346457
0
LINE
8
BLACK
6
CONTINUOUS
10
0.5172667322834645
20
0.6430423228346457
11
0.5165354330708661
21
0.65
0
LINE
8
BLACK
6
CONTINUOUS
10
0.5165354330708661
20
0.65
11
0.5172667322834645
21
0.6569576771653544
0
LINE
8
BLACK
6
CONTINUOUS
10
0.5172667322834645
20
0.6569576771653544
11
0.5194285826771653
21
0.6636112598425197
0
LINE
8
BLACK
6
CONTINUOUS
10
0.5194285826771653
20
0.6636112598425197
11
0.5229266141732284
21
0.6696699606299212
0
LINE
8
BLACK
6
CONTINUOUS
10
0.5229266141732284
20
0.6696699606299212
11
0.5276078346456693
21
0.6748690157480315
0
LINE
8
BLACK
6
CONTINUOUS
10
0.5276078346456693
20
0.6748690157480315
11
0.533267716535433
21
0.6789811811023622
0
LINE
8
BLACK
6
CONTINUOUS
10
0.533267716535433
20
0.6789811811023622
11
0.5396588976377953
21
0.6818266929133858
0
LINE
8
BLACK
6
CONTINUOUS
10
0.5396588976377953
20
0.6818266929133858
11
0.5465020078740157
21
0.6832812598425196
0
LINE
8
BLACK
6
CONTINUOUS
10
0.5465020078740157
20
0.6832812598425196
11
0.5534979921259843
21
0.6832812598425196
0
LINE
8
BLACK
6
CONTINUOUS
10
0.5534979921259843
20
0.6832812598425196
11
0.5603411023622047
21
0.6818266929133858
0
LINE
8
BLACK
6
CONTINUOUS
10
0.6603411023622047
20
0.6818266929133858
11
0.6667322834645669
21
0.6789811811023622
0
LINE
8
BLACK
6
CONTINUOUS
10
0.6667322834645669
20
0.6789811811023622
11
0.6723921653543307
21
0.6748690157480315
0
LINE
8
BLACK
6
CONTINUOUS
10
0.6723921653543307
20
0.6748690157480315
11
0.6770733858267717
21
0.6696699606299212
0
LINE
8
BLACK
6
CONTINUOUS
10
0.6770733858267717
20
0.6696699606299212
11
0.6805714173228347
21
0.6636112598425197
0
LINE
8
BLACK
6
CONTINUOUS
10
0.6805714173228347
20
0.6636112598425197
11
0.6827332677165354
21
0.6569576771653544
0
LINE
8
BLACK
6
CONTINUOUS
10
0.6827332677165354
20
0.6569576771653544
11
0.6834645669291338
21
0.65
0
LINE
8
BLACK
6
CONTINUOUS
10
0.6834645669291338
20
0.65
11
0.6827332677165354
21
0.6430423228346457
0
LINE
8
BLACK
6
CONTINUOUS
10
0.6827332677165354
20
0.6430423228346457
11
0.6805714173228347
21
0.6363887401574803
0
LINE
8
BLACK
6
CONTINUOUS
10
0.6805714173228347
20
0.6363887401574803
11
0.6770733858267717
21
0.6303300393700787
0
LINE
8
BLACK
6
CONTINUOUS
10
0.6770733858267717
20
0.6303300393700787
11
0.6723921653543307
21
0.6251309842519684
0
LINE
8
BLACK
6
CONTINUOUS
10
0.6723921653543307
20
0.6251309842519684
11
0.6667322834645669
21
0.6210188188976378
0
LINE
8
BLACK
6
CONTINUOUS
10
0.6667322834645669
20
0.6210188188976378
11
0.6603411023622047
21
0.6181733070866141
0
LINE
8
BLACK
6
CONTINUOUS
10
0.6603411023622047
20
0.6181733070866141
11
0.6534979921259843
21
0.6167187401574803
0
LINE
8
BLACK
6
CONTINUOUS
10
0.6534979921259843
20
0.6167187401574803
11
0.6465020078740157
21
0.6167187401574803
0
LINE
8
BLACK
6
CONTINUOUS
10
0.6465020078740157
20
0.6167187401574803
11
0.6396588976377953
21
0.6181733070866141
0
LINE
8
BLACK
6
CONTINUOUS
10
0.6396588976377953
20
0.6181733070866141
11
0.633267716535433
21
0.6210188188976378
0
LINE
8
BLACK
6
CONTINUOUS
10
0.633267716535433
20
0.6210188188976378
11
0.6276078346456693
21
0.6251309842519684
0
LINE
8
BLACK
6
CONTINUOUS
10
0.6276078346456693
20
0.6251309842519684
11
0.6229266141732284
21
0.6303300393700787
0
LINE
8
BLACK
6
CONTINUOUS
10
0.6229266141732284
20
0.6303300393700787
11
0.6194285826771654
21
0.6363887401574803
0
LINE
8
BLACK
6
CONTINUOUS
10
0.6194285826771654
20
0.6363887401574803
11
0.6172667322834645
21
0.6430423228346457
0
LINE
8
BLACK
6
CONTINUOUS
10
0.6172667322834645
20
0.6430423228346457
11
0.6165354330708661
21
0.65
0
LINE
8
BLACK
6
CONTINUOUS
10
0.6165354330708661
20
0.65
11
0.6172667322834645
21
0.6569576771653544
0
LINE
8
BLACK
6
CONTINUOUS
10
0.6172667322834645
20
0.6569576771653544
11
0.6194285826771654
21
0.6636112598425197
0
LINE
8
BLACK
6
CONTINUOUS
10
0.6194285826771654
20
0.6636112598425197
11
0.6229266141732284
21
0.6696699606299212
0
LINE
8
BLACK
6
CONTINUOUS
10
0.6229266141732284
20
0.6696699606299212
11
0.6276078346456693
21
0.6748690157480315
0
LINE
8
BLACK
6
CONTINUOUS
10
0.6276078346456693
20
0.6748690157480315
11
0.633267716535433
21
0.6789811811023622
0
LINE
8
BLACK
6
CONTINUOUS
10
0.633267716535433
20
0.6789811811023622
11
0.6396588976377953
21
0.6818266929133858
0
LINE
8
BLACK
6
CONTINUOUS
10
0.6396588976377953
20
0.6818266929133858
11
0.6465020078740157
21
0.6832812598425196
0
LINE
8
BLACK
6
CONTINUOUS
10
0.6465020078740157
20
0.6832812598425196
11
0.6534979921259843
21
0.6832812598425196
0
LINE
8
BLACK
6
CONTINUOUS
10
0.6534979921259843
20
0.6832812598425196
11
0.6603411023622047
21
0.6818266929133858
0
LINE
8
BLACK
6
CONTINUOUS
10
0.7603411023622048
20
0.6818266929133858
11
0.7667322834645669
21
0.6789811811023622
0
LINE
8
BLACK
6
CONTINUOUS
10
0.7667322834645669
20
0.6789811811023622
11
0.7723921653543306
21
0.6748690157480315
0
LINE
8
BLACK
6
CONTINUOUS
10
0.7723921653543306
20
0.6748690157480315
11
0.7770733858267717
21
0.6696699606299212
0
LINE
8
BLACK
6
CONTINUOUS
10
0.7770733858267717
20
0.6696699606299212
11
0.7805714173228346
21
0.6636112598425197
0
LINE
8
BLACK
6
CONTINUOUS
10
0.7805714173228346
20
0.6636112598425197
11
0.7827332677165354
21
0.6569576771653544
0
LINE
8
BLACK
6
CONTINUOUS
10
0.7827332677165354
20
0.6569576771653544
11
0.7834645669291338
21
0.65
0
LINE
8
BLACK
6
CONTINUOUS
10
0.7834645669291338
20
0.65
11
0.7827332677165354
21
0.6430423228346457
0
LINE
8
BLACK
6
CONTINUOUS
10
0.7827332677165354
20
0.6430423228346457
11
0.7805714173228346
21
0.6363887401574803
0
LINE
8
BLACK
6
CONTINUOUS
10
0.7805714173228346
20
0.6363887401574803
11
0.7770733858267717
21
0.6303300393700787
0
LINE
8
BLACK
6
CONTINUOUS
10
0.7770733858267717
20
0.6303300393700787
11
0.7723921653543306
21
0.6251309842519684
0
LINE
8
BLACK
6
CONTINUOUS
10
0.7723921653543306
20
0.6251309842519684
11
0.7667322834645669
21
0.6210188188976378
0
LINE
8
BLACK
6
CONTINUOUS
10
0.7667322834645669
20
0.6210188188976378
11
0.7603411023622048
21
0.6181733070866141
0
LINE
8
BLACK
6
CONTINUOUS
10
0.7603411023622048
20
0.6181733070866141
11
0.7534979921259842
21
0.6167187401574803
0
LINE
8
BLACK
6
CONTINUOUS
10
0.7534979921259842
20
0.6167187401574803
11
0.7465020078740158
21
0.6167187401574803
0
LINE
8
BLACK
6
CONTINUOUS
10
0.7465020078740158
20
0.6167187401574803
11
0.7396588976377952
21
0.6181733070866141
0
LINE
8
BLACK
6
CONTINUOUS
10
0.7396588976377952
20
0.6181733070866141
11
0.7332677165354331
21
0.6210188188976378
0
LINE
8
BLACK
6
CONTINUOUS
10
0.7332677165354331
20
0.6210188188976378
11
0.7276078346456692
21
0.6251309842519684
0
LINE
8
BLACK
6
CONTINUOUS
10
0.7276078346456692
20
0.6251309842519684
11
0.7229266141732283
21
0.6303300393700787
0
LINE
8
BLACK
6
CONTINUOUS
10
0.7229266141732283
20
0.6303300393700787
11
0.7194285826771654
21
0.6363887401574803
0
LINE
8
BLACK
6
CONTINUOUS
10
0.7194285826771654
20
0.6363887401574803
11
0.7172667322834646
21
0.6430423228346457
0
LINE
8
BLACK
6
CONTINUOUS
10
0.7172667322834646
20
0.6430423228346457
11
0.7165354330708661
21
0.65
0
LINE
8
BLACK
6
CONTINUOUS
10
0.7165354330708661
20
0.65
11
0.7172667322834646
21
0.6569576771653544
0
LINE
8
BLACK
6
CONTINUOUS
10
0.7172667322834646
20
0.6569576771653544
11
0.7194285826771654
21
0.6636112598425197
0
LINE
8
BLACK
6
CONTINUOUS
10
0.7194285826771654
20
0.6636112598425197
11
0.7229266141732283
21
0.6696699606299212
0
LINE
8
BLACK
6
CONTINUOUS
10
0.7229266141732283
20
0.6696699606299212
11
0.7276078346456692
21
0.6748690157480315
0
LINE
8
BLACK
6
CONTINUOUS
10
0.7276078346456692
20
0.6748690157480315
11
0.7332677165354331
21
0.6789811811023622
0
LINE
8
BLACK
6
CONTINUOUS
10
0.7332677165354331
20
0.6789811811023622
11
0.7396588976377952
21
0.6818266929133858
0
LINE
8
BLACK
6
CONTINUOUS
10
0.7396588976377952
20
0.6818266929133858
11
0.7465020078740158
21
0.6832812598425196
0
LINE
8
BLACK
6
CONTINUOUS
10
0.7465020078740158
20
0.6832812598425196
11
0.7534979921259842
21
0.6832812598425196
0
LINE
8
BLACK
6
CONTINUOUS
10
0.7534979921259842
20
0.6832812598425196
11
0.7603411023622048
21
0.6818266929133858
0
LINE
8
BLACK
6
CONTINUOUS
10
0.8603411023622047
20
0.6818266929133858
11
0.8667322834645669
21
0.6789811811023622
0
LINE
8
BLACK
6
CONTINUOUS
10
0.8667322834645669
20
0.6789811811023622
11
0.8723921653543307
21
0.6748690157480315
0
LINE
8
BLACK
6
CONTINUOUS
10
0.8723921653543307
20
0.6748690157480315
11
0.8770733858267716
21
0.6696699606299212
0
LINE
8
BLACK
6
CONTINUOUS
10
0.8770733858267716
20
0.6696699606299212
11
0.8805714173228346
21
0.6636112598425197
0
LINE
8
BLACK
6
CONTINUOUS
10
0.8805714173228346
20
0.6636112598425197
11
0.8827332677165354
21
0.6569576771653544
0
LINE
8
BLACK
6
CONTINUOUS
10
0.8827332677165354
20
0.6569576771653544
11
0.8834645669291339
21
0.65
0
LINE
8
BLACK
6
CONTINUOUS
10
0.8834645669291339
20
0.65
11
0.8827332677165354
21
0.6430423228346457
0
LINE
8
BLACK
6
CONTINUOUS
10
0.8827332677165354
20
0.6430423228346457
11
0.8805714173228346
21
0.6363887401574803
0
LINE
8
BLACK
6
CONTINUOUS
10
0.8805714173228346
20
0.6363887401574803
11
0.8770733858267716
21
0.6303300393700787
0
LINE
8
BLACK
6
CONTINUOUS
10
0.8770733858267716
20
0.6303300393700787
11
0.8723921653543307
21
0.6251309842519684
0
LINE
8
BLACK
6
CONTINUOUS
10
0.8723921653543307
20
0.6251309842519684
11
0.8667322834645669
21
0.6210188188976378
0
LINE
8
BLACK
6
CONTINUOUS
10
0.8667322834645669
20
0.6210188188976378
11
0.8603411023622047
21
0.6181733070866141
0
LINE
8
BLACK
6
CONTINUOUS
10
0.8603411023622047
20
0.6181733070866141
11
0.8534979921259842
21
0.6167187401574803
0
LINE
8
BLACK
6
CONTINUOUS
10
0.8534979921259842
20
0.6167187401574803
11
0.8465020078740157
21
0.6167187401574803
0
LINE
8
BLACK
6
CONTINUOUS
10
0.8465020078740157
20
0.6167187401574803
11
0.8396588976377952
21
0.6181733070866141
0
LINE
8
BLACK
6
CONTINUOUS
10
0.8396588976377952
20
0.6181733070866141
11
0.8332677165354331
21
0.6210188188976378
0
LINE
8
BLACK
6
CONTINUOUS
10
0.8332677165354331
20
0.6210188188976378
11
0.8276078346456692
21
0.6251309842519684
0
LINE
8
BLACK
6
CONTINUOUS
10
0.8276078346456692
20
0.6251309842519684
11
0.8229266141732283
21
0.6303300393700787
0
LINE
8
BLACK
6
CONTINUOUS
10
0.8229266141732283
20
0.6303300393700787
11
0.8194285826771653
21
0.6363887401574803
0
LINE
8
BLACK
6
CONTINUOUS
10
0.8194285826771653
20
0.6363887401574803
11
0.8172667322834646
21
0.6430423228346457
0
LINE
8
BLACK
6
CONTINUOUS
10
0.8172667322834646
20
0.6430423228346457
11
0.8165354330708661
21
0.65
0
LINE
8
BLACK
6
CONTINUOUS
10
0.8165354330708661
20
0.65
11
0.8172667322834646
21
0.6569576771653544
0
LINE
8
BLACK
6
CONTINUOUS
10
0.8172667322834646
20
0.6569576771653544
11
0.8194285826771653
21
0.6636112598425197
0
LINE
8
BLACK
6
CONTINUOUS
10
0.8194285826771653
20
0.6636112598425197
11
0.8229266141732283
21
0.6696699606299212
0
LINE
8
BLACK
6
CONTINUOUS
10
0.8229266141732283
20
0.6696699606299212
11
0.8276078346456692
21
0.6748690157480315
0
LINE
8
BLACK
6
CONTINUOUS
10
0.8276078346456692
20
0.6748690157480315
11
0.8332677165354331
21
0.6789811811023622
0
LINE
8
BLACK
6
CONTINUOUS
10
0.8332677165354331
20
0.6789811811023622
11
0.8396588976377952
21
0.6818266929133858
0
LINE
8
BLACK
6
CONTINUOUS
10
0.8396588976377952
20
0.6818266929133858
11
0.8465020078740157
21
0.6832812598425196
0
LINE
8
BLACK
6
CONTINUOUS
10
0.8465020078740157
20
0.6832812598425196
11
0.8534979921259842
21
0.6832812598425196
0
LINE
8
BLACK
6
CONTINUOUS
10
0.8534979921259842
20
0.6832812598425196
11
0.8603411023622047
21
0.6818266929133858
0
LINE
8
BLACK
6
CONTINUOUS
10
0.9603411023622047
20
0.6818266929133858
11
0.9667322834645669
21
0.6789811811023622
0
LINE
8
BLACK
6
CONTINUOUS
10
0.9667322834645669
20
0.6789811811023622
11
0.9723921653543307
21
0.6748690157480315
0
LINE
8
BLACK
6
CONTINUOUS
10
0.9723921653543307
20
0.6748690157480315
11
0.9770733858267716
21
0.6696699606299212
0
LINE
8
BLACK
6
CONTINUOUS
10
0.9770733858267716
20
0.6696699606299212
11
0.9805714173228346
21
0.6636112598425197
0
LINE
8
BLACK
6
CONTINUOUS
10
0.9805714173228346
20
0.6636112598425197
11
0.9827332677165355
21
0.6569576771653544
0
LINE
8
BLACK
6
CONTINUOUS
10
0.9827332677165355
20
0.6569576771653544
11
0.9834645669291339
21
0.65
0
LINE
8
BLACK
6
CONTINUOUS
10
0.9834645669291339
20
0.65
11
0.9827332677165355
21
0.6430423228346457
0
LINE
8
BLACK
6
CONTINUOUS
10
0.9827332677165355
20
0.6430423228346457
11
0.9805714173228346
21
0.6363887401574803
0
LINE
8
BLACK
6
CONTINUOUS
10
0.9805714173228346
20
0.6363887401574803
11
0.9770733858267716
21
0.6303300393700787
0
LINE
8
BLACK
6
CONTINUOUS
10
0.9770733858267716
20
0.6303300393700787
11
0.9723921653543307
21
0.6251309842519684
0
LINE
8
BLACK
6
CONTINUOUS
10
0.9723921653543307
20
0.6251309842519684
11
0.9667322834645669
21
0.6210188188976378
0
LINE
8
BLACK
6
CONTINUOUS
10
0.9667322834645669
20
0.6210188188976378
11
0.9603411023622047
21
0.6181733070866141
0
LINE
8
BLACK
6
CONTINUOUS
10
0.9603411023622047
20
0.6181733070866141
11
0.9534979921259842
21
0.6167187401574803
0
LINE
8
BLACK
6
CONTINUOUS
10
0.9534979921259842
20
0.6167187401574803
11
0.9465020078740157
21
0.6167187401574803
0
LINE
8
BLACK
6
CONTINUOUS
10
0.9465020078740157
20
0.6167187401574803
11
0.9396588976377953
21
0.6181733070866141
0
LINE
8
BLACK
6
CONTINUOUS
10
0.9396588976377953
20
0.6181733070866141
11
0.9332677165354331
21
0.6210188188976378
0
LINE
8
BLACK
6
CONTINUOUS
10
0.9332677165354331
20
0.6210188188976378
11
0.9276078346456693
21
0.6251309842519684
0
LINE
8
BLACK
6
CONTINUOUS
10
0.9276078346456693
20
0.6251309842519684
11
0.9229266141732283
21
0.6303300393700787
0
LINE
8
BLACK
6
CONTINUOUS
10
0.9229266141732283
20
0.6303300393700787
11
0.9194285826771653
21
0.6363887401574803
0
LINE
8
BLACK
6
CONTINUOUS
10
0.9194285826771653
20
0.6363887401574803
11
0.9172667322834646
21
0.6430423228346457
0
LINE
8
BLACK
6
CONTINUOUS
10
0.9172667322834646
20
0.6430423228346457
11
0.9165354330708662
21
0.65
0
LINE
8
BLACK
6
CONTINUOUS
10
0.9165354330708662
20
0.65
11
0.9172667322834646
21
0.6569576771653544
0
LINE
8
BLACK
6
CONTINUOUS
10
0.9172667322834646
20
0.6569576771653544
11
0.9194285826771653
21
0.6636112598425197
0
LINE
8
BLACK
6
CONTINUOUS
10
0.9194285826771653
20
0.6636112598425197
11
0.9229266141732283
21
0.6696699606299212
0
LINE
8
BLACK
6
CONTINUOUS
10
0.9229266141732283
20
0.6696699606299212
11
0.9276078346456693
21
0.6748690157480315
0
LINE
8
BLACK
6
CONTINUOUS
10
0.9276078346456693
20
0.6748690157480315
11
0.9332677165354331
21
0.6789811811023622
0
LINE
8
BLACK
6
CONTINUOUS
10
0.9332677165354331
20
0.6789811811023622
11
0.9396588976377953
21
0.6818266929133858
0
LINE
8
BLACK
6
CONTINUOUS
10
0.9396588976377953
20
0.6818266929133858
11
0.9465020078740157
21
0.6832812598425196
0
LINE
8
BLACK
6
CONTINUOUS
10
0.9465020078740157
20
0.6832812598425196
11
0.9534979921259842
21
0.6832812598425196
0
LINE
8
BLACK
6
CONTINUOUS
10
0.9534979921259842
20
0.6832812598425196
11
0.9603411023622047
21
0.6818266929133858
0
LINE
8
BLACK
6
CONTINUOUS
10
1.0603411023622047
20
0.6818266929133858
11
1.0667322834645669
21
0.6789811811023622
0
LINE
8
BLACK
6
CONTINUOUS
10
1.0667322834645669
20
0.6789811811023622
11
1.0723921653543307
21
0.6748690157480315
0
LINE
8
BLACK
6
CONTINUOUS
10
1.0723921653543307
20
0.6748690157480315
11
1.0770733858267716
21
0.6696699606299212
0
LINE
8
BLACK
6
CONTINUOUS
10
1.0770733858267716
20
0.6696699606299212
11
1.0805714173228347
21
0.6636112598425197
0
LINE
8
BLACK
6
CONTINUOUS
10
1.0805714173228347
20
0.6636112598425197
11
1.0827332677165353
21
0.6569576771653544
0
LINE
8
BLACK
6
CONTINUOUS
10
1.0827332677165353
20
0.6569576771653544
11
1.0834645669291338
21
0.65
0
LINE
8
BLACK
6
CONTINUOUS
10
1.0834645669291338
20
0.65
11
1.0827332677165353
21
0.6430423228346457
0
LINE
8
BLACK
6
CONTINUOUS
10
1.0827332677165353
20
0.6430423228346457
11
1.0805714173228347
21
0.6363887401574803
0
LINE
8
BLACK
6
CONTINUOUS
10
1.0805714173228347
20
0.6363887401574803
11
1.0770733858267716
21
0.6303300393700787
0
LINE
8
BLACK
6
CONTINUOUS
10
1.0770733858267716
20
0.6303300393700787
11
1.0723921653543307
21
0.6251309842519684
0
LINE
8
BLACK
6
CONTINUOUS
10
1.0723921653543307
20
0.6251309842519684
11
1.0667322834645669
21
0.6210188188976378
0
LINE
8
BLACK
6
CONTINUOUS
10
1.0667322834645669
20
0.6210188188976378
11
1.0603411023622047
21
0.6181733070866141
0
LINE
8
BLACK
6
CONTINUOUS
10
1.0603411023622047
20
0.6181733070866141
11
1.0534979921259842
21
0.6167187401574803
0
LINE
8
BLACK
6
CONTINUOUS
10
1.0534979921259842
20
0.6167187401574803
11
1.0465020078740157
21
0.6167187401574803
0
LINE
8
BLACK
6
CONTINUOUS
10
1.0465020078740157
20
0.6167187401574803
11
1.0396588976377952
21
0.6181733070866141
0
LINE
8
BLACK
6
CONTINUOUS
10
1.0396588976377952
20
0.6181733070866141
11
1.0332677165354331
21
0.6210188188976378
0
LINE
8
BLACK
6
CONTINUOUS
10
1.0332677165354331
20
0.6210188188976378
11
1.0276078346456692
21
0.6251309842519684
0
LINE
8
BLACK
6
CONTINUOUS
10
1.0276078346456692
20
0.6251309842519684
11
1.0229266141732283
21
0.6303300393700787
0
LINE
8
BLACK
6
CONTINUOUS
10
1.0229266141732283
20
0.6303300393700787
11
1.0194285826771654
21
0.6363887401574803
0
LINE
8
BLACK
6
CONTINUOUS
10
1.0194285826771654
20
0.6363887401574803
11
1.0172667322834645
21
0.6430423228346457
0
LINE
8
BLACK
6
CONTINUOUS
10
1.0172667322834645
20
0.6430423228346457
11
1.016535433070866
21
0.65
0
LINE
8
BLACK
6
CONTINUOUS
10
1.016535433070866
20
0.65
11
1.0172667322834645
21
0.6569576771653544
0
LINE
8
BLACK
6
CONTINUOUS
10
1.0172667322834645
20
0.6569576771653544
11
1.0194285826771654
21
0.6636112598425197
0
LINE
8
BLACK
6
CONTINUOUS
10
1.0194285826771654
20
0.6636112598425197
11
1.0229266141732283
21
0.6696699606299212
0
LINE
8
BLACK
6
CONTINUOUS
10
1.0229266141732283
20
0.6696699606299212
11
1.0276078346456692
21
0.6748690157480315
0
LINE
8
BLACK
6
CONTINUOUS
10
1.0276078346456692
20
0.6748690157480315
11
1.0332677165354331
21
0.6789811811023622
0
LINE
8
BLACK
6
CONTINUOUS
10
1.0332677165354331
20
0.6789811811023622
11
1.0396588976377952
21
0.6818266929133858
0
LINE
8
BLACK
6
CONTINUOUS
10
1.0396588976377952
20
0.6818266929133858
11
1.0465020078740157
21
0.6832812598425196
0
LINE
8
BLACK
6
CONTINUOUS
10
1.0465020078740157
20
0.6832812598425196
11
1.0534979921259842
21
0.6832812598425196
0
LINE
8
BLACK
6
CONTINUOUS
10
1.0534979921259842
20
0.6832812598425196
11
1.0603411023622047
21
0.6818266929133858
0
LINE
8
BLACK
6
CONTINUOUS
10
1.1603411023622048
20
0.6818266929133858
11
1.1667322834645668
21
0.6789811811023622
0
LINE
8
BLACK
6
CONTINUOUS
10
1.1667322834645668
20
0.6789811811023622
11
1.1723921653543308
21
0.6748690157480315
0
LINE
8
BLACK
6
CONTINUOUS
10
1.1723921653543308
20
0.6748690157480315
11
1.1770733858267717
21
0.6696699606299212
0
LINE
8
BLACK
6
CONTINUOUS
10
1.1770733858267717
20
0.6696699606299212
11
1.1805714173228345
21
0.6636112598425197
0
LINE
8
BLACK
6
CONTINUOUS
10
1.1805714173228345
20
0.6636112598425197
11
1.1827332677165354
21
0.6569576771653544
0
LINE
8
BLACK
6
CONTINUOUS
10
1.1827332677165354
20
0.6569576771653544
11
1.1834645669291339
21
0.65
0
LINE
8
BLACK
6
CONTINUOUS
10
1.1834645669291339
20
0.65
11
1.1827332677165354
21
0.6430423228346457
0
LINE
8
BLACK
6
CONTINUOUS
10
1.1827332677165354
20
0.6430423228346457
11
1.1805714173228345
21
0.6363887401574803
0
LINE
8
BLACK
6
CONTINUOUS
10
1.1805714173228345
20
0.6363887401574803
11
1.1770733858267717
21
0.6303300393700787
0
LINE
8
BLACK
6
CONTINUOUS
10
1.1770733858267717
20
0.6303300393700787
11
1.1723921653543308
21
0.6251309842519684
0
LINE
8
BLACK
6
CONTINUOUS
10
1.1723921653543308
20
0.6251309842519684
11
1.1667322834645668
21
0.6210188188976378
0
LINE
8
BLACK
6
CONTINUOUS
10
1.1667322834645668
20
0.6210188188976378
11
1.1603411023622048
21
0.6181733070866141
0
LINE
8
BLACK
6
CONTINUOUS
10
1.1603411023622048
20
0.6181733070866141
11
1.1534979921259843
21
0.6167187401574803
0
LINE
8
BLACK
6
CONTINUOUS
10
1.1534979921259843
20
0.6167187401574803
11
1.1465020078740158
21
0.6167187401574803
0
LINE
8
BLACK
6
CONTINUOUS
10
1.1465020078740158
20
0.6167187401574803
11
1.1396588976377953
21
0.6181733070866141
0
LINE
8
BLACK
6
CONTINUOUS
10
1.1396588976377953
20
0.6181733070866141
11
1.133267716535433
21
0.6210188188976378
0
LINE
8
BLACK
6
CONTINUOUS
10
1.133267716535433
20
0.6210188188976378
11
1.1276078346456693
21
0.6251309842519684
0
LINE
8
BLACK
6
CONTINUOUS
10
1.1276078346456693
20
0.6251309842519684
11
1.1229266141732284
21
0.6303300393700787
0
LINE
8
BLACK
6
CONTINUOUS
10
1.1229266141732284
20
0.6303300393700787
11
1.1194285826771653
21
0.6363887401574803
0
LINE
8
BLACK
6
CONTINUOUS
10
1.1194285826771653
20
0.6363887401574803
11
1.1172667322834646
21
0.6430423228346457
0
LINE
8
BLACK
6
CONTINUOUS
10
1.1172667322834646
20
0.6430423228346457
11
1.1165354330708661
21
0.65
0
LINE
8
BLACK
6
CONTINUOUS
10
1.1165354330708661
20
0.65
11
1.1172667322834646
21
0.6569576771653544
0
LINE
8
BLACK
6
CONTINUOUS
10
1.1172667322834646
20
0.6569576771653544
11
1.1194285826771653
21
0.6636112598425197
0
LINE
8
BLACK
6
CONTINUOUS
10
1.1194285826771653
20
0.6636112598425197
11
1.1229266141732284
21
0.6696699606299212
0
LINE
8
BLACK
6
CONTINUOUS
10
1.1229266141732284
20
0.6696699606299212
11
1.1276078346456693
21
0.6748690157480315
0
LINE
8
BLACK
6
CONTINUOUS
10
1.1276078346456693
20
0.6748690157480315
11
1.133267716535433
21
0.6789811811023622
0
LINE
8
BLACK
6
CONTINUOUS
10
1.133267716535433
20
0.6789811811023622
11
1.1396588976377953
21
0.6818266929133858
0
LINE
8
BLACK
6
CONTINUOUS
10
1.1396588976377953
20
0.6818266929133858
11
1.1465020078740158
21
0.6832812598425196
0
LINE
8
BLACK
6
CONTINUOUS
10
1.1465020078740158
20
0.6832812598425196
11
1.1534979921259843
21
0.6832812598425196
0
LINE
8
BLACK
6
CONTINUOUS
10
1.1534979921259843
20
0.6832812598425196
11
1.1603411023622048
21
0.6818266929133858
0
LINE
8
BLACK
6
CONTINUOUS
10
1.2603411023622046
20
0.6818266929133858
11
1.2667322834645669
21
0.6789811811023622
0
LINE
8
BLACK
6
CONTINUOUS
10
1.2667322834645669
20
0.6789811811023622
11
1.2723921653543306
21
0.6748690157480315
0
LINE
8
BLACK
6
CONTINUOUS
10
1.2723921653543306
20
0.6748690157480315
11
1.2770733858267715
21
0.6696699606299212
0
LINE
8
BLACK
6
CONTINUOUS
10
1.2770733858267715
20
0.6696699606299212
11
1.2805714173228346
21
0.6636112598425197
0
LINE
8
BLACK
6
CONTINUOUS
10
1.2805714173228346
20
0.6636112598425197
11
1.2827332677165355
21
0.6569576771653544
0
LINE
8
BLACK
6
CONTINUOUS
10
1.2827332677165355
20
0.6569576771653544
11
1.2834645669291338
21
0.65
0
LINE
8
BLACK
6
CONTINUOUS
10
1.2834645669291338
20
0.65
11
1.2827332677165355
21
0.6430423228346457
0
LINE
8
BLACK
6
CONTINUOUS
10
1.2827332677165355
20
0.6430423228346457
11
1.2805714173228346
21
0.6363887401574803
0
LINE
8
BLACK
6
CONTINUOUS
10
1.2805714173228346
20
0.6363887401574803
11
1.2770733858267715
21
0.6303300393700787
0
LINE
8
BLACK
6
CONTINUOUS
10
1.2770733858267715
20
0.6303300393700787
11
1.2723921653543306
21
0.6251309842519684
0
LINE
8
BLACK
6
CONTINUOUS
10
1.2723921653543306
20
0.6251309842519684
11
1.2667322834645669
21
0.6210188188976378
0
LINE
8
BLACK
6
CONTINUOUS
10
1.2667322834645669
20
0.6210188188976378
11
1.2603411023622046
21
0.6181733070866141
0
LINE
8
BLACK
6
CONTINUOUS
10
1.2603411023622046
20
0.6181733070866141
11
1.2534979921259841
21
0.6167187401574803
0
LINE
8
BLACK
6
CONTINUOUS
10
1.2534979921259841
20
0.6167187401574803
11
1.2465020078740157
21
0.6167187401574803
0
LINE
8
BLACK
6
CONTINUOUS
10
1.2465020078740157
20
0.6167187401574803
11
1.2396588976377954
21
0.6181733070866141
0
LINE
8
BLACK
6
CONTINUOUS
10
1.2396588976377954
20
0.6181733070866141
11
1.2332677165354331
21
0.6210188188976378
0
LINE
8
BLACK
6
CONTINUOUS
10
1.2332677165354331
20
0.6210188188976378
11
1.2276078346456694
21
0.6251309842519684
0
LINE
8
BLACK
6
CONTINUOUS
10
1.2276078346456694
20
0.6251309842519684
11
1.2229266141732282
21
0.6303300393700787
0
LINE
8
BLACK
6
CONTINUOUS
10
1.2229266141732282
20
0.6303300393700787
11
1.2194285826771654
21
0.6363887401574803
0
LINE
8
BLACK
6
CONTINUOUS
10
1.2194285826771654
20
0.6363887401574803
11
1.2172667322834645
21
0.6430423228346457
0
LINE
8
BLACK
6
CONTINUOUS
10
1.2172667322834645
20
0.6430423228346457
11
1.2165354330708662
21
0.65
0
LINE
8
BLACK
6
CONTINUOUS
10
1.2165354330708662
20
0.65
11
1.2172667322834645
21
0.6569576771653544
0
LINE
8
BLACK
6
CONTINUOUS
10
1.2172667322834645
20
0.6569576771653544
11
1.2194285826771654
21
0.6636112598425197
0
LINE
8
BLACK
6
CONTINUOUS
10
1.2194285826771654
20
0.6636112598425197
11
1.2229266141732282
21
0.6696699606299212
0
LINE
8
BLACK
6
CONTINUOUS
10
1.2229266141732282
20
0.6696699606299212
11
1.2276078346456694
21
0.6748690157480315
0
LINE
8
BLACK
6
CONTINUOUS
10
1.2276078346456694
20
0.6748690157480315
11
1.2332677165354331
21
0.6789811811023622
0
LINE
8
BLACK
6
CONTINUOUS
10
1.2332677165354331
20
0.6789811811023622
11
1.2396588976377954
21
0.6818266929133858
0
LINE
8
BLACK
6
CONTINUOUS
10
1.2396588976377954
20
0.6818266929133858
11
1.2465020078740157
21
0.6832812598425196
0
LINE
8
BLACK
6
CONTINUOUS
10
1.2465020078740157
20
0.6832812598425196
11
1.2534979921259841
21
0.6832812598425196
0
LINE
8
BLACK
6
CONTINUOUS
10
1.2534979921259841
20
0.6832812598425196
11
1.2603411023622046
21
0.6818266929133858
0
LINE
8
BLACK
6
CONTINUOUS
10
1.3603411023622047
20
0.6818266929133858
11
1.366732283464567
21
0.6789811811023622
0
LINE
8
BLACK
6
CONTINUOUS
10
1.366732283464567
20
0.6789811811023622
11
1.3723921653543307
21
0.6748690157480315
0
LINE
8
BLACK
6
CONTINUOUS
10
1.3723921653543307
20
0.6748690157480315
11
1.3770733858267716
21
0.6696699606299212
0
LINE
8
BLACK
6
CONTINUOUS
10
1.3770733858267716
20
0.6696699606299212
11
1.3805714173228345
21
0.6636112598425197
0
LINE
8
BLACK
6
CONTINUOUS
10
1.3805714173228345
20
0.6636112598425197
11
1.3827332677165354
21
0.6569576771653544
0
LINE
8
BLACK
6
CONTINUOUS
10
1.3827332677165354
20
0.6569576771653544
11
1.3834645669291339
21
0.65
0
LINE
8
BLACK
6
CONTINUOUS
10
1.3834645669291339
20
0.65
11
1.3827332677165354
21
0.6430423228346457
0
LINE
8
BLACK
6
CONTINUOUS
10
1.3827332677165354
20
0.6430423228346457
11
1.3805714173228345
21
0.6363887401574803
0
LINE
8
BLACK
6
CONTINUOUS
10
1.3805714173228345
20
0.6363887401574803
11
1.3770733858267716
21
0.6303300393700787
0
LINE
8
BLACK
6
CONTINUOUS
10
1.3770733858267716
20
0.6303300393700787
11
1.3723921653543307
21
0.6251309842519684
0
LINE
8
BLACK
6
CONTINUOUS
10
1.3723921653543307
20
0.6251309842519684
11
1.366732283464567
21
0.6210188188976378
0
LINE
8
BLACK
6
CONTINUOUS
10
1.366732283464567
20
0.6210188188976378
11
1.3603411023622047
21
0.6181733070866141
0
LINE
8
BLACK
6
CONTINUOUS
10
1.3603411023622047
20
0.6181733070866141
11
1.3534979921259842
21
0.6167187401574803
0
LINE
8
BLACK
6
CONTINUOUS
10
1.3534979921259842
20
0.6167187401574803
11
1.3465020078740157
21
0.6167187401574803
0
LINE
8
BLACK
6
CONTINUOUS
10
1.3465020078740157
20
0.6167187401574803
11
1.3396588976377952
21
0.6181733070866141
0
LINE
8
BLACK
6
CONTINUOUS
10
1.3396588976377952
20
0.6181733070866141
11
1.333267716535433
21
0.6210188188976378
0
LINE
8
BLACK
6
CONTINUOUS
10
1.333267716535433
20
0.6210188188976378
11
1.3276078346456692
21
0.6251309842519684
0
LINE
8
BLACK
6
CONTINUOUS
10
1.3276078346456692
20
0.6251309842519684
11
1.3229266141732283
21
0.6303300393700787
0
LINE
8
BLACK
6
CONTINUOUS
10
1.3229266141732283
20
0.6303300393700787
11
1.3194285826771652
21
0.6363887401574803
0
LINE
8
BLACK
6
CONTINUOUS
10
1.3194285826771652
20
0.6363887401574803
11
1.3172667322834646
21
0.6430423228346457
0
LINE
8
BLACK
6
CONTINUOUS
10
1.3172667322834646
20
0.6430423228346457
11
1.3165354330708661
21
0.65
0
LINE
8
BLACK
6
CONTINUOUS
10
1.3165354330708661
20
0.65
11
1.3172667322834646
21
0.6569576771653544
0
LINE
8
BLACK
6
CONTINUOUS
10
1.3172667322834646
20
0.6569576771653544
11
1.3194285826771652
21
0.6636112598425197
0
LINE
8
BLACK
6
CONTINUOUS
10
1.3194285826771652
20
0.6636112598425197
11
1.3229266141732283
21
0.6696699606299212
0
LINE
8
BLACK
6
CONTINUOUS
10
1.3229266141732283
20
0.6696699606299212
11
1.3276078346456692
21
0.6748690157480315
0
LINE
8
BLACK
6
CONTINUOUS
10
1.3276078346456692
20
0.6748690157480315
11
1.333267716535433
21
0.6789811811023622
0
LINE
8
BLACK
6
CONTINUOUS
10
1.333267716535433
20
0.6789811811023622
11
1.3396588976377952
21
0.6818266929133858
0
LINE
8
BLACK
6
CONTINUOUS
10
1.3396588976377952
20
0.6818266929133858
11
1.3465020078740157
21
0.6832812598425196
0
LINE
8
BLACK
6
CONTINUOUS
10
1.3465020078740157
20
0.6832812598425196
11
1.3534979921259842
21
0.6832812598425196
0
LINE
8
BLACK
6
CONTINUOUS
10
1.3534979921259842
20
0.6832812598425196
11
1.3603411023622047
21
0.6818266929133858
0
LINE
8
BLACK
6
CONTINUOUS
10
1.4603411023622046
20
0.6818266929133858
11
1.4667322834645669
21
0.6789811811023622
0
LINE
8
BLACK
6
CONTINUOUS
10
1.4667322834645669
20
0.6789811811023622
11
1.4723921653543306
21
0.6748690157480315
0
LINE
8
BLACK
6
CONTINUOUS
10
1.4723921653543306
20
0.6748690157480315
11
1.4770733858267717
21
0.6696699606299212
0
LINE
8
BLACK
6
CONTINUOUS
10
1.4770733858267717
20
0.6696699606299212
11
1.4805714173228346
21
0.6636112598425197
0
LINE
8
BLACK
6
CONTINUOUS
10
1.4805714173228346
20
0.6636112598425197
11
1.4827332677165355
21
0.6569576771653544
0
LINE
8
BLACK
6
CONTINUOUS
10
1.4827332677165355
20
0.6569576771653544
11
1.4834645669291338
21
0.65
0
LINE
8
BLACK
6
CONTINUOUS
10
1.4834645669291338
20
0.65
11
1.4827332677165355
21
0.6430423228346457
0
LINE
8
BLACK
6
CONTINUOUS
10
1.4827332677165355
20
0.6430423228346457
11
1.4805714173228346
21
0.6363887401574803
0
LINE
8
BLACK
6
CONTINUOUS
10
1.4805714173228346
20
0.6363887401574803
11
1.4770733858267717
21
0.6303300393700787
0
LINE
8
BLACK
6
CONTINUOUS
10
1.4770733858267717
20
0.6303300393700787
11
1.4723921653543306
21
0.6251309842519684
0
LINE
8
BLACK
6
CONTINUOUS
10
1.4723921653543306
20
0.6251309842519684
11
1.4667322834645669
21
0.6210188188976378
0
LINE
8
BLACK
6
CONTINUOUS
10
1.4667322834645669
20
0.6210188188976378
11
1.4603411023622046
21
0.6181733070866141
0
LINE
8
BLACK
6
CONTINUOUS
10
1.4603411023622046
20
0.6181733070866141
11
1.4534979921259843
21
0.6167187401574803
0
LINE
8
BLACK
6
CONTINUOUS
10
1.4534979921259843
20
0.6167187401574803
11
1.4465020078740156
21
0.6167187401574803
0
LINE
8
BLACK
6
CONTINUOUS
10
1.4465020078740156
20
0.6167187401574803
11
1.4396588976377953
21
0.6181733070866141
0
LINE
8
BLACK
6
CONTINUOUS
10
1.4396588976377953
20
0.6181733070866141
11
1.4332677165354331
21
0.6210188188976378
0
LINE
8
BLACK
6
CONTINUOUS
10
1.4332677165354331
20
0.6210188188976378
11
1.4276078346456693
21
0.6251309842519684
0
LINE
8
BLACK
6
CONTINUOUS
10
1.4276078346456693
20
0.6251309842519684
11
1.4229266141732284
21
0.6303300393700787
0
LINE
8
BLACK
6
CONTINUOUS
10
1.4229266141732284
20
0.6303300393700787
11
1.4194285826771653
21
0.6363887401574803
0
LINE
8
BLACK
6
CONTINUOUS
10
1.4194285826771653
20
0.6363887401574803
11
1.4172667322834644
21
0.6430423228346457
0
LINE
8
BLACK
6
CONTINUOUS
10
1.4172667322834644
20
0.6430423228346457
11
1.4165354330708662
21
0.65
0
LINE
8
BLACK
6
CONTINUOUS
10
1.4165354330708662
20
0.65
11
1.4172667322834644
21
0.6569576771653544
0
LINE
8
BLACK
6
CONTINUOUS
10
1.4172667322834644
20
0.6569576771653544
11
1.4194285826771653
21
0.6636112598425197
0
LINE
8
BLACK
6
CONTINUOUS
10
1.4194285826771653
20
0.6636112598425197
11
1.4229266141732284
21
0.6696699606299212
0
LINE
8
BLACK
6
CONTINUOUS
10
1.4229266141732284
20
0.6696699606299212
11
1.4276078346456693
21
0.6748690157480315
0
LINE
8
BLACK
6
CONTINUOUS
10
1.4276078346456693
20
0.6748690157480315
11
1.4332677165354331
21
0.6789811811023622
0
LINE
8
BLACK
6
CONTINUOUS
10
1.4332677165354331
20
0.6789811811023622
11
1.4396588976377953
21
0.6818266929133858
0
LINE
8
BLACK
6
CONTINUOUS
10
1.4396588976377953
20
0.6818266929133858
11
1.4465020078740156
21
0.6832812598425196
0
LINE
8
BLACK
6
CONTINUOUS
10
1.4465020078740156
20
0.6832812598425196
11
1.4534979921259843
21
0.6832812598425196
0
LINE
8
BLACK
6
CONTINUOUS
10
1.4534979921259843
20
0.6832812598425196
11
1.4603411023622046
21
0.6818266929133858
0
LINE
8
BLACK
6
CONTINUOUS
10
1.5603411023622047
20
0.6818266929133858
11
1.5667322834645669
21
0.6789811811023622
0
LINE
8
BLACK
6
CONTINUOUS
10
1.5667322834645669
20
0.6789811811023622
11
1.5723921653543307
21
0.6748690157480315
0
LINE
8
BLACK
6
CONTINUOUS
10
1.5723921653543307
20
0.6748690157480315
11
1.5770733858267716
21
0.6696699606299212
0
LINE
8
BLACK
6
CONTINUOUS
10
1.5770733858267716
20
0.6696699606299212
11
1.5805714173228347
21
0.6636112598425197
0
LINE
8
BLACK
6
CONTINUOUS
10
1.5805714173228347
20
0.6636112598425197
11
1.5827332677165353
21
0.6569576771653544
0
LINE
8
BLACK
6
CONTINUOUS
10
1.5827332677165353
20
0.6569576771653544
11
1.5834645669291338
21
0.65
0
LINE
8
BLACK
6
CONTINUOUS
10
1.5834645669291338
20
0.65
11
1.5827332677165353
21
0.6430423228346457
0
LINE
8
BLACK
6
CONTINUOUS
10
1.5827332677165353
20
0.6430423228346457
11
1.5805714173228347
21
0.6363887401574803
0
LINE
8
BLACK
6
CONTINUOUS
10
1.5805714173228347
20
0.6363887401574803
11
1.5770733858267716
21
0.6303300393700787
0
LINE
8
BLACK
6
CONTINUOUS
10
1.5770733858267716
20
0.6303300393700787
11
1.5723921653543307
21
0.6251309842519684
0
LINE
8
BLACK
6
CONTINUOUS
10
1.5723921653543307
20
0.6251309842519684
11
1.5667322834645669
21
0.6210188188976378
0
LINE
8
BLACK
6
CONTINUOUS
10
1.5667322834645669
20
0.6210188188976378
11
1.5603411023622047
21
0.6181733070866141
0
LINE
8
BLACK
6
CONTINUOUS
10
1.5603411023622047
20
0.6181733070866141
11
1.5534979921259842
21
0.6167187401574803
0
LINE
8
BLACK
6
CONTINUOUS
10
1.5534979921259842
20
0.6167187401574803
11
1.5465020078740157
21
0.6167187401574803
0
LINE
8
BLACK
6
CONTINUOUS
10
1.5465020078740157
20
0.6167187401574803
11
1.5396588976377952
21
0.6181733070866141
0
LINE
8
BLACK
6
CONTINUOUS
10
1.5396588976377952
20
0.6181733070866141
11
1.5332677165354331
21
0.6210188188976378
0
LINE
8
BLACK
6
CONTINUOUS
10
1.5332677165354331
20
0.6210188188976378
11
1.5276078346456692
21
0.6251309842519684
0
LINE
8
BLACK
6
CONTINUOUS
10
1.5276078346456692
20
0.6251309842519684
11
1.5229266141732283
21
0.6303300393700787
0
LINE
8
BLACK
6
CONTINUOUS
10
1.5229266141732283
20
0.6303300393700787
11
1.5194285826771654
21
0.6363887401574803
0
LINE
8
BLACK
6
CONTINUOUS
10
1.5194285826771654
20
0.6363887401574803
11
1.5172667322834645
21
0.6430423228346457
0
LINE
8
BLACK
6
CONTINUOUS
10
1.5172667322834645
20
0.6430423228346457
11
1.516535433070866
21
0.65
0
LINE
8
BLACK
6
CONTINUOUS
10
1.516535433070866
20
0.65
11
1.5172667322834645
21
0.6569576771653544
0
LINE
8
BLACK
6
CONTINUOUS
10
1.5172667322834645
20
0.6569576771653544
11
1.5194285826771654
21
0.6636112598425197
0
LINE
8
BLACK
6
CONTINUOUS
10
1.5194285826771654
20
0.6636112598425197
11
1.5229266141732283
21
0.6696699606299212
0
LINE
8
BLACK
6
CONTINUOUS
10
1.5229266141732283
20
0.6696699606299212
11
1.5276078346456692
21
0.6748690157480315
0
LINE
8
BLACK
6
CONTINUOUS
10
1.5276078346456692
20
0.6748690157480315
11
1.5332677165354331
21
0.6789811811023622
0
LINE
8
BLACK
6
CONTINUOUS
10
1.5332677165354331
20
0.6789811811023622
11
1.5396588976377952
21
0.6818266929133858
0
LINE
8
BLACK
6
CONTINUOUS
10
1.5396588976377952
20
0.6818266929133858
11
1.5465020078740157
21
0.6832812598425196
0
LINE
8
BLACK
6
CONTINUOUS
10
1.5465020078740157
20
0.6832812598425196
11
1.5534979921259842
21
0.6832812598425196
0
LINE
8
BLACK
6
CONTINUOUS
10
1.5534979921259842
20
0.6832812598425196
11
1.5603411023622047
21
0.6818266929133858
0
LINE
8
BLACK
6
CONTINUOUS
10
1.6603411023622048
20
0.6818266929133858
11
1.6667322834645668
21
0.6789811811023622
0
LINE
8
BLACK
6
CONTINUOUS
10
1.6667322834645668
20
0.6789811811023622
11
1.6723921653543308
21
0.6748690157480315
0
LINE
8
BLACK
6
CONTINUOUS
10
1.6723921653543308
20
0.6748690157480315
11
1.6770733858267717
21
0.6696699606299212
0
LINE
8
BLACK
6
CONTINUOUS
10
1.6770733858267717
20
0.6696699606299212
11
1.6805714173228345
21
0.6636112598425197
0
LINE
8
BLACK
6
CONTINUOUS
10
1.6805714173228345
20
0.6636112598425197
11
1.6827332677165354
21
0.6569576771653544
0
LINE
8
BLACK
6
CONTINUOUS
10
1.6827332677165354
20
0.6569576771653544
11
1.6834645669291337
21
0.65
0
LINE
8
BLACK
6
CONTINUOUS
10
1.6834645669291337
20
0.65
11
1.6827332677165354
21
0.6430423228346457
0
LINE
8
BLACK
6
CONTINUOUS
10
1.6827332677165354
20
0.6430423228346457
11
1.6805714173228345
21
0.6363887401574803
0
LINE
8
BLACK
6
CONTINUOUS
10
1.6805714173228345
20
0.6363887401574803
11
1.6770733858267717
21
0.6303300393700787
0
LINE
8
BLACK
6
CONTINUOUS
10
1.6770733858267717
20
0.6303300393700787
11
1.6723921653543308
21
0.6251309842519684
0
LINE
8
BLACK
6
CONTINUOUS
10
1.6723921653543308
20
0.6251309842519684
11
1.6667322834645668
21
0.6210188188976378
0
LINE
8
BLACK
6
CONTINUOUS
10
1.6667322834645668
20
0.6210188188976378
11
1.6603411023622048
21
0.6181733070866141
0
LINE
8
BLACK
6
CONTINUOUS
10
1.6603411023622048
20
0.6181733070866141
11
1.6534979921259843
21
0.6167187401574803
0
LINE
8
BLACK
6
CONTINUOUS
10
1.6534979921259843
20
0.6167187401574803
11
1.6465020078740158
21
0.6167187401574803
0
LINE
8
BLACK
6
CONTINUOUS
10
1.6465020078740158
20
0.6167187401574803
11
1.6396588976377953
21
0.6181733070866141
0
LINE
8
BLACK
6
CONTINUOUS
10
1.6396588976377953
20
0.6181733070866141
11
1.633267716535433
21
0.6210188188976378
0
LINE
8
BLACK
6
CONTINUOUS
10
1.633267716535433
20
0.6210188188976378
11
1.6276078346456693
21
0.6251309842519684
0
LINE
8
BLACK
6
CONTINUOUS
10
1.6276078346456693
20
0.6251309842519684
11
1.6229266141732284
21
0.6303300393700787
0
LINE
8
BLACK
6
CONTINUOUS
10
1.6229266141732284
20
0.6303300393700787
11
1.6194285826771653
21
0.6363887401574803
0
LINE
8
BLACK
6
CONTINUOUS
10
1.6194285826771653
20
0.6363887401574803
11
1.6172667322834646
21
0.6430423228346457
0
LINE
8
BLACK
6
CONTINUOUS
10
1.6172667322834646
20
0.6430423228346457
11
1.6165354330708661
21
0.65
0
LINE
8
BLACK
6
CONTINUOUS
10
1.6165354330708661
20
0.65
11
1.6172667322834646
21
0.6569576771653544
0
LINE
8
BLACK
6
CONTINUOUS
10
1.6172667322834646
20
0.6569576771653544
11
1.6194285826771653
21
0.6636112598425197
0
LINE
8
BLACK
6
CONTINUOUS
10
1.6194285826771653
20
0.6636112598425197
11
1.6229266141732284
21
0.6696699606299212
0
LINE
8
BLACK
6
CONTINUOUS
10
1.6229266141732284
20
0.6696699606299212
11
1.6276078346456693
21
0.6748690157480315
0
LINE
8
BLACK
6
CONTINUOUS
10
1.6276078346456693
20
0.6748690157480315
11
1.633267716535433
21
0.6789811811023622
0
LINE
8
BLACK
6
CONTINUOUS
10
1.633267716535433
20
0.6789811811023622
11
1.6396588976377953
21
0.6818266929133858
0
LINE
8
BLACK
6
CONTINUOUS
10
1.6396588976377953
20
0.6818266929133858
11
1.6465020078740158
21
0.6832812598425196
0
LINE
8
BLACK
6
CONTINUOUS
10
1.6465020078740158
20
0.6832812598425196
11
1.6534979921259843
21
0.6832812598425196
0
LINE
8
BLACK
6
CONTINUOUS
10
1.6534979921259843
20
0.6832812598425196
11
1.6603411023622048
21
0.6818266929133858
0
LINE
8
BLACK
6
CONTINUOUS
10
0.5706957086614173
20
0.7825185039370078
11
0.5738888582677165
21
0.7803849212598425
0
LINE
8
BLACK
6
CONTINUOUS
10
0.5738888582677165
20
0.7803849212598425
11
0.5760224409448819
21
0.7771917716535433
0
LINE
8
BLACK
6
CONTINUOUS
10
0.5760224409448819
20
0.7771917716535433
11
0.5767716535433071
21
0.7734251968503937
0
LINE
8
BLACK
6
CONTINUOUS
10
0.5767716535433071
20
0.7734251968503937
11
0.5767716535433071
21
0.736023622047244
0
LINE
8
BLACK
6
CONTINUOUS
10
0.5767716535433071
20
0.736023622047244
11
0.5760224409448819
21
0.7322570472440945
0
LINE
8
BLACK
6
CONTINUOUS
10
0.5760224409448819
20
0.7322570472440945
11
0.5738888582677165
21
0.7290638976377952
0
LINE
8
BLACK
6
CONTINUOUS
10
0.5738888582677165
20
0.7290638976377952
11
0.5706957086614173
21
0.7269303149606299
0
LINE
8
BLACK
6
CONTINUOUS
10
0.5706957086614173
20
0.7269303149606299
11
0.5669291338582677
21
0.7261811023622047
0
LINE
8
BLACK
6
CONTINUOUS
10
0.5669291338582677
20
0.7261811023622047
11
0.5403543307086615
21
0.7261811023622047
0
LINE
8
BLACK
6
CONTINUOUS
10
0.5403543307086615
20
0.7261811023622047
11
0.5365877559055118
21
0.7269303149606299
0
LINE
8
BLACK
6
CONTINUOUS
10
0.5365877559055118
20
0.7269303149606299
11
0.5333946062992125
21
0.7290638976377952
0
LINE
8
BLACK
6
CONTINUOUS
10
0.5333946062992125
20
0.7290638976377952
11
0.5312610236220472
21
0.7322570472440945
0
LINE
8
BLACK
6
CONTINUOUS
10
0.5312610236220472
20
0.7322570472440945
11
0.530511811023622
21
0.736023622047244
0
LINE
8
BLACK
6
CONTINUOUS
10
0.530511811023622
20
0.736023622047244
11
0.530511811023622
21
0.7734251968503937
0
LINE
8
BLACK
6
CONTINUOUS
10
0.530511811023622
20
0.7734251968503937
11
0.5312610236220472
21
0.7771917716535433
0
LINE
8
BLACK
6
CONTINUOUS
10
0.5312610236220472
20
0.7771917716535433
11
0.5333946062992125
21
0.7803849212598425
0
LINE
8
BLACK
6
CONTINUOUS
10
0.5333946062992125
20
0.7803849212598425
11
0.5365877559055118
21
0.7825185039370078
0
LINE
8
BLACK
6
CONTINUOUS
10
0.5365877559055118
20
0.7825185039370078
11
0.5403543307086615
21
0.783267716535433
0
LINE
8
BLACK
6
CONTINUOUS
10
0.5403543307086615
20
0.783267716535433
11
0.5669291338582677
21
0.783267716535433
0
LINE
8
BLACK
6
CONTINUOUS
10
0.5669291338582677
20
0.783267716535433
11
0.5706957086614173
21
0.7825185039370078
0
LINE
8
BLACK
6
CONTINUOUS
10
0.6523886220472441
20
0.7825185039370078
11
0.6555817716535433
21
0.7803849212598425
0
LINE
8
BLACK
6
CONTINUOUS
10
0.6555817716535433
20
0.7803849212598425
11
0.6577153543307086
21
0.7771917716535433
0
LINE
8
BLACK
6
CONTINUOUS
10
0.6577153543307086
20
0.7771917716535433
11
0.6584645669291338
21
0.7734251968503937
0
LINE
8
BLACK
6
CONTINUOUS
10
0.6584645669291338
20
0.7734251968503937
11
0.6584645669291338
21
0.736023622047244
0
LINE
8
BLACK
6
CONTINUOUS
10
0.6584645669291338
20
0.736023622047244
11
0.6577153543307086
21
0.7322570472440945
0
LINE
8
BLACK
6
CONTINUOUS
10
0.6577153543307086
20
0.7322570472440945
11
0.6555817716535433
21
0.7290638976377952
0
LINE
8
BLACK
6
CONTINUOUS
10
0.6555817716535433
20
0.7290638976377952
11
0.6523886220472441
21
0.7269303149606299
0
LINE
8
BLACK
6
CONTINUOUS
10
0.6523886220472441
20
0.7269303149606299
11
0.6486220472440944
21
0.7261811023622047
0
LINE
8
BLACK
6
CONTINUOUS
10
0.6486220472440944
20
0.7261811023622047
11
0.6220472440944882
21
0.7261811023622047
0
LINE
8
BLACK
6
CONTINUOUS
10
0.6220472440944882
20
0.7261811023622047
11
0.6182806692913385
21
0.7269303149606299
0
LINE
8
BLACK
6
CONTINUOUS
10
0.6182806692913385
20
0.7269303149606299
11
0.6150875196850394
21
0.7290638976377952
0
LINE
8
BLACK
6
CONTINUOUS
10
0.6150875196850394
20
0.7290638976377952
11
0.612953937007874
21
0.7322570472440945
0
LINE
8
BLACK
6
CONTINUOUS
10
0.612953937007874
20
0.7322570472440945
11
0.6122047244094488
21
0.736023622047244
0
LINE
8
BLACK
6
CONTINUOUS
10
0.6122047244094488
20
0.736023622047244
11
0.6122047244094488
21
0.7734251968503937
0
LINE
8
BLACK
6
CONTINUOUS
10
0.6122047244094488
20
0.7734251968503937
11
0.612953937007874
21
0.7771917716535433
0
LINE
8
BLACK
6
CONTINUOUS
10
0.612953937007874
20
0.7771917716535433
11
0.6150875196850394
21
0.7803849212598425
0
LINE
8
BLACK
6
CONTINUOUS
10
0.6150875196850394
20
0.7803849212598425
11
0.6182806692913385
21
0.7825185039370078
0
LINE
8
BLACK
6
CONTINUOUS
10
0.6182806692913385
20
0.7825185039370078
11
0.6220472440944882
21
0.783267716535433
0
LINE
8
BLACK
6
CONTINUOUS
10
0.6220472440944882
20
0.783267716535433
11
0.6486220472440944
21
0.783267716535433
0
LINE
8
BLACK
6
CONTINUOUS
10
0.6486220472440944
20
0.783267716535433
11
0.6523886220472441
21
0.7825185039370078
0
LINE
8
BLACK
6
CONTINUOUS
10
1.7814960629921259
20
0.7982283858267716
11
1.7814960629921259
21
0.7588583070866142
0
LINE
8
BLACK
6
CONTINUOUS
10
1.7814960629921259
20
0.7588583070866142
11
1.7224409448818898
21
0.7588583070866142
0
LINE
8
BLACK
6
CONTINUOUS
10
1.7224409448818898
20
0.7588583070866142
11
1.7224409448818898
21
0.7982283858267716
0
LINE
8
BLACK
6
CONTINUOUS
10
1.7224409448818898
20
0.7982283858267716
11
1.7519685039370079
21
0.8179134251968504
0
LINE
8
BLACK
6
CONTINUOUS
10
1.7519685039370079
20
0.8179134251968504
11
1.7814960629921259
21
0.7982283858267716
0
LINE
8
BLACK
6
CONTINUOUS
10
1.7814960629921259
20
0.8100393307086614
11
1.7519685039370079
21
0.8297243700787401
0
LINE
8
BLACK
6
CONTINUOUS
10
1.7519685039370079
20
0.8297243700787401
11
1.7224409448818898
21
0.8100393307086614
0
LINE
8
BLACK
6
CONTINUOUS
10
1.7224409448818898
20
0.8100393307086614
11
1.7224409448818898
21
0.8553149212598425
0
LINE
8
BLACK
6
CONTINUOUS
10
1.7224409448818898
20
0.8553149212598425
11
1.7814960629921259
21
0.8553149212598425
0
LINE
8
BLACK
6
CONTINUOUS
10
1.7814960629921259
20
0.8553149212598425
11
1.7814960629921259
21
0.8100393307086614
0
LINE
8
BLACK
6
CONTINUOUS
10
0.2834645669291339
20
0.9165354330708662
11
0.2165354330708661
21
0.9165354330708662
0
LINE
8
BLACK
6
CONTINUOUS
10
0.2165354330708661
20
0.9165354330708662
11
0.2165354330708661
21
0.9834645669291339
0
LINE
8
BLACK
6
CONTINUOUS
10
0.2165354330708661
20
0.9834645669291339
11
0.2834645669291339
21
0.9834645669291339
0
LINE
8
BLACK
6
CONTINUOUS
10
0.2834645669291339
20
0.9834645669291339
11
0.2834645669291339
21
0.9165354330708662
0
LINE
8
BLACK
6
CONTINUOUS
10
0.1603411023622047
20
0.9818266929133858
11
0.1667322834645669
21
0.9789811811023622
0
LINE
8
BLACK
6
CONTINUOUS
10
0.1667322834645669
20
0.9789811811023622
11
0.1723921653543307
21
0.9748690157480314
0
LINE
8
BLACK
6
CONTINUOUS
10
0.1723921653543307
20
0.9748690157480314
11
0.1770733858267717
21
0.9696699606299213
0
LINE
8
BLACK
6
CONTINUOUS
10
0.1770733858267717
20
0.9696699606299213
11
0.1805714173228346
21
0.9636112598425197
0
LINE
8
BLACK
6
CONTINUOUS
10
0.1805714173228346
20
0.9636112598425197
11
0.1827332677165354
21
0.9569576771653543
0
LINE
8
BLACK
6
CONTINUOUS
10
0.1827332677165354
20
0.9569576771653543
11
0.1834645669291338
21
0.95
0
LINE
8
BLACK
6
CONTINUOUS
10
0.1834645669291338
20
0.95
11
0.1827332677165354
21
0.9430423228346456
0
LINE
8
BLACK
6
CONTINUOUS
10
0.1827332677165354
20
0.9430423228346456
11
0.1805714173228346
21
0.9363887401574803
0
LINE
8
BLACK
6
CONTINUOUS
10
0.1805714173228346
20
0.9363887401574803
11
0.1770733858267717
21
0.9303300393700787
0
LINE
8
BLACK
6
CONTINUOUS
10
0.1770733858267717
20
0.9303300393700787
11
0.1723921653543307
21
0.9251309842519685
0
LINE
8
BLACK
6
CONTINUOUS
10
0.1723921653543307
20
0.9251309842519685
11
0.1667322834645669
21
0.9210188188976378
0
LINE
8
BLACK
6
CONTINUOUS
10
0.1667322834645669
20
0.9210188188976378
11
0.1603411023622047
21
0.9181733070866142
0
LINE
8
BLACK
6
CONTINUOUS
10
0.1603411023622047
20
0.9181733070866142
11
0.1534979921259843
21
0.9167187401574803
0
LINE
8
BLACK
6
CONTINUOUS
10
0.1534979921259843
20
0.9167187401574803
11
0.1465020078740157
21
0.9167187401574803
0
LINE
8
BLACK
6
CONTINUOUS
10
0.1465020078740157
20
0.9167187401574803
11
0.1396588976377953
21
0.9181733070866142
0
LINE
8
BLACK
6
CONTINUOUS
10
0.1396588976377953
20
0.9181733070866142
11
0.1332677165354331
21
0.9210188188976378
0
LINE
8
BLACK
6
CONTINUOUS
10
0.1332677165354331
20
0.9210188188976378
11
0.1276078346456693
21
0.9251309842519685
0
LINE
8
BLACK
6
CONTINUOUS
10
0.1276078346456693
20
0.9251309842519685
11
0.1229266141732283
21
0.9303300393700787
0
LINE
8
BLACK
6
CONTINUOUS
10
0.1229266141732283
20
0.9303300393700787
11
0.1194285826771654
21
0.9363887401574803
0
LINE
8
BLACK
6
CONTINUOUS
10
0.1194285826771654
20
0.9363887401574803
11
0.1172667322834646
21
0.9430423228346456
0
LINE
8
BLACK
6
CONTINUOUS
10
0.1172667322834646
20
0.9430423228346456
11
0.1165354330708661
21
0.95
0
LINE
8
BLACK
6
CONTINUOUS
10
0.1165354330708661
20
0.95
11
0.1172667322834646
21
0.9569576771653543
0
LINE
8
BLACK
6
CONTINUOUS
10
0.1172667322834646
20
0.9569576771653543
11
0.1194285826771654
21
0.9636112598425197
0
LINE
8
BLACK
6
CONTINUOUS
10
0.1194285826771654
20
0.9636112598425197
11
0.1229266141732283
21
0.9696699606299213
0
LINE
8
BLACK
6
CONTINUOUS
10
0.1229266141732283
20
0.9696699606299213
11
0.1276078346456693
21
0.9748690157480314
0
LINE
8
BLACK
6
CONTINUOUS
10
0.1276078346456693
20
0.9748690157480314
11
0.1332677165354331
21
0.9789811811023622
0
LINE
8
BLACK
6
CONTINUOUS
10
0.1332677165354331
20
0.9789811811023622
11
0.1396588976377953
21
0.9818266929133858
0
LINE
8
BLACK
6
CONTINUOUS
10
0.1396588976377953
20
0.9818266929133858
11
0.1465020078740157
21
0.9832812598425197
0
LINE
8
BLACK
6
CONTINUOUS
10
0.1465020078740157
20
0.9832812598425197
11
0.1534979921259843
21
0.9832812598425197
0
LINE
8
BLACK
6
CONTINUOUS
10
0.1534979921259843
20
0.9832812598425197
11
0.1603411023622047
21
0.9818266929133858
0
LINE
8
BLACK
6
CONTINUOUS
10
1.760144251968504
20
0.9818266929133858
11
1.766535433070866
21
0.9789811811023622
0
LINE
8
BLACK
6
CONTINUOUS
10
1.766535433070866
20
0.9789811811023622
11
1.77219531496063
21
0.9748690157480314
0
LINE
8
BLACK
6
CONTINUOUS
10
1.77219531496063
20
0.9748690157480314
11
1.7768765354330709
21
0.9696699606299213
0
LINE
8
BLACK
6
CONTINUOUS
10
1.7768765354330709
20
0.9696699606299213
11
1.7803745669291338
21
0.9636112598425197
0
LINE
8
BLACK
6
CONTINUOUS
10
1.7803745669291338
20
0.9636112598425197
11
1.7825364173228346
21
0.9569576771653543
0
LINE
8
BLACK
6
CONTINUOUS
10
1.7825364173228346
20
0.9569576771653543
11
1.7832677165354329
21
0.95
0
LINE
8
BLACK
6
CONTINUOUS
10
1.7832677165354329
20
0.95
11
1.7825364173228346
21
0.9430423228346456
0
LINE
8
BLACK
6
CONTINUOUS
10
1.7825364173228346
20
0.9430423228346456
11
1.7803745669291338
21
0.9363887401574803
0
LINE
8
BLACK
6
CONTINUOUS
10
1.7803745669291338
20
0.9363887401574803
11
1.7768765354330709
21
0.9303300393700787
0
LINE
8
BLACK
6
CONTINUOUS
10
1.7768765354330709
20
0.9303300393700787
11
1.77219531496063
21
0.9251309842519685
0
LINE
8
BLACK
6
CONTINUOUS
10
1.77219531496063
20
0.9251309842519685
11
1.766535433070866
21
0.9210188188976378
0
LINE
8
BLACK
6
CONTINUOUS
10
1.766535433070866
20
0.9210188188976378
11
1.760144251968504
21
0.9181733070866142
0
LINE
8
BLACK
6
CONTINUOUS
10
1.760144251968504
20
0.9181733070866142
11
1.7533011417322835
21
0.9167187401574803
0
LINE
8
BLACK
6
CONTINUOUS
10
1.7533011417322835
20
0.9167187401574803
11
1.746305157480315
21
0.9167187401574803
0
LINE
8
BLACK
6
CONTINUOUS
10
1.746305157480315
20
0.9167187401574803
11
1.7394620472440945
21
0.9181733070866142
0
LINE
8
BLACK
6
CONTINUOUS
10
1.7394620472440945
20
0.9181733070866142
11
1.7330708661417322
21
0.9210188188976378
0
LINE
8
BLACK
6
CONTINUOUS
10
1.7330708661417322
20
0.9210188188976378
11
1.7274109842519685
21
0.9251309842519685
0
LINE
8
BLACK
6
CONTINUOUS
10
1.7274109842519685
20
0.9251309842519685
11
1.7227297637795276
21
0.9303300393700787
0
LINE
8
BLACK
6
CONTINUOUS
10
1.7227297637795276
20
0.9303300393700787
11
1.7192317322834645
21
0.9363887401574803
0
LINE
8
BLACK
6
CONTINUOUS
10
1.7192317322834645
20
0.9363887401574803
11
1.7170698818897638
21
0.9430423228346456
0
LINE
8
BLACK
6
CONTINUOUS
10
1.7170698818897638
20
0.9430423228346456
11
1.7163385826771653
21
0.95
0
LINE
8
BLACK
6
CONTINUOUS
10
1.7163385826771653
20
0.95
11
1.7170698818897638
21
0.9569576771653543
0
LINE
8
BLACK
6
CONTINUOUS
10
1.7170698818897638
20
0.9569576771653543
11
1.7192317322834645
21
0.9636112598425197
0
LINE
8
BLACK
6
CONTINUOUS
10
1.7192317322834645
20
0.9636112598425197
11
1.7227297637795276
21
0.9696699606299213
0
LINE
8
BLACK
6
CONTINUOUS
10
1.7227297637795276
20
0.9696699606299213
11
1.7274109842519685
21
0.9748690157480314
0
LINE
8
BLACK
6
CONTINUOUS
10
1.7274109842519685
20
0.9748690157480314
11
1.7330708661417322
21
0.9789811811023622
0
LINE
8
BLACK
6
CONTINUOUS
10
1.7330708661417322
20
0.9789811811023622
11
1.7394620472440945
21
0.9818266929133858
0
LINE
8
BLACK
6
CONTINUOUS
10
1.7394620472440945
20
0.9818266929133858
11
1.746305157480315
21
0.9832812598425197
0
LINE
8
BLACK
6
CONTINUOUS
10
1.746305157480315
20
0.9832812598425197
11
1.7533011417322835
21
0.9832812598425197
0
LINE
8
BLACK
6
CONTINUOUS
10
1.7533011417322835
20
0.9832812598425197
11
1.760144251968504
21
0.9818266929133858
0
LINE
8
BLACK
6
CONTINUOUS
10
1.8601442519685039
20
0.9818266929133858
11
1.8665354330708661
21
0.9789811811023622
0
LINE
8
BLACK
6
CONTINUOUS
10
1.8665354330708661
20
0.9789811811023622
11
1.8721953149606299
21
0.9748690157480314
0
LINE
8
BLACK
6
CONTINUOUS
10
1.8721953149606299
20
0.9748690157480314
11
1.8768765354330708
21
0.9696699606299213
0
LINE
8
BLACK
6
CONTINUOUS
10
1.8768765354330708
20
0.9696699606299213
11
1.8803745669291339
21
0.9636112598425197
0
LINE
8
BLACK
6
CONTINUOUS
10
1.8803745669291339
20
0.9636112598425197
11
1.8825364173228345
21
0.9569576771653543
0
LINE
8
BLACK
6
CONTINUOUS
10
1.8825364173228345
20
0.9569576771653543
11
1.883267716535433
21
0.95
0
LINE
8
BLACK
6
CONTINUOUS
10
1.883267716535433
20
0.95
11
1.8825364173228345
21
0.9430423228346456
0
LINE
8
BLACK
6
CONTINUOUS
10
1.8825364173228345
20
0.9430423228346456
11
1.8803745669291339
21
0.9363887401574803
0
LINE
8
BLACK
6
CONTINUOUS
10
1.8803745669291339
20
0.9363887401574803
11
1.8768765354330708
21
0.9303300393700787
0
LINE
8
BLACK
6
CONTINUOUS
10
1.8768765354330708
20
0.9303300393700787
11
1.8721953149606299
21
0.9251309842519685
0
LINE
8
BLACK
6
CONTINUOUS
10
1.8721953149606299
20
0.9251309842519685
11
1.8665354330708661
21
0.9210188188976378
0
LINE
8
BLACK
6
CONTINUOUS
10
1.8665354330708661
20
0.9210188188976378
11
1.8601442519685039
21
0.9181733070866142
0
LINE
8
BLACK
6
CONTINUOUS
10
1.8601442519685039
20
0.9181733070866142
11
1.8533011417322833
21
0.9167187401574803
0
LINE
8
BLACK
6
CONTINUOUS
10
1.8533011417322833
20
0.9167187401574803
11
1.8463051574803149
21
0.9167187401574803
0
LINE
8
BLACK
6
CONTINUOUS
10
1.8463051574803149
20
0.9167187401574803
11
1.8394620472440943
21
0.9181733070866142
0
LINE
8
BLACK
6
CONTINUOUS
10
1.8394620472440943
20
0.9181733070866142
11
1.8330708661417323
21
0.9210188188976378
0
LINE
8
BLACK
6
CONTINUOUS
10
1.8330708661417323
20
0.9210188188976378
11
1.8274109842519686
21
0.9251309842519685
0
LINE
8
BLACK
6
CONTINUOUS
10
1.8274109842519686
20
0.9251309842519685
11
1.8227297637795274
21
0.9303300393700787
0
LINE
8
BLACK
6
CONTINUOUS
10
1.8227297637795274
20
0.9303300393700787
11
1.8192317322834646
21
0.9363887401574803
0
LINE
8
BLACK
6
CONTINUOUS
10
1.8192317322834646
20
0.9363887401574803
11
1.8170698818897637
21
0.9430423228346456
0
LINE
8
BLACK
6
CONTINUOUS
10
1.8170698818897637
20
0.9430423228346456
11
1.8163385826771654
21
0.95
0
LINE
8
BLACK
6
CONTINUOUS
10
1.8163385826771654
20
0.95
11
1.8170698818897637
21
0.9569576771653543
0
LINE
8
BLACK
6
CONTINUOUS
10
1.8170698818897637
20
0.9569576771653543
11
1.8192317322834646
21
0.9636112598425197
0
LINE
8
BLACK
6
CONTINUOUS
10
1.8192317322834646
20
0.9636112598425197
11
1.8227297637795274
21
0.9696699606299213
0
LINE
8
BLACK
6
CONTINUOUS
10
1.8227297637795274
20
0.9696699606299213
11
1.8274109842519686
21
0.9748690157480314
0
LINE
8
BLACK
6
CONTINUOUS
10
1.8274109842519686
20
0.9748690157480314
11
1.8330708661417323
21
0.9789811811023622
0
LINE
8
BLACK
6
CONTINUOUS
10
1.8330708661417323
20
0.9789811811023622
11
1.8394620472440943
21
0.9818266929133858
0
LINE
8
BLACK
6
CONTINUOUS
10
1.8394620472440943
20
0.9818266929133858
11
1.8463051574803149
21
0.9832812598425197
0
LINE
8
BLACK
6
CONTINUOUS
10
1.8463051574803149
20
0.9832812598425197
11
1.8533011417322833
21
0.9832812598425197
0
LINE
8
BLACK
6
CONTINUOUS
10
1.8533011417322833
20
0.9832812598425197
11
1.8601442519685039
21
0.9818266929133858
0
LINE
8
BLACK
6
CONTINUOUS
10
1.0903610629921259
20
0.974801968503937
11
1.0935542125984252
21
0.9726683858267716
0
LINE
8
BLACK
6
CONTINUOUS
10
1.0935542125984252
20
0.9726683858267716
11
1.0956877952755906
21
0.9694752362204724
0
LINE
8
BLACK
6
CONTINUOUS
10
1.0956877952755906
20
0.9694752362204724
11
1.0964370078740158
21
0.9657086614173228
0
LINE
8
BLACK
6
CONTINUOUS
10
1.0964370078740158
20
0.9657086614173228
11
1.0964370078740158
21
0.9283070866141732
0
LINE
8
BLACK
6
CONTINUOUS
10
1.0964370078740158
20
0.9283070866141732
11
1.0956877952755906
21
0.9245405118110236
0
LINE
8
BLACK
6
CONTINUOUS
10
1.0956877952755906
20
0.9245405118110236
11
1.0935542125984252
21
0.9213473622047244
0
LINE
8
BLACK
6
CONTINUOUS
10
1.0935542125984252
20
0.9213473622047244
11
1.0903610629921259
21
0.919213779527559
0
LINE
8
BLACK
6
CONTINUOUS
10
1.0903610629921259
20
0.919213779527559
11
1.0865944881889764
21
0.9184645669291338
0
LINE
8
BLACK
6
CONTINUOUS
10
1.0865944881889764
20
0.9184645669291338
11
1.0600196850393702
21
0.9184645669291338
0
LINE
8
BLACK
6
CONTINUOUS
10
1.0600196850393702
20
0.9184645669291338
11
1.0562531102362205
21
0.919213779527559
0
LINE
8
BLACK
6
CONTINUOUS
10
1.0562531102362205
20
0.919213779527559
11
1.0530599606299211
21
0.9213473622047244
0
LINE
8
BLACK
6
CONTINUOUS
10
1.0530599606299211
20
0.9213473622047244
11
1.0509263779527558
21
0.9245405118110236
0
LINE
8
BLACK
6
CONTINUOUS
10
1.0509263779527558
20
0.9245405118110236
11
1.0501771653543306
21
0.9283070866141732
0
LINE
8
BLACK
6
CONTINUOUS
10
1.0501771653543306
20
0.9283070866141732
11
1.0501771653543306
21
0.9657086614173228
0
LINE
8
BLACK
6
CONTINUOUS
10
1.0501771653543306
20
0.9657086614173228
11
1.0509263779527558
21
0.9694752362204724
0
LINE
8
BLACK
6
CONTINUOUS
10
1.0509263779527558
20
0.9694752362204724
11
1.0530599606299211
21
0.9726683858267716
0
LINE
8
BLACK
6
CONTINUOUS
10
1.0530599606299211
20
0.9726683858267716
11
1.0562531102362205
21
0.974801968503937
0
LINE
8
BLACK
6
CONTINUOUS
10
1.0562531102362205
20
0.974801968503937
11
1.0600196850393702
21
0.9755511811023622
0
LINE
8
BLACK
6
CONTINUOUS
10
1.0600196850393702
20
0.9755511811023622
11
1.0865944881889764
21
0.9755511811023622
0
LINE
8
BLACK
6
CONTINUOUS
10
1.0865944881889764
20
0.9755511811023622
11
1.0903610629921259
21
0.974801968503937
0
LINE
8
BLACK
6
CONTINUOUS
10
1.1720539763779527
20
0.974801968503937
11
1.1752471259842519
21
0.9726683858267716
0
LINE
8
BLACK
6
CONTINUOUS
10
1.1752471259842519
20
0.9726683858267716
11
1.1773807086614172
21
0.9694752362204724
0
LINE
8
BLACK
6
CONTINUOUS
10
1.1773807086614172
20
0.9694752362204724
11
1.1781299212598424
21
0.9657086614173228
0
LINE
8
BLACK
6
CONTINUOUS
10
1.1781299212598424
20
0.9657086614173228
11
1.1781299212598424
21
0.9283070866141732
0
LINE
8
BLACK
6
CONTINUOUS
10
1.1781299212598424
20
0.9283070866141732
11
1.1773807086614172
21
0.9245405118110236
0
LINE
8
BLACK
6
CONTINUOUS
10
1.1773807086614172
20
0.9245405118110236
11
1.1752471259842519
21
0.9213473622047244
0
LINE
8
BLACK
6
CONTINUOUS
10
1.1752471259842519
20
0.9213473622047244
11
1.1720539763779527
21
0.919213779527559
0
LINE
8
BLACK
6
CONTINUOUS
10
1.1720539763779527
20
0.919213779527559
11
1.168287401574803
21
0.9184645669291338
0
LINE
8
BLACK
6
CONTINUOUS
10
1.168287401574803
20
0.9184645669291338
11
1.1417125984251968
21
0.9184645669291338
0
LINE
8
BLACK
6
CONTINUOUS
10
1.1417125984251968
20
0.9184645669291338
11
1.1379460236220471
21
0.919213779527559
0
LINE
8
BLACK
6
CONTINUOUS
10
1.1379460236220471
20
0.919213779527559
11
1.134752874015748
21
0.9213473622047244
0
LINE
8
BLACK
6
CONTINUOUS
10
1.134752874015748
20
0.9213473622047244
11
1.1326192913385826
21
0.9245405118110236
0
LINE
8
BLACK
6
CONTINUOUS
10
1.1326192913385826
20
0.9245405118110236
11
1.1318700787401574
21
0.9283070866141732
0
LINE
8
BLACK
6
CONTINUOUS
10
1.1318700787401574
20
0.9283070866141732
11
1.1318700787401574
21
0.9657086614173228
0
LINE
8
BLACK
6
CONTINUOUS
10
1.1318700787401574
20
0.9657086614173228
11
1.1326192913385826
21
0.9694752362204724
0
LINE
8
BLACK
6
CONTINUOUS
10
1.1326192913385826
20
0.9694752362204724
11
1.134752874015748
21
0.9726683858267716
0
LINE
8
BLACK
6
CONTINUOUS
10
1.134752874015748
20
0.9726683858267716
11
1.1379460236220471
21
0.974801968503937
0
LINE
8
BLACK
6
CONTINUOUS
10
1.1379460236220471
20
0.974801968503937
11
1.1417125984251968
21
0.9755511811023622
0
LINE
8
BLACK
6
CONTINUOUS
10
1.1417125984251968
20
0.9755511811023622
11
1.168287401574803
21
0.9755511811023622
0
LINE
8
BLACK
6
CONTINUOUS
10
1.168287401574803
20
0.9755511811023622
11
1.1720539763779527
21
0.974801968503937
0
LINE
8
BLACK
6
CONTINUOUS
10
1.2483531889763779
20
0.974801968503937
11
1.2515463385826771
21
0.9726683858267716
0
LINE
8
BLACK
6
CONTINUOUS
10
1.2515463385826771
20
0.9726683858267716
11
1.2536799212598424
21
0.9694752362204724
0
LINE
8
BLACK
6
CONTINUOUS
10
1.2536799212598424
20
0.9694752362204724
11
1.2544291338582676
21
0.9657086614173228
0
LINE
8
BLACK
6
CONTINUOUS
10
1.2544291338582676
20
0.9657086614173228
11
1.2544291338582676
21
0.9283070866141732
0
LINE
8
BLACK
6
CONTINUOUS
10
1.2544291338582676
20
0.9283070866141732
11
1.2536799212598424
21
0.9245405118110236
0
LINE
8
BLACK
6
CONTINUOUS
10
1.2536799212598424
20
0.9245405118110236
11
1.2515463385826771
21
0.9213473622047244
0
LINE
8
BLACK
6
CONTINUOUS
10
1.2515463385826771
20
0.9213473622047244
11
1.2483531889763779
21
0.919213779527559
0
LINE
8
BLACK
6
CONTINUOUS
10
1.2483531889763779
20
0.919213779527559
11
1.2445866141732282
21
0.9184645669291338
0
LINE
8
BLACK
6
CONTINUOUS
10
1.2445866141732282
20
0.9184645669291338
11
1.218011811023622
21
0.9184645669291338
0
LINE
8
BLACK
6
CONTINUOUS
10
1.218011811023622
20
0.9184645669291338
11
1.2142452362204723
21
0.919213779527559
0
LINE
8
BLACK
6
CONTINUOUS
10
1.2142452362204723
20
0.919213779527559
11
1.2110520866141732
21
0.9213473622047244
0
LINE
8
BLACK
6
CONTINUOUS
10
1.2110520866141732
20
0.9213473622047244
11
1.2089185039370078
21
0.9245405118110236
0
LINE
8
BLACK
6
CONTINUOUS
10
1.2089185039370078
20
0.9245405118110236
11
1.2081692913385826
21
0.9283070866141732
0
LINE
8
BLACK
6
CONTINUOUS
10
1.2081692913385826
20
0.9283070866141732
11
1.2081692913385826
21
0.9657086614173228
0
LINE
8
BLACK
6
CONTINUOUS
10
1.2081692913385826
20
0.9657086614173228
11
1.2089185039370078
21
0.9694752362204724
0
LINE
8
BLACK
6
CONTINUOUS
10
1.2089185039370078
20
0.9694752362204724
11
1.2110520866141732
21
0.9726683858267716
0
LINE
8
BLACK
6
CONTINUOUS
10
1.2110520866141732
20
0.9726683858267716
11
1.2142452362204723
21
0.974801968503937
0
LINE
8
BLACK
6
CONTINUOUS
10
1.2142452362204723
20
0.974801968503937
11
1.218011811023622
21
0.9755511811023622
0
LINE
8
BLACK
6
CONTINUOUS
10
1.218011811023622
20
0.9755511811023622
11
1.2445866141732282
21
0.9755511811023622
0
LINE
8
BLACK
6
CONTINUOUS
10
1.2445866141732282
20
0.9755511811023622
11
1.2483531889763779
21
0.974801968503937
0
LINE
8
BLACK
6
CONTINUOUS
10
1.3300461023622048
20
0.974801968503937
11
1.3332392519685039
21
0.9726683858267716
0
LINE
8
BLACK
6
CONTINUOUS
10
1.3332392519685039
20
0.9726683858267716
11
1.3353728346456692
21
0.9694752362204724
0
LINE
8
BLACK
6
CONTINUOUS
10
1.3353728346456692
20
0.9694752362204724
11
1.3361220472440944
21
0.9657086614173228
0
LINE
8
BLACK
6
CONTINUOUS
10
1.3361220472440944
20
0.9657086614173228
11
1.3361220472440944
21
0.9283070866141732
0
LINE
8
BLACK
6
CONTINUOUS
10
1.3361220472440944
20
0.9283070866141732
11
1.3353728346456692
21
0.9245405118110236
0
LINE
8
BLACK
6
CONTINUOUS
10
1.3353728346456692
20
0.9245405118110236
11
1.3332392519685039
21
0.9213473622047244
0
LINE
8
BLACK
6
CONTINUOUS
10
1.3332392519685039
20
0.9213473622047244
11
1.3300461023622048
21
0.919213779527559
0
LINE
8
BLACK
6
CONTINUOUS
10
1.3300461023622048
20
0.919213779527559
11
1.3262795275590551
21
0.9184645669291338
0
LINE
8
BLACK
6
CONTINUOUS
10
1.3262795275590551
20
0.9184645669291338
11
1.2997047244094488
21
0.9184645669291338
0
LINE
8
BLACK
6
CONTINUOUS
10
1.2997047244094488
20
0.9184645669291338
11
1.2959381496062992
21
0.919213779527559
0
LINE
8
BLACK
6
CONTINUOUS
10
1.2959381496062992
20
0.919213779527559
11
1.292745
21
0.9213473622047244
0
LINE
8
BLACK
6
CONTINUOUS
10
1.292745
20
0.9213473622047244
11
1.2906114173228347
21
0.9245405118110236
0
LINE
8
BLACK
6
CONTINUOUS
10
1.2906114173228347
20
0.9245405118110236
11
1.2898622047244095
21
0.9283070866141732
0
LINE
8
BLACK
6
CONTINUOUS
10
1.2898622047244095
20
0.9283070866141732
11
1.2898622047244095
21
0.9657086614173228
0
LINE
8
BLACK
6
CONTINUOUS
10
1.2898622047244095
20
0.9657086614173228
11
1.2906114173228347
21
0.9694752362204724
0
LINE
8
BLACK
6
CONTINUOUS
10
1.2906114173228347
20
0.9694752362204724
11
1.292745
21
0.9726683858267716
0
LINE
8
BLACK
6
CONTINUOUS
10
1.292745
20
0.9726683858267716
11
1.2959381496062992
21
0.974801968503937
0
LINE
8
BLACK
6
CONTINUOUS
10
1.2959381496062992
20
0.974801968503937
11
1.2997047244094488
21
0.9755511811023622
0
LINE
8
BLACK
6
CONTINUOUS
10
1.2997047244094488
20
0.9755511811023622
11
1.3262795275590551
21
0.9755511811023622
0
LINE
8
BLACK
6
CONTINUOUS
10
1.3262795275590551
20
0.9755511811023622
11
1.3300461023622048
21
0.974801968503937
0
LINE
8
BLACK
6
CONTINUOUS
10
0.1603411023622047
20
1.0818266929133857
11
0.1667322834645669
21
1.0789811811023622
0
LINE
8
BLACK
6
CONTINUOUS
10
0.1667322834645669
20
1.0789811811023622
11
0.1723921653543307
21
1.0748690157480314
0
LINE
8
BLACK
6
CONTINUOUS
10
0.1723921653543307
20
1.0748690157480314
11
0.1770733858267717
21
1.0696699606299211
0
LINE
8
BLACK
6
CONTINUOUS
10
0.1770733858267717
20
1.0696699606299211
11
0.1805714173228346
21
1.0636112598425196
0
LINE
8
BLACK
6
CONTINUOUS
10
0.1805714173228346
20
1.0636112598425196
11
0.1827332677165354
21
1.0569576771653544
0
LINE
8
BLACK
6
CONTINUOUS
10
0.1827332677165354
20
1.0569576771653544
11
0.1834645669291338
21
1.05
0
LINE
8
BLACK
6
CONTINUOUS
10
0.1834645669291338
20
1.05
11
0.1827332677165354
21
1.0430423228346457
0
LINE
8
BLACK
6
CONTINUOUS
10
0.1827332677165354
20
1.0430423228346457
11
0.1805714173228346
21
1.0363887401574803
0
LINE
8
BLACK
6
CONTINUOUS
10
0.1805714173228346
20
1.0363887401574803
11
0.1770733858267717
21
1.0303300393700787
0
LINE
8
BLACK
6
CONTINUOUS
10
0.1770733858267717
20
1.0303300393700787
11
0.1723921653543307
21
1.0251309842519685
0
LINE
8
BLACK
6
CONTINUOUS
10
0.1723921653543307
20
1.0251309842519685
11
0.1667322834645669
21
1.0210188188976377
0
LINE
8
BLACK
6
CONTINUOUS
10
0.1667322834645669
20
1.0210188188976377
11
0.1603411023622047
21
1.0181733070866141
0
LINE
8
BLACK
6
CONTINUOUS
10
0.1603411023622047
20
1.0181733070866141
11
0.1534979921259843
21
1.0167187401574802
0
LINE
8
BLACK
6
CONTINUOUS
10
0.1534979921259843
20
1.0167187401574802
11
0.1465020078740157
21
1.0167187401574802
0
LINE
8
BLACK
6
CONTINUOUS
10
0.1465020078740157
20
1.0167187401574802
11
0.1396588976377953
21
1.0181733070866141
0
LINE
8
BLACK
6
CONTINUOUS
10
0.1396588976377953
20
1.0181733070866141
11
0.1332677165354331
21
1.0210188188976377
0
LINE
8
BLACK
6
CONTINUOUS
10
0.1332677165354331
20
1.0210188188976377
11
0.1276078346456693
21
1.0251309842519685
0
LINE
8
BLACK
6
CONTINUOUS
10
0.1276078346456693
20
1.0251309842519685
11
0.1229266141732283
21
1.0303300393700787
0
LINE
8
BLACK
6
CONTINUOUS
10
0.1229266141732283
20
1.0303300393700787
11
0.1194285826771654
21
1.0363887401574803
0
LINE
8
BLACK
6
CONTINUOUS
10
0.1194285826771654
20
1.0363887401574803
11
0.1172667322834646
21
1.0430423228346457
0
LINE
8
BLACK
6
CONTINUOUS
10
0.1172667322834646
20
1.0430423228346457
11
0.1165354330708661
21
1.05
0
LINE
8
BLACK
6
CONTINUOUS
10
0.1165354330708661
20
1.05
11
0.1172667322834646
21
1.0569576771653544
0
LINE
8
BLACK
6
CONTINUOUS
10
0.1172667322834646
20
1.0569576771653544
11
0.1194285826771654
21
1.0636112598425196
0
LINE
8
BLACK
6
CONTINUOUS
10
0.1194285826771654
20
1.0636112598425196
11
0.1229266141732283
21
1.0696699606299211
0
LINE
8
BLACK
6
CONTINUOUS
10
0.1229266141732283
20
1.0696699606299211
11
0.1276078346456693
21
1.0748690157480314
0
LINE
8
BLACK
6
CONTINUOUS
10
0.1276078346456693
20
1.0748690157480314
11
0.1332677165354331
21
1.0789811811023622
0
LINE
8
BLACK
6
CONTINUOUS
10
0.1332677165354331
20
1.0789811811023622
11
0.1396588976377953
21
1.0818266929133857
0
LINE
8
BLACK
6
CONTINUOUS
10
0.1396588976377953
20
1.0818266929133857
11
0.1465020078740157
21
1.0832812598425197
0
LINE
8
BLACK
6
CONTINUOUS
10
0.1465020078740157
20
1.0832812598425197
11
0.1534979921259843
21
1.0832812598425197
0
LINE
8
BLACK
6
CONTINUOUS
10
0.1534979921259843
20
1.0832812598425197
11
0.1603411023622047
21
1.0818266929133857
0
LINE
8
BLACK
6
CONTINUOUS
10
0.2603411023622047
20
1.0818266929133857
11
0.2667322834645669
21
1.0789811811023622
0
LINE
8
BLACK
6
CONTINUOUS
10
0.2667322834645669
20
1.0789811811023622
11
0.2723921653543307
21
1.0748690157480314
0
LINE
8
BLACK
6
CONTINUOUS
10
0.2723921653543307
20
1.0748690157480314
11
0.2770733858267717
21
1.0696699606299211
0
LINE
8
BLACK
6
CONTINUOUS
10
0.2770733858267717
20
1.0696699606299211
11
0.2805714173228346
21
1.0636112598425196
0
LINE
8
BLACK
6
CONTINUOUS
10
0.2805714173228346
20
1.0636112598425196
11
0.2827332677165355
21
1.0569576771653544
0
LINE
8
BLACK
6
CONTINUOUS
10
0.2827332677165355
20
1.0569576771653544
11
0.2834645669291339
21
1.05
0
LINE
8
BLACK
6
CONTINUOUS
10
0.2834645669291339
20
1.05
11
0.2827332677165355
21
1.0430423228346457
0
LINE
8
BLACK
6
CONTINUOUS
10
0.2827332677165355
20
1.0430423228346457
11
0.2805714173228346
21
1.0363887401574803
0
LINE
8
BLACK
6
CONTINUOUS
10
0.2805714173228346
20
1.0363887401574803
11
0.2770733858267717
21
1.0303300393700787
0
LINE
8
BLACK
6
CONTINUOUS
10
0.2770733858267717
20
1.0303300393700787
11
0.2723921653543307
21
1.0251309842519685
0
LINE
8
BLACK
6
CONTINUOUS
10
0.2723921653543307
20
1.0251309842519685
11
0.2667322834645669
21
1.0210188188976377
0
LINE
8
BLACK
6
CONTINUOUS
10
0.2667322834645669
20
1.0210188188976377
11
0.2603411023622047
21
1.0181733070866141
0
LINE
8
BLACK
6
CONTINUOUS
10
0.2603411023622047
20
1.0181733070866141
11
0.2534979921259842
21
1.0167187401574802
0
LINE
8
BLACK
6
CONTINUOUS
10
0.2534979921259842
20
1.0167187401574802
11
0.2465020078740157
21
1.0167187401574802
0
LINE
8
BLACK
6
CONTINUOUS
10
0.2465020078740157
20
1.0167187401574802
11
0.2396588976377953
21
1.0181733070866141
0
LINE
8
BLACK
6
CONTINUOUS
10
0.2396588976377953
20
1.0181733070866141
11
0.2332677165354331
21
1.0210188188976377
0
LINE
8
BLACK
6
CONTINUOUS
10
0.2332677165354331
20
1.0210188188976377
11
0.2276078346456693
21
1.0251309842519685
0
LINE
8
BLACK
6
CONTINUOUS
10
0.2276078346456693
20
1.0251309842519685
11
0.2229266141732283
21
1.0303300393700787
0
LINE
8
BLACK
6
CONTINUOUS
10
0.2229266141732283
20
1.0303300393700787
11
0.2194285826771654
21
1.0363887401574803
0
LINE
8
BLACK
6
CONTINUOUS
10
0.2194285826771654
20
1.0363887401574803
11
0.2172667322834646
21
1.0430423228346457
0
LINE
8
BLACK
6
CONTINUOUS
10
0.2172667322834646
20
1.0430423228346457
11
0.2165354330708661
21
1.05
0
LINE
8
BLACK
6
CONTINUOUS
10
0.2165354330708661
20
1.05
11
0.2172667322834646
21
1.0569576771653544
0
LINE
8
BLACK
6
CONTINUOUS
10
0.2172667322834646
20
1.0569576771653544
11
0.2194285826771654
21
1.0636112598425196
0
LINE
8
BLACK
6
CONTINUOUS
10
0.2194285826771654
20
1.0636112598425196
11
0.2229266141732283
21
1.0696699606299211
0
LINE
8
BLACK
6
CONTINUOUS
10
0.2229266141732283
20
1.0696699606299211
11
0.2276078346456693
21
1.0748690157480314
0
LINE
8
BLACK
6
CONTINUOUS
10
0.2276078346456693
20
1.0748690157480314
11
0.2332677165354331
21
1.0789811811023622
0
LINE
8
BLACK
6
CONTINUOUS
10
0.2332677165354331
20
1.0789811811023622
11
0.2396588976377953
21
1.0818266929133857
0
LINE
8
BLACK
6
CONTINUOUS
10
0.2396588976377953
20
1.0818266929133857
11
0.2465020078740157
21
1.0832812598425197
0
LINE
8
BLACK
6
CONTINUOUS
10
0.2465020078740157
20
1.0832812598425197
11
0.2534979921259842
21
1.0832812598425197
0
LINE
8
BLACK
6
CONTINUOUS
10
0.2534979921259842
20
1.0832812598425197
11
0.2603411023622047
21
1.0818266929133857
0
LINE
8
BLACK
6
CONTINUOUS
10
1.760144251968504
20
1.0818266929133857
11
1.766535433070866
21
1.0789811811023622
0
LINE
8
BLACK
6
CONTINUOUS
10
1.766535433070866
20
1.0789811811023622
11
1.77219531496063
21
1.0748690157480314
0
LINE
8
BLACK
6
CONTINUOUS
10
1.77219531496063
20
1.0748690157480314
11
1.7768765354330709
21
1.0696699606299211
0
LINE
8
BLACK
6
CONTINUOUS
10
1.7768765354330709
20
1.0696699606299211
11
1.7803745669291338
21
1.0636112598425196
0
LINE
8
BLACK
6
CONTINUOUS
10
1.7803745669291338
20
1.0636112598425196
11
1.7825364173228346
21
1.0569576771653544
0
LINE
8
BLACK
6
CONTINUOUS
10
1.7825364173228346
20
1.0569576771653544
11
1.7832677165354329
21
1.05
0
LINE
8
BLACK
6
CONTINUOUS
10
1.7832677165354329
20
1.05
11
1.7825364173228346
21
1.0430423228346457
0
LINE
8
BLACK
6
CONTINUOUS
10
1.7825364173228346
20
1.0430423228346457
11
1.7803745669291338
21
1.0363887401574803
0
LINE
8
BLACK
6
CONTINUOUS
10
1.7803745669291338
20
1.0363887401574803
11
1.7768765354330709
21
1.0303300393700787
0
LINE
8
BLACK
6
CONTINUOUS
10
1.7768765354330709
20
1.0303300393700787
11
1.77219531496063
21
1.0251309842519685
0
LINE
8
BLACK
6
CONTINUOUS
10
1.77219531496063
20
1.0251309842519685
11
1.766535433070866
21
1.0210188188976377
0
LINE
8
BLACK
6
CONTINUOUS
10
1.766535433070866
20
1.0210188188976377
11
1.760144251968504
21
1.0181733070866141
0
LINE
8
BLACK
6
CONTINUOUS
10
1.760144251968504
20
1.0181733070866141
11
1.7533011417322835
21
1.0167187401574802
0
LINE
8
BLACK
6
CONTINUOUS
10
1.7533011417322835
20
1.0167187401574802
11
1.746305157480315
21
1.0167187401574802
0
LINE
8
BLACK
6
CONTINUOUS
10
1.746305157480315
20
1.0167187401574802
11
1.7394620472440945
21
1.0181733070866141
0
LINE
8
BLACK
6
CONTINUOUS
10
1.7394620472440945
20
1.0181733070866141
11
1.7330708661417322
21
1.0210188188976377
0
LINE
8
BLACK
6
CONTINUOUS
10
1.7330708661417322
20
1.0210188188976377
11
1.7274109842519685
21
1.0251309842519685
0
LINE
8
BLACK
6
CONTINUOUS
10
1.7274109842519685
20
1.0251309842519685
11
1.7227297637795276
21
1.0303300393700787
0
LINE
8
BLACK
6
CONTINUOUS
10
1.7227297637795276
20
1.0303300393700787
11
1.7192317322834645
21
1.0363887401574803
0
LINE
8
BLACK
6
CONTINUOUS
10
1.7192317322834645
20
1.0363887401574803
11
1.7170698818897638
21
1.0430423228346457
0
LINE
8
BLACK
6
CONTINUOUS
10
1.7170698818897638
20
1.0430423228346457
11
1.7163385826771653
21
1.05
0
LINE
8
BLACK
6
CONTINUOUS
10
1.7163385826771653
20
1.05
11
1.7170698818897638
21
1.0569576771653544
0
LINE
8
BLACK
6
CONTINUOUS
10
1.7170698818897638
20
1.0569576771653544
11
1.7192317322834645
21
1.0636112598425196
0
LINE
8
BLACK
6
CONTINUOUS
10
1.7192317322834645
20
1.0636112598425196
11
1.7227297637795276
21
1.0696699606299211
0
LINE
8
BLACK
6
CONTINUOUS
10
1.7227297637795276
20
1.0696699606299211
11
1.7274109842519685
21
1.0748690157480314
0
LINE
8
BLACK
6
CONTINUOUS
10
1.7274109842519685
20
1.0748690157480314
11
1.7330708661417322
21
1.0789811811023622
0
LINE
8
BLACK
6
CONTINUOUS
10
1.7330708661417322
20
1.0789811811023622
11
1.7394620472440945
21
1.0818266929133857
0
LINE
8
BLACK
6
CONTINUOUS
10
1.7394620472440945
20
1.0818266929133857
11
1.746305157480315
21
1.0832812598425197
0
LINE
8
BLACK
6
CONTINUOUS
10
1.746305157480315
20
1.0832812598425197
11
1.7533011417322835
21
1.0832812598425197
0
LINE
8
BLACK
6
CONTINUOUS
10
1.7533011417322835
20
1.0832812598425197
11
1.760144251968504
21
1.0818266929133857
0
LINE
8
BLACK
6
CONTINUOUS
10
1.8601442519685039
20
1.0818266929133857
11
1.8665354330708661
21
1.0789811811023622
0
LINE
8
BLACK
6
CONTINUOUS
10
1.8665354330708661
20
1.0789811811023622
11
1.8721953149606299
21
1.0748690157480314
0
LINE
8
BLACK
6
CONTINUOUS
10
1.8721953149606299
20
1.0748690157480314
11
1.8768765354330708
21
1.0696699606299211
0
LINE
8
BLACK
6
CONTINUOUS
10
1.8768765354330708
20
1.0696699606299211
11
1.8803745669291339
21
1.0636112598425196
0
LINE
8
BLACK
6
CONTINUOUS
10
1.8803745669291339
20
1.0636112598425196
11
1.8825364173228345
21
1.0569576771653544
0
LINE
8
BLACK
6
CONTINUOUS
10
1.8825364173228345
20
1.0569576771653544
11
1.883267716535433
21
1.05
0
LINE
8
BLACK
6
CONTINUOUS
10
1.883267716535433
20
1.05
11
1.8825364173228345
21
1.0430423228346457
0
LINE
8
BLACK
6
CONTINUOUS
10
1.8825364173228345
20
1.0430423228346457
11
1.8803745669291339
21
1.0363887401574803
0
LINE
8
BLACK
6
CONTINUOUS
10
1.8803745669291339
20
1.0363887401574803
11
1.8768765354330708
21
1.0303300393700787
0
LINE
8
BLACK
6
CONTINUOUS
10
1.8768765354330708
20
1.0303300393700787
11
1.8721953149606299
21
1.0251309842519685
0
LINE
8
BLACK
6
CONTINUOUS
10
1.8721953149606299
20
1.0251309842519685
11
1.8665354330708661
21
1.0210188188976377
0
LINE
8
BLACK
6
CONTINUOUS
10
1.8665354330708661
20
1.0210188188976377
11
1.8601442519685039
21
1.0181733070866141
0
LINE
8
BLACK
6
CONTINUOUS
10
1.8601442519685039
20
1.0181733070866141
11
1.8533011417322833
21
1.0167187401574802
0
LINE
8
BLACK
6
CONTINUOUS
10
1.8533011417322833
20
1.0167187401574802
11
1.8463051574803149
21
1.0167187401574802
0
LINE
8
BLACK
6
CONTINUOUS
10
1.8463051574803149
20
1.0167187401574802
11
1.8394620472440943
21
1.0181733070866141
0
LINE
8
BLACK
6
CONTINUOUS
10
1.8394620472440943
20
1.0181733070866141
11
1.8330708661417323
21
1.0210188188976377
0
LINE
8
BLACK
6
CONTINUOUS
10
1.8330708661417323
20
1.0210188188976377
11
1.8274109842519686
21
1.0251309842519685
0
LINE
8
BLACK
6
CONTINUOUS
10
1.8274109842519686
20
1.0251309842519685
11
1.8227297637795274
21
1.0303300393700787
0
LINE
8
BLACK
6
CONTINUOUS
10
1.8227297637795274
20
1.0303300393700787
11
1.8192317322834646
21
1.0363887401574803
0
LINE
8
BLACK
6
CONTINUOUS
10
1.8192317322834646
20
1.0363887401574803
11
1.8170698818897637
21
1.0430423228346457
0
LINE
8
BLACK
6
CONTINUOUS
10
1.8170698818897637
20
1.0430423228346457
11
1.8163385826771654
21
1.05
0
LINE
8
BLACK
6
CONTINUOUS
10
1.8163385826771654
20
1.05
11
1.8170698818897637
21
1.0569576771653544
0
LINE
8
BLACK
6
CONTINUOUS
10
1.8170698818897637
20
1.0569576771653544
11
1.8192317322834646
21
1.0636112598425196
0
LINE
8
BLACK
6
CONTINUOUS
10
1.8192317322834646
20
1.0636112598425196
11
1.8227297637795274
21
1.0696699606299211
0
LINE
8
BLACK
6
CONTINUOUS
10
1.8227297637795274
20
1.0696699606299211
11
1.8274109842519686
21
1.0748690157480314
0
LINE
8
BLACK
6
CONTINUOUS
10
1.8274109842519686
20
1.0748690157480314
11
1.8330708661417323
21
1.0789811811023622
0
LINE
8
BLACK
6
CONTINUOUS
10
1.8330708661417323
20
1.0789811811023622
11
1.8394620472440943
21
1.0818266929133857
0
LINE
8
BLACK
6
CONTINUOUS
10
1.8394620472440943
20
1.0818266929133857
11
1.8463051574803149
21
1.0832812598425197
0
LINE
8
BLACK
6
CONTINUOUS
10
1.8463051574803149
20
1.0832812598425197
11
1.8533011417322833
21
1.0832812598425197
0
LINE
8
BLACK
6
CONTINUOUS
10
1.8533011417322833
20
1.0832812598425197
11
1.8601442519685039
21
1.0818266929133857
0
LINE
8
BLACK
6
CONTINUOUS
10
1.1065705118110236
20
1.0987872440944881
11
1.1128115354330708
21
1.0966034251968504
0
LINE
8
BLACK
6
CONTINUOUS
10
1.1128115354330708
20
1.0966034251968504
11
1.1184101181102362
21
1.0930855905511812
0
LINE
8
BLACK
6
CONTINUOUS
10
1.1184101181102362
20
1.0930855905511812
11
1.1230855905511812
21
1.0884101181102361
0
LINE
8
BLACK
6
CONTINUOUS
10
1.1230855905511812
20
1.0884101181102361
11
1.1266034251968504
21
1.0828115354330707
0
LINE
8
BLACK
6
CONTINUOUS
10
1.1266034251968504
20
1.0828115354330707
11
1.1287872440944882
21
1.0765705118110236
0
LINE
8
BLACK
6
CONTINUOUS
10
1.1287872440944882
20
1.0765705118110236
11
1.1295275590551181
21
1.0700000000000001
0
LINE
8
BLACK
6
CONTINUOUS
10
1.1295275590551181
20
1.0700000000000001
11
1.1287872440944882
21
1.0634294881889763
0
LINE
8
BLACK
6
CONTINUOUS
10
1.1287872440944882
20
1.0634294881889763
11
1.1266034251968504
21
1.0571884645669292
0
LINE
8
BLACK
6
CONTINUOUS
10
1.1266034251968504
20
1.0571884645669292
11
1.1230855905511812
21
1.0515898818897638
0
LINE
8
BLACK
6
CONTINUOUS
10
1.1230855905511812
20
1.0515898818897638
11
1.1184101181102362
21
1.046914409448819
0
LINE
8
BLACK
6
CONTINUOUS
10
1.1184101181102362
20
1.046914409448819
11
1.1128115354330708
21
1.0433965748031495
0
LINE
8
BLACK
6
CONTINUOUS
10
1.1128115354330708
20
1.0433965748031495
11
1.1065705118110236
21
1.0412127559055118
0
LINE
8
BLACK
6
CONTINUOUS
10
1.1065705118110236
20
1.0412127559055118
11
1.0999999999999999
21
1.0404724409448818
0
LINE
8
BLACK
6
CONTINUOUS
10
1.0999999999999999
20
1.0404724409448818
11
1.0934294881889763
21
1.0412127559055118
0
LINE
8
BLACK
6
CONTINUOUS
10
1.0934294881889763
20
1.0412127559055118
11
1.0871884645669292
21
1.0433965748031495
0
LINE
8
BLACK
6
CONTINUOUS
10
1.0871884645669292
20
1.0433965748031495
11
1.0815898818897638
21
1.046914409448819
0
LINE
8
BLACK
6
CONTINUOUS
10
1.0815898818897638
20
1.046914409448819
11
1.0769144094488188
21
1.0515898818897638
0
LINE
8
BLACK
6
CONTINUOUS
10
1.0769144094488188
20
1.0515898818897638
11
1.0733965748031495
21
1.0571884645669292
0
LINE
8
BLACK
6
CONTINUOUS
10
1.0733965748031495
20
1.0571884645669292
11
1.0712127559055118
21
1.0634294881889763
0
LINE
8
BLACK
6
CONTINUOUS
10
1.0712127559055118
20
1.0634294881889763
11
1.0704724409448818
21
1.0700000000000001
0
LINE
8
BLACK
6
CONTINUOUS
10
1.0704724409448818
20
1.0700000000000001
11
1.0712127559055118
21
1.0765705118110236
0
LINE
8
BLACK
6
CONTINUOUS
10
1.0712127559055118
20
1.0765705118110236
11
1.0733965748031495
21
1.0828115354330707
0
LINE
8
BLACK
6
CONTINUOUS
10
1.0733965748031495
20
1.0828115354330707
11
1.0769144094488188
21
1.0884101181102361
0
LINE
8
BLACK
6
CONTINUOUS
10
1.0769144094488188
20
1.0884101181102361
11
1.0815898818897638
21
1.0930855905511812
0
LINE
8
BLACK
6
CONTINUOUS
10
1.0815898818897638
20
1.0930855905511812
11
1.0871884645669292
21
1.0966034251968504
0
LINE
8
BLACK
6
CONTINUOUS
10
1.0871884645669292
20
1.0966034251968504
11
1.0934294881889763
21
1.0987872440944881
0
LINE
8
BLACK
6
CONTINUOUS
10
1.0934294881889763
20
1.0987872440944881
11
1.0999999999999999
21
1.0995275590551181
0
LINE
8
BLACK
6
CONTINUOUS
10
1.0999999999999999
20
1.0995275590551181
11
1.1065705118110236
21
1.0987872440944881
0
LINE
8
BLACK
6
CONTINUOUS
10
1.2986964960629921
20
1.0987872440944881
11
1.3049375196850392
21
1.0966034251968504
0
LINE
8
BLACK
6
CONTINUOUS
10
1.3049375196850392
20
1.0966034251968504
11
1.3105361023622046
21
1.0930855905511812
0
LINE
8
BLACK
6
CONTINUOUS
10
1.3105361023622046
20
1.0930855905511812
11
1.3152115748031497
21
1.0884101181102361
0
LINE
8
BLACK
6
CONTINUOUS
10
1.3152115748031497
20
1.0884101181102361
11
1.3187294094488189
21
1.0828115354330707
0
LINE
8
BLACK
6
CONTINUOUS
10
1.3187294094488189
20
1.0828115354330707
11
1.3209132283464566
21
1.0765705118110236
0
LINE
8
BLACK
6
CONTINUOUS
10
1.3209132283464566
20
1.0765705118110236
11
1.3216535433070866
21
1.0700000000000001
0
LINE
8
BLACK
6
CONTINUOUS
10
1.3216535433070866
20
1.0700000000000001
11
1.3209132283464566
21
1.0634294881889763
0
LINE
8
BLACK
6
CONTINUOUS
10
1.3209132283464566
20
1.0634294881889763
11
1.3187294094488189
21
1.0571884645669292
0
LINE
8
BLACK
6
CONTINUOUS
10
1.3187294094488189
20
1.0571884645669292
11
1.3152115748031497
21
1.0515898818897638
0
LINE
8
BLACK
6
CONTINUOUS
10
1.3152115748031497
20
1.0515898818897638
11
1.3105361023622046
21
1.046914409448819
0
LINE
8
BLACK
6
CONTINUOUS
10
1.3105361023622046
20
1.046914409448819
11
1.3049375196850392
21
1.0433965748031495
0
LINE
8
BLACK
6
CONTINUOUS
10
1.3049375196850392
20
1.0433965748031495
11
1.2986964960629921
21
1.0412127559055118
0
LINE
8
BLACK
6
CONTINUOUS
10
1.2986964960629921
20
1.0412127559055118
11
1.2921259842519686
21
1.0404724409448818
0
LINE
8
BLACK
6
CONTINUOUS
10
1.2921259842519686
20
1.0404724409448818
11
1.2855554724409448
21
1.0412127559055118
0
LINE
8
BLACK
6
CONTINUOUS
10
1.2855554724409448
20
1.0412127559055118
11
1.2793144488188977
21
1.0433965748031495
0
LINE
8
BLACK
6
CONTINUOUS
10
1.2793144488188977
20
1.0433965748031495
11
1.2737158661417323
21
1.046914409448819
0
LINE
8
BLACK
6
CONTINUOUS
10
1.2737158661417323
20
1.046914409448819
11
1.2690403937007875
21
1.0515898818897638
0
LINE
8
BLACK
6
CONTINUOUS
10
1.2690403937007875
20
1.0515898818897638
11
1.265522559055118
21
1.0571884645669292
0
LINE
8
BLACK
6
CONTINUOUS
10
1.265522559055118
20
1.0571884645669292
11
1.2633387401574803
21
1.0634294881889763
0
LINE
8
BLACK
6
CONTINUOUS
10
1.2633387401574803
20
1.0634294881889763
11
1.2625984251968503
21
1.0700000000000001
0
LINE
8
BLACK
6
CONTINUOUS
10
1.2625984251968503
20
1.0700000000000001
11
1.2633387401574803
21
1.0765705118110236
0
LINE
8
BLACK
6
CONTINUOUS
10
1.2633387401574803
20
1.0765705118110236
11
1.265522559055118
21
1.0828115354330707
0
LINE
8
BLACK
6
CONTINUOUS
10
1.265522559055118
20
1.0828115354330707
11
1.2690403937007875
21
1.0884101181102361
0
LINE
8
BLACK
6
CONTINUOUS
10
1.2690403937007875
20
1.0884101181102361
11
1.2737158661417323
21
1.0930855905511812
0
LINE
8
BLACK
6
CONTINUOUS
10
1.2737158661417323
20
1.0930855905511812
11
1.2793144488188977
21
1.0966034251968504
0
LINE
8
BLACK
6
CONTINUOUS
10
1.2793144488188977
20
1.0966034251968504
11
1.2855554724409448
21
1.0987872440944881
0
LINE
8
BLACK
6
CONTINUOUS
10
1.2855554724409448
20
1.0987872440944881
11
1.2921259842519686
21
1.0995275590551181
0
LINE
8
BLACK
6
CONTINUOUS
10
1.2921259842519686
20
1.0995275590551181
11
1.2986964960629921
21
1.0987872440944881
0
LINE
8
BLACK
6
CONTINUOUS
10
0.1603411023622047
20
1.1818266929133858
11
0.1667322834645669
21
1.1789811811023623
0
LINE
8
BLACK
6
CONTINUOUS
10
0.1667322834645669
20
1.1789811811023623
11
0.1723921653543307
21
1.1748690157480315
0
LINE
8
BLACK
6
CONTINUOUS
10
0.1723921653543307
20
1.1748690157480315
11
0.1770733858267717
21
1.1696699606299212
0
LINE
8
BLACK
6
CONTINUOUS
10
0.1770733858267717
20
1.1696699606299212
11
0.1805714173228346
21
1.1636112598425197
0
LINE
8
BLACK
6
CONTINUOUS
10
0.1805714173228346
20
1.1636112598425197
11
0.1827332677165354
21
1.1569576771653542
0
LINE
8
BLACK
6
CONTINUOUS
10
0.1827332677165354
20
1.1569576771653542
11
0.1834645669291338
21
1.1499999999999999
0
LINE
8
BLACK
6
CONTINUOUS
10
0.1834645669291338
20
1.1499999999999999
11
0.1827332677165354
21
1.1430423228346456
0
LINE
8
BLACK
6
CONTINUOUS
10
0.1827332677165354
20
1.1430423228346456
11
0.1805714173228346
21
1.1363887401574804
0
LINE
8
BLACK
6
CONTINUOUS
10
0.1805714173228346
20
1.1363887401574804
11
0.1770733858267717
21
1.1303300393700788
0
LINE
8
BLACK
6
CONTINUOUS
10
0.1770733858267717
20
1.1303300393700788
11
0.1723921653543307
21
1.1251309842519686
0
LINE
8
BLACK
6
CONTINUOUS
10
0.1723921653543307
20
1.1251309842519686
11
0.1667322834645669
21
1.1210188188976378
0
LINE
8
BLACK
6
CONTINUOUS
10
0.1667322834645669
20
1.1210188188976378
11
0.1603411023622047
21
1.1181733070866142
0
LINE
8
BLACK
6
CONTINUOUS
10
0.1603411023622047
20
1.1181733070866142
11
0.1534979921259843
21
1.1167187401574803
0
LINE
8
BLACK
6
CONTINUOUS
10
0.1534979921259843
20
1.1167187401574803
11
0.1465020078740157
21
1.1167187401574803
0
LINE
8
BLACK
6
CONTINUOUS
10
0.1465020078740157
20
1.1167187401574803
11
0.1396588976377953
21
1.1181733070866142
0
LINE
8
BLACK
6
CONTINUOUS
10
0.1396588976377953
20
1.1181733070866142
11
0.1332677165354331
21
1.1210188188976378
0
LINE
8
BLACK
6
CONTINUOUS
10
0.1332677165354331
20
1.1210188188976378
11
0.1276078346456693
21
1.1251309842519686
0
LINE
8
BLACK
6
CONTINUOUS
10
0.1276078346456693
20
1.1251309842519686
11
0.1229266141732283
21
1.1303300393700788
0
LINE
8
BLACK
6
CONTINUOUS
10
0.1229266141732283
20
1.1303300393700788
11
0.1194285826771654
21
1.1363887401574804
0
LINE
8
BLACK
6
CONTINUOUS
10
0.1194285826771654
20
1.1363887401574804
11
0.1172667322834646
21
1.1430423228346456
0
LINE
8
BLACK
6
CONTINUOUS
10
0.1172667322834646
20
1.1430423228346456
11
0.1165354330708661
21
1.1499999999999999
0
LINE
8
BLACK
6
CONTINUOUS
10
0.1165354330708661
20
1.1499999999999999
11
0.1172667322834646
21
1.1569576771653542
0
LINE
8
BLACK
6
CONTINUOUS
10
0.1172667322834646
20
1.1569576771653542
11
0.1194285826771654
21
1.1636112598425197
0
LINE
8
BLACK
6
CONTINUOUS
10
0.1194285826771654
20
1.1636112598425197
11
0.1229266141732283
21
1.1696699606299212
0
LINE
8
BLACK
6
CONTINUOUS
10
0.1229266141732283
20
1.1696699606299212
11
0.1276078346456693
21
1.1748690157480315
0
LINE
8
BLACK
6
CONTINUOUS
10
0.1276078346456693
20
1.1748690157480315
11
0.1332677165354331
21
1.1789811811023623
0
LINE
8
BLACK
6
CONTINUOUS
10
0.1332677165354331
20
1.1789811811023623
11
0.1396588976377953
21
1.1818266929133858
0
LINE
8
BLACK
6
CONTINUOUS
10
0.1396588976377953
20
1.1818266929133858
11
0.1465020078740157
21
1.1832812598425198
0
LINE
8
BLACK
6
CONTINUOUS
10
0.1465020078740157
20
1.1832812598425198
11
0.1534979921259843
21
1.1832812598425198
0
LINE
8
BLACK
6
CONTINUOUS
10
0.1534979921259843
20
1.1832812598425198
11
0.1603411023622047
21
1.1818266929133858
0
LINE
8
BLACK
6
CONTINUOUS
10
0.2603411023622047
20
1.1818266929133858
11
0.2667322834645669
21
1.1789811811023623
0
LINE
8
BLACK
6
CONTINUOUS
10
0.2667322834645669
20
1.1789811811023623
11
0.2723921653543307
21
1.1748690157480315
0
LINE
8
BLACK
6
CONTINUOUS
10
0.2723921653543307
20
1.1748690157480315
11
0.2770733858267717
21
1.1696699606299212
0
LINE
8
BLACK
6
CONTINUOUS
10
0.2770733858267717
20
1.1696699606299212
11
0.2805714173228346
21
1.1636112598425197
0
LINE
8
BLACK
6
CONTINUOUS
10
0.2805714173228346
20
1.1636112598425197
11
0.2827332677165355
21
1.1569576771653542
0
LINE
8
BLACK
6
CONTINUOUS
10
0.2827332677165355
20
1.1569576771653542
11
0.2834645669291339
21
1.1499999999999999
0
LINE
8
BLACK
6
CONTINUOUS
10
0.2834645669291339
20
1.1499999999999999
11
0.2827332677165355
21
1.1430423228346456
0
LINE
8
BLACK
6
CONTINUOUS
10
0.2827332677165355
20
1.1430423228346456
11
0.2805714173228346
21
1.1363887401574804
0
LINE
8
BLACK
6
CONTINUOUS
10
0.2805714173228346
20
1.1363887401574804
11
0.2770733858267717
21
1.1303300393700788
0
LINE
8
BLACK
6
CONTINUOUS
10
0.2770733858267717
20
1.1303300393700788
11
0.2723921653543307
21
1.1251309842519686
0
LINE
8
BLACK
6
CONTINUOUS
10
0.2723921653543307
20
1.1251309842519686
11
0.2667322834645669
21
1.1210188188976378
0
LINE
8
BLACK
6
CONTINUOUS
10
0.2667322834645669
20
1.1210188188976378
11
0.2603411023622047
21
1.1181733070866142
0
LINE
8
BLACK
6
CONTINUOUS
10
0.2603411023622047
20
1.1181733070866142
11
0.2534979921259842
21
1.1167187401574803
0
LINE
8
BLACK
6
CONTINUOUS
10
0.2534979921259842
20
1.1167187401574803
11
0.2465020078740157
21
1.1167187401574803
0
LINE
8
BLACK
6
CONTINUOUS
10
0.2465020078740157
20
1.1167187401574803
11
0.2396588976377953
21
1.1181733070866142
0
LINE
8
BLACK
6
CONTINUOUS
10
0.2396588976377953
20
1.1181733070866142
11
0.2332677165354331
21
1.1210188188976378
0
LINE
8
BLACK
6
CONTINUOUS
10
0.2332677165354331
20
1.1210188188976378
11
0.2276078346456693
21
1.1251309842519686
0
LINE
8
BLACK
6
CONTINUOUS
10
0.2276078346456693
20
1.1251309842519686
11
0.2229266141732283
21
1.1303300393700788
0
LINE
8
BLACK
6
CONTINUOUS
10
0.2229266141732283
20
1.1303300393700788
11
0.2194285826771654
21
1.1363887401574804
0
LINE
8
BLACK
6
CONTINUOUS
10
0.2194285826771654
20
1.1363887401574804
11
0.2172667322834646
21
1.1430423228346456
0
LINE
8
BLACK
6
CONTINUOUS
10
0.2172667322834646
20
1.1430423228346456
11
0.2165354330708661
21
1.1499999999999999
0
LINE
8
BLACK
6
CONTINUOUS
10
0.2165354330708661
20
1.1499999999999999
11
0.2172667322834646
21
1.1569576771653542
0
LINE
8
BLACK
6
CONTINUOUS
10
0.2172667322834646
20
1.1569576771653542
11
0.2194285826771654
21
1.1636112598425197
0
LINE
8
BLACK
6
CONTINUOUS
10
0.2194285826771654
20
1.1636112598425197
11
0.2229266141732283
21
1.1696699606299212
0
LINE
8
BLACK
6
CONTINUOUS
10
0.2229266141732283
20
1.1696699606299212
11
0.2276078346456693
21
1.1748690157480315
0
LINE
8
BLACK
6
CONTINUOUS
10
0.2276078346456693
20
1.1748690157480315
11
0.2332677165354331
21
1.1789811811023623
0
LINE
8
BLACK
6
CONTINUOUS
10
0.2332677165354331
20
1.1789811811023623
11
0.2396588976377953
21
1.1818266929133858
0
LINE
8
BLACK
6
CONTINUOUS
10
0.2396588976377953
20
1.1818266929133858
11
0.2465020078740157
21
1.1832812598425198
0
LINE
8
BLACK
6
CONTINUOUS
10
0.2465020078740157
20
1.1832812598425198
11
0.2534979921259842
21
1.1832812598425198
0
LINE
8
BLACK
6
CONTINUOUS
10
0.2534979921259842
20
1.1832812598425198
11
0.2603411023622047
21
1.1818266929133858
0
LINE
8
BLACK
6
CONTINUOUS
10
1.760144251968504
20
1.1818266929133858
11
1.766535433070866
21
1.1789811811023623
0
LINE
8
BLACK
6
CONTINUOUS
10
1.766535433070866
20
1.1789811811023623
11
1.77219531496063
21
1.1748690157480315
0
LINE
8
BLACK
6
CONTINUOUS
10
1.77219531496063
20
1.1748690157480315
11
1.7768765354330709
21
1.1696699606299212
0
LINE
8
BLACK
6
CONTINUOUS
10
1.7768765354330709
20
1.1696699606299212
11
1.7803745669291338
21
1.1636112598425197
0
LINE
8
BLACK
6
CONTINUOUS
10
1.7803745669291338
20
1.1636112598425197
11
1.7825364173228346
21
1.1569576771653542
0
LINE
8
BLACK
6
CONTINUOUS
10
1.7825364173228346
20
1.1569576771653542
11
1.7832677165354329
21
1.1499999999999999
0
LINE
8
BLACK
6
CONTINUOUS
10
1.7832677165354329
20
1.1499999999999999
11
1.7825364173228346
21
1.1430423228346456
0
LINE
8
BLACK
6
CONTINUOUS
10
1.7825364173228346
20
1.1430423228346456
11
1.7803745669291338
21
1.1363887401574804
0
LINE
8
BLACK
6
CONTINUOUS
10
1.7803745669291338
20
1.1363887401574804
11
1.7768765354330709
21
1.1303300393700788
0
LINE
8
BLACK
6
CONTINUOUS
10
1.7768765354330709
20
1.1303300393700788
11
1.77219531496063
21
1.1251309842519686
0
LINE
8
BLACK
6
CONTINUOUS
10
1.77219531496063
20
1.1251309842519686
11
1.766535433070866
21
1.1210188188976378
0
LINE
8
BLACK
6
CONTINUOUS
10
1.766535433070866
20
1.1210188188976378
11
1.760144251968504
21
1.1181733070866142
0
LINE
8
BLACK
6
CONTINUOUS
10
1.760144251968504
20
1.1181733070866142
11
1.7533011417322835
21
1.1167187401574803
0
LINE
8
BLACK
6
CONTINUOUS
10
1.7533011417322835
20
1.1167187401574803
11
1.746305157480315
21
1.1167187401574803
0
LINE
8
BLACK
6
CONTINUOUS
10
1.746305157480315
20
1.1167187401574803
11
1.7394620472440945
21
1.1181733070866142
0
LINE
8
BLACK
6
CONTINUOUS
10
1.7394620472440945
20
1.1181733070866142
11
1.7330708661417322
21
1.1210188188976378
0
LINE
8
BLACK
6
CONTINUOUS
10
1.7330708661417322
20
1.1210188188976378
11
1.7274109842519685
21
1.1251309842519686
0
LINE
8
BLACK
6
CONTINUOUS
10
1.7274109842519685
20
1.1251309842519686
11
1.7227297637795276
21
1.1303300393700788
0
LINE
8
BLACK
6
CONTINUOUS
10
1.7227297637795276
20
1.1303300393700788
11
1.7192317322834645
21
1.1363887401574804
0
LINE
8
BLACK
6
CONTINUOUS
10
1.7192317322834645
20
1.1363887401574804
11
1.7170698818897638
21
1.1430423228346456
0
LINE
8
BLACK
6
CONTINUOUS
10
1.7170698818897638
20
1.1430423228346456
11
1.7163385826771653
21
1.1499999999999999
0
LINE
8
BLACK
6
CONTINUOUS
10
1.7163385826771653
20
1.1499999999999999
11
1.7170698818897638
21
1.1569576771653542
0
LINE
8
BLACK
6
CONTINUOUS
10
1.7170698818897638
20
1.1569576771653542
11
1.7192317322834645
21
1.1636112598425197
0
LINE
8
BLACK
6
CONTINUOUS
10
1.7192317322834645
20
1.1636112598425197
11
1.7227297637795276
21
1.1696699606299212
0
LINE
8
BLACK
6
CONTINUOUS
10
1.7227297637795276
20
1.1696699606299212
11
1.7274109842519685
21
1.1748690157480315
0
LINE
8
BLACK
6
CONTINUOUS
10
1.7274109842519685
20
1.1748690157480315
11
1.7330708661417322
21
1.1789811811023623
0
LINE
8
BLACK
6
CONTINUOUS
10
1.7330708661417322
20
1.1789811811023623
11
1.7394620472440945
21
1.1818266929133858
0
LINE
8
BLACK
6
CONTINUOUS
10
1.7394620472440945
20
1.1818266929133858
11
1.746305157480315
21
1.1832812598425198
0
LINE
8
BLACK
6
CONTINUOUS
10
1.746305157480315
20
1.1832812598425198
11
1.7533011417322835
21
1.1832812598425198
0
LINE
8
BLACK
6
CONTINUOUS
10
1.7533011417322835
20
1.1832812598425198
11
1.760144251968504
21
1.1818266929133858
0
LINE
8
BLACK
6
CONTINUOUS
10
1.8601442519685039
20
1.1818266929133858
11
1.8665354330708661
21
1.1789811811023623
0
LINE
8
BLACK
6
CONTINUOUS
10
1.8665354330708661
20
1.1789811811023623
11
1.8721953149606299
21
1.1748690157480315
0
LINE
8
BLACK
6
CONTINUOUS
10
1.8721953149606299
20
1.1748690157480315
11
1.8768765354330708
21
1.1696699606299212
0
LINE
8
BLACK
6
CONTINUOUS
10
1.8768765354330708
20
1.1696699606299212
11
1.8803745669291339
21
1.1636112598425197
0
LINE
8
BLACK
6
CONTINUOUS
10
1.8803745669291339
20
1.1636112598425197
11
1.8825364173228345
21
1.1569576771653542
0
LINE
8
BLACK
6
CONTINUOUS
10
1.8825364173228345
20
1.1569576771653542
11
1.883267716535433
21
1.1499999999999999
0
LINE
8
BLACK
6
CONTINUOUS
10
1.883267716535433
20
1.1499999999999999
11
1.8825364173228345
21
1.1430423228346456
0
LINE
8
BLACK
6
CONTINUOUS
10
1.8825364173228345
20
1.1430423228346456
11
1.8803745669291339
21
1.1363887401574804
0
LINE
8
BLACK
6
CONTINUOUS
10
1.8803745669291339
20
1.1363887401574804
11
1.8768765354330708
21
1.1303300393700788
0
LINE
8
BLACK
6
CONTINUOUS
10
1.8768765354330708
20
1.1303300393700788
11
1.8721953149606299
21
1.1251309842519686
0
LINE
8
BLACK
6
CONTINUOUS
10
1.8721953149606299
20
1.1251309842519686
11
1.8665354330708661
21
1.1210188188976378
0
LINE
8
BLACK
6
CONTINUOUS
10
1.8665354330708661
20
1.1210188188976378
11
1.8601442519685039
21
1.1181733070866142
0
LINE
8
BLACK
6
CONTINUOUS
10
1.8601442519685039
20
1.1181733070866142
11
1.8533011417322833
21
1.1167187401574803
0
LINE
8
BLACK
6
CONTINUOUS
10
1.8533011417322833
20
1.1167187401574803
11
1.8463051574803149
21
1.1167187401574803
0
LINE
8
BLACK
6
CONTINUOUS
10
1.8463051574803149
20
1.1167187401574803
11
1.8394620472440943
21
1.1181733070866142
0
LINE
8
BLACK
6
CONTINUOUS
10
1.8394620472440943
20
1.1181733070866142
11
1.8330708661417323
21
1.1210188188976378
0
LINE
8
BLACK
6
CONTINUOUS
10
1.8330708661417323
20
1.1210188188976378
11
1.8274109842519686
21
1.1251309842519686
0
LINE
8
BLACK
6
CONTINUOUS
10
1.8274109842519686
20
1.1251309842519686
11
1.8227297637795274
21
1.1303300393700788
0
LINE
8
BLACK
6
CONTINUOUS
10
1.8227297637795274
20
1.1303300393700788
11
1.8192317322834646
21
1.1363887401574804
0
LINE
8
BLACK
6
CONTINUOUS
10
1.8192317322834646
20
1.1363887401574804
11
1.8170698818897637
21
1.1430423228346456
0
LINE
8
BLACK
6
CONTINUOUS
10
1.8170698818897637
20
1.1430423228346456
11
1.8163385826771654
21
1.1499999999999999
0
LINE
8
BLACK
6
CONTINUOUS
10
1.8163385826771654
20
1.1499999999999999
11
1.8170698818897637
21
1.1569576771653542
0
LINE
8
BLACK
6
CONTINUOUS
10
1.8170698818897637
20
1.1569576771653542
11
1.8192317322834646
21
1.1636112598425197
0
LINE
8
BLACK
6
CONTINUOUS
10
1.8192317322834646
20
1.1636112598425197
11
1.8227297637795274
21
1.1696699606299212
0
LINE
8
BLACK
6
CONTINUOUS
10
1.8227297637795274
20
1.1696699606299212
11
1.8274109842519686
21
1.1748690157480315
0
LINE
8
BLACK
6
CONTINUOUS
10
1.8274109842519686
20
1.1748690157480315
11
1.8330708661417323
21
1.1789811811023623
0
LINE
8
BLACK
6
CONTINUOUS
10
1.8330708661417323
20
1.1789811811023623
11
1.8394620472440943
21
1.1818266929133858
0
LINE
8
BLACK
6
CONTINUOUS
10
1.8394620472440943
20
1.1818266929133858
11
1.8463051574803149
21
1.1832812598425198
0
LINE
8
BLACK
6
CONTINUOUS
10
1.8463051574803149
20
1.1832812598425198
11
1.8533011417322833
21
1.1832812598425198
0
LINE
8
BLACK
6
CONTINUOUS
10
1.8533011417322833
20
1.1832812598425198
11
1.8601442519685039
21
1.1818266929133858
0
LINE
8
BLACK
6
CONTINUOUS
10
1.621213937007874
20
1.1505114960629921
11
1.6408989763779527
21
1.120983937007874
0
LINE
8
BLACK
6
CONTINUOUS
10
1.6408989763779527
20
1.120983937007874
11
1.5956233858267717
21
1.120983937007874
0
LINE
8
BLACK
6
CONTINUOUS
10
1.5956233858267717
20
1.120983937007874
11
1.5956233858267717
21
1.1800390551181101
0
LINE
8
BLACK
6
CONTINUOUS
10
1.5956233858267717
20
1.1800390551181101
11
1.6408989763779527
21
1.1800390551181101
0
LINE
8
BLACK
6
CONTINUOUS
10
1.6408989763779527
20
1.1800390551181101
11
1.621213937007874
21
1.1505114960629921
0
LINE
8
BLACK
6
CONTINUOUS
10
1.6920800787401575
20
1.120983937007874
11
1.6527099999999999
21
1.120983937007874
0
LINE
8
BLACK
6
CONTINUOUS
10
1.6527099999999999
20
1.120983937007874
11
1.6330249606299212
21
1.1505114960629921
0
LINE
8
BLACK
6
CONTINUOUS
10
1.6330249606299212
20
1.1505114960629921
11
1.6527099999999999
21
1.1800390551181101
0
LINE
8
BLACK
6
CONTINUOUS
10
1.6527099999999999
20
1.1800390551181101
11
1.6920800787401575
21
1.1800390551181101
0
LINE
8
BLACK
6
CONTINUOUS
10
1.6920800787401575
20
1.1800390551181101
11
1.6920800787401575
21
1.120983937007874
0
LINE
8
BLACK
6
CONTINUOUS
10
1.2820539763779528
20
1.2677940944881889
11
1.2852471259842519
21
1.2656605118110236
0
LINE
8
BLACK
6
CONTINUOUS
10
1.2852471259842519
20
1.2656605118110236
11
1.2873807086614173
21
1.2624673622047244
0
LINE
8
BLACK
6
CONTINUOUS
10
1.2873807086614173
20
1.2624673622047244
11
1.2881299212598425
21
1.2587007874015748
0
LINE
8
BLACK
6
CONTINUOUS
10
1.2881299212598425
20
1.2587007874015748
11
1.2881299212598425
21
1.2212992125984252
0
LINE
8
BLACK
6
CONTINUOUS
10
1.2881299212598425
20
1.2212992125984252
11
1.2873807086614173
21
1.2175326377952755
0
LINE
8
BLACK
6
CONTINUOUS
10
1.2873807086614173
20
1.2175326377952755
11
1.2852471259842519
21
1.2143394881889764
0
LINE
8
BLACK
6
CONTINUOUS
10
1.2852471259842519
20
1.2143394881889764
11
1.2820539763779528
21
1.2122059055118111
0
LINE
8
BLACK
6
CONTINUOUS
10
1.2820539763779528
20
1.2122059055118111
11
1.2782874015748031
21
1.2114566929133859
0
LINE
8
BLACK
6
CONTINUOUS
10
1.2782874015748031
20
1.2114566929133859
11
1.2517125984251969
21
1.2114566929133859
0
LINE
8
BLACK
6
CONTINUOUS
10
1.2517125984251969
20
1.2114566929133859
11
1.2479460236220472
21
1.2122059055118111
0
LINE
8
BLACK
6
CONTINUOUS
10
1.2479460236220472
20
1.2122059055118111
11
1.2447528740157481
21
1.2143394881889764
0
LINE
8
BLACK
6
CONTINUOUS
10
1.2447528740157481
20
1.2143394881889764
11
1.2426192913385827
21
1.2175326377952755
0
LINE
8
BLACK
6
CONTINUOUS
10
1.2426192913385827
20
1.2175326377952755
11
1.2418700787401575
21
1.2212992125984252
0
LINE
8
BLACK
6
CONTINUOUS
10
1.2418700787401575
20
1.2212992125984252
11
1.2418700787401575
21
1.2587007874015748
0
LINE
8
BLACK
6
CONTINUOUS
10
1.2418700787401575
20
1.2587007874015748
11
1.2426192913385827
21
1.2624673622047244
0
LINE
8
BLACK
6
CONTINUOUS
10
1.2426192913385827
20
1.2624673622047244
11
1.2447528740157481
21
1.2656605118110236
0
LINE
8
BLACK
6
CONTINUOUS
10
1.2447528740157481
20
1.2656605118110236
11
1.2479460236220472
21
1.2677940944881889
0
LINE
8
BLACK
6
CONTINUOUS
10
1.2479460236220472
20
1.2677940944881889
11
1.2517125984251969
21
1.2685433070866141
0
LINE
8
BLACK
6
CONTINUOUS
10
1.2517125984251969
20
1.2685433070866141
11
1.2782874015748031
21
1.2685433070866141
0
LINE
8
BLACK
6
CONTINUOUS
10
1.2782874015748031
20
1.2685433070866141
11
1.2820539763779528
21
1.2677940944881889
0
LINE
8
BLACK
6
CONTINUOUS
10
1.3637468897637794
20
1.2677940944881889
11
1.3669400393700788
21
1.2656605118110236
0
LINE
8
BLACK
6
CONTINUOUS
10
1.3669400393700788
20
1.2656605118110236
11
1.3690736220472441
21
1.2624673622047244
0
LINE
8
BLACK
6
CONTINUOUS
10
1.3690736220472441
20
1.2624673622047244
11
1.3698228346456693
21
1.2587007874015748
0
LINE
8
BLACK
6
CONTINUOUS
10
1.3698228346456693
20
1.2587007874015748
11
1.3698228346456693
21
1.2212992125984252
0
LINE
8
BLACK
6
CONTINUOUS
10
1.3698228346456693
20
1.2212992125984252
11
1.3690736220472441
21
1.2175326377952755
0
LINE
8
BLACK
6
CONTINUOUS
10
1.3690736220472441
20
1.2175326377952755
11
1.3669400393700788
21
1.2143394881889764
0
LINE
8
BLACK
6
CONTINUOUS
10
1.3669400393700788
20
1.2143394881889764
11
1.3637468897637794
21
1.2122059055118111
0
LINE
8
BLACK
6
CONTINUOUS
10
1.3637468897637794
20
1.2122059055118111
11
1.35998031496063
21
1.2114566929133859
0
LINE
8
BLACK
6
CONTINUOUS
10
1.35998031496063
20
1.2114566929133859
11
1.3334055118110235
21
1.2114566929133859
0
LINE
8
BLACK
6
CONTINUOUS
10
1.3334055118110235
20
1.2114566929133859
11
1.3296389370078741
21
1.2122059055118111
0
LINE
8
BLACK
6
CONTINUOUS
10
1.3296389370078741
20
1.2122059055118111
11
1.3264457874015747
21
1.2143394881889764
0
LINE
8
BLACK
6
CONTINUOUS
10
1.3264457874015747
20
1.2143394881889764
11
1.3243122047244094
21
1.2175326377952755
0
LINE
8
BLACK
6
CONTINUOUS
10
1.3243122047244094
20
1.2175326377952755
11
1.3235629921259842
21
1.2212992125984252
0
LINE
8
BLACK
6
CONTINUOUS
10
1.3235629921259842
20
1.2212992125984252
11
1.3235629921259842
21
1.2587007874015748
0
LINE
8
BLACK
6
CONTINUOUS
10
1.3235629921259842
20
1.2587007874015748
11
1.3243122047244094
21
1.2624673622047244
0
LINE
8
BLACK
6
CONTINUOUS
10
1.3243122047244094
20
1.2624673622047244
11
1.3264457874015747
21
1.2656605118110236
0
LINE
8
BLACK
6
CONTINUOUS
10
1.3264457874015747
20
1.2656605118110236
11
1.3296389370078741
21
1.2677940944881889
0
LINE
8
BLACK
6
CONTINUOUS
10
1.3296389370078741
20
1.2677940944881889
11
1.3334055118110235
21
1.2685433070866141
0
LINE
8
BLACK
6
CONTINUOUS
10
1.3334055118110235
20
1.2685433070866141
11
1.35998031496063
21
1.2685433070866141
0
LINE
8
BLACK
6
CONTINUOUS
10
1.35998031496063
20
1.2685433070866141
11
1.3637468897637794
21
1.2677940944881889
0
LINE
8
BLACK
6
CONTINUOUS
10
0.1603411023622047
20
1.2818266929133857
11
0.1667322834645669
21
1.2789811811023621
0
LINE
8
BLACK
6
CONTINUOUS
10
0.1667322834645669
20
1.2789811811023621
11
0.1723921653543307
21
1.2748690157480316
0
LINE
8
BLACK
6
CONTINUOUS
10
0.1723921653543307
20
1.2748690157480316
11
0.1770733858267717
21
1.2696699606299213
0
LINE
8
BLACK
6
CONTINUOUS
10
0.1770733858267717
20
1.2696699606299213
11
0.1805714173228346
21
1.2636112598425198
0
LINE
8
BLACK
6
CONTINUOUS
10
0.1805714173228346
20
1.2636112598425198
11
0.1827332677165354
21
1.2569576771653543
0
LINE
8
BLACK
6
CONTINUOUS
10
0.1827332677165354
20
1.2569576771653543
11
0.1834645669291338
21
1.25
0
LINE
8
BLACK
6
CONTINUOUS
10
0.1834645669291338
20
1.25
11
0.1827332677165354
21
1.2430423228346457
0
LINE
8
BLACK
6
CONTINUOUS
10
0.1827332677165354
20
1.2430423228346457
11
0.1805714173228346
21
1.2363887401574802
0
LINE
8
BLACK
6
CONTINUOUS
10
0.1805714173228346
20
1.2363887401574802
11
0.1770733858267717
21
1.2303300393700787
0
LINE
8
BLACK
6
CONTINUOUS
10
0.1770733858267717
20
1.2303300393700787
11
0.1723921653543307
21
1.2251309842519684
0
LINE
8
BLACK
6
CONTINUOUS
10
0.1723921653543307
20
1.2251309842519684
11
0.1667322834645669
21
1.2210188188976379
0
LINE
8
BLACK
6
CONTINUOUS
10
0.1667322834645669
20
1.2210188188976379
11
0.1603411023622047
21
1.2181733070866141
0
LINE
8
BLACK
6
CONTINUOUS
10
0.1603411023622047
20
1.2181733070866141
11
0.1534979921259843
21
1.2167187401574804
0
LINE
8
BLACK
6
CONTINUOUS
10
0.1534979921259843
20
1.2167187401574804
11
0.1465020078740157
21
1.2167187401574804
0
LINE
8
BLACK
6
CONTINUOUS
10
0.1465020078740157
20
1.2167187401574804
11
0.1396588976377953
21
1.2181733070866141
0
LINE
8
BLACK
6
CONTINUOUS
10
0.1396588976377953
20
1.2181733070866141
11
0.1332677165354331
21
1.2210188188976379
0
LINE
8
BLACK
6
CONTINUOUS
10
0.1332677165354331
20
1.2210188188976379
11
0.1276078346456693
21
1.2251309842519684
0
LINE
8
BLACK
6
CONTINUOUS
10
0.1276078346456693
20
1.2251309842519684
11
0.1229266141732283
21
1.2303300393700787
0
LINE
8
BLACK
6
CONTINUOUS
10
0.1229266141732283
20
1.2303300393700787
11
0.1194285826771654
21
1.2363887401574802
0
LINE
8
BLACK
6
CONTINUOUS
10
0.1194285826771654
20
1.2363887401574802
11
0.1172667322834646
21
1.2430423228346457
0
LINE
8
BLACK
6
CONTINUOUS
10
0.1172667322834646
20
1.2430423228346457
11
0.1165354330708661
21
1.25
0
LINE
8
BLACK
6
CONTINUOUS
10
0.1165354330708661
20
1.25
11
0.1172667322834646
21
1.2569576771653543
0
LINE
8
BLACK
6
CONTINUOUS
10
0.1172667322834646
20
1.2569576771653543
11
0.1194285826771654
21
1.2636112598425198
0
LINE
8
BLACK
6
CONTINUOUS
10
0.1194285826771654
20
1.2636112598425198
11
0.1229266141732283
21
1.2696699606299213
0
LINE
8
BLACK
6
CONTINUOUS
10
0.1229266141732283
20
1.2696699606299213
11
0.1276078346456693
21
1.2748690157480316
0
LINE
8
BLACK
6
CONTINUOUS
10
0.1276078346456693
20
1.2748690157480316
11
0.1332677165354331
21
1.2789811811023621
0
LINE
8
BLACK
6
CONTINUOUS
10
0.1332677165354331
20
1.2789811811023621
11
0.1396588976377953
21
1.2818266929133857
0
LINE
8
BLACK
6
CONTINUOUS
10
0.1396588976377953
20
1.2818266929133857
11
0.1465020078740157
21
1.2832812598425196
0
LINE
8
BLACK
6
CONTINUOUS
10
0.1465020078740157
20
1.2832812598425196
11
0.1534979921259843
21
1.2832812598425196
0
LINE
8
BLACK
6
CONTINUOUS
10
0.1534979921259843
20
1.2832812598425196
11
0.1603411023622047
21
1.2818266929133857
0
LINE
8
BLACK
6
CONTINUOUS
10
0.2603411023622047
20
1.2818266929133857
11
0.2667322834645669
21
1.2789811811023621
0
LINE
8
BLACK
6
CONTINUOUS
10
0.2667322834645669
20
1.2789811811023621
11
0.2723921653543307
21
1.2748690157480316
0
LINE
8
BLACK
6
CONTINUOUS
10
0.2723921653543307
20
1.2748690157480316
11
0.2770733858267717
21
1.2696699606299213
0
LINE
8
BLACK
6
CONTINUOUS
10
0.2770733858267717
20
1.2696699606299213
11
0.2805714173228346
21
1.2636112598425198
0
LINE
8
BLACK
6
CONTINUOUS
10
0.2805714173228346
20
1.2636112598425198
11
0.2827332677165355
21
1.2569576771653543
0
LINE
8
BLACK
6
CONTINUOUS
10
0.2827332677165355
20
1.2569576771653543
11
0.2834645669291339
21
1.25
0
LINE
8
BLACK
6
CONTINUOUS
10
0.2834645669291339
20
1.25
11
0.2827332677165355
21
1.2430423228346457
0
LINE
8
BLACK
6
CONTINUOUS
10
0.2827332677165355
20
1.2430423228346457
11
0.2805714173228346
21
1.2363887401574802
0
LINE
8
BLACK
6
CONTINUOUS
10
0.2805714173228346
20
1.2363887401574802
11
0.2770733858267717
21
1.2303300393700787
0
LINE
8
BLACK
6
CONTINUOUS
10
0.2770733858267717
20
1.2303300393700787
11
0.2723921653543307
21
1.2251309842519684
0
LINE
8
BLACK
6
CONTINUOUS
10
0.2723921653543307
20
1.2251309842519684
11
0.2667322834645669
21
1.2210188188976379
0
LINE
8
BLACK
6
CONTINUOUS
10
0.2667322834645669
20
1.2210188188976379
11
0.2603411023622047
21
1.2181733070866141
0
LINE
8
BLACK
6
CONTINUOUS
10
0.2603411023622047
20
1.2181733070866141
11
0.2534979921259842
21
1.2167187401574804
0
LINE
8
BLACK
6
CONTINUOUS
10
0.2534979921259842
20
1.2167187401574804
11
0.2465020078740157
21
1.2167187401574804
0
LINE
8
BLACK
6
CONTINUOUS
10
0.2465020078740157
20
1.2167187401574804
11
0.2396588976377953
21
1.2181733070866141
0
LINE
8
BLACK
6
CONTINUOUS
10
0.2396588976377953
20
1.2181733070866141
11
0.2332677165354331
21
1.2210188188976379
0
LINE
8
BLACK
6
CONTINUOUS
10
0.2332677165354331
20
1.2210188188976379
11
0.2276078346456693
21
1.2251309842519684
0
LINE
8
BLACK
6
CONTINUOUS
10
0.2276078346456693
20
1.2251309842519684
11
0.2229266141732283
21
1.2303300393700787
0
LINE
8
BLACK
6
CONTINUOUS
10
0.2229266141732283
20
1.2303300393700787
11
0.2194285826771654
21
1.2363887401574802
0
LINE
8
BLACK
6
CONTINUOUS
10
0.2194285826771654
20
1.2363887401574802
11
0.2172667322834646
21
1.2430423228346457
0
LINE
8
BLACK
6
CONTINUOUS
10
0.2172667322834646
20
1.2430423228346457
11
0.2165354330708661
21
1.25
0
LINE
8
BLACK
6
CONTINUOUS
10
0.2165354330708661
20
1.25
11
0.2172667322834646
21
1.2569576771653543
0
LINE
8
BLACK
6
CONTINUOUS
10
0.2172667322834646
20
1.2569576771653543
11
0.2194285826771654
21
1.2636112598425198
0
LINE
8
BLACK
6
CONTINUOUS
10
0.2194285826771654
20
1.2636112598425198
11
0.2229266141732283
21
1.2696699606299213
0
LINE
8
BLACK
6
CONTINUOUS
10
0.2229266141732283
20
1.2696699606299213
11
0.2276078346456693
21
1.2748690157480316
0
LINE
8
BLACK
6
CONTINUOUS
10
0.2276078346456693
20
1.2748690157480316
11
0.2332677165354331
21
1.2789811811023621
0
LINE
8
BLACK
6
CONTINUOUS
10
0.2332677165354331
20
1.2789811811023621
11
0.2396588976377953
21
1.2818266929133857
0
LINE
8
BLACK
6
CONTINUOUS
10
0.2396588976377953
20
1.2818266929133857
11
0.2465020078740157
21
1.2832812598425196
0
LINE
8
BLACK
6
CONTINUOUS
10
0.2465020078740157
20
1.2832812598425196
11
0.2534979921259842
21
1.2832812598425196
0
LINE
8
BLACK
6
CONTINUOUS
10
0.2534979921259842
20
1.2832812598425196
11
0.2603411023622047
21
1.2818266929133857
0
LINE
8
BLACK
6
CONTINUOUS
10
1.760144251968504
20
1.2818266929133857
11
1.766535433070866
21
1.2789811811023621
0
LINE
8
BLACK
6
CONTINUOUS
10
1.766535433070866
20
1.2789811811023621
11
1.77219531496063
21
1.2748690157480316
0
LINE
8
BLACK
6
CONTINUOUS
10
1.77219531496063
20
1.2748690157480316
11
1.7768765354330709
21
1.2696699606299213
0
LINE
8
BLACK
6
CONTINUOUS
10
1.7768765354330709
20
1.2696699606299213
11
1.7803745669291338
21
1.2636112598425198
0
LINE
8
BLACK
6
CONTINUOUS
10
1.7803745669291338
20
1.2636112598425198
11
1.7825364173228346
21
1.2569576771653543
0
LINE
8
BLACK
6
CONTINUOUS
10
1.7825364173228346
20
1.2569576771653543
11
1.7832677165354329
21
1.25
0
LINE
8
BLACK
6
CONTINUOUS
10
1.7832677165354329
20
1.25
11
1.7825364173228346
21
1.2430423228346457
0
LINE
8
BLACK
6
CONTINUOUS
10
1.7825364173228346
20
1.2430423228346457
11
1.7803745669291338
21
1.2363887401574802
0
LINE
8
BLACK
6
CONTINUOUS
10
1.7803745669291338
20
1.2363887401574802
11
1.7768765354330709
21
1.2303300393700787
0
LINE
8
BLACK
6
CONTINUOUS
10
1.7768765354330709
20
1.2303300393700787
11
1.77219531496063
21
1.2251309842519684
0
LINE
8
BLACK
6
CONTINUOUS
10
1.77219531496063
20
1.2251309842519684
11
1.766535433070866
21
1.2210188188976379
0
LINE
8
BLACK
6
CONTINUOUS
10
1.766535433070866
20
1.2210188188976379
11
1.760144251968504
21
1.2181733070866141
0
LINE
8
BLACK
6
CONTINUOUS
10
1.760144251968504
20
1.2181733070866141
11
1.7533011417322835
21
1.2167187401574804
0
LINE
8
BLACK
6
CONTINUOUS
10
1.7533011417322835
20
1.2167187401574804
11
1.746305157480315
21
1.2167187401574804
0
LINE
8
BLACK
6
CONTINUOUS
10
1.746305157480315
20
1.2167187401574804
11
1.7394620472440945
21
1.2181733070866141
0
LINE
8
BLACK
6
CONTINUOUS
10
1.7394620472440945
20
1.2181733070866141
11
1.7330708661417322
21
1.2210188188976379
0
LINE
8
BLACK
6
CONTINUOUS
10
1.7330708661417322
20
1.2210188188976379
11
1.7274109842519685
21
1.2251309842519684
0
LINE
8
BLACK
6
CONTINUOUS
10
1.7274109842519685
20
1.2251309842519684
11
1.7227297637795276
21
1.2303300393700787
0
LINE
8
BLACK
6
CONTINUOUS
10
1.7227297637795276
20
1.2303300393700787
11
1.7192317322834645
21
1.2363887401574802
0
LINE
8
BLACK
6
CONTINUOUS
10
1.7192317322834645
20
1.2363887401574802
11
1.7170698818897638
21
1.2430423228346457
0
LINE
8
BLACK
6
CONTINUOUS
10
1.7170698818897638
20
1.2430423228346457
11
1.7163385826771653
21
1.25
0
LINE
8
BLACK
6
CONTINUOUS
10
1.7163385826771653
20
1.25
11
1.7170698818897638
21
1.2569576771653543
0
LINE
8
BLACK
6
CONTINUOUS
10
1.7170698818897638
20
1.2569576771653543
11
1.7192317322834645
21
1.2636112598425198
0
LINE
8
BLACK
6
CONTINUOUS
10
1.7192317322834645
20
1.2636112598425198
11
1.7227297637795276
21
1.2696699606299213
0
LINE
8
BLACK
6
CONTINUOUS
10
1.7227297637795276
20
1.2696699606299213
11
1.7274109842519685
21
1.2748690157480316
0
LINE
8
BLACK
6
CONTINUOUS
10
1.7274109842519685
20
1.2748690157480316
11
1.7330708661417322
21
1.2789811811023621
0
LINE
8
BLACK
6
CONTINUOUS
10
1.7330708661417322
20
1.2789811811023621
11
1.7394620472440945
21
1.2818266929133857
0
LINE
8
BLACK
6
CONTINUOUS
10
1.7394620472440945
20
1.2818266929133857
11
1.746305157480315
21
1.2832812598425196
0
LINE
8
BLACK
6
CONTINUOUS
10
1.746305157480315
20
1.2832812598425196
11
1.7533011417322835
21
1.2832812598425196
0
LINE
8
BLACK
6
CONTINUOUS
10
1.7533011417322835
20
1.2832812598425196
11
1.760144251968504
21
1.2818266929133857
0
LINE
8
BLACK
6
CONTINUOUS
10
1.8601442519685039
20
1.2818266929133857
11
1.8665354330708661
21
1.2789811811023621
0
LINE
8
BLACK
6
CONTINUOUS
10
1.8665354330708661
20
1.2789811811023621
11
1.8721953149606299
21
1.2748690157480316
0
LINE
8
BLACK
6
CONTINUOUS
10
1.8721953149606299
20
1.2748690157480316
11
1.8768765354330708
21
1.2696699606299213
0
LINE
8
BLACK
6
CONTINUOUS
10
1.8768765354330708
20
1.2696699606299213
11
1.8803745669291339
21
1.2636112598425198
0
LINE
8
BLACK
6
CONTINUOUS
10
1.8803745669291339
20
1.2636112598425198
11
1.8825364173228345
21
1.2569576771653543
0
LINE
8
BLACK
6
CONTINUOUS
10
1.8825364173228345
20
1.2569576771653543
11
1.883267716535433
21
1.25
0
LINE
8
BLACK
6
CONTINUOUS
10
1.883267716535433
20
1.25
11
1.8825364173228345
21
1.2430423228346457
0
LINE
8
BLACK
6
CONTINUOUS
10
1.8825364173228345
20
1.2430423228346457
11
1.8803745669291339
21
1.2363887401574802
0
LINE
8
BLACK
6
CONTINUOUS
10
1.8803745669291339
20
1.2363887401574802
11
1.8768765354330708
21
1.2303300393700787
0
LINE
8
BLACK
6
CONTINUOUS
10
1.8768765354330708
20
1.2303300393700787
11
1.8721953149606299
21
1.2251309842519684
0
LINE
8
BLACK
6
CONTINUOUS
10
1.8721953149606299
20
1.2251309842519684
11
1.8665354330708661
21
1.2210188188976379
0
LINE
8
BLACK
6
CONTINUOUS
10
1.8665354330708661
20
1.2210188188976379
11
1.8601442519685039
21
1.2181733070866141
0
LINE
8
BLACK
6
CONTINUOUS
10
1.8601442519685039
20
1.2181733070866141
11
1.8533011417322833
21
1.2167187401574804
0
LINE
8
BLACK
6
CONTINUOUS
10
1.8533011417322833
20
1.2167187401574804
11
1.8463051574803149
21
1.2167187401574804
0
LINE
8
BLACK
6
CONTINUOUS
10
1.8463051574803149
20
1.2167187401574804
11
1.8394620472440943
21
1.2181733070866141
0
LINE
8
BLACK
6
CONTINUOUS
10
1.8394620472440943
20
1.2181733070866141
11
1.8330708661417323
21
1.2210188188976379
0
LINE
8
BLACK
6
CONTINUOUS
10
1.8330708661417323
20
1.2210188188976379
11
1.8274109842519686
21
1.2251309842519684
0
LINE
8
BLACK
6
CONTINUOUS
10
1.8274109842519686
20
1.2251309842519684
11
1.8227297637795274
21
1.2303300393700787
0
LINE
8
BLACK
6
CONTINUOUS
10
1.8227297637795274
20
1.2303300393700787
11
1.8192317322834646
21
1.2363887401574802
0
LINE
8
BLACK
6
CONTINUOUS
10
1.8192317322834646
20
1.2363887401574802
11
1.8170698818897637
21
1.2430423228346457
0
LINE
8
BLACK
6
CONTINUOUS
10
1.8170698818897637
20
1.2430423228346457
11
1.8163385826771654
21
1.25
0
LINE
8
BLACK
6
CONTINUOUS
10
1.8163385826771654
20
1.25
11
1.8170698818897637
21
1.2569576771653543
0
LINE
8
BLACK
6
CONTINUOUS
10
1.8170698818897637
20
1.2569576771653543
11
1.8192317322834646
21
1.2636112598425198
0
LINE
8
BLACK
6
CONTINUOUS
10
1.8192317322834646
20
1.2636112598425198
11
1.8227297637795274
21
1.2696699606299213
0
LINE
8
BLACK
6
CONTINUOUS
10
1.8227297637795274
20
1.2696699606299213
11
1.8274109842519686
21
1.2748690157480316
0
LINE
8
BLACK
6
CONTINUOUS
10
1.8274109842519686
20
1.2748690157480316
11
1.8330708661417323
21
1.2789811811023621
0
LINE
8
BLACK
6
CONTINUOUS
10
1.8330708661417323
20
1.2789811811023621
11
1.8394620472440943
21
1.2818266929133857
0
LINE
8
BLACK
6
CONTINUOUS
10
1.8394620472440943
20
1.2818266929133857
11
1.8463051574803149
21
1.2832812598425196
0
LINE
8
BLACK
6
CONTINUOUS
10
1.8463051574803149
20
1.2832812598425196
11
1.8533011417322833
21
1.2832812598425196
0
LINE
8
BLACK
6
CONTINUOUS
10
1.8533011417322833
20
1.2832812598425196
11
1.8601442519685039
21
1.2818266929133857
0
LINE
8
BLACK
6
CONTINUOUS
10
1.2109333858267717
20
1.2579061417322834
11
1.2156468503937008
21
1.2548769685039369
0
LINE
8
BLACK
6
CONTINUOUS
10
1.2156468503937008
20
1.2548769685039369
11
1.2193160236220473
21
1.2506425196850393
0
LINE
8
BLACK
6
CONTINUOUS
10
1.2193160236220473
20
1.2506425196850393
11
1.2216435433070867
21
1.245545905511811
0
LINE
8
BLACK
6
CONTINUOUS
10
1.2216435433070867
20
1.245545905511811
11
1.2224409448818898
21
1.24
0
LINE
8
BLACK
6
CONTINUOUS
10
1.2224409448818898
20
1.24
11
1.2216435433070867
21
1.234454094488189
0
LINE
8
BLACK
6
CONTINUOUS
10
1.2216435433070867
20
1.234454094488189
11
1.2193160236220473
21
1.2293574803149605
0
LINE
8
BLACK
6
CONTINUOUS
10
1.2193160236220473
20
1.2293574803149605
11
1.2156468503937008
21
1.2251230314960631
0
LINE
8
BLACK
6
CONTINUOUS
10
1.2156468503937008
20
1.2251230314960631
11
1.2109333858267717
21
1.2220938582677165
0
LINE
8
BLACK
6
CONTINUOUS
10
1.2109333858267717
20
1.2220938582677165
11
1.2055573622047244
21
1.2205153149606298
0
LINE
8
BLACK
6
CONTINUOUS
10
1.2055573622047244
20
1.2205153149606298
11
1.1999544488188976
21
1.2205153149606298
0
LINE
8
BLACK
6
CONTINUOUS
10
1.1999544488188976
20
1.2205153149606298
11
1.1945784251968503
21
1.2220938582677165
0
LINE
8
BLACK
6
CONTINUOUS
10
1.1945784251968503
20
1.2220938582677165
11
1.1898649606299212
21
1.2251230314960631
0
LINE
8
BLACK
6
CONTINUOUS
10
1.1898649606299212
20
1.2251230314960631
11
1.1861957874015747
21
1.2293574803149605
0
LINE
8
BLACK
6
CONTINUOUS
10
1.1861957874015747
20
1.2293574803149605
11
1.1838682677165353
21
1.234454094488189
0
LINE
8
BLACK
6
CONTINUOUS
10
1.1838682677165353
20
1.234454094488189
11
1.1830708661417322
21
1.24
0
LINE
8
BLACK
6
CONTINUOUS
10
1.1830708661417322
20
1.24
11
1.1838682677165353
21
1.245545905511811
0
LINE
8
BLACK
6
CONTINUOUS
10
1.1838682677165353
20
1.245545905511811
11
1.1861957874015747
21
1.2506425196850393
0
LINE
8
BLACK
6
CONTINUOUS
10
1.1861957874015747
20
1.2506425196850393
11
1.1898649606299212
21
1.2548769685039369
0
LINE
8
BLACK
6
CONTINUOUS
10
1.1898649606299212
20
1.2548769685039369
11
1.1945784251968503
21
1.2579061417322834
0
LINE
8
BLACK
6
CONTINUOUS
10
1.1945784251968503
20
1.2579061417322834
11
1.1999544488188976
21
1.2594846850393699
0
LINE
8
BLACK
6
CONTINUOUS
10
1.1999544488188976
20
1.2594846850393699
11
1.2055573622047244
21
1.2594846850393699
0
LINE
8
BLACK
6
CONTINUOUS
10
1.2055573622047244
20
1.2594846850393699
11
1.2109333858267717
21
1.2579061417322834
0
LINE
8
BLACK
6
CONTINUOUS
10
1.2825461023622047
20
1.367794094488189
11
1.2857392519685038
21
1.3656605118110237
0
LINE
8
BLACK
6
CONTINUOUS
10
1.2857392519685038
20
1.3656605118110237
11
1.2878728346456692
21
1.3624673622047243
0
LINE
8
BLACK
6
CONTINUOUS
10
1.2878728346456692
20
1.3624673622047243
11
1.2886220472440943
21
1.3587007874015748
0
LINE
8
BLACK
6
CONTINUOUS
10
1.2886220472440943
20
1.3587007874015748
11
1.2886220472440943
21
1.3212992125984251
0
LINE
8
BLACK
6
CONTINUOUS
10
1.2886220472440943
20
1.3212992125984251
11
1.2878728346456692
21
1.3175326377952756
0
LINE
8
BLACK
6
CONTINUOUS
10
1.2878728346456692
20
1.3175326377952756
11
1.2857392519685038
21
1.3143394881889763
0
LINE
8
BLACK
6
CONTINUOUS
10
1.2857392519685038
20
1.3143394881889763
11
1.2825461023622047
21
1.3122059055118109
0
LINE
8
BLACK
6
CONTINUOUS
10
1.2825461023622047
20
1.3122059055118109
11
1.278779527559055
21
1.3114566929133857
0
LINE
8
BLACK
6
CONTINUOUS
10
1.278779527559055
20
1.3114566929133857
11
1.2522047244094487
21
1.3114566929133857
0
LINE
8
BLACK
6
CONTINUOUS
10
1.2522047244094487
20
1.3114566929133857
11
1.2484381496062993
21
1.3122059055118109
0
LINE
8
BLACK
6
CONTINUOUS
10
1.2484381496062993
20
1.3122059055118109
11
1.2452449999999999
21
1.3143394881889763
0
LINE
8
BLACK
6
CONTINUOUS
10
1.2452449999999999
20
1.3143394881889763
11
1.2431114173228346
21
1.3175326377952756
0
LINE
8
BLACK
6
CONTINUOUS
10
1.2431114173228346
20
1.3175326377952756
11
1.2423622047244094
21
1.3212992125984251
0
LINE
8
BLACK
6
CONTINUOUS
10
1.2423622047244094
20
1.3212992125984251
11
1.2423622047244094
21
1.3587007874015748
0
LINE
8
BLACK
6
CONTINUOUS
10
1.2423622047244094
20
1.3587007874015748
11
1.2431114173228346
21
1.3624673622047243
0
LINE
8
BLACK
6
CONTINUOUS
10
1.2431114173228346
20
1.3624673622047243
11
1.2452449999999999
21
1.3656605118110237
0
LINE
8
BLACK
6
CONTINUOUS
10
1.2452449999999999
20
1.3656605118110237
11
1.2484381496062993
21
1.367794094488189
0
LINE
8
BLACK
6
CONTINUOUS
10
1.2484381496062993
20
1.367794094488189
11
1.2522047244094487
21
1.3685433070866142
0
LINE
8
BLACK
6
CONTINUOUS
10
1.2522047244094487
20
1.3685433070866142
11
1.278779527559055
21
1.3685433070866142
0
LINE
8
BLACK
6
CONTINUOUS
10
1.278779527559055
20
1.3685433070866142
11
1.2825461023622047
21
1.367794094488189
0
LINE
8
BLACK
6
CONTINUOUS
10
1.3642390157480315
20
1.367794094488189
11
1.3674321653543307
21
1.3656605118110237
0
LINE
8
BLACK
6
CONTINUOUS
10
1.3674321653543307
20
1.3656605118110237
11
1.369565748031496
21
1.3624673622047243
0
LINE
8
BLACK
6
CONTINUOUS
10
1.369565748031496
20
1.3624673622047243
11
1.3703149606299212
21
1.3587007874015748
0
LINE
8
BLACK
6
CONTINUOUS
10
1.3703149606299212
20
1.3587007874015748
11
1.3703149606299212
21
1.3212992125984251
0
LINE
8
BLACK
6
CONTINUOUS
10
1.3703149606299212
20
1.3212992125984251
11
1.369565748031496
21
1.3175326377952756
0
LINE
8
BLACK
6
CONTINUOUS
10
1.369565748031496
20
1.3175326377952756
11
1.3674321653543307
21
1.3143394881889763
0
LINE
8
BLACK
6
CONTINUOUS
10
1.3674321653543307
20
1.3143394881889763
11
1.3642390157480315
21
1.3122059055118109
0
LINE
8
BLACK
6
CONTINUOUS
10
1.3642390157480315
20
1.3122059055118109
11
1.3604724409448818
21
1.3114566929133857
0
LINE
8
BLACK
6
CONTINUOUS
10
1.3604724409448818
20
1.3114566929133857
11
1.3338976377952756
21
1.3114566929133857
0
LINE
8
BLACK
6
CONTINUOUS
10
1.3338976377952756
20
1.3114566929133857
11
1.3301310629921259
21
1.3122059055118109
0
LINE
8
BLACK
6
CONTINUOUS
10
1.3301310629921259
20
1.3122059055118109
11
1.3269379133858268
21
1.3143394881889763
0
LINE
8
BLACK
6
CONTINUOUS
10
1.3269379133858268
20
1.3143394881889763
11
1.3248043307086614
21
1.3175326377952756
0
LINE
8
BLACK
6
CONTINUOUS
10
1.3248043307086614
20
1.3175326377952756
11
1.3240551181102362
21
1.3212992125984251
0
LINE
8
BLACK
6
CONTINUOUS
10
1.3240551181102362
20
1.3212992125984251
11
1.3240551181102362
21
1.3587007874015748
0
LINE
8
BLACK
6
CONTINUOUS
10
1.3240551181102362
20
1.3587007874015748
11
1.3248043307086614
21
1.3624673622047243
0
LINE
8
BLACK
6
CONTINUOUS
10
1.3248043307086614
20
1.3624673622047243
11
1.3269379133858268
21
1.3656605118110237
0
LINE
8
BLACK
6
CONTINUOUS
10
1.3269379133858268
20
1.3656605118110237
11
1.3301310629921259
21
1.367794094488189
0
LINE
8
BLACK
6
CONTINUOUS
10
1.3301310629921259
20
1.367794094488189
11
1.3338976377952756
21
1.3685433070866142
0
LINE
8
BLACK
6
CONTINUOUS
10
1.3338976377952756
20
1.3685433070866142
11
1.3604724409448818
21
1.3685433070866142
0
LINE
8
BLACK
6
CONTINUOUS
10
1.3604724409448818
20
1.3685433070866142
11
1.3642390157480315
21
1.367794094488189
0
LINE
8
BLACK
6
CONTINUOUS
10
0.1603411023622047
20
1.3818266929133858
11
0.1667322834645669
21
1.3789811811023622
0
LINE
8
BLACK
6
CONTINUOUS
10
0.1667322834645669
20
1.3789811811023622
11
0.1723921653543307
21
1.3748690157480314
0
LINE
8
BLACK
6
CONTINUOUS
10
0.1723921653543307
20
1.3748690157480314
11
0.1770733858267717
21
1.3696699606299212
0
LINE
8
BLACK
6
CONTINUOUS
10
0.1770733858267717
20
1.3696699606299212
11
0.1805714173228346
21
1.3636112598425196
0
LINE
8
BLACK
6
CONTINUOUS
10
0.1805714173228346
20
1.3636112598425196
11
0.1827332677165354
21
1.3569576771653542
0
LINE
8
BLACK
6
CONTINUOUS
10
0.1827332677165354
20
1.3569576771653542
11
0.1834645669291338
21
1.3499999999999999
0
LINE
8
BLACK
6
CONTINUOUS
10
0.1834645669291338
20
1.3499999999999999
11
0.1827332677165354
21
1.3430423228346455
0
LINE
8
BLACK
6
CONTINUOUS
10
0.1827332677165354
20
1.3430423228346455
11
0.1805714173228346
21
1.3363887401574803
0
LINE
8
BLACK
6
CONTINUOUS
10
0.1805714173228346
20
1.3363887401574803
11
0.1770733858267717
21
1.3303300393700788
0
LINE
8
BLACK
6
CONTINUOUS
10
0.1770733858267717
20
1.3303300393700788
11
0.1723921653543307
21
1.3251309842519685
0
LINE
8
BLACK
6
CONTINUOUS
10
0.1723921653543307
20
1.3251309842519685
11
0.1667322834645669
21
1.3210188188976377
0
LINE
8
BLACK
6
CONTINUOUS
10
0.1667322834645669
20
1.3210188188976377
11
0.1603411023622047
21
1.3181733070866142
0
LINE
8
BLACK
6
CONTINUOUS
10
0.1603411023622047
20
1.3181733070866142
11
0.1534979921259843
21
1.3167187401574802
0
LINE
8
BLACK
6
CONTINUOUS
10
0.1534979921259843
20
1.3167187401574802
11
0.1465020078740157
21
1.3167187401574802
0
LINE
8
BLACK
6
CONTINUOUS
10
0.1465020078740157
20
1.3167187401574802
11
0.1396588976377953
21
1.3181733070866142
0
LINE
8
BLACK
6
CONTINUOUS
10
0.1396588976377953
20
1.3181733070866142
11
0.1332677165354331
21
1.3210188188976377
0
LINE
8
BLACK
6
CONTINUOUS
10
0.1332677165354331
20
1.3210188188976377
11
0.1276078346456693
21
1.3251309842519685
0
LINE
8
BLACK
6
CONTINUOUS
10
0.1276078346456693
20
1.3251309842519685
11
0.1229266141732283
21
1.3303300393700788
0
LINE
8
BLACK
6
CONTINUOUS
10
0.1229266141732283
20
1.3303300393700788
11
0.1194285826771654
21
1.3363887401574803
0
LINE
8
BLACK
6
CONTINUOUS
10
0.1194285826771654
20
1.3363887401574803
11
0.1172667322834646
21
1.3430423228346455
0
LINE
8
BLACK
6
CONTINUOUS
10
0.1172667322834646
20
1.3430423228346455
11
0.1165354330708661
21
1.3499999999999999
0
LINE
8
BLACK
6
CONTINUOUS
10
0.1165354330708661
20
1.3499999999999999
11
0.1172667322834646
21
1.3569576771653542
0
LINE
8
BLACK
6
CONTINUOUS
10
0.1172667322834646
20
1.3569576771653542
11
0.1194285826771654
21
1.3636112598425196
0
LINE
8
BLACK
6
CONTINUOUS
10
0.1194285826771654
20
1.3636112598425196
11
0.1229266141732283
21
1.3696699606299212
0
LINE
8
BLACK
6
CONTINUOUS
10
0.1229266141732283
20
1.3696699606299212
11
0.1276078346456693
21
1.3748690157480314
0
LINE
8
BLACK
6
CONTINUOUS
10
0.1276078346456693
20
1.3748690157480314
11
0.1332677165354331
21
1.3789811811023622
0
LINE
8
BLACK
6
CONTINUOUS
10
0.1332677165354331
20
1.3789811811023622
11
0.1396588976377953
21
1.3818266929133858
0
LINE
8
BLACK
6
CONTINUOUS
10
0.1396588976377953
20
1.3818266929133858
11
0.1465020078740157
21
1.3832812598425197
0
LINE
8
BLACK
6
CONTINUOUS
10
0.1465020078740157
20
1.3832812598425197
11
0.1534979921259843
21
1.3832812598425197
0
LINE
8
BLACK
6
CONTINUOUS
10
0.1534979921259843
20
1.3832812598425197
11
0.1603411023622047
21
1.3818266929133858
0
LINE
8
BLACK
6
CONTINUOUS
10
0.2603411023622047
20
1.3818266929133858
11
0.2667322834645669
21
1.3789811811023622
0
LINE
8
BLACK
6
CONTINUOUS
10
0.2667322834645669
20
1.3789811811023622
11
0.2723921653543307
21
1.3748690157480314
0
LINE
8
BLACK
6
CONTINUOUS
10
0.2723921653543307
20
1.3748690157480314
11
0.2770733858267717
21
1.3696699606299212
0
LINE
8
BLACK
6
CONTINUOUS
10
0.2770733858267717
20
1.3696699606299212
11
0.2805714173228346
21
1.3636112598425196
0
LINE
8
BLACK
6
CONTINUOUS
10
0.2805714173228346
20
1.3636112598425196
11
0.2827332677165355
21
1.3569576771653542
0
LINE
8
BLACK
6
CONTINUOUS
10
0.2827332677165355
20
1.3569576771653542
11
0.2834645669291339
21
1.3499999999999999
0
LINE
8
BLACK
6
CONTINUOUS
10
0.2834645669291339
20
1.3499999999999999
11
0.2827332677165355
21
1.3430423228346455
0
LINE
8
BLACK
6
CONTINUOUS
10
0.2827332677165355
20
1.3430423228346455
11
0.2805714173228346
21
1.3363887401574803
0
LINE
8
BLACK
6
CONTINUOUS
10
0.2805714173228346
20
1.3363887401574803
11
0.2770733858267717
21
1.3303300393700788
0
LINE
8
BLACK
6
CONTINUOUS
10
0.2770733858267717
20
1.3303300393700788
11
0.2723921653543307
21
1.3251309842519685
0
LINE
8
BLACK
6
CONTINUOUS
10
0.2723921653543307
20
1.3251309842519685
11
0.2667322834645669
21
1.3210188188976377
0
LINE
8
BLACK
6
CONTINUOUS
10
0.2667322834645669
20
1.3210188188976377
11
0.2603411023622047
21
1.3181733070866142
0
LINE
8
BLACK
6
CONTINUOUS
10
0.2603411023622047
20
1.3181733070866142
11
0.2534979921259842
21
1.3167187401574802
0
LINE
8
BLACK
6
CONTINUOUS
10
0.2534979921259842
20
1.3167187401574802
11
0.2465020078740157
21
1.3167187401574802
0
LINE
8
BLACK
6
CONTINUOUS
10
0.2465020078740157
20
1.3167187401574802
11
0.2396588976377953
21
1.3181733070866142
0
LINE
8
BLACK
6
CONTINUOUS
10
0.2396588976377953
20
1.3181733070866142
11
0.2332677165354331
21
1.3210188188976377
0
LINE
8
BLACK
6
CONTINUOUS
10
0.2332677165354331
20
1.3210188188976377
11
0.2276078346456693
21
1.3251309842519685
0
LINE
8
BLACK
6
CONTINUOUS
10
0.2276078346456693
20
1.3251309842519685
11
0.2229266141732283
21
1.3303300393700788
0
LINE
8
BLACK
6
CONTINUOUS
10
0.2229266141732283
20
1.3303300393700788
11
0.2194285826771654
21
1.3363887401574803
0
LINE
8
BLACK
6
CONTINUOUS
10
0.2194285826771654
20
1.3363887401574803
11
0.2172667322834646
21
1.3430423228346455
0
LINE
8
BLACK
6
CONTINUOUS
10
0.2172667322834646
20
1.3430423228346455
11
0.2165354330708661
21
1.3499999999999999
0
LINE
8
BLACK
6
CONTINUOUS
10
0.2165354330708661
20
1.3499999999999999
11
0.2172667322834646
21
1.3569576771653542
0
LINE
8
BLACK
6
CONTINUOUS
10
0.2172667322834646
20
1.3569576771653542
11
0.2194285826771654
21
1.3636112598425196
0
LINE
8
BLACK
6
CONTINUOUS
10
0.2194285826771654
20
1.3636112598425196
11
0.2229266141732283
21
1.3696699606299212
0
LINE
8
BLACK
6
CONTINUOUS
10
0.2229266141732283
20
1.3696699606299212
11
0.2276078346456693
21
1.3748690157480314
0
LINE
8
BLACK
6
CONTINUOUS
10
0.2276078346456693
20
1.3748690157480314
11
0.2332677165354331
21
1.3789811811023622
0
LINE
8
BLACK
6
CONTINUOUS
10
0.2332677165354331
20
1.3789811811023622
11
0.2396588976377953
21
1.3818266929133858
0
LINE
8
BLACK
6
CONTINUOUS
10
0.2396588976377953
20
1.3818266929133858
11
0.2465020078740157
21
1.3832812598425197
0
LINE
8
BLACK
6
CONTINUOUS
10
0.2465020078740157
20
1.3832812598425197
11
0.2534979921259842
21
1.3832812598425197
0
LINE
8
BLACK
6
CONTINUOUS
10
0.2534979921259842
20
1.3832812598425197
11
0.2603411023622047
21
1.3818266929133858
0
LINE
8
BLACK
6
CONTINUOUS
10
1.760144251968504
20
1.3818266929133858
11
1.766535433070866
21
1.3789811811023622
0
LINE
8
BLACK
6
CONTINUOUS
10
1.766535433070866
20
1.3789811811023622
11
1.77219531496063
21
1.3748690157480314
0
LINE
8
BLACK
6
CONTINUOUS
10
1.77219531496063
20
1.3748690157480314
11
1.7768765354330709
21
1.3696699606299212
0
LINE
8
BLACK
6
CONTINUOUS
10
1.7768765354330709
20
1.3696699606299212
11
1.7803745669291338
21
1.3636112598425196
0
LINE
8
BLACK
6
CONTINUOUS
10
1.7803745669291338
20
1.3636112598425196
11
1.7825364173228346
21
1.3569576771653542
0
LINE
8
BLACK
6
CONTINUOUS
10
1.7825364173228346
20
1.3569576771653542
11
1.7832677165354329
21
1.3499999999999999
0
LINE
8
BLACK
6
CONTINUOUS
10
1.7832677165354329
20
1.3499999999999999
11
1.7825364173228346
21
1.3430423228346455
0
LINE
8
BLACK
6
CONTINUOUS
10
1.7825364173228346
20
1.3430423228346455
11
1.7803745669291338
21
1.3363887401574803
0
LINE
8
BLACK
6
CONTINUOUS
10
1.7803745669291338
20
1.3363887401574803
11
1.7768765354330709
21
1.3303300393700788
0
LINE
8
BLACK
6
CONTINUOUS
10
1.7768765354330709
20
1.3303300393700788
11
1.77219531496063
21
1.3251309842519685
0
LINE
8
BLACK
6
CONTINUOUS
10
1.77219531496063
20
1.3251309842519685
11
1.766535433070866
21
1.3210188188976377
0
LINE
8
BLACK
6
CONTINUOUS
10
1.766535433070866
20
1.3210188188976377
11
1.760144251968504
21
1.3181733070866142
0
LINE
8
BLACK
6
CONTINUOUS
10
1.760144251968504
20
1.3181733070866142
11
1.7533011417322835
21
1.3167187401574802
0
LINE
8
BLACK
6
CONTINUOUS
10
1.7533011417322835
20
1.3167187401574802
11
1.746305157480315
21
1.3167187401574802
0
LINE
8
BLACK
6
CONTINUOUS
10
1.746305157480315
20
1.3167187401574802
11
1.7394620472440945
21
1.3181733070866142
0
LINE
8
BLACK
6
CONTINUOUS
10
1.7394620472440945
20
1.3181733070866142
11
1.7330708661417322
21
1.3210188188976377
0
LINE
8
BLACK
6
CONTINUOUS
10
1.7330708661417322
20
1.3210188188976377
11
1.7274109842519685
21
1.3251309842519685
0
LINE
8
BLACK
6
CONTINUOUS
10
1.7274109842519685
20
1.3251309842519685
11
1.7227297637795276
21
1.3303300393700788
0
LINE
8
BLACK
6
CONTINUOUS
10
1.7227297637795276
20
1.3303300393700788
11
1.7192317322834645
21
1.3363887401574803
0
LINE
8
BLACK
6
CONTINUOUS
10
1.7192317322834645
20
1.3363887401574803
11
1.7170698818897638
21
1.3430423228346455
0
LINE
8
BLACK
6
CONTINUOUS
10
1.7170698818897638
20
1.3430423228346455
11
1.7163385826771653
21
1.3499999999999999
0
LINE
8
BLACK
6
CONTINUOUS
10
1.7163385826771653
20
1.3499999999999999
11
1.7170698818897638
21
1.3569576771653542
0
LINE
8
BLACK
6
CONTINUOUS
10
1.7170698818897638
20
1.3569576771653542
11
1.7192317322834645
21
1.3636112598425196
0
LINE
8
BLACK
6
CONTINUOUS
10
1.7192317322834645
20
1.3636112598425196
11
1.7227297637795276
21
1.3696699606299212
0
LINE
8
BLACK
6
CONTINUOUS
10
1.7227297637795276
20
1.3696699606299212
11
1.7274109842519685
21
1.3748690157480314
0
LINE
8
BLACK
6
CONTINUOUS
10
1.7274109842519685
20
1.3748690157480314
11
1.7330708661417322
21
1.3789811811023622
0
LINE
8
BLACK
6
CONTINUOUS
10
1.7330708661417322
20
1.3789811811023622
11
1.7394620472440945
21
1.3818266929133858
0
LINE
8
BLACK
6
CONTINUOUS
10
1.7394620472440945
20
1.3818266929133858
11
1.746305157480315
21
1.3832812598425197
0
LINE
8
BLACK
6
CONTINUOUS
10
1.746305157480315
20
1.3832812598425197
11
1.7533011417322835
21
1.3832812598425197
0
LINE
8
BLACK
6
CONTINUOUS
10
1.7533011417322835
20
1.3832812598425197
11
1.760144251968504
21
1.3818266929133858
0
LINE
8
BLACK
6
CONTINUOUS
10
1.8601442519685039
20
1.3818266929133858
11
1.8665354330708661
21
1.3789811811023622
0
LINE
8
BLACK
6
CONTINUOUS
10
1.8665354330708661
20
1.3789811811023622
11
1.8721953149606299
21
1.3748690157480314
0
LINE
8
BLACK
6
CONTINUOUS
10
1.8721953149606299
20
1.3748690157480314
11
1.8768765354330708
21
1.3696699606299212
0
LINE
8
BLACK
6
CONTINUOUS
10
1.8768765354330708
20
1.3696699606299212
11
1.8803745669291339
21
1.3636112598425196
0
LINE
8
BLACK
6
CONTINUOUS
10
1.8803745669291339
20
1.3636112598425196
11
1.8825364173228345
21
1.3569576771653542
0
LINE
8
BLACK
6
CONTINUOUS
10
1.8825364173228345
20
1.3569576771653542
11
1.883267716535433
21
1.3499999999999999
0
LINE
8
BLACK
6
CONTINUOUS
10
1.883267716535433
20
1.3499999999999999
11
1.8825364173228345
21
1.3430423228346455
0
LINE
8
BLACK
6
CONTINUOUS
10
1.8825364173228345
20
1.3430423228346455
11
1.8803745669291339
21
1.3363887401574803
0
LINE
8
BLACK
6
CONTINUOUS
10
1.8803745669291339
20
1.3363887401574803
11
1.8768765354330708
21
1.3303300393700788
0
LINE
8
BLACK
6
CONTINUOUS
10
1.8768765354330708
20
1.3303300393700788
11
1.8721953149606299
21
1.3251309842519685
0
LINE
8
BLACK
6
CONTINUOUS
10
1.8721953149606299
20
1.3251309842519685
11
1.8665354330708661
21
1.3210188188976377
0
LINE
8
BLACK
6
CONTINUOUS
10
1.8665354330708661
20
1.3210188188976377
11
1.8601442519685039
21
1.3181733070866142
0
LINE
8
BLACK
6
CONTINUOUS
10
1.8601442519685039
20
1.3181733070866142
11
1.8533011417322833
21
1.3167187401574802
0
LINE
8
BLACK
6
CONTINUOUS
10
1.8533011417322833
20
1.3167187401574802
11
1.8463051574803149
21
1.3167187401574802
0
LINE
8
BLACK
6
CONTINUOUS
10
1.8463051574803149
20
1.3167187401574802
11
1.8394620472440943
21
1.3181733070866142
0
LINE
8
BLACK
6
CONTINUOUS
10
1.8394620472440943
20
1.3181733070866142
11
1.8330708661417323
21
1.3210188188976377
0
LINE
8
BLACK
6
CONTINUOUS
10
1.8330708661417323
20
1.3210188188976377
11
1.8274109842519686
21
1.3251309842519685
0
LINE
8
BLACK
6
CONTINUOUS
10
1.8274109842519686
20
1.3251309842519685
11
1.8227297637795274
21
1.3303300393700788
0
LINE
8
BLACK
6
CONTINUOUS
10
1.8227297637795274
20
1.3303300393700788
11
1.8192317322834646
21
1.3363887401574803
0
LINE
8
BLACK
6
CONTINUOUS
10
1.8192317322834646
20
1.3363887401574803
11
1.8170698818897637
21
1.3430423228346455
0
LINE
8
BLACK
6
CONTINUOUS
10
1.8170698818897637
20
1.3430423228346455
11
1.8163385826771654
21
1.3499999999999999
0
LINE
8
BLACK
6
CONTINUOUS
10
1.8163385826771654
20
1.3499999999999999
11
1.8170698818897637
21
1.3569576771653542
0
LINE
8
BLACK
6
CONTINUOUS
10
1.8170698818897637
20
1.3569576771653542
11
1.8192317322834646
21
1.3636112598425196
0
LINE
8
BLACK
6
CONTINUOUS
10
1.8192317322834646
20
1.3636112598425196
11
1.8227297637795274
21
1.3696699606299212
0
LINE
8
BLACK
6
CONTINUOUS
10
1.8227297637795274
20
1.3696699606299212
11
1.8274109842519686
21
1.3748690157480314
0
LINE
8
BLACK
6
CONTINUOUS
10
1.8274109842519686
20
1.3748690157480314
11
1.8330708661417323
21
1.3789811811023622
0
LINE
8
BLACK
6
CONTINUOUS
10
1.8330708661417323
20
1.3789811811023622
11
1.8394620472440943
21
1.3818266929133858
0
LINE
8
BLACK
6
CONTINUOUS
10
1.8394620472440943
20
1.3818266929133858
11
1.8463051574803149
21
1.3832812598425197
0
LINE
8
BLACK
6
CONTINUOUS
10
1.8463051574803149
20
1.3832812598425197
11
1.8533011417322833
21
1.3832812598425197
0
LINE
8
BLACK
6
CONTINUOUS
10
1.8533011417322833
20
1.3832812598425197
11
1.8601442519685039
21
1.3818266929133858
0
LINE
8
BLACK
6
CONTINUOUS
10
1.2109333858267717
20
1.3579061417322835
11
1.2156468503937008
21
1.354876968503937
0
LINE
8
BLACK
6
CONTINUOUS
10
1.2156468503937008
20
1.354876968503937
11
1.2193160236220473
21
1.3506425196850393
0
LINE
8
BLACK
6
CONTINUOUS
10
1.2193160236220473
20
1.3506425196850393
11
1.2216435433070867
21
1.3455459055118111
0
LINE
8
BLACK
6
CONTINUOUS
10
1.2216435433070867
20
1.3455459055118111
11
1.2224409448818898
21
1.3400000000000001
0
LINE
8
BLACK
6
CONTINUOUS
10
1.2224409448818898
20
1.3400000000000001
11
1.2216435433070867
21
1.3344540944881889
0
LINE
8
BLACK
6
CONTINUOUS
10
1.2216435433070867
20
1.3344540944881889
11
1.2193160236220473
21
1.3293574803149606
0
LINE
8
BLACK
6
CONTINUOUS
10
1.2193160236220473
20
1.3293574803149606
11
1.2156468503937008
21
1.3251230314960629
0
LINE
8
BLACK
6
CONTINUOUS
10
1.2156468503937008
20
1.3251230314960629
11
1.2109333858267717
21
1.3220938582677164
0
LINE
8
BLACK
6
CONTINUOUS
10
1.2109333858267717
20
1.3220938582677164
11
1.2055573622047244
21
1.3205153149606299
0
LINE
8
BLACK
6
CONTINUOUS
10
1.2055573622047244
20
1.3205153149606299
11
1.1999544488188976
21
1.3205153149606299
0
LINE
8
BLACK
6
CONTINUOUS
10
1.1999544488188976
20
1.3205153149606299
11
1.1945784251968503
21
1.3220938582677164
0
LINE
8
BLACK
6
CONTINUOUS
10
1.1945784251968503
20
1.3220938582677164
11
1.1898649606299212
21
1.3251230314960629
0
LINE
8
BLACK
6
CONTINUOUS
10
1.1898649606299212
20
1.3251230314960629
11
1.1861957874015747
21
1.3293574803149606
0
LINE
8
BLACK
6
CONTINUOUS
10
1.1861957874015747
20
1.3293574803149606
11
1.1838682677165353
21
1.3344540944881889
0
LINE
8
BLACK
6
CONTINUOUS
10
1.1838682677165353
20
1.3344540944881889
11
1.1830708661417322
21
1.3400000000000001
0
LINE
8
BLACK
6
CONTINUOUS
10
1.1830708661417322
20
1.3400000000000001
11
1.1838682677165353
21
1.3455459055118111
0
LINE
8
BLACK
6
CONTINUOUS
10
1.1838682677165353
20
1.3455459055118111
11
1.1861957874015747
21
1.3506425196850393
0
LINE
8
BLACK
6
CONTINUOUS
10
1.1861957874015747
20
1.3506425196850393
11
1.1898649606299212
21
1.354876968503937
0
LINE
8
BLACK
6
CONTINUOUS
10
1.1898649606299212
20
1.354876968503937
11
1.1945784251968503
21
1.3579061417322835
0
LINE
8
BLACK
6
CONTINUOUS
10
1.1945784251968503
20
1.3579061417322835
11
1.1999544488188976
21
1.35948468503937
0
LINE
8
BLACK
6
CONTINUOUS
10
1.1999544488188976
20
1.35948468503937
11
1.2055573622047244
21
1.35948468503937
0
LINE
8
BLACK
6
CONTINUOUS
10
1.2055573622047244
20
1.35948468503937
11
1.2109333858267717
21
1.3579061417322835
0
LINE
8
BLACK
6
CONTINUOUS
10
0.9634122440944881
20
1.3917704724409448
11
0.9666053937007874
21
1.3896368897637794
0
LINE
8
BLACK
6
CONTINUOUS
10
0.9666053937007874
20
1.3896368897637794
11
0.9687389763779527
21
1.3864437401574803
0
LINE
8
BLACK
6
CONTINUOUS
10
0.9687389763779527
20
1.3864437401574803
11
0.9694881889763779
21
1.3826771653543306
0
LINE
8
BLACK
6
CONTINUOUS
10
0.9694881889763779
20
1.3826771653543306
11
0.9694881889763779
21
1.3561023622047244
0
LINE
8
BLACK
6
CONTINUOUS
10
0.9694881889763779
20
1.3561023622047244
11
0.9687389763779527
21
1.3523357874015747
0
LINE
8
BLACK
6
CONTINUOUS
10
0.9687389763779527
20
1.3523357874015747
11
0.9666053937007874
21
1.3491426377952755
0
LINE
8
BLACK
6
CONTINUOUS
10
0.9666053937007874
20
1.3491426377952755
11
0.9634122440944881
21
1.3470090551181102
0
LINE
8
BLACK
6
CONTINUOUS
10
0.9634122440944881
20
1.3470090551181102
11
0.9596456692913385
21
1.346259842519685
0
LINE
8
BLACK
6
CONTINUOUS
10
0.9596456692913385
20
1.346259842519685
11
0.922244094488189
21
1.346259842519685
0
LINE
8
BLACK
6
CONTINUOUS
10
0.922244094488189
20
1.346259842519685
11
0.9184775196850393
21
1.3470090551181102
0
LINE
8
BLACK
6
CONTINUOUS
10
0.9184775196850393
20
1.3470090551181102
11
0.9152843700787401
21
1.3491426377952755
0
LINE
8
BLACK
6
CONTINUOUS
10
0.9152843700787401
20
1.3491426377952755
11
0.9131507874015747
21
1.3523357874015747
0
LINE
8
BLACK
6
CONTINUOUS
10
0.9131507874015747
20
1.3523357874015747
11
0.9124015748031495
21
1.3561023622047244
0
LINE
8
BLACK
6
CONTINUOUS
10
0.9124015748031495
20
1.3561023622047244
11
0.9124015748031495
21
1.3826771653543306
0
LINE
8
BLACK
6
CONTINUOUS
10
0.9124015748031495
20
1.3826771653543306
11
0.9131507874015747
21
1.3864437401574803
0
LINE
8
BLACK
6
CONTINUOUS
10
0.9131507874015747
20
1.3864437401574803
11
0.9152843700787401
21
1.3896368897637794
0
LINE
8
BLACK
6
CONTINUOUS
10
0.9152843700787401
20
1.3896368897637794
11
0.9184775196850393
21
1.3917704724409448
0
LINE
8
BLACK
6
CONTINUOUS
10
0.9184775196850393
20
1.3917704724409448
11
0.922244094488189
21
1.39251968503937
0
LINE
8
BLACK
6
CONTINUOUS
10
0.922244094488189
20
1.39251968503937
11
0.9596456692913385
21
1.39251968503937
0
LINE
8
BLACK
6
CONTINUOUS
10
0.9596456692913385
20
1.39251968503937
11
0.9634122440944881
21
1.3917704724409448
0
LINE
8
BLACK
6
CONTINUOUS
10
1.4310559448818898
20
1.4178295669291339
11
1.4342490944881889
21
1.4156959842519685
0
LINE
8
BLACK
6
CONTINUOUS
10
1.4342490944881889
20
1.4156959842519685
11
1.4606959842519684
21
1.389249094488189
0
LINE
8
BLACK
6
CONTINUOUS
10
1.4606959842519684
20
1.389249094488189
11
1.4628295669291338
21
1.3860559448818897
0
LINE
8
BLACK
6
CONTINUOUS
10
1.4628295669291338
20
1.3860559448818897
11
1.4635788188976377
21
1.3822893700787402
0
LINE
8
BLACK
6
CONTINUOUS
10
1.4635788188976377
20
1.3822893700787402
11
1.4628295669291338
21
1.3785227952755905
0
LINE
8
BLACK
6
CONTINUOUS
10
1.4628295669291338
20
1.3785227952755905
11
1.4606959842519684
21
1.3753296456692914
0
LINE
8
BLACK
6
CONTINUOUS
10
1.4606959842519684
20
1.3753296456692914
11
1.4419047637795275
21
1.3565384251968504
0
LINE
8
BLACK
6
CONTINUOUS
10
1.4419047637795275
20
1.3565384251968504
11
1.4387116141732283
21
1.3544048425196851
0
LINE
8
BLACK
6
CONTINUOUS
10
1.4387116141732283
20
1.3544048425196851
11
1.4349450393700787
21
1.3536555905511811
0
LINE
8
BLACK
6
CONTINUOUS
10
1.4349450393700787
20
1.3536555905511811
11
1.4311784645669292
21
1.3544048425196851
0
LINE
8
BLACK
6
CONTINUOUS
10
1.4311784645669292
20
1.3544048425196851
11
1.4279853149606299
21
1.3565384251968504
0
LINE
8
BLACK
6
CONTINUOUS
10
1.4279853149606299
20
1.3565384251968504
11
1.4015384251968503
21
1.3829853149606299
0
LINE
8
BLACK
6
CONTINUOUS
10
1.4015384251968503
20
1.3829853149606299
11
1.399404842519685
21
1.3861784645669291
0
LINE
8
BLACK
6
CONTINUOUS
10
1.399404842519685
20
1.3861784645669291
11
1.398655590551181
21
1.3899450393700787
0
LINE
8
BLACK
6
CONTINUOUS
10
1.398655590551181
20
1.3899450393700787
11
1.399404842519685
21
1.3937116141732284
0
LINE
8
BLACK
6
CONTINUOUS
10
1.399404842519685
20
1.3937116141732284
11
1.4015384251968503
21
1.3969047637795275
0
LINE
8
BLACK
6
CONTINUOUS
10
1.4015384251968503
20
1.3969047637795275
11
1.4203296456692913
21
1.4156959842519685
0
LINE
8
BLACK
6
CONTINUOUS
10
1.4203296456692913
20
1.4156959842519685
11
1.4235227952755904
21
1.4178295669291339
0
LINE
8
BLACK
6
CONTINUOUS
10
1.4235227952755904
20
1.4178295669291339
11
1.4272893700787401
21
1.4185788188976378
0
LINE
8
BLACK
6
CONTINUOUS
10
1.4272893700787401
20
1.4185788188976378
11
1.4310559448818898
21
1.4178295669291339
0
LINE
8
BLACK
6
CONTINUOUS
10
1.4888215354330709
20
1.475595157480315
11
1.4920146850393701
21
1.4734615748031497
0
LINE
8
BLACK
6
CONTINUOUS
10
1.4920146850393701
20
1.4734615748031497
11
1.5184615748031496
21
1.4470146850393701
0
LINE
8
BLACK
6
CONTINUOUS
10
1.5184615748031496
20
1.4470146850393701
11
1.5205951574803149
21
1.4438215354330708
0
LINE
8
BLACK
6
CONTINUOUS
10
1.5205951574803149
20
1.4438215354330708
11
1.5213444094488189
21
1.4400549606299213
0
LINE
8
BLACK
6
CONTINUOUS
10
1.5213444094488189
20
1.4400549606299213
11
1.5205951574803149
21
1.4362883858267717
0
LINE
8
BLACK
6
CONTINUOUS
10
1.5205951574803149
20
1.4362883858267717
11
1.5184615748031496
21
1.4330952362204723
0
LINE
8
BLACK
6
CONTINUOUS
10
1.5184615748031496
20
1.4330952362204723
11
1.4996703543307086
21
1.4143040157480316
0
LINE
8
BLACK
6
CONTINUOUS
10
1.4996703543307086
20
1.4143040157480316
11
1.4964772047244095
21
1.4121704330708662
0
LINE
8
BLACK
6
CONTINUOUS
10
1.4964772047244095
20
1.4121704330708662
11
1.4927106299212598
21
1.4114211811023623
0
LINE
8
BLACK
6
CONTINUOUS
10
1.4927106299212598
20
1.4114211811023623
11
1.4889440551181101
21
1.4121704330708662
0
LINE
8
BLACK
6
CONTINUOUS
10
1.4889440551181101
20
1.4121704330708662
11
1.485750905511811
21
1.4143040157480316
0
LINE
8
BLACK
6
CONTINUOUS
10
1.485750905511811
20
1.4143040157480316
11
1.4593040157480315
21
1.4407509055118111
0
LINE
8
BLACK
6
CONTINUOUS
10
1.4593040157480315
20
1.4407509055118111
11
1.4571704330708661
21
1.4439440551181102
0
LINE
8
BLACK
6
CONTINUOUS
10
1.4571704330708661
20
1.4439440551181102
11
1.4564211811023622
21
1.4477106299212599
0
LINE
8
BLACK
6
CONTINUOUS
10
1.4564211811023622
20
1.4477106299212599
11
1.4571704330708661
21
1.4514772047244093
0
LINE
8
BLACK
6
CONTINUOUS
10
1.4571704330708661
20
1.4514772047244093
11
1.4593040157480315
21
1.4546703543307087
0
LINE
8
BLACK
6
CONTINUOUS
10
1.4593040157480315
20
1.4546703543307087
11
1.4780952362204725
21
1.4734615748031497
0
LINE
8
BLACK
6
CONTINUOUS
10
1.4780952362204725
20
1.4734615748031497
11
1.4812883858267716
21
1.475595157480315
0
LINE
8
BLACK
6
CONTINUOUS
10
1.4812883858267716
20
1.475595157480315
11
1.4850549606299213
21
1.476344409448819
0
LINE
8
BLACK
6
CONTINUOUS
10
1.4850549606299213
20
1.476344409448819
11
1.4888215354330709
21
1.475595157480315
0
LINE
8
BLACK
6
CONTINUOUS
10
0.1603411023622047
20
1.4818266929133859
11
0.1667322834645669
21
1.4789811811023621
0
LINE
8
BLACK
6
CONTINUOUS
10
0.1667322834645669
20
1.4789811811023621
11
0.1723921653543307
21
1.4748690157480315
0
LINE
8
BLACK
6
CONTINUOUS
10
0.1723921653543307
20
1.4748690157480315
11
0.1770733858267717
21
1.4696699606299213
0
LINE
8
BLACK
6
CONTINUOUS
10
0.1770733858267717
20
1.4696699606299213
11
0.1805714173228346
21
1.4636112598425197
0
LINE
8
BLACK
6
CONTINUOUS
10
0.1805714173228346
20
1.4636112598425197
11
0.1827332677165354
21
1.4569576771653543
0
LINE
8
BLACK
6
CONTINUOUS
10
0.1827332677165354
20
1.4569576771653543
11
0.1834645669291338
21
1.45
0
LINE
8
BLACK
6
CONTINUOUS
10
0.1834645669291338
20
1.45
11
0.1827332677165354
21
1.4430423228346456
0
LINE
8
BLACK
6
CONTINUOUS
10
0.1827332677165354
20
1.4430423228346456
11
0.1805714173228346
21
1.4363887401574802
0
LINE
8
BLACK
6
CONTINUOUS
10
0.1805714173228346
20
1.4363887401574802
11
0.1770733858267717
21
1.4303300393700786
0
LINE
8
BLACK
6
CONTINUOUS
10
0.1770733858267717
20
1.4303300393700786
11
0.1723921653543307
21
1.4251309842519684
0
LINE
8
BLACK
6
CONTINUOUS
10
0.1723921653543307
20
1.4251309842519684
11
0.1667322834645669
21
1.4210188188976378
0
LINE
8
BLACK
6
CONTINUOUS
10
0.1667322834645669
20
1.4210188188976378
11
0.1603411023622047
21
1.418173307086614
0
LINE
8
BLACK
6
CONTINUOUS
10
0.1603411023622047
20
1.418173307086614
11
0.1534979921259843
21
1.4167187401574803
0
LINE
8
BLACK
6
CONTINUOUS
10
0.1534979921259843
20
1.4167187401574803
11
0.1465020078740157
21
1.4167187401574803
0
LINE
8
BLACK
6
CONTINUOUS
10
0.1465020078740157
20
1.4167187401574803
11
0.1396588976377953
21
1.418173307086614
0
LINE
8
BLACK
6
CONTINUOUS
10
0.1396588976377953
20
1.418173307086614
11
0.1332677165354331
21
1.4210188188976378
0
LINE
8
BLACK
6
CONTINUOUS
10
0.1332677165354331
20
1.4210188188976378
11
0.1276078346456693
21
1.4251309842519684
0
LINE
8
BLACK
6
CONTINUOUS
10
0.1276078346456693
20
1.4251309842519684
11
0.1229266141732283
21
1.4303300393700786
0
LINE
8
BLACK
6
CONTINUOUS
10
0.1229266141732283
20
1.4303300393700786
11
0.1194285826771654
21
1.4363887401574802
0
LINE
8
BLACK
6
CONTINUOUS
10
0.1194285826771654
20
1.4363887401574802
11
0.1172667322834646
21
1.4430423228346456
0
LINE
8
BLACK
6
CONTINUOUS
10
0.1172667322834646
20
1.4430423228346456
11
0.1165354330708661
21
1.45
0
LINE
8
BLACK
6
CONTINUOUS
10
0.1165354330708661
20
1.45
11
0.1172667322834646
21
1.4569576771653543
0
LINE
8
BLACK
6
CONTINUOUS
10
0.1172667322834646
20
1.4569576771653543
11
0.1194285826771654
21
1.4636112598425197
0
LINE
8
BLACK
6
CONTINUOUS
10
0.1194285826771654
20
1.4636112598425197
11
0.1229266141732283
21
1.4696699606299213
0
LINE
8
BLACK
6
CONTINUOUS
10
0.1229266141732283
20
1.4696699606299213
11
0.1276078346456693
21
1.4748690157480315
0
LINE
8
BLACK
6
CONTINUOUS
10
0.1276078346456693
20
1.4748690157480315
11
0.1332677165354331
21
1.4789811811023621
0
LINE
8
BLACK
6
CONTINUOUS
10
0.1332677165354331
20
1.4789811811023621
11
0.1396588976377953
21
1.4818266929133859
0
LINE
8
BLACK
6
CONTINUOUS
10
0.1396588976377953
20
1.4818266929133859
11
0.1465020078740157
21
1.4832812598425196
0
LINE
8
BLACK
6
CONTINUOUS
10
0.1465020078740157
20
1.4832812598425196
11
0.1534979921259843
21
1.4832812598425196
0
LINE
8
BLACK
6
CONTINUOUS
10
0.1534979921259843
20
1.4832812598425196
11
0.1603411023622047
21
1.4818266929133859
0
LINE
8
BLACK
6
CONTINUOUS
10
0.2603411023622047
20
1.4818266929133859
11
0.2667322834645669
21
1.4789811811023621
0
LINE
8
BLACK
6
CONTINUOUS
10
0.2667322834645669
20
1.4789811811023621
11
0.2723921653543307
21
1.4748690157480315
0
LINE
8
BLACK
6
CONTINUOUS
10
0.2723921653543307
20
1.4748690157480315
11
0.2770733858267717
21
1.4696699606299213
0
LINE
8
BLACK
6
CONTINUOUS
10
0.2770733858267717
20
1.4696699606299213
11
0.2805714173228346
21
1.4636112598425197
0
LINE
8
BLACK
6
CONTINUOUS
10
0.2805714173228346
20
1.4636112598425197
11
0.2827332677165355
21
1.4569576771653543
0
LINE
8
BLACK
6
CONTINUOUS
10
0.2827332677165355
20
1.4569576771653543
11
0.2834645669291339
21
1.45
0
LINE
8
BLACK
6
CONTINUOUS
10
0.2834645669291339
20
1.45
11
0.2827332677165355
21
1.4430423228346456
0
LINE
8
BLACK
6
CONTINUOUS
10
0.2827332677165355
20
1.4430423228346456
11
0.2805714173228346
21
1.4363887401574802
0
LINE
8
BLACK
6
CONTINUOUS
10
0.2805714173228346
20
1.4363887401574802
11
0.2770733858267717
21
1.4303300393700786
0
LINE
8
BLACK
6
CONTINUOUS
10
0.2770733858267717
20
1.4303300393700786
11
0.2723921653543307
21
1.4251309842519684
0
LINE
8
BLACK
6
CONTINUOUS
10
0.2723921653543307
20
1.4251309842519684
11
0.2667322834645669
21
1.4210188188976378
0
LINE
8
BLACK
6
CONTINUOUS
10
0.2667322834645669
20
1.4210188188976378
11
0.2603411023622047
21
1.418173307086614
0
LINE
8
BLACK
6
CONTINUOUS
10
0.2603411023622047
20
1.418173307086614
11
0.2534979921259842
21
1.4167187401574803
0
LINE
8
BLACK
6
CONTINUOUS
10
0.2534979921259842
20
1.4167187401574803
11
0.2465020078740157
21
1.4167187401574803
0
LINE
8
BLACK
6
CONTINUOUS
10
0.2465020078740157
20
1.4167187401574803
11
0.2396588976377953
21
1.418173307086614
0
LINE
8
BLACK
6
CONTINUOUS
10
0.2396588976377953
20
1.418173307086614
11
0.2332677165354331
21
1.4210188188976378
0
LINE
8
BLACK
6
CONTINUOUS
10
0.2332677165354331
20
1.4210188188976378
11
0.2276078346456693
21
1.4251309842519684
0
LINE
8
BLACK
6
CONTINUOUS
10
0.2276078346456693
20
1.4251309842519684
11
0.2229266141732283
21
1.4303300393700786
0
LINE
8
BLACK
6
CONTINUOUS
10
0.2229266141732283
20
1.4303300393700786
11
0.2194285826771654
21
1.4363887401574802
0
LINE
8
BLACK
6
CONTINUOUS
10
0.2194285826771654
20
1.4363887401574802
11
0.2172667322834646
21
1.4430423228346456
0
LINE
8
BLACK
6
CONTINUOUS
10
0.2172667322834646
20
1.4430423228346456
11
0.2165354330708661
21
1.45
0
LINE
8
BLACK
6
CONTINUOUS
10
0.2165354330708661
20
1.45
11
0.2172667322834646
21
1.4569576771653543
0
LINE
8
BLACK
6
CONTINUOUS
10
0.2172667322834646
20
1.4569576771653543
11
0.2194285826771654
21
1.4636112598425197
0
LINE
8
BLACK
6
CONTINUOUS
10
0.2194285826771654
20
1.4636112598425197
11
0.2229266141732283
21
1.4696699606299213
0
LINE
8
BLACK
6
CONTINUOUS
10
0.2229266141732283
20
1.4696699606299213
11
0.2276078346456693
21
1.4748690157480315
0
LINE
8
BLACK
6
CONTINUOUS
10
0.2276078346456693
20
1.4748690157480315
11
0.2332677165354331
21
1.4789811811023621
0
LINE
8
BLACK
6
CONTINUOUS
10
0.2332677165354331
20
1.4789811811023621
11
0.2396588976377953
21
1.4818266929133859
0
LINE
8
BLACK
6
CONTINUOUS
10
0.2396588976377953
20
1.4818266929133859
11
0.2465020078740157
21
1.4832812598425196
0
LINE
8
BLACK
6
CONTINUOUS
10
0.2465020078740157
20
1.4832812598425196
11
0.2534979921259842
21
1.4832812598425196
0
LINE
8
BLACK
6
CONTINUOUS
10
0.2534979921259842
20
1.4832812598425196
11
0.2603411023622047
21
1.4818266929133859
0
LINE
8
BLACK
6
CONTINUOUS
10
1.760144251968504
20
1.4818266929133859
11
1.766535433070866
21
1.4789811811023621
0
LINE
8
BLACK
6
CONTINUOUS
10
1.766535433070866
20
1.4789811811023621
11
1.77219531496063
21
1.4748690157480315
0
LINE
8
BLACK
6
CONTINUOUS
10
1.77219531496063
20
1.4748690157480315
11
1.7768765354330709
21
1.4696699606299213
0
LINE
8
BLACK
6
CONTINUOUS
10
1.7768765354330709
20
1.4696699606299213
11
1.7803745669291338
21
1.4636112598425197
0
LINE
8
BLACK
6
CONTINUOUS
10
1.7803745669291338
20
1.4636112598425197
11
1.7825364173228346
21
1.4569576771653543
0
LINE
8
BLACK
6
CONTINUOUS
10
1.7825364173228346
20
1.4569576771653543
11
1.7832677165354329
21
1.45
0
LINE
8
BLACK
6
CONTINUOUS
10
1.7832677165354329
20
1.45
11
1.7825364173228346
21
1.4430423228346456
0
LINE
8
BLACK
6
CONTINUOUS
10
1.7825364173228346
20
1.4430423228346456
11
1.7803745669291338
21
1.4363887401574802
0
LINE
8
BLACK
6
CONTINUOUS
10
1.7803745669291338
20
1.4363887401574802
11
1.7768765354330709
21
1.4303300393700786
0
LINE
8
BLACK
6
CONTINUOUS
10
1.7768765354330709
20
1.4303300393700786
11
1.77219531496063
21
1.4251309842519684
0
LINE
8
BLACK
6
CONTINUOUS
10
1.77219531496063
20
1.4251309842519684
11
1.766535433070866
21
1.4210188188976378
0
LINE
8
BLACK
6
CONTINUOUS
10
1.766535433070866
20
1.4210188188976378
11
1.760144251968504
21
1.418173307086614
0
LINE
8
BLACK
6
CONTINUOUS
10
1.760144251968504
20
1.418173307086614
11
1.7533011417322835
21
1.4167187401574803
0
LINE
8
BLACK
6
CONTINUOUS
10
1.7533011417322835
20
1.4167187401574803
11
1.746305157480315
21
1.4167187401574803
0
LINE
8
BLACK
6
CONTINUOUS
10
1.746305157480315
20
1.4167187401574803
11
1.7394620472440945
21
1.418173307086614
0
LINE
8
BLACK
6
CONTINUOUS
10
1.7394620472440945
20
1.418173307086614
11
1.7330708661417322
21
1.4210188188976378
0
LINE
8
BLACK
6
CONTINUOUS
10
1.7330708661417322
20
1.4210188188976378
11
1.7274109842519685
21
1.4251309842519684
0
LINE
8
BLACK
6
CONTINUOUS
10
1.7274109842519685
20
1.4251309842519684
11
1.7227297637795276
21
1.4303300393700786
0
LINE
8
BLACK
6
CONTINUOUS
10
1.7227297637795276
20
1.4303300393700786
11
1.7192317322834645
21
1.4363887401574802
0
LINE
8
BLACK
6
CONTINUOUS
10
1.7192317322834645
20
1.4363887401574802
11
1.7170698818897638
21
1.4430423228346456
0
LINE
8
BLACK
6
CONTINUOUS
10
1.7170698818897638
20
1.4430423228346456
11
1.7163385826771653
21
1.45
0
LINE
8
BLACK
6
CONTINUOUS
10
1.7163385826771653
20
1.45
11
1.7170698818897638
21
1.4569576771653543
0
LINE
8
BLACK
6
CONTINUOUS
10
1.7170698818897638
20
1.4569576771653543
11
1.7192317322834645
21
1.4636112598425197
0
LINE
8
BLACK
6
CONTINUOUS
10
1.7192317322834645
20
1.4636112598425197
11
1.7227297637795276
21
1.4696699606299213
0
LINE
8
BLACK
6
CONTINUOUS
10
1.7227297637795276
20
1.4696699606299213
11
1.7274109842519685
21
1.4748690157480315
0
LINE
8
BLACK
6
CONTINUOUS
10
1.7274109842519685
20
1.4748690157480315
11
1.7330708661417322
21
1.4789811811023621
0
LINE
8
BLACK
6
CONTINUOUS
10
1.7330708661417322
20
1.4789811811023621
11
1.7394620472440945
21
1.4818266929133859
0
LINE
8
BLACK
6
CONTINUOUS
10
1.7394620472440945
20
1.4818266929133859
11
1.746305157480315
21
1.4832812598425196
0
LINE
8
BLACK
6
CONTINUOUS
10
1.746305157480315
20
1.4832812598425196
11
1.7533011417322835
21
1.4832812598425196
0
LINE
8
BLACK
6
CONTINUOUS
10
1.7533011417322835
20
1.4832812598425196
11
1.760144251968504
21
1.4818266929133859
0
LINE
8
BLACK
6
CONTINUOUS
10
1.8601442519685039
20
1.4818266929133859
11
1.8665354330708661
21
1.4789811811023621
0
LINE
8
BLACK
6
CONTINUOUS
10
1.8665354330708661
20
1.4789811811023621
11
1.8721953149606299
21
1.4748690157480315
0
LINE
8
BLACK
6
CONTINUOUS
10
1.8721953149606299
20
1.4748690157480315
11
1.8768765354330708
21
1.4696699606299213
0
LINE
8
BLACK
6
CONTINUOUS
10
1.8768765354330708
20
1.4696699606299213
11
1.8803745669291339
21
1.4636112598425197
0
LINE
8
BLACK
6
CONTINUOUS
10
1.8803745669291339
20
1.4636112598425197
11
1.8825364173228345
21
1.4569576771653543
0
LINE
8
BLACK
6
CONTINUOUS
10
1.8825364173228345
20
1.4569576771653543
11
1.883267716535433
21
1.45
0
LINE
8
BLACK
6
CONTINUOUS
10
1.883267716535433
20
1.45
11
1.8825364173228345
21
1.4430423228346456
0
LINE
8
BLACK
6
CONTINUOUS
10
1.8825364173228345
20
1.4430423228346456
11
1.8803745669291339
21
1.4363887401574802
0
LINE
8
BLACK
6
CONTINUOUS
10
1.8803745669291339
20
1.4363887401574802
11
1.8768765354330708
21
1.4303300393700786
0
LINE
8
BLACK
6
CONTINUOUS
10
1.8768765354330708
20
1.4303300393700786
11
1.8721953149606299
21
1.4251309842519684
0
LINE
8
BLACK
6
CONTINUOUS
10
1.8721953149606299
20
1.4251309842519684
11
1.8665354330708661
21
1.4210188188976378
0
LINE
8
BLACK
6
CONTINUOUS
10
1.8665354330708661
20
1.4210188188976378
11
1.8601442519685039
21
1.418173307086614
0
LINE
8
BLACK
6
CONTINUOUS
10
1.8601442519685039
20
1.418173307086614
11
1.8533011417322833
21
1.4167187401574803
0
LINE
8
BLACK
6
CONTINUOUS
10
1.8533011417322833
20
1.4167187401574803
11
1.8463051574803149
21
1.4167187401574803
0
LINE
8
BLACK
6
CONTINUOUS
10
1.8463051574803149
20
1.4167187401574803
11
1.8394620472440943
21
1.418173307086614
0
LINE
8
BLACK
6
CONTINUOUS
10
1.8394620472440943
20
1.418173307086614
11
1.8330708661417323
21
1.4210188188976378
0
LINE
8
BLACK
6
CONTINUOUS
10
1.8330708661417323
20
1.4210188188976378
11
1.8274109842519686
21
1.4251309842519684
0
LINE
8
BLACK
6
CONTINUOUS
10
1.8274109842519686
20
1.4251309842519684
11
1.8227297637795274
21
1.4303300393700786
0
LINE
8
BLACK
6
CONTINUOUS
10
1.8227297637795274
20
1.4303300393700786
11
1.8192317322834646
21
1.4363887401574802
0
LINE
8
BLACK
6
CONTINUOUS
10
1.8192317322834646
20
1.4363887401574802
11
1.8170698818897637
21
1.4430423228346456
0
LINE
8
BLACK
6
CONTINUOUS
10
1.8170698818897637
20
1.4430423228346456
11
1.8163385826771654
21
1.45
0
LINE
8
BLACK
6
CONTINUOUS
10
1.8163385826771654
20
1.45
11
1.8170698818897637
21
1.4569576771653543
0
LINE
8
BLACK
6
CONTINUOUS
10
1.8170698818897637
20
1.4569576771653543
11
1.8192317322834646
21
1.4636112598425197
0
LINE
8
BLACK
6
CONTINUOUS
10
1.8192317322834646
20
1.4636112598425197
11
1.8227297637795274
21
1.4696699606299213
0
LINE
8
BLACK
6
CONTINUOUS
10
1.8227297637795274
20
1.4696699606299213
11
1.8274109842519686
21
1.4748690157480315
0
LINE
8
BLACK
6
CONTINUOUS
10
1.8274109842519686
20
1.4748690157480315
11
1.8330708661417323
21
1.4789811811023621
0
LINE
8
BLACK
6
CONTINUOUS
10
1.8330708661417323
20
1.4789811811023621
11
1.8394620472440943
21
1.4818266929133859
0
LINE
8
BLACK
6
CONTINUOUS
10
1.8394620472440943
20
1.4818266929133859
11
1.8463051574803149
21
1.4832812598425196
0
LINE
8
BLACK
6
CONTINUOUS
10
1.8463051574803149
20
1.4832812598425196
11
1.8533011417322833
21
1.4832812598425196
0
LINE
8
BLACK
6
CONTINUOUS
10
1.8533011417322833
20
1.4832812598425196
11
1.8601442519685039
21
1.4818266929133859
0
LINE
8
BLACK
6
CONTINUOUS
10
0.9634122440944881
20
1.4734633858267716
11
0.9666053937007874
21
1.4713298031496063
0
LINE
8
BLACK
6
CONTINUOUS
10
0.9666053937007874
20
1.4713298031496063
11
0.9687389763779527
21
1.4681366535433071
0
LINE
8
BLACK
6
CONTINUOUS
10
0.9687389763779527
20
1.4681366535433071
11
0.9694881889763779
21
1.4643700787401575
0
LINE
8
BLACK
6
CONTINUOUS
10
0.9694881889763779
20
1.4643700787401575
11
0.9694881889763779
21
1.4377952755905512
0
LINE
8
BLACK
6
CONTINUOUS
10
0.9694881889763779
20
1.4377952755905512
11
0.9687389763779527
21
1.4340287007874015
0
LINE
8
BLACK
6
CONTINUOUS
10
0.9687389763779527
20
1.4340287007874015
11
0.9666053937007874
21
1.4308355511811024
0
LINE
8
BLACK
6
CONTINUOUS
10
0.9666053937007874
20
1.4308355511811024
11
0.9634122440944881
21
1.428701968503937
0
LINE
8
BLACK
6
CONTINUOUS
10
0.9634122440944881
20
1.428701968503937
11
0.9596456692913385
21
1.4279527559055119
0
LINE
8
BLACK
6
CONTINUOUS
10
0.9596456692913385
20
1.4279527559055119
11
0.922244094488189
21
1.4279527559055119
0
LINE
8
BLACK
6
CONTINUOUS
10
0.922244094488189
20
1.4279527559055119
11
0.9184775196850393
21
1.428701968503937
0
LINE
8
BLACK
6
CONTINUOUS
10
0.9184775196850393
20
1.428701968503937
11
0.9152843700787401
21
1.4308355511811024
0
LINE
8
BLACK
6
CONTINUOUS
10
0.9152843700787401
20
1.4308355511811024
11
0.9131507874015747
21
1.4340287007874015
0
LINE
8
BLACK
6
CONTINUOUS
10
0.9131507874015747
20
1.4340287007874015
11
0.9124015748031495
21
1.4377952755905512
0
LINE
8
BLACK
6
CONTINUOUS
10
0.9124015748031495
20
1.4377952755905512
11
0.9124015748031495
21
1.4643700787401575
0
LINE
8
BLACK
6
CONTINUOUS
10
0.9124015748031495
20
1.4643700787401575
11
0.9131507874015747
21
1.4681366535433071
0
LINE
8
BLACK
6
CONTINUOUS
10
0.9131507874015747
20
1.4681366535433071
11
0.9152843700787401
21
1.4713298031496063
0
LINE
8
BLACK
6
CONTINUOUS
10
0.9152843700787401
20
1.4713298031496063
11
0.9184775196850393
21
1.4734633858267716
0
LINE
8
BLACK
6
CONTINUOUS
10
0.9184775196850393
20
1.4734633858267716
11
0.922244094488189
21
1.4742125984251968
0
LINE
8
BLACK
6
CONTINUOUS
10
0.922244094488189
20
1.4742125984251968
11
0.9596456692913385
21
1.4742125984251968
0
LINE
8
BLACK
6
CONTINUOUS
10
0.9596456692913385
20
1.4742125984251968
11
0.9634122440944881
21
1.4734633858267716
0
LINE
8
BLACK
6
CONTINUOUS
10
1.3814772047244095
20
1.5178295669291337
11
1.3846703543307086
21
1.5156959842519684
0
LINE
8
BLACK
6
CONTINUOUS
10
1.3846703543307086
20
1.5156959842519684
11
1.4034615748031496
21
1.4969047637795274
0
LINE
8
BLACK
6
CONTINUOUS
10
1.4034615748031496
20
1.4969047637795274
11
1.4055951574803149
21
1.4937116141732283
0
LINE
8
BLACK
6
CONTINUOUS
10
1.4055951574803149
20
1.4937116141732283
11
1.4063444094488189
21
1.4899450393700786
0
LINE
8
BLACK
6
CONTINUOUS
10
1.4063444094488189
20
1.4899450393700786
11
1.4055951574803149
21
1.4861784645669291
0
LINE
8
BLACK
6
CONTINUOUS
10
1.4055951574803149
20
1.4861784645669291
11
1.4034615748031496
21
1.4829853149606298
0
LINE
8
BLACK
6
CONTINUOUS
10
1.4034615748031496
20
1.4829853149606298
11
1.3770146850393701
21
1.4565384251968503
0
LINE
8
BLACK
6
CONTINUOUS
10
1.3770146850393701
20
1.4565384251968503
11
1.3738215354330707
21
1.4544048425196849
0
LINE
8
BLACK
6
CONTINUOUS
10
1.3738215354330707
20
1.4544048425196849
11
1.3700549606299213
21
1.453655590551181
0
LINE
8
BLACK
6
CONTINUOUS
10
1.3700549606299213
20
1.453655590551181
11
1.3662883858267716
21
1.4544048425196849
0
LINE
8
BLACK
6
CONTINUOUS
10
1.3662883858267716
20
1.4544048425196849
11
1.3630952362204725
21
1.4565384251968503
0
LINE
8
BLACK
6
CONTINUOUS
10
1.3630952362204725
20
1.4565384251968503
11
1.3443040157480315
21
1.4753296456692913
0
LINE
8
BLACK
6
CONTINUOUS
10
1.3443040157480315
20
1.4753296456692913
11
1.3421704330708661
21
1.4785227952755906
0
LINE
8
BLACK
6
CONTINUOUS
10
1.3421704330708661
20
1.4785227952755906
11
1.3414211811023622
21
1.4822893700787401
0
LINE
8
BLACK
6
CONTINUOUS
10
1.3414211811023622
20
1.4822893700787401
11
1.3421704330708661
21
1.4860559448818897
0
LINE
8
BLACK
6
CONTINUOUS
10
1.3421704330708661
20
1.4860559448818897
11
1.3443040157480315
21
1.4892490944881889
0
LINE
8
BLACK
6
CONTINUOUS
10
1.3443040157480315
20
1.4892490944881889
11
1.370750905511811
21
1.5156959842519684
0
LINE
8
BLACK
6
CONTINUOUS
10
1.370750905511811
20
1.5156959842519684
11
1.3739440551181101
21
1.5178295669291337
0
LINE
8
BLACK
6
CONTINUOUS
10
1.3739440551181101
20
1.5178295669291337
11
1.3777106299212598
21
1.5185788188976377
0
LINE
8
BLACK
6
CONTINUOUS
10
1.3777106299212598
20
1.5185788188976377
11
1.3814772047244095
21
1.5178295669291337
0
LINE
8
BLACK
6
CONTINUOUS
10
1.3237116141732284
20
1.5755951574803149
11
1.3269047637795275
21
1.5734615748031495
0
LINE
8
BLACK
6
CONTINUOUS
10
1.3269047637795275
20
1.5734615748031495
11
1.3456959842519685
21
1.5546703543307085
0
LINE
8
BLACK
6
CONTINUOUS
10
1.3456959842519685
20
1.5546703543307085
11
1.3478295669291338
21
1.5514772047244094
0
LINE
8
BLACK
6
CONTINUOUS
10
1.3478295669291338
20
1.5514772047244094
11
1.3485788188976378
21
1.5477106299212597
0
LINE
8
BLACK
6
CONTINUOUS
10
1.3485788188976378
20
1.5477106299212597
11
1.3478295669291338
21
1.5439440551181103
0
LINE
8
BLACK
6
CONTINUOUS
10
1.3478295669291338
20
1.5439440551181103
11
1.3456959842519685
21
1.5407509055118109
0
LINE
8
BLACK
6
CONTINUOUS
10
1.3456959842519685
20
1.5407509055118109
11
1.3192490944881889
21
1.5143040157480314
0
LINE
8
BLACK
6
CONTINUOUS
10
1.3192490944881889
20
1.5143040157480314
11
1.3160559448818898
21
1.5121704330708661
0
LINE
8
BLACK
6
CONTINUOUS
10
1.3160559448818898
20
1.5121704330708661
11
1.3122893700787401
21
1.5114211811023621
0
LINE
8
BLACK
6
CONTINUOUS
10
1.3122893700787401
20
1.5114211811023621
11
1.3085227952755905
21
1.5121704330708661
0
LINE
8
BLACK
6
CONTINUOUS
10
1.3085227952755905
20
1.5121704330708661
11
1.3053296456692913
21
1.5143040157480314
0
LINE
8
BLACK
6
CONTINUOUS
10
1.3053296456692913
20
1.5143040157480314
11
1.2865384251968504
21
1.5330952362204724
0
LINE
8
BLACK
6
CONTINUOUS
10
1.2865384251968504
20
1.5330952362204724
11
1.284404842519685
21
1.5362883858267715
0
LINE
8
BLACK
6
CONTINUOUS
10
1.284404842519685
20
1.5362883858267715
11
1.2836555905511811
21
1.5400549606299212
0
LINE
8
BLACK
6
CONTINUOUS
10
1.2836555905511811
20
1.5400549606299212
11
1.284404842519685
21
1.5438215354330709
0
LINE
8
BLACK
6
CONTINUOUS
10
1.284404842519685
20
1.5438215354330709
11
1.2865384251968504
21
1.54701468503937
0
LINE
8
BLACK
6
CONTINUOUS
10
1.2865384251968504
20
1.54701468503937
11
1.3129853149606299
21
1.5734615748031495
0
LINE
8
BLACK
6
CONTINUOUS
10
1.3129853149606299
20
1.5734615748031495
11
1.316178464566929
21
1.5755951574803149
0
LINE
8
BLACK
6
CONTINUOUS
10
1.316178464566929
20
1.5755951574803149
11
1.3199450393700787
21
1.5763444094488188
0
LINE
8
BLACK
6
CONTINUOUS
10
1.3199450393700787
20
1.5763444094488188
11
1.3237116141732284
21
1.5755951574803149
0
LINE
8
BLACK
6
CONTINUOUS
10
0.1603411023622047
20
1.5818266929133857
11
0.1667322834645669
21
1.5789811811023622
0
LINE
8
BLACK
6
CONTINUOUS
10
0.1667322834645669
20
1.5789811811023622
11
0.1723921653543307
21
1.5748690157480314
0
LINE
8
BLACK
6
CONTINUOUS
10
0.1723921653543307
20
1.5748690157480314
11
0.1770733858267717
21
1.5696699606299211
0
LINE
8
BLACK
6
CONTINUOUS
10
0.1770733858267717
20
1.5696699606299211
11
0.1805714173228346
21
1.5636112598425196
0
LINE
8
BLACK
6
CONTINUOUS
10
0.1805714173228346
20
1.5636112598425196
11
0.1827332677165354
21
1.5569576771653544
0
LINE
8
BLACK
6
CONTINUOUS
10
0.1827332677165354
20
1.5569576771653544
11
0.1834645669291338
21
1.55
0
LINE
8
BLACK
6
CONTINUOUS
10
0.1834645669291338
20
1.55
11
0.1827332677165354
21
1.5430423228346457
0
LINE
8
BLACK
6
CONTINUOUS
10
0.1827332677165354
20
1.5430423228346457
11
0.1805714173228346
21
1.5363887401574803
0
LINE
8
BLACK
6
CONTINUOUS
10
0.1805714173228346
20
1.5363887401574803
11
0.1770733858267717
21
1.5303300393700787
0
LINE
8
BLACK
6
CONTINUOUS
10
0.1770733858267717
20
1.5303300393700787
11
0.1723921653543307
21
1.5251309842519685
0
LINE
8
BLACK
6
CONTINUOUS
10
0.1723921653543307
20
1.5251309842519685
11
0.1667322834645669
21
1.5210188188976377
0
LINE
8
BLACK
6
CONTINUOUS
10
0.1667322834645669
20
1.5210188188976377
11
0.1603411023622047
21
1.5181733070866141
0
LINE
8
BLACK
6
CONTINUOUS
10
0.1603411023622047
20
1.5181733070866141
11
0.1534979921259843
21
1.5167187401574802
0
LINE
8
BLACK
6
CONTINUOUS
10
0.1534979921259843
20
1.5167187401574802
11
0.1465020078740157
21
1.5167187401574802
0
LINE
8
BLACK
6
CONTINUOUS
10
0.1465020078740157
20
1.5167187401574802
11
0.1396588976377953
21
1.5181733070866141
0
LINE
8
BLACK
6
CONTINUOUS
10
0.1396588976377953
20
1.5181733070866141
11
0.1332677165354331
21
1.5210188188976377
0
LINE
8
BLACK
6
CONTINUOUS
10
0.1332677165354331
20
1.5210188188976377
11
0.1276078346456693
21
1.5251309842519685
0
LINE
8
BLACK
6
CONTINUOUS
10
0.1276078346456693
20
1.5251309842519685
11
0.1229266141732283
21
1.5303300393700787
0
LINE
8
BLACK
6
CONTINUOUS
10
0.1229266141732283
20
1.5303300393700787
11
0.1194285826771654
21
1.5363887401574803
0
LINE
8
BLACK
6
CONTINUOUS
10
0.1194285826771654
20
1.5363887401574803
11
0.1172667322834646
21
1.5430423228346457
0
LINE
8
BLACK
6
CONTINUOUS
10
0.1172667322834646
20
1.5430423228346457
11
0.1165354330708661
21
1.55
0
LINE
8
BLACK
6
CONTINUOUS
10
0.1165354330708661
20
1.55
11
0.1172667322834646
21
1.5569576771653544
0
LINE
8
BLACK
6
CONTINUOUS
10
0.1172667322834646
20
1.5569576771653544
11
0.1194285826771654
21
1.5636112598425196
0
LINE
8
BLACK
6
CONTINUOUS
10
0.1194285826771654
20
1.5636112598425196
11
0.1229266141732283
21
1.5696699606299211
0
LINE
8
BLACK
6
CONTINUOUS
10
0.1229266141732283
20
1.5696699606299211
11
0.1276078346456693
21
1.5748690157480314
0
LINE
8
BLACK
6
CONTINUOUS
10
0.1276078346456693
20
1.5748690157480314
11
0.1332677165354331
21
1.5789811811023622
0
LINE
8
BLACK
6
CONTINUOUS
10
0.1332677165354331
20
1.5789811811023622
11
0.1396588976377953
21
1.5818266929133857
0
LINE
8
BLACK
6
CONTINUOUS
10
0.1396588976377953
20
1.5818266929133857
11
0.1465020078740157
21
1.5832812598425197
0
LINE
8
BLACK
6
CONTINUOUS
10
0.1465020078740157
20
1.5832812598425197
11
0.1534979921259843
21
1.5832812598425197
0
LINE
8
BLACK
6
CONTINUOUS
10
0.1534979921259843
20
1.5832812598425197
11
0.1603411023622047
21
1.5818266929133857
0
LINE
8
BLACK
6
CONTINUOUS
10
0.2603411023622047
20
1.5818266929133857
11
0.2667322834645669
21
1.5789811811023622
0
LINE
8
BLACK
6
CONTINUOUS
10
0.2667322834645669
20
1.5789811811023622
11
0.2723921653543307
21
1.5748690157480314
0
LINE
8
BLACK
6
CONTINUOUS
10
0.2723921653543307
20
1.5748690157480314
11
0.2770733858267717
21
1.5696699606299211
0
LINE
8
BLACK
6
CONTINUOUS
10
0.2770733858267717
20
1.5696699606299211
11
0.2805714173228346
21
1.5636112598425196
0
LINE
8
BLACK
6
CONTINUOUS
10
0.2805714173228346
20
1.5636112598425196
11
0.2827332677165355
21
1.5569576771653544
0
LINE
8
BLACK
6
CONTINUOUS
10
0.2827332677165355
20
1.5569576771653544
11
0.2834645669291339
21
1.55
0
LINE
8
BLACK
6
CONTINUOUS
10
0.2834645669291339
20
1.55
11
0.2827332677165355
21
1.5430423228346457
0
LINE
8
BLACK
6
CONTINUOUS
10
0.2827332677165355
20
1.5430423228346457
11
0.2805714173228346
21
1.5363887401574803
0
LINE
8
BLACK
6
CONTINUOUS
10
0.2805714173228346
20
1.5363887401574803
11
0.2770733858267717
21
1.5303300393700787
0
LINE
8
BLACK
6
CONTINUOUS
10
0.2770733858267717
20
1.5303300393700787
11
0.2723921653543307
21
1.5251309842519685
0
LINE
8
BLACK
6
CONTINUOUS
10
0.2723921653543307
20
1.5251309842519685
11
0.2667322834645669
21
1.5210188188976377
0
LINE
8
BLACK
6
CONTINUOUS
10
0.2667322834645669
20
1.5210188188976377
11
0.2603411023622047
21
1.5181733070866141
0
LINE
8
BLACK
6
CONTINUOUS
10
0.2603411023622047
20
1.5181733070866141
11
0.2534979921259842
21
1.5167187401574802
0
LINE
8
BLACK
6
CONTINUOUS
10
0.2534979921259842
20
1.5167187401574802
11
0.2465020078740157
21
1.5167187401574802
0
LINE
8
BLACK
6
CONTINUOUS
10
0.2465020078740157
20
1.5167187401574802
11
0.2396588976377953
21
1.5181733070866141
0
LINE
8
BLACK
6
CONTINUOUS
10
0.2396588976377953
20
1.5181733070866141
11
0.2332677165354331
21
1.5210188188976377
0
LINE
8
BLACK
6
CONTINUOUS
10
0.2332677165354331
20
1.5210188188976377
11
0.2276078346456693
21
1.5251309842519685
0
LINE
8
BLACK
6
CONTINUOUS
10
0.2276078346456693
20
1.5251309842519685
11
0.2229266141732283
21
1.5303300393700787
0
LINE
8
BLACK
6
CONTINUOUS
10
0.2229266141732283
20
1.5303300393700787
11
0.2194285826771654
21
1.5363887401574803
0
LINE
8
BLACK
6
CONTINUOUS
10
0.2194285826771654
20
1.5363887401574803
11
0.2172667322834646
21
1.5430423228346457
0
LINE
8
BLACK
6
CONTINUOUS
10
0.2172667322834646
20
1.5430423228346457
11
0.2165354330708661
21
1.55
0
LINE
8
BLACK
6
CONTINUOUS
10
0.2165354330708661
20
1.55
11
0.2172667322834646
21
1.5569576771653544
0
LINE
8
BLACK
6
CONTINUOUS
10
0.2172667322834646
20
1.5569576771653544
11
0.2194285826771654
21
1.5636112598425196
0
LINE
8
BLACK
6
CONTINUOUS
10
0.2194285826771654
20
1.5636112598425196
11
0.2229266141732283
21
1.5696699606299211
0
LINE
8
BLACK
6
CONTINUOUS
10
0.2229266141732283
20
1.5696699606299211
11
0.2276078346456693
21
1.5748690157480314
0
LINE
8
BLACK
6
CONTINUOUS
10
0.2276078346456693
20
1.5748690157480314
11
0.2332677165354331
21
1.5789811811023622
0
LINE
8
BLACK
6
CONTINUOUS
10
0.2332677165354331
20
1.5789811811023622
11
0.2396588976377953
21
1.5818266929133857
0
LINE
8
BLACK
6
CONTINUOUS
10
0.2396588976377953
20
1.5818266929133857
11
0.2465020078740157
21
1.5832812598425197
0
LINE
8
BLACK
6
CONTINUOUS
10
0.2465020078740157
20
1.5832812598425197
11
0.2534979921259842
21
1.5832812598425197
0
LINE
8
BLACK
6
CONTINUOUS
10
0.2534979921259842
20
1.5832812598425197
11
0.2603411023622047
21
1.5818266929133857
0
LINE
8
BLACK
6
CONTINUOUS
10
1.760144251968504
20
1.5818266929133857
11
1.766535433070866
21
1.5789811811023622
0
LINE
8
BLACK
6
CONTINUOUS
10
1.766535433070866
20
1.5789811811023622
11
1.77219531496063
21
1.5748690157480314
0
LINE
8
BLACK
6
CONTINUOUS
10
1.77219531496063
20
1.5748690157480314
11
1.7768765354330709
21
1.5696699606299211
0
LINE
8
BLACK
6
CONTINUOUS
10
1.7768765354330709
20
1.5696699606299211
11
1.7803745669291338
21
1.5636112598425196
0
LINE
8
BLACK
6
CONTINUOUS
10
1.7803745669291338
20
1.5636112598425196
11
1.7825364173228346
21
1.5569576771653544
0
LINE
8
BLACK
6
CONTINUOUS
10
1.7825364173228346
20
1.5569576771653544
11
1.7832677165354329
21
1.55
0
LINE
8
BLACK
6
CONTINUOUS
10
1.7832677165354329
20
1.55
11
1.7825364173228346
21
1.5430423228346457
0
LINE
8
BLACK
6
CONTINUOUS
10
1.7825364173228346
20
1.5430423228346457
11
1.7803745669291338
21
1.5363887401574803
0
LINE
8
BLACK
6
CONTINUOUS
10
1.7803745669291338
20
1.5363887401574803
11
1.7768765354330709
21
1.5303300393700787
0
LINE
8
BLACK
6
CONTINUOUS
10
1.7768765354330709
20
1.5303300393700787
11
1.77219531496063
21
1.5251309842519685
0
LINE
8
BLACK
6
CONTINUOUS
10
1.77219531496063
20
1.5251309842519685
11
1.766535433070866
21
1.5210188188976377
0
LINE
8
BLACK
6
CONTINUOUS
10
1.766535433070866
20
1.5210188188976377
11
1.760144251968504
21
1.5181733070866141
0
LINE
8
BLACK
6
CONTINUOUS
10
1.760144251968504
20
1.5181733070866141
11
1.7533011417322835
21
1.5167187401574802
0
LINE
8
BLACK
6
CONTINUOUS
10
1.7533011417322835
20
1.5167187401574802
11
1.746305157480315
21
1.5167187401574802
0
LINE
8
BLACK
6
CONTINUOUS
10
1.746305157480315
20
1.5167187401574802
11
1.7394620472440945
21
1.5181733070866141
0
LINE
8
BLACK
6
CONTINUOUS
10
1.7394620472440945
20
1.5181733070866141
11
1.7330708661417322
21
1.5210188188976377
0
LINE
8
BLACK
6
CONTINUOUS
10
1.7330708661417322
20
1.5210188188976377
11
1.7274109842519685
21
1.5251309842519685
0
LINE
8
BLACK
6
CONTINUOUS
10
1.7274109842519685
20
1.5251309842519685
11
1.7227297637795276
21
1.5303300393700787
0
LINE
8
BLACK
6
CONTINUOUS
10
1.7227297637795276
20
1.5303300393700787
11
1.7192317322834645
21
1.5363887401574803
0
LINE
8
BLACK
6
CONTINUOUS
10
1.7192317322834645
20
1.5363887401574803
11
1.7170698818897638
21
1.5430423228346457
0
LINE
8
BLACK
6
CONTINUOUS
10
1.7170698818897638
20
1.5430423228346457
11
1.7163385826771653
21
1.55
0
LINE
8
BLACK
6
CONTINUOUS
10
1.7163385826771653
20
1.55
11
1.7170698818897638
21
1.5569576771653544
0
LINE
8
BLACK
6
CONTINUOUS
10
1.7170698818897638
20
1.5569576771653544
11
1.7192317322834645
21
1.5636112598425196
0
LINE
8
BLACK
6
CONTINUOUS
10
1.7192317322834645
20
1.5636112598425196
11
1.7227297637795276
21
1.5696699606299211
0
LINE
8
BLACK
6
CONTINUOUS
10
1.7227297637795276
20
1.5696699606299211
11
1.7274109842519685
21
1.5748690157480314
0
LINE
8
BLACK
6
CONTINUOUS
10
1.7274109842519685
20
1.5748690157480314
11
1.7330708661417322
21
1.5789811811023622
0
LINE
8
BLACK
6
CONTINUOUS
10
1.7330708661417322
20
1.5789811811023622
11
1.7394620472440945
21
1.5818266929133857
0
LINE
8
BLACK
6
CONTINUOUS
10
1.7394620472440945
20
1.5818266929133857
11
1.746305157480315
21
1.5832812598425197
0
LINE
8
BLACK
6
CONTINUOUS
10
1.746305157480315
20
1.5832812598425197
11
1.7533011417322835
21
1.5832812598425197
0
LINE
8
BLACK
6
CONTINUOUS
10
1.7533011417322835
20
1.5832812598425197
11
1.760144251968504
21
1.5818266929133857
0
LINE
8
BLACK
6
CONTINUOUS
10
1.8601442519685039
20
1.5818266929133857
11
1.8665354330708661
21
1.5789811811023622
0
LINE
8
BLACK
6
CONTINUOUS
10
1.8665354330708661
20
1.5789811811023622
11
1.8721953149606299
21
1.5748690157480314
0
LINE
8
BLACK
6
CONTINUOUS
10
1.8721953149606299
20
1.5748690157480314
11
1.8768765354330708
21
1.5696699606299211
0
LINE
8
BLACK
6
CONTINUOUS
10
1.8768765354330708
20
1.5696699606299211
11
1.8803745669291339
21
1.5636112598425196
0
LINE
8
BLACK
6
CONTINUOUS
10
1.8803745669291339
20
1.5636112598425196
11
1.8825364173228345
21
1.5569576771653544
0
LINE
8
BLACK
6
CONTINUOUS
10
1.8825364173228345
20
1.5569576771653544
11
1.883267716535433
21
1.55
0
LINE
8
BLACK
6
CONTINUOUS
10
1.883267716535433
20
1.55
11
1.8825364173228345
21
1.5430423228346457
0
LINE
8
BLACK
6
CONTINUOUS
10
1.8825364173228345
20
1.5430423228346457
11
1.8803745669291339
21
1.5363887401574803
0
LINE
8
BLACK
6
CONTINUOUS
10
1.8803745669291339
20
1.5363887401574803
11
1.8768765354330708
21
1.5303300393700787
0
LINE
8
BLACK
6
CONTINUOUS
10
1.8768765354330708
20
1.5303300393700787
11
1.8721953149606299
21
1.5251309842519685
0
LINE
8
BLACK
6
CONTINUOUS
10
1.8721953149606299
20
1.5251309842519685
11
1.8665354330708661
21
1.5210188188976377
0
LINE
8
BLACK
6
CONTINUOUS
10
1.8665354330708661
20
1.5210188188976377
11
1.8601442519685039
21
1.5181733070866141
0
LINE
8
BLACK
6
CONTINUOUS
10
1.8601442519685039
20
1.5181733070866141
11
1.8533011417322833
21
1.5167187401574802
0
LINE
8
BLACK
6
CONTINUOUS
10
1.8533011417322833
20
1.5167187401574802
11
1.8463051574803149
21
1.5167187401574802
0
LINE
8
BLACK
6
CONTINUOUS
10
1.8463051574803149
20
1.5167187401574802
11
1.8394620472440943
21
1.5181733070866141
0
LINE
8
BLACK
6
CONTINUOUS
10
1.8394620472440943
20
1.5181733070866141
11
1.8330708661417323
21
1.5210188188976377
0
LINE
8
BLACK
6
CONTINUOUS
10
1.8330708661417323
20
1.5210188188976377
11
1.8274109842519686
21
1.5251309842519685
0
LINE
8
BLACK
6
CONTINUOUS
10
1.8274109842519686
20
1.5251309842519685
11
1.8227297637795274
21
1.5303300393700787
0
LINE
8
BLACK
6
CONTINUOUS
10
1.8227297637795274
20
1.5303300393700787
11
1.8192317322834646
21
1.5363887401574803
0
LINE
8
BLACK
6
CONTINUOUS
10
1.8192317322834646
20
1.5363887401574803
11
1.8170698818897637
21
1.5430423228346457
0
LINE
8
BLACK
6
CONTINUOUS
10
1.8170698818897637
20
1.5430423228346457
11
1.8163385826771654
21
1.55
0
LINE
8
BLACK
6
CONTINUOUS
10
1.8163385826771654
20
1.55
11
1.8170698818897637
21
1.5569576771653544
0
LINE
8
BLACK
6
CONTINUOUS
10
1.8170698818897637
20
1.5569576771653544
11
1.8192317322834646
21
1.5636112598425196
0
LINE
8
BLACK
6
CONTINUOUS
10
1.8192317322834646
20
1.5636112598425196
11
1.8227297637795274
21
1.5696699606299211
0
LINE
8
BLACK
6
CONTINUOUS
10
1.8227297637795274
20
1.5696699606299211
11
1.8274109842519686
21
1.5748690157480314
0
LINE
8
BLACK
6
CONTINUOUS
10
1.8274109842519686
20
1.5748690157480314
11
1.8330708661417323
21
1.5789811811023622
0
LINE
8
BLACK
6
CONTINUOUS
10
1.8330708661417323
20
1.5789811811023622
11
1.8394620472440943
21
1.5818266929133857
0
LINE
8
BLACK
6
CONTINUOUS
10
1.8394620472440943
20
1.5818266929133857
11
1.8463051574803149
21
1.5832812598425197
0
LINE
8
BLACK
6
CONTINUOUS
10
1.8463051574803149
20
1.5832812598425197
11
1.8533011417322833
21
1.5832812598425197
0
LINE
8
BLACK
6
CONTINUOUS
10
1.8533011417322833
20
1.5832812598425197
11
1.8601442519685039
21
1.5818266929133857
0
LINE
8
BLACK
6
CONTINUOUS
10
0.8928622834645669
20
1.6080429527559055
11
0.8938202362204725
21
1.607402874015748
0
LINE
8
BLACK
6
CONTINUOUS
10
0.8938202362204725
20
1.607402874015748
11
0.8944603149606299
21
1.6064449212598424
0
LINE
8
BLACK
6
CONTINUOUS
10
0.8944603149606299
20
1.6064449212598424
11
0.8946850787401575
21
1.6053149606299213
0
LINE
8
BLACK
6
CONTINUOUS
10
0.8946850787401575
20
1.6053149606299213
11
0.8946850787401575
21
1.5501968503937007
0
LINE
8
BLACK
6
CONTINUOUS
10
0.8946850787401575
20
1.5501968503937007
11
0.8944603149606299
21
1.5490668897637796
0
LINE
8
BLACK
6
CONTINUOUS
10
0.8944603149606299
20
1.5490668897637796
11
0.8938202362204725
21
1.548108937007874
0
LINE
8
BLACK
6
CONTINUOUS
10
0.8938202362204725
20
1.548108937007874
11
0.8928622834645669
21
1.5474688582677165
0
LINE
8
BLACK
6
CONTINUOUS
10
0.8928622834645669
20
1.5474688582677165
11
0.8917323228346457
21
1.5472440944881889
0
LINE
8
BLACK
6
CONTINUOUS
10
0.8917323228346457
20
1.5472440944881889
11
0.885826811023622
21
1.5472440944881889
0
LINE
8
BLACK
6
CONTINUOUS
10
0.885826811023622
20
1.5472440944881889
11
0.8846968503937007
21
1.5474688582677165
0
LINE
8
BLACK
6
CONTINUOUS
10
0.8846968503937007
20
1.5474688582677165
11
0.8837388976377952
21
1.548108937007874
0
LINE
8
BLACK
6
CONTINUOUS
10
0.8837388976377952
20
1.548108937007874
11
0.8830988188976377
21
1.5490668897637796
0
LINE
8
BLACK
6
CONTINUOUS
10
0.8830988188976377
20
1.5490668897637796
11
0.8828740551181102
21
1.5501968503937007
0
LINE
8
BLACK
6
CONTINUOUS
10
0.8828740551181102
20
1.5501968503937007
11
0.8828740551181102
21
1.6053149606299213
0
LINE
8
BLACK
6
CONTINUOUS
10
0.8828740551181102
20
1.6053149606299213
11
0.8830988188976377
21
1.6064449212598424
0
LINE
8
BLACK
6
CONTINUOUS
10
0.8830988188976377
20
1.6064449212598424
11
0.8837388976377952
21
1.607402874015748
0
LINE
8
BLACK
6
CONTINUOUS
10
0.8837388976377952
20
1.607402874015748
11
0.8846968503937007
21
1.6080429527559055
0
LINE
8
BLACK
6
CONTINUOUS
10
0.8846968503937007
20
1.6080429527559055
11
0.885826811023622
21
1.6082677165354331
0
LINE
8
BLACK
6
CONTINUOUS
10
0.885826811023622
20
1.6082677165354331
11
0.8917323228346457
21
1.6082677165354331
0
LINE
8
BLACK
6
CONTINUOUS
10
0.8917323228346457
20
1.6082677165354331
11
0.8928622834645669
21
1.6080429527559055
0
LINE
8
BLACK
6
CONTINUOUS
10
0.9125472834645669
20
1.6080429527559055
11
0.9135052362204724
21
1.607402874015748
0
LINE
8
BLACK
6
CONTINUOUS
10
0.9135052362204724
20
1.607402874015748
11
0.9141453149606299
21
1.6064449212598424
0
LINE
8
BLACK
6
CONTINUOUS
10
0.9141453149606299
20
1.6064449212598424
11
0.9143700787401574
21
1.6053149606299213
0
LINE
8
BLACK
6
CONTINUOUS
10
0.9143700787401574
20
1.6053149606299213
11
0.9143700787401574
21
1.5501968503937007
0
LINE
8
BLACK
6
CONTINUOUS
10
0.9143700787401574
20
1.5501968503937007
11
0.9141453149606299
21
1.5490668897637796
0
LINE
8
BLACK
6
CONTINUOUS
10
0.9141453149606299
20
1.5490668897637796
11
0.9135052362204724
21
1.548108937007874
0
LINE
8
BLACK
6
CONTINUOUS
10
0.9135052362204724
20
1.548108937007874
11
0.9125472834645669
21
1.5474688582677165
0
LINE
8
BLACK
6
CONTINUOUS
10
0.9125472834645669
20
1.5474688582677165
11
0.9114173228346456
21
1.5472440944881889
0
LINE
8
BLACK
6
CONTINUOUS
10
0.9114173228346456
20
1.5472440944881889
11
0.905511811023622
21
1.5472440944881889
0
LINE
8
BLACK
6
CONTINUOUS
10
0.905511811023622
20
1.5472440944881889
11
0.9043818503937008
21
1.5474688582677165
0
LINE
8
BLACK
6
CONTINUOUS
10
0.9043818503937008
20
1.5474688582677165
11
0.9034238976377953
21
1.548108937007874
0
LINE
8
BLACK
6
CONTINUOUS
10
0.9034238976377953
20
1.548108937007874
11
0.9027838188976378
21
1.5490668897637796
0
LINE
8
BLACK
6
CONTINUOUS
10
0.9027838188976378
20
1.5490668897637796
11
0.9025590551181102
21
1.5501968503937007
0
LINE
8
BLACK
6
CONTINUOUS
10
0.9025590551181102
20
1.5501968503937007
11
0.9025590551181102
21
1.6053149606299213
0
LINE
8
BLACK
6
CONTINUOUS
10
0.9025590551181102
20
1.6053149606299213
11
0.9027838188976378
21
1.6064449212598424
0
LINE
8
BLACK
6
CONTINUOUS
10
0.9027838188976378
20
1.6064449212598424
11
0.9034238976377953
21
1.607402874015748
0
LINE
8
BLACK
6
CONTINUOUS
10
0.9034238976377953
20
1.607402874015748
11
0.9043818503937008
21
1.6080429527559055
0
LINE
8
BLACK
6
CONTINUOUS
10
0.9043818503937008
20
1.6080429527559055
11
0.905511811023622
21
1.6082677165354331
0
LINE
8
BLACK
6
CONTINUOUS
10
0.905511811023622
20
1.6082677165354331
11
0.9114173228346456
21
1.6082677165354331
0
LINE
8
BLACK
6
CONTINUOUS
10
0.9114173228346456
20
1.6082677165354331
11
0.9125472834645669
21
1.6080429527559055
0
LINE
8
BLACK
6
CONTINUOUS
10
0.9322323228346456
20
1.6080429527559055
11
0.9331902755905511
21
1.607402874015748
0
LINE
8
BLACK
6
CONTINUOUS
10
0.9331902755905511
20
1.607402874015748
11
0.9338303543307086
21
1.6064449212598424
0
LINE
8
BLACK
6
CONTINUOUS
10
0.9338303543307086
20
1.6064449212598424
11
0.9340551181102362
21
1.6053149606299213
0
LINE
8
BLACK
6
CONTINUOUS
10
0.9340551181102362
20
1.6053149606299213
11
0.9340551181102362
21
1.5501968503937007
0
LINE
8
BLACK
6
CONTINUOUS
10
0.9340551181102362
20
1.5501968503937007
11
0.9338303543307086
21
1.5490668897637796
0
LINE
8
BLACK
6
CONTINUOUS
10
0.9338303543307086
20
1.5490668897637796
11
0.9331902755905511
21
1.548108937007874
0
LINE
8
BLACK
6
CONTINUOUS
10
0.9331902755905511
20
1.548108937007874
11
0.9322323228346456
21
1.5474688582677165
0
LINE
8
BLACK
6
CONTINUOUS
10
0.9322323228346456
20
1.5474688582677165
11
0.9311023622047244
21
1.5472440944881889
0
LINE
8
BLACK
6
CONTINUOUS
10
0.9311023622047244
20
1.5472440944881889
11
0.9251968503937008
21
1.5472440944881889
0
LINE
8
BLACK
6
CONTINUOUS
10
0.9251968503937008
20
1.5472440944881889
11
0.9240668897637795
21
1.5474688582677165
0
LINE
8
BLACK
6
CONTINUOUS
10
0.9240668897637795
20
1.5474688582677165
11
0.923108937007874
21
1.548108937007874
0
LINE
8
BLACK
6
CONTINUOUS
10
0.923108937007874
20
1.548108937007874
11
0.9224688582677165
21
1.5490668897637796
0
LINE
8
BLACK
6
CONTINUOUS
10
0.9224688582677165
20
1.5490668897637796
11
0.922244094488189
21
1.5501968503937007
0
LINE
8
BLACK
6
CONTINUOUS
10
0.922244094488189
20
1.5501968503937007
11
0.922244094488189
21
1.6053149606299213
0
LINE
8
BLACK
6
CONTINUOUS
10
0.922244094488189
20
1.6053149606299213
11
0.9224688582677165
21
1.6064449212598424
0
LINE
8
BLACK
6
CONTINUOUS
10
0.9224688582677165
20
1.6064449212598424
11
0.923108937007874
21
1.607402874015748
0
LINE
8
BLACK
6
CONTINUOUS
10
0.923108937007874
20
1.607402874015748
11
0.9240668897637795
21
1.6080429527559055
0
LINE
8
BLACK
6
CONTINUOUS
10
0.9240668897637795
20
1.6080429527559055
11
0.9251968503937008
21
1.6082677165354331
0
LINE
8
BLACK
6
CONTINUOUS
10
0.9251968503937008
20
1.6082677165354331
11
0.9311023622047244
21
1.6082677165354331
0
LINE
8
BLACK
6
CONTINUOUS
10
0.9311023622047244
20
1.6082677165354331
11
0.9322323228346456
21
1.6080429527559055
0
LINE
8
BLACK
6
CONTINUOUS
10
0.9519173622047243
20
1.6080429527559055
11
0.9528753149606299
21
1.607402874015748
0
LINE
8
BLACK
6
CONTINUOUS
10
0.9528753149606299
20
1.607402874015748
11
0.9535153937007874
21
1.6064449212598424
0
LINE
8
BLACK
6
CONTINUOUS
10
0.9535153937007874
20
1.6064449212598424
11
0.9537401574803149
21
1.6053149606299213
0
LINE
8
BLACK
6
CONTINUOUS
10
0.9537401574803149
20
1.6053149606299213
11
0.9537401574803149
21
1.5501968503937007
0
LINE
8
BLACK
6
CONTINUOUS
10
0.9537401574803149
20
1.5501968503937007
11
0.9535153937007874
21
1.5490668897637796
0
LINE
8
BLACK
6
CONTINUOUS
10
0.9535153937007874
20
1.5490668897637796
11
0.9528753149606299
21
1.548108937007874
0
LINE
8
BLACK
6
CONTINUOUS
10
0.9528753149606299
20
1.548108937007874
11
0.9519173622047243
21
1.5474688582677165
0
LINE
8
BLACK
6
CONTINUOUS
10
0.9519173622047243
20
1.5474688582677165
11
0.9507874015748031
21
1.5472440944881889
0
LINE
8
BLACK
6
CONTINUOUS
10
0.9507874015748031
20
1.5472440944881889
11
0.9448818897637795
21
1.5472440944881889
0
LINE
8
BLACK
6
CONTINUOUS
10
0.9448818897637795
20
1.5472440944881889
11
0.9437519291338582
21
1.5474688582677165
0
LINE
8
BLACK
6
CONTINUOUS
10
0.9437519291338582
20
1.5474688582677165
11
0.9427939763779527
21
1.548108937007874
0
LINE
8
BLACK
6
CONTINUOUS
10
0.9427939763779527
20
1.548108937007874
11
0.9421538976377952
21
1.5490668897637796
0
LINE
8
BLACK
6
CONTINUOUS
10
0.9421538976377952
20
1.5490668897637796
11
0.9419291338582677
21
1.5501968503937007
0
LINE
8
BLACK
6
CONTINUOUS
10
0.9419291338582677
20
1.5501968503937007
11
0.9419291338582677
21
1.6053149606299213
0
LINE
8
BLACK
6
CONTINUOUS
10
0.9419291338582677
20
1.6053149606299213
11
0.9421538976377952
21
1.6064449212598424
0
LINE
8
BLACK
6
CONTINUOUS
10
0.9421538976377952
20
1.6064449212598424
11
0.9427939763779527
21
1.607402874015748
0
LINE
8
BLACK
6
CONTINUOUS
10
0.9427939763779527
20
1.607402874015748
11
0.9437519291338582
21
1.6080429527559055
0
LINE
8
BLACK
6
CONTINUOUS
10
0.9437519291338582
20
1.6080429527559055
11
0.9448818897637795
21
1.6082677165354331
0
LINE
8
BLACK
6
CONTINUOUS
10
0.9448818897637795
20
1.6082677165354331
11
0.9507874015748031
21
1.6082677165354331
0
LINE
8
BLACK
6
CONTINUOUS
10
0.9507874015748031
20
1.6082677165354331
11
0.9519173622047243
21
1.6080429527559055
0
LINE
8
BLACK
6
CONTINUOUS
10
0.9716024015748032
20
1.6080429527559055
11
0.9725603543307086
21
1.607402874015748
0
LINE
8
BLACK
6
CONTINUOUS
10
0.9725603543307086
20
1.607402874015748
11
0.9732004330708661
21
1.6064449212598424
0
LINE
8
BLACK
6
CONTINUOUS
10
0.9732004330708661
20
1.6064449212598424
11
0.9734251968503936
21
1.6053149606299213
0
LINE
8
BLACK
6
CONTINUOUS
10
0.9734251968503936
20
1.6053149606299213
11
0.9734251968503936
21
1.5501968503937007
0
LINE
8
BLACK
6
CONTINUOUS
10
0.9734251968503936
20
1.5501968503937007
11
0.9732004330708661
21
1.5490668897637796
0
LINE
8
BLACK
6
CONTINUOUS
10
0.9732004330708661
20
1.5490668897637796
11
0.9725603543307086
21
1.548108937007874
0
LINE
8
BLACK
6
CONTINUOUS
10
0.9725603543307086
20
1.548108937007874
11
0.9716024015748032
21
1.5474688582677165
0
LINE
8
BLACK
6
CONTINUOUS
10
0.9716024015748032
20
1.5474688582677165
11
0.9704724409448818
21
1.5472440944881889
0
LINE
8
BLACK
6
CONTINUOUS
10
0.9704724409448818
20
1.5472440944881889
11
0.9645669291338582
21
1.5472440944881889
0
LINE
8
BLACK
6
CONTINUOUS
10
0.9645669291338582
20
1.5472440944881889
11
0.963436968503937
21
1.5474688582677165
0
LINE
8
BLACK
6
CONTINUOUS
10
0.963436968503937
20
1.5474688582677165
11
0.9624790157480315
21
1.548108937007874
0
LINE
8
BLACK
6
CONTINUOUS
10
0.9624790157480315
20
1.548108937007874
11
0.961838937007874
21
1.5490668897637796
0
LINE
8
BLACK
6
CONTINUOUS
10
0.961838937007874
20
1.5490668897637796
11
0.9616141732283464
21
1.5501968503937007
0
LINE
8
BLACK
6
CONTINUOUS
10
0.9616141732283464
20
1.5501968503937007
11
0.9616141732283464
21
1.6053149606299213
0
LINE
8
BLACK
6
CONTINUOUS
10
0.9616141732283464
20
1.6053149606299213
11
0.961838937007874
21
1.6064449212598424
0
LINE
8
BLACK
6
CONTINUOUS
10
0.961838937007874
20
1.6064449212598424
11
0.9624790157480315
21
1.607402874015748
0
LINE
8
BLACK
6
CONTINUOUS
10
0.9624790157480315
20
1.607402874015748
11
0.963436968503937
21
1.6080429527559055
0
LINE
8
BLACK
6
CONTINUOUS
10
0.963436968503937
20
1.6080429527559055
11
0.9645669291338582
21
1.6082677165354331
0
LINE
8
BLACK
6
CONTINUOUS
10
0.9645669291338582
20
1.6082677165354331
11
0.9704724409448818
21
1.6082677165354331
0
LINE
8
BLACK
6
CONTINUOUS
10
0.9704724409448818
20
1.6082677165354331
11
0.9716024015748032
21
1.6080429527559055
0
LINE
8
BLACK
6
CONTINUOUS
10
0.9912874803149606
20
1.6080429527559055
11
0.9922454330708661
21
1.607402874015748
0
LINE
8
BLACK
6
CONTINUOUS
10
0.9922454330708661
20
1.607402874015748
11
0.9928855118110236
21
1.6064449212598424
0
LINE
8
BLACK
6
CONTINUOUS
10
0.9928855118110236
20
1.6064449212598424
11
0.9931102755905512
21
1.6053149606299213
0
LINE
8
BLACK
6
CONTINUOUS
10
0.9931102755905512
20
1.6053149606299213
11
0.9931102755905512
21
1.5501968503937007
0
LINE
8
BLACK
6
CONTINUOUS
10
0.9931102755905512
20
1.5501968503937007
11
0.9928855118110236
21
1.5490668897637796
0
LINE
8
BLACK
6
CONTINUOUS
10
0.9928855118110236
20
1.5490668897637796
11
0.9922454330708661
21
1.548108937007874
0
LINE
8
BLACK
6
CONTINUOUS
10
0.9922454330708661
20
1.548108937007874
11
0.9912874803149606
21
1.5474688582677165
0
LINE
8
BLACK
6
CONTINUOUS
10
0.9912874803149606
20
1.5474688582677165
11
0.9901575196850394
21
1.5472440944881889
0
LINE
8
BLACK
6
CONTINUOUS
10
0.9901575196850394
20
1.5472440944881889
11
0.9842520078740157
21
1.5472440944881889
0
LINE
8
BLACK
6
CONTINUOUS
10
0.9842520078740157
20
1.5472440944881889
11
0.9831220472440945
21
1.5474688582677165
0
LINE
8
BLACK
6
CONTINUOUS
10
0.9831220472440945
20
1.5474688582677165
11
0.982164094488189
21
1.548108937007874
0
LINE
8
BLACK
6
CONTINUOUS
10
0.982164094488189
20
1.548108937007874
11
0.9815240157480315
21
1.5490668897637796
0
LINE
8
BLACK
6
CONTINUOUS
10
0.9815240157480315
20
1.5490668897637796
11
0.9812992519685039
21
1.5501968503937007
0
LINE
8
BLACK
6
CONTINUOUS
10
0.9812992519685039
20
1.5501968503937007
11
0.9812992519685039
21
1.6053149606299213
0
LINE
8
BLACK
6
CONTINUOUS
10
0.9812992519685039
20
1.6053149606299213
11
0.9815240157480315
21
1.6064449212598424
0
LINE
8
BLACK
6
CONTINUOUS
10
0.9815240157480315
20
1.6064449212598424
11
0.982164094488189
21
1.607402874015748
0
LINE
8
BLACK
6
CONTINUOUS
10
0.982164094488189
20
1.607402874015748
11
0.9831220472440945
21
1.6080429527559055
0
LINE
8
BLACK
6
CONTINUOUS
10
0.9831220472440945
20
1.6080429527559055
11
0.9842520078740157
21
1.6082677165354331
0
LINE
8
BLACK
6
CONTINUOUS
10
0.9842520078740157
20
1.6082677165354331
11
0.9901575196850394
21
1.6082677165354331
0
LINE
8
BLACK
6
CONTINUOUS
10
0.9901575196850394
20
1.6082677165354331
11
0.9912874803149606
21
1.6080429527559055
0
LINE
8
BLACK
6
CONTINUOUS
10
1.0109724803149607
20
1.6080429527559055
11
1.0119304330708661
21
1.607402874015748
0
LINE
8
BLACK
6
CONTINUOUS
10
1.0119304330708661
20
1.607402874015748
11
1.0125705118110235
21
1.6064449212598424
0
LINE
8
BLACK
6
CONTINUOUS
10
1.0125705118110235
20
1.6064449212598424
11
1.0127952755905512
21
1.6053149606299213
0
LINE
8
BLACK
6
CONTINUOUS
10
1.0127952755905512
20
1.6053149606299213
11
1.0127952755905512
21
1.5501968503937007
0
LINE
8
BLACK
6
CONTINUOUS
10
1.0127952755905512
20
1.5501968503937007
11
1.0125705118110235
21
1.5490668897637796
0
LINE
8
BLACK
6
CONTINUOUS
10
1.0125705118110235
20
1.5490668897637796
11
1.0119304330708661
21
1.548108937007874
0
LINE
8
BLACK
6
CONTINUOUS
10
1.0119304330708661
20
1.548108937007874
11
1.0109724803149607
21
1.5474688582677165
0
LINE
8
BLACK
6
CONTINUOUS
10
1.0109724803149607
20
1.5474688582677165
11
1.0098425196850394
21
1.5472440944881889
0
LINE
8
BLACK
6
CONTINUOUS
10
1.0098425196850394
20
1.5472440944881889
11
1.0039370078740157
21
1.5472440944881889
0
LINE
8
BLACK
6
CONTINUOUS
10
1.0039370078740157
20
1.5472440944881889
11
1.0028070472440944
21
1.5474688582677165
0
LINE
8
BLACK
6
CONTINUOUS
10
1.0028070472440944
20
1.5474688582677165
11
1.001849094488189
21
1.548108937007874
0
LINE
8
BLACK
6
CONTINUOUS
10
1.001849094488189
20
1.548108937007874
11
1.0012090157480316
21
1.5490668897637796
0
LINE
8
BLACK
6
CONTINUOUS
10
1.0012090157480316
20
1.5490668897637796
11
1.0009842519685039
21
1.5501968503937007
0
LINE
8
BLACK
6
CONTINUOUS
10
1.0009842519685039
20
1.5501968503937007
11
1.0009842519685039
21
1.6053149606299213
0
LINE
8
BLACK
6
CONTINUOUS
10
1.0009842519685039
20
1.6053149606299213
11
1.0012090157480316
21
1.6064449212598424
0
LINE
8
BLACK
6
CONTINUOUS
10
1.0012090157480316
20
1.6064449212598424
11
1.001849094488189
21
1.607402874015748
0
LINE
8
BLACK
6
CONTINUOUS
10
1.001849094488189
20
1.607402874015748
11
1.0028070472440944
21
1.6080429527559055
0
LINE
8
BLACK
6
CONTINUOUS
10
1.0028070472440944
20
1.6080429527559055
11
1.0039370078740157
21
1.6082677165354331
0
LINE
8
BLACK
6
CONTINUOUS
10
1.0039370078740157
20
1.6082677165354331
11
1.0098425196850394
21
1.6082677165354331
0
LINE
8
BLACK
6
CONTINUOUS
10
1.0098425196850394
20
1.6082677165354331
11
1.0109724803149607
21
1.6080429527559055
0
LINE
8
BLACK
6
CONTINUOUS
10
1.0306575196850394
20
1.6080429527559055
11
1.0316154724409448
21
1.607402874015748
0
LINE
8
BLACK
6
CONTINUOUS
10
1.0316154724409448
20
1.607402874015748
11
1.0322555511811022
21
1.6064449212598424
0
LINE
8
BLACK
6
CONTINUOUS
10
1.0322555511811022
20
1.6064449212598424
11
1.0324803149606299
21
1.6053149606299213
0
LINE
8
BLACK
6
CONTINUOUS
10
1.0324803149606299
20
1.6053149606299213
11
1.0324803149606299
21
1.5501968503937007
0
LINE
8
BLACK
6
CONTINUOUS
10
1.0324803149606299
20
1.5501968503937007
11
1.0322555511811022
21
1.5490668897637796
0
LINE
8
BLACK
6
CONTINUOUS
10
1.0322555511811022
20
1.5490668897637796
11
1.0316154724409448
21
1.548108937007874
0
LINE
8
BLACK
6
CONTINUOUS
10
1.0316154724409448
20
1.548108937007874
11
1.0306575196850394
21
1.5474688582677165
0
LINE
8
BLACK
6
CONTINUOUS
10
1.0306575196850394
20
1.5474688582677165
11
1.0295275590551181
21
1.5472440944881889
0
LINE
8
BLACK
6
CONTINUOUS
10
1.0295275590551181
20
1.5472440944881889
11
1.0236220472440944
21
1.5472440944881889
0
LINE
8
BLACK
6
CONTINUOUS
10
1.0236220472440944
20
1.5472440944881889
11
1.0224920866141731
21
1.5474688582677165
0
LINE
8
BLACK
6
CONTINUOUS
10
1.0224920866141731
20
1.5474688582677165
11
1.0215341338582677
21
1.548108937007874
0
LINE
8
BLACK
6
CONTINUOUS
10
1.0215341338582677
20
1.548108937007874
11
1.0208940551181103
21
1.5490668897637796
0
LINE
8
BLACK
6
CONTINUOUS
10
1.0208940551181103
20
1.5490668897637796
11
1.0206692913385826
21
1.5501968503937007
0
LINE
8
BLACK
6
CONTINUOUS
10
1.0206692913385826
20
1.5501968503937007
11
1.0206692913385826
21
1.6053149606299213
0
LINE
8
BLACK
6
CONTINUOUS
10
1.0206692913385826
20
1.6053149606299213
11
1.0208940551181103
21
1.6064449212598424
0
LINE
8
BLACK
6
CONTINUOUS
10
1.0208940551181103
20
1.6064449212598424
11
1.0215341338582677
21
1.607402874015748
0
LINE
8
BLACK
6
CONTINUOUS
10
1.0215341338582677
20
1.607402874015748
11
1.0224920866141731
21
1.6080429527559055
0
LINE
8
BLACK
6
CONTINUOUS
10
1.0224920866141731
20
1.6080429527559055
11
1.0236220472440944
21
1.6082677165354331
0
LINE
8
BLACK
6
CONTINUOUS
10
1.0236220472440944
20
1.6082677165354331
11
1.0295275590551181
21
1.6082677165354331
0
LINE
8
BLACK
6
CONTINUOUS
10
1.0295275590551181
20
1.6082677165354331
11
1.0306575196850394
21
1.6080429527559055
0
LINE
8
BLACK
6
CONTINUOUS
10
1.0503425590551181
20
1.6080429527559055
11
1.0513005118110237
21
1.607402874015748
0
LINE
8
BLACK
6
CONTINUOUS
10
1.0513005118110237
20
1.607402874015748
11
1.0519405905511812
21
1.6064449212598424
0
LINE
8
BLACK
6
CONTINUOUS
10
1.0519405905511812
20
1.6064449212598424
11
1.0521653543307086
21
1.6053149606299213
0
LINE
8
BLACK
6
CONTINUOUS
10
1.0521653543307086
20
1.6053149606299213
11
1.0521653543307086
21
1.5501968503937007
0
LINE
8
BLACK
6
CONTINUOUS
10
1.0521653543307086
20
1.5501968503937007
11
1.0519405905511812
21
1.5490668897637796
0
LINE
8
BLACK
6
CONTINUOUS
10
1.0519405905511812
20
1.5490668897637796
11
1.0513005118110237
21
1.548108937007874
0
LINE
8
BLACK
6
CONTINUOUS
10
1.0513005118110237
20
1.548108937007874
11
1.0503425590551181
21
1.5474688582677165
0
LINE
8
BLACK
6
CONTINUOUS
10
1.0503425590551181
20
1.5474688582677165
11
1.0492125984251968
21
1.5472440944881889
0
LINE
8
BLACK
6
CONTINUOUS
10
1.0492125984251968
20
1.5472440944881889
11
1.0433070866141732
21
1.5472440944881889
0
LINE
8
BLACK
6
CONTINUOUS
10
1.0433070866141732
20
1.5472440944881889
11
1.0421771259842521
21
1.5474688582677165
0
LINE
8
BLACK
6
CONTINUOUS
10
1.0421771259842521
20
1.5474688582677165
11
1.0412191732283465
21
1.548108937007874
0
LINE
8
BLACK
6
CONTINUOUS
10
1.0412191732283465
20
1.548108937007874
11
1.040579094488189
21
1.5490668897637796
0
LINE
8
BLACK
6
CONTINUOUS
10
1.040579094488189
20
1.5490668897637796
11
1.0403543307086613
21
1.5501968503937007
0
LINE
8
BLACK
6
CONTINUOUS
10
1.0403543307086613
20
1.5501968503937007
11
1.0403543307086613
21
1.6053149606299213
0
LINE
8
BLACK
6
CONTINUOUS
10
1.0403543307086613
20
1.6053149606299213
11
1.040579094488189
21
1.6064449212598424
0
LINE
8
BLACK
6
CONTINUOUS
10
1.040579094488189
20
1.6064449212598424
11
1.0412191732283465
21
1.607402874015748
0
LINE
8
BLACK
6
CONTINUOUS
10
1.0412191732283465
20
1.607402874015748
11
1.0421771259842521
21
1.6080429527559055
0
LINE
8
BLACK
6
CONTINUOUS
10
1.0421771259842521
20
1.6080429527559055
11
1.0433070866141732
21
1.6082677165354331
0
LINE
8
BLACK
6
CONTINUOUS
10
1.0433070866141732
20
1.6082677165354331
11
1.0492125984251968
21
1.6082677165354331
0
LINE
8
BLACK
6
CONTINUOUS
10
1.0492125984251968
20
1.6082677165354331
11
1.0503425590551181
21
1.6080429527559055
0
LINE
8
BLACK
6
CONTINUOUS
10
1.0700275984251968
20
1.6080429527559055
11
1.0709855511811024
21
1.607402874015748
0
LINE
8
BLACK
6
CONTINUOUS
10
1.0709855511811024
20
1.607402874015748
11
1.0716256299212599
21
1.6064449212598424
0
LINE
8
BLACK
6
CONTINUOUS
10
1.0716256299212599
20
1.6064449212598424
11
1.0718503937007873
21
1.6053149606299213
0
LINE
8
BLACK
6
CONTINUOUS
10
1.0718503937007873
20
1.6053149606299213
11
1.0718503937007873
21
1.5501968503937007
0
LINE
8
BLACK
6
CONTINUOUS
10
1.0718503937007873
20
1.5501968503937007
11
1.0716256299212599
21
1.5490668897637796
0
LINE
8
BLACK
6
CONTINUOUS
10
1.0716256299212599
20
1.5490668897637796
11
1.0709855511811024
21
1.548108937007874
0
LINE
8
BLACK
6
CONTINUOUS
10
1.0709855511811024
20
1.548108937007874
11
1.0700275984251968
21
1.5474688582677165
0
LINE
8
BLACK
6
CONTINUOUS
10
1.0700275984251968
20
1.5474688582677165
11
1.0688976377952755
21
1.5472440944881889
0
LINE
8
BLACK
6
CONTINUOUS
10
1.0688976377952755
20
1.5472440944881889
11
1.0629921259842519
21
1.5472440944881889
0
LINE
8
BLACK
6
CONTINUOUS
10
1.0629921259842519
20
1.5472440944881889
11
1.0618621653543308
21
1.5474688582677165
0
LINE
8
BLACK
6
CONTINUOUS
10
1.0618621653543308
20
1.5474688582677165
11
1.0609042125984252
21
1.548108937007874
0
LINE
8
BLACK
6
CONTINUOUS
10
1.0609042125984252
20
1.548108937007874
11
1.0602641338582677
21
1.5490668897637796
0
LINE
8
BLACK
6
CONTINUOUS
10
1.0602641338582677
20
1.5490668897637796
11
1.0600393700787401
21
1.5501968503937007
0
LINE
8
BLACK
6
CONTINUOUS
10
1.0600393700787401
20
1.5501968503937007
11
1.0600393700787401
21
1.6053149606299213
0
LINE
8
BLACK
6
CONTINUOUS
10
1.0600393700787401
20
1.6053149606299213
11
1.0602641338582677
21
1.6064449212598424
0
LINE
8
BLACK
6
CONTINUOUS
10
1.0602641338582677
20
1.6064449212598424
11
1.0609042125984252
21
1.607402874015748
0
LINE
8
BLACK
6
CONTINUOUS
10
1.0609042125984252
20
1.607402874015748
11
1.0618621653543308
21
1.6080429527559055
0
LINE
8
BLACK
6
CONTINUOUS
10
1.0618621653543308
20
1.6080429527559055
11
1.0629921259842519
21
1.6082677165354331
0
LINE
8
BLACK
6
CONTINUOUS
10
1.0629921259842519
20
1.6082677165354331
11
1.0688976377952755
21
1.6082677165354331
0
LINE
8
BLACK
6
CONTINUOUS
10
1.0688976377952755
20
1.6082677165354331
11
1.0700275984251968
21
1.6080429527559055
0
LINE
8
BLACK
6
CONTINUOUS
10
1.0897125984251967
20
1.6080429527559055
11
1.0906705511811023
21
1.607402874015748
0
LINE
8
BLACK
6
CONTINUOUS
10
1.0906705511811023
20
1.607402874015748
11
1.0913106299212598
21
1.6064449212598424
0
LINE
8
BLACK
6
CONTINUOUS
10
1.0913106299212598
20
1.6064449212598424
11
1.0915353937007874
21
1.6053149606299213
0
LINE
8
BLACK
6
CONTINUOUS
10
1.0915353937007874
20
1.6053149606299213
11
1.0915353937007874
21
1.5501968503937007
0
LINE
8
BLACK
6
CONTINUOUS
10
1.0915353937007874
20
1.5501968503937007
11
1.0913106299212598
21
1.5490668897637796
0
LINE
8
BLACK
6
CONTINUOUS
10
1.0913106299212598
20
1.5490668897637796
11
1.0906705511811023
21
1.548108937007874
0
LINE
8
BLACK
6
CONTINUOUS
10
1.0906705511811023
20
1.548108937007874
11
1.0897125984251967
21
1.5474688582677165
0
LINE
8
BLACK
6
CONTINUOUS
10
1.0897125984251967
20
1.5474688582677165
11
1.0885826377952756
21
1.5472440944881889
0
LINE
8
BLACK
6
CONTINUOUS
10
1.0885826377952756
20
1.5472440944881889
11
1.082677125984252
21
1.5472440944881889
0
LINE
8
BLACK
6
CONTINUOUS
10
1.082677125984252
20
1.5472440944881889
11
1.0815471653543307
21
1.5474688582677165
0
LINE
8
BLACK
6
CONTINUOUS
10
1.0815471653543307
20
1.5474688582677165
11
1.0805892125984251
21
1.548108937007874
0
LINE
8
BLACK
6
CONTINUOUS
10
1.0805892125984251
20
1.548108937007874
11
1.0799491338582676
21
1.5490668897637796
0
LINE
8
BLACK
6
CONTINUOUS
10
1.0799491338582676
20
1.5490668897637796
11
1.0797243700787402
21
1.5501968503937007
0
LINE
8
BLACK
6
CONTINUOUS
10
1.0797243700787402
20
1.5501968503937007
11
1.0797243700787402
21
1.6053149606299213
0
LINE
8
BLACK
6
CONTINUOUS
10
1.0797243700787402
20
1.6053149606299213
11
1.0799491338582676
21
1.6064449212598424
0
LINE
8
BLACK
6
CONTINUOUS
10
1.0799491338582676
20
1.6064449212598424
11
1.0805892125984251
21
1.607402874015748
0
LINE
8
BLACK
6
CONTINUOUS
10
1.0805892125984251
20
1.607402874015748
11
1.0815471653543307
21
1.6080429527559055
0
LINE
8
BLACK
6
CONTINUOUS
10
1.0815471653543307
20
1.6080429527559055
11
1.082677125984252
21
1.6082677165354331
0
LINE
8
BLACK
6
CONTINUOUS
10
1.082677125984252
20
1.6082677165354331
11
1.0885826377952756
21
1.6082677165354331
0
LINE
8
BLACK
6
CONTINUOUS
10
1.0885826377952756
20
1.6082677165354331
11
1.0897125984251967
21
1.6080429527559055
0
LINE
8
BLACK
6
CONTINUOUS
10
1.1093976771653542
20
1.6080429527559055
11
1.1103556299212598
21
1.607402874015748
0
LINE
8
BLACK
6
CONTINUOUS
10
1.1103556299212598
20
1.607402874015748
11
1.1109957086614173
21
1.6064449212598424
0
LINE
8
BLACK
6
CONTINUOUS
10
1.1109957086614173
20
1.6064449212598424
11
1.1112204724409449
21
1.6053149606299213
0
LINE
8
BLACK
6
CONTINUOUS
10
1.1112204724409449
20
1.6053149606299213
11
1.1112204724409449
21
1.5501968503937007
0
LINE
8
BLACK
6
CONTINUOUS
10
1.1112204724409449
20
1.5501968503937007
11
1.1109957086614173
21
1.5490668897637796
0
LINE
8
BLACK
6
CONTINUOUS
10
1.1109957086614173
20
1.5490668897637796
11
1.1103556299212598
21
1.548108937007874
0
LINE
8
BLACK
6
CONTINUOUS
10
1.1103556299212598
20
1.548108937007874
11
1.1093976771653542
21
1.5474688582677165
0
LINE
8
BLACK
6
CONTINUOUS
10
1.1093976771653542
20
1.5474688582677165
11
1.1082677165354331
21
1.5472440944881889
0
LINE
8
BLACK
6
CONTINUOUS
10
1.1082677165354331
20
1.5472440944881889
11
1.1023622047244095
21
1.5472440944881889
0
LINE
8
BLACK
6
CONTINUOUS
10
1.1023622047244095
20
1.5472440944881889
11
1.1012322440944882
21
1.5474688582677165
0
LINE
8
BLACK
6
CONTINUOUS
10
1.1012322440944882
20
1.5474688582677165
11
1.1002742913385826
21
1.548108937007874
0
LINE
8
BLACK
6
CONTINUOUS
10
1.1002742913385826
20
1.548108937007874
11
1.0996342125984251
21
1.5490668897637796
0
LINE
8
BLACK
6
CONTINUOUS
10
1.0996342125984251
20
1.5490668897637796
11
1.0994094488188977
21
1.5501968503937007
0
LINE
8
BLACK
6
CONTINUOUS
10
1.0994094488188977
20
1.5501968503937007
11
1.0994094488188977
21
1.6053149606299213
0
LINE
8
BLACK
6
CONTINUOUS
10
1.0994094488188977
20
1.6053149606299213
11
1.0996342125984251
21
1.6064449212598424
0
LINE
8
BLACK
6
CONTINUOUS
10
1.0996342125984251
20
1.6064449212598424
11
1.1002742913385826
21
1.607402874015748
0
LINE
8
BLACK
6
CONTINUOUS
10
1.1002742913385826
20
1.607402874015748
11
1.1012322440944882
21
1.6080429527559055
0
LINE
8
BLACK
6
CONTINUOUS
10
1.1012322440944882
20
1.6080429527559055
11
1.1023622047244095
21
1.6082677165354331
0
LINE
8
BLACK
6
CONTINUOUS
10
1.1023622047244095
20
1.6082677165354331
11
1.1082677165354331
21
1.6082677165354331
0
LINE
8
BLACK
6
CONTINUOUS
10
1.1082677165354331
20
1.6082677165354331
11
1.1093976771653542
21
1.6080429527559055
0
LINE
8
BLACK
6
CONTINUOUS
10
1.1290827165354331
20
1.6080429527559055
11
1.1300406692913385
21
1.607402874015748
0
LINE
8
BLACK
6
CONTINUOUS
10
1.1300406692913385
20
1.607402874015748
11
1.130680748031496
21
1.6064449212598424
0
LINE
8
BLACK
6
CONTINUOUS
10
1.130680748031496
20
1.6064449212598424
11
1.1309055118110236
21
1.6053149606299213
0
LINE
8
BLACK
6
CONTINUOUS
10
1.1309055118110236
20
1.6053149606299213
11
1.1309055118110236
21
1.5501968503937007
0
LINE
8
BLACK
6
CONTINUOUS
10
1.1309055118110236
20
1.5501968503937007
11
1.130680748031496
21
1.5490668897637796
0
LINE
8
BLACK
6
CONTINUOUS
10
1.130680748031496
20
1.5490668897637796
11
1.1300406692913385
21
1.548108937007874
0
LINE
8
BLACK
6
CONTINUOUS
10
1.1300406692913385
20
1.548108937007874
11
1.1290827165354331
21
1.5474688582677165
0
LINE
8
BLACK
6
CONTINUOUS
10
1.1290827165354331
20
1.5474688582677165
11
1.1279527559055118
21
1.5472440944881889
0
LINE
8
BLACK
6
CONTINUOUS
10
1.1279527559055118
20
1.5472440944881889
11
1.1220472440944882
21
1.5472440944881889
0
LINE
8
BLACK
6
CONTINUOUS
10
1.1220472440944882
20
1.5472440944881889
11
1.1209172834645669
21
1.5474688582677165
0
LINE
8
BLACK
6
CONTINUOUS
10
1.1209172834645669
20
1.5474688582677165
11
1.1199593307086615
21
1.548108937007874
0
LINE
8
BLACK
6
CONTINUOUS
10
1.1199593307086615
20
1.548108937007874
11
1.119319251968504
21
1.5490668897637796
0
LINE
8
BLACK
6
CONTINUOUS
10
1.119319251968504
20
1.5490668897637796
11
1.1190944881889764
21
1.5501968503937007
0
LINE
8
BLACK
6
CONTINUOUS
10
1.1190944881889764
20
1.5501968503937007
11
1.1190944881889764
21
1.6053149606299213
0
LINE
8
BLACK
6
CONTINUOUS
10
1.1190944881889764
20
1.6053149606299213
11
1.119319251968504
21
1.6064449212598424
0
LINE
8
BLACK
6
CONTINUOUS
10
1.119319251968504
20
1.6064449212598424
11
1.1199593307086615
21
1.607402874015748
0
LINE
8
BLACK
6
CONTINUOUS
10
1.1199593307086615
20
1.607402874015748
11
1.1209172834645669
21
1.6080429527559055
0
LINE
8
BLACK
6
CONTINUOUS
10
1.1209172834645669
20
1.6080429527559055
11
1.1220472440944882
21
1.6082677165354331
0
LINE
8
BLACK
6
CONTINUOUS
10
1.1220472440944882
20
1.6082677165354331
11
1.1279527559055118
21
1.6082677165354331
0
LINE
8
BLACK
6
CONTINUOUS
10
1.1279527559055118
20
1.6082677165354331
11
1.1290827165354331
21
1.6080429527559055
0
LINE
8
BLACK
6
CONTINUOUS
10
1.1487677559055118
20
1.6080429527559055
11
1.1497257086614172
21
1.607402874015748
0
LINE
8
BLACK
6
CONTINUOUS
10
1.1497257086614172
20
1.607402874015748
11
1.1503657874015747
21
1.6064449212598424
0
LINE
8
BLACK
6
CONTINUOUS
10
1.1503657874015747
20
1.6064449212598424
11
1.1505905511811023
21
1.6053149606299213
0
LINE
8
BLACK
6
CONTINUOUS
10
1.1505905511811023
20
1.6053149606299213
11
1.1505905511811023
21
1.5501968503937007
0
LINE
8
BLACK
6
CONTINUOUS
10
1.1505905511811023
20
1.5501968503937007
11
1.1503657874015747
21
1.5490668897637796
0
LINE
8
BLACK
6
CONTINUOUS
10
1.1503657874015747
20
1.5490668897637796
11
1.1497257086614172
21
1.548108937007874
0
LINE
8
BLACK
6
CONTINUOUS
10
1.1497257086614172
20
1.548108937007874
11
1.1487677559055118
21
1.5474688582677165
0
LINE
8
BLACK
6
CONTINUOUS
10
1.1487677559055118
20
1.5474688582677165
11
1.1476377952755905
21
1.5472440944881889
0
LINE
8
BLACK
6
CONTINUOUS
10
1.1476377952755905
20
1.5472440944881889
11
1.1417322834645669
21
1.5472440944881889
0
LINE
8
BLACK
6
CONTINUOUS
10
1.1417322834645669
20
1.5472440944881889
11
1.1406023228346456
21
1.5474688582677165
0
LINE
8
BLACK
6
CONTINUOUS
10
1.1406023228346456
20
1.5474688582677165
11
1.1396443700787402
21
1.548108937007874
0
LINE
8
BLACK
6
CONTINUOUS
10
1.1396443700787402
20
1.548108937007874
11
1.1390042913385827
21
1.5490668897637796
0
LINE
8
BLACK
6
CONTINUOUS
10
1.1390042913385827
20
1.5490668897637796
11
1.1387795275590551
21
1.5501968503937007
0
LINE
8
BLACK
6
CONTINUOUS
10
1.1387795275590551
20
1.5501968503937007
11
1.1387795275590551
21
1.6053149606299213
0
LINE
8
BLACK
6
CONTINUOUS
10
1.1387795275590551
20
1.6053149606299213
11
1.1390042913385827
21
1.6064449212598424
0
LINE
8
BLACK
6
CONTINUOUS
10
1.1390042913385827
20
1.6064449212598424
11
1.1396443700787402
21
1.607402874015748
0
LINE
8
BLACK
6
CONTINUOUS
10
1.1396443700787402
20
1.607402874015748
11
1.1406023228346456
21
1.6080429527559055
0
LINE
8
BLACK
6
CONTINUOUS
10
1.1406023228346456
20
1.6080429527559055
11
1.1417322834645669
21
1.6082677165354331
0
LINE
8
BLACK
6
CONTINUOUS
10
1.1417322834645669
20
1.6082677165354331
11
1.1476377952755905
21
1.6082677165354331
0
LINE
8
BLACK
6
CONTINUOUS
10
1.1476377952755905
20
1.6082677165354331
11
1.1487677559055118
21
1.6080429527559055
0
LINE
8
BLACK
6
CONTINUOUS
10
1.1684527952755905
20
1.6080429527559055
11
1.1694107480314961
21
1.607402874015748
0
LINE
8
BLACK
6
CONTINUOUS
10
1.1694107480314961
20
1.607402874015748
11
1.1700508267716536
21
1.6064449212598424
0
LINE
8
BLACK
6
CONTINUOUS
10
1.1700508267716536
20
1.6064449212598424
11
1.170275590551181
21
1.6053149606299213
0
LINE
8
BLACK
6
CONTINUOUS
10
1.170275590551181
20
1.6053149606299213
11
1.170275590551181
21
1.5501968503937007
0
LINE
8
BLACK
6
CONTINUOUS
10
1.170275590551181
20
1.5501968503937007
11
1.1700508267716536
21
1.5490668897637796
0
LINE
8
BLACK
6
CONTINUOUS
10
1.1700508267716536
20
1.5490668897637796
11
1.1694107480314961
21
1.548108937007874
0
LINE
8
BLACK
6
CONTINUOUS
10
1.1694107480314961
20
1.548108937007874
11
1.1684527952755905
21
1.5474688582677165
0
LINE
8
BLACK
6
CONTINUOUS
10
1.1684527952755905
20
1.5474688582677165
11
1.1673228346456692
21
1.5472440944881889
0
LINE
8
BLACK
6
CONTINUOUS
10
1.1673228346456692
20
1.5472440944881889
11
1.1614173228346456
21
1.5472440944881889
0
LINE
8
BLACK
6
CONTINUOUS
10
1.1614173228346456
20
1.5472440944881889
11
1.1602873622047243
21
1.5474688582677165
0
LINE
8
BLACK
6
CONTINUOUS
10
1.1602873622047243
20
1.5474688582677165
11
1.1593294094488189
21
1.548108937007874
0
LINE
8
BLACK
6
CONTINUOUS
10
1.1593294094488189
20
1.548108937007874
11
1.1586893307086614
21
1.5490668897637796
0
LINE
8
BLACK
6
CONTINUOUS
10
1.1586893307086614
20
1.5490668897637796
11
1.1584645669291338
21
1.5501968503937007
0
LINE
8
BLACK
6
CONTINUOUS
10
1.1584645669291338
20
1.5501968503937007
11
1.1584645669291338
21
1.6053149606299213
0
LINE
8
BLACK
6
CONTINUOUS
10
1.1584645669291338
20
1.6053149606299213
11
1.1586893307086614
21
1.6064449212598424
0
LINE
8
BLACK
6
CONTINUOUS
10
1.1586893307086614
20
1.6064449212598424
11
1.1593294094488189
21
1.607402874015748
0
LINE
8
BLACK
6
CONTINUOUS
10
1.1593294094488189
20
1.607402874015748
11
1.1602873622047243
21
1.6080429527559055
0
LINE
8
BLACK
6
CONTINUOUS
10
1.1602873622047243
20
1.6080429527559055
11
1.1614173228346456
21
1.6082677165354331
0
LINE
8
BLACK
6
CONTINUOUS
10
1.1614173228346456
20
1.6082677165354331
11
1.1673228346456692
21
1.6082677165354331
0
LINE
8
BLACK
6
CONTINUOUS
10
1.1673228346456692
20
1.6082677165354331
11
1.1684527952755905
21
1.6080429527559055
0
LINE
8
BLACK
6
CONTINUOUS
10
1.1881377952755905
20
1.6080429527559055
11
1.1890957480314961
21
1.607402874015748
0
LINE
8
BLACK
6
CONTINUOUS
10
1.1890957480314961
20
1.607402874015748
11
1.1897358267716536
21
1.6064449212598424
0
LINE
8
BLACK
6
CONTINUOUS
10
1.1897358267716536
20
1.6064449212598424
11
1.189960590551181
21
1.6053149606299213
0
LINE
8
BLACK
6
CONTINUOUS
10
1.189960590551181
20
1.6053149606299213
11
1.189960590551181
21
1.5501968503937007
0
LINE
8
BLACK
6
CONTINUOUS
10
1.189960590551181
20
1.5501968503937007
11
1.1897358267716536
21
1.5490668897637796
0
LINE
8
BLACK
6
CONTINUOUS
10
1.1897358267716536
20
1.5490668897637796
11
1.1890957480314961
21
1.548108937007874
0
LINE
8
BLACK
6
CONTINUOUS
10
1.1890957480314961
20
1.548108937007874
11
1.1881377952755905
21
1.5474688582677165
0
LINE
8
BLACK
6
CONTINUOUS
10
1.1881377952755905
20
1.5474688582677165
11
1.1870078346456692
21
1.5472440944881889
0
LINE
8
BLACK
6
CONTINUOUS
10
1.1870078346456692
20
1.5472440944881889
11
1.1811023228346456
21
1.5472440944881889
0
LINE
8
BLACK
6
CONTINUOUS
10
1.1811023228346456
20
1.5472440944881889
11
1.1799723622047245
21
1.5474688582677165
0
LINE
8
BLACK
6
CONTINUOUS
10
1.1799723622047245
20
1.5474688582677165
11
1.1790144094488189
21
1.548108937007874
0
LINE
8
BLACK
6
CONTINUOUS
10
1.1790144094488189
20
1.548108937007874
11
1.1783743307086614
21
1.5490668897637796
0
LINE
8
BLACK
6
CONTINUOUS
10
1.1783743307086614
20
1.5490668897637796
11
1.1781495669291338
21
1.5501968503937007
0
LINE
8
BLACK
6
CONTINUOUS
10
1.1781495669291338
20
1.5501968503937007
11
1.1781495669291338
21
1.6053149606299213
0
LINE
8
BLACK
6
CONTINUOUS
10
1.1781495669291338
20
1.6053149606299213
11
1.1783743307086614
21
1.6064449212598424
0
LINE
8
BLACK
6
CONTINUOUS
10
1.1783743307086614
20
1.6064449212598424
11
1.1790144094488189
21
1.607402874015748
0
LINE
8
BLACK
6
CONTINUOUS
10
1.1790144094488189
20
1.607402874015748
11
1.1799723622047245
21
1.6080429527559055
0
LINE
8
BLACK
6
CONTINUOUS
10
1.1799723622047245
20
1.6080429527559055
11
1.1811023228346456
21
1.6082677165354331
0
LINE
8
BLACK
6
CONTINUOUS
10
1.1811023228346456
20
1.6082677165354331
11
1.1870078346456692
21
1.6082677165354331
0
LINE
8
BLACK
6
CONTINUOUS
10
1.1870078346456692
20
1.6082677165354331
11
1.1881377952755905
21
1.6080429527559055
0
LINE
8
BLACK
6
CONTINUOUS
10
1.4675944094488189
20
1.6267123622047244
11
1.470787559055118
21
1.624578779527559
0
LINE
8
BLACK
6
CONTINUOUS
10
1.470787559055118
20
1.624578779527559
11
1.489578779527559
21
1.6057875590551181
0
LINE
8
BLACK
6
CONTINUOUS
10
1.489578779527559
20
1.6057875590551181
11
1.4917123622047244
21
1.6025944094488189
0
LINE
8
BLACK
6
CONTINUOUS
10
1.4917123622047244
20
1.6025944094488189
11
1.4924616141732283
21
1.5988278346456692
0
LINE
8
BLACK
6
CONTINUOUS
10
1.4924616141732283
20
1.5988278346456692
11
1.4917123622047244
21
1.5950612598425196
0
LINE
8
BLACK
6
CONTINUOUS
10
1.4917123622047244
20
1.5950612598425196
11
1.489578779527559
21
1.5918681102362204
0
LINE
8
BLACK
6
CONTINUOUS
10
1.489578779527559
20
1.5918681102362204
11
1.4631318897637795
21
1.5654212204724409
0
LINE
8
BLACK
6
CONTINUOUS
10
1.4631318897637795
20
1.5654212204724409
11
1.4599387401574804
21
1.5632876377952756
0
LINE
8
BLACK
6
CONTINUOUS
10
1.4599387401574804
20
1.5632876377952756
11
1.4561721653543307
21
1.5625383858267716
0
LINE
8
BLACK
6
CONTINUOUS
10
1.4561721653543307
20
1.5625383858267716
11
1.452405590551181
21
1.5632876377952756
0
LINE
8
BLACK
6
CONTINUOUS
10
1.452405590551181
20
1.5632876377952756
11
1.4492124409448819
21
1.5654212204724409
0
LINE
8
BLACK
6
CONTINUOUS
10
1.4492124409448819
20
1.5654212204724409
11
1.4304212204724409
21
1.5842124409448819
0
LINE
8
BLACK
6
CONTINUOUS
10
1.4304212204724409
20
1.5842124409448819
11
1.4282876377952756
21
1.587405590551181
0
LINE
8
BLACK
6
CONTINUOUS
10
1.4282876377952756
20
1.587405590551181
11
1.4275383858267716
21
1.5911721653543307
0
LINE
8
BLACK
6
CONTINUOUS
10
1.4275383858267716
20
1.5911721653543307
11
1.4282876377952756
21
1.5949387401574804
0
LINE
8
BLACK
6
CONTINUOUS
10
1.4282876377952756
20
1.5949387401574804
11
1.4304212204724409
21
1.5981318897637795
0
LINE
8
BLACK
6
CONTINUOUS
10
1.4304212204724409
20
1.5981318897637795
11
1.4568681102362204
21
1.624578779527559
0
LINE
8
BLACK
6
CONTINUOUS
10
1.4568681102362204
20
1.624578779527559
11
1.4600612598425196
21
1.6267123622047244
0
LINE
8
BLACK
6
CONTINUOUS
10
1.4600612598425196
20
1.6267123622047244
11
1.4638278346456692
21
1.6274616141732283
0
LINE
8
BLACK
6
CONTINUOUS
10
1.4638278346456692
20
1.6274616141732283
11
1.4675944094488189
21
1.6267123622047244
0
LINE
8
BLACK
6
CONTINUOUS
10
0.1603411023622047
20
1.6818266929133858
11
0.1667322834645669
21
1.6789811811023623
0
LINE
8
BLACK
6
CONTINUOUS
10
0.1667322834645669
20
1.6789811811023623
11
0.1723921653543307
21
1.6748690157480315
0
LINE
8
BLACK
6
CONTINUOUS
10
0.1723921653543307
20
1.6748690157480315
11
0.1770733858267717
21
1.6696699606299212
0
LINE
8
BLACK
6
CONTINUOUS
10
0.1770733858267717
20
1.6696699606299212
11
0.1805714173228346
21
1.6636112598425197
0
LINE
8
BLACK
6
CONTINUOUS
10
0.1805714173228346
20
1.6636112598425197
11
0.1827332677165354
21
1.6569576771653542
0
LINE
8
BLACK
6
CONTINUOUS
10
0.1827332677165354
20
1.6569576771653542
11
0.1834645669291338
21
1.6499999999999999
0
LINE
8
BLACK
6
CONTINUOUS
10
0.1834645669291338
20
1.6499999999999999
11
0.1827332677165354
21
1.6430423228346456
0
LINE
8
BLACK
6
CONTINUOUS
10
0.1827332677165354
20
1.6430423228346456
11
0.1805714173228346
21
1.6363887401574804
0
LINE
8
BLACK
6
CONTINUOUS
10
0.1805714173228346
20
1.6363887401574804
11
0.1770733858267717
21
1.6303300393700788
0
LINE
8
BLACK
6
CONTINUOUS
10
0.1770733858267717
20
1.6303300393700788
11
0.1723921653543307
21
1.6251309842519686
0
LINE
8
BLACK
6
CONTINUOUS
10
0.1723921653543307
20
1.6251309842519686
11
0.1667322834645669
21
1.6210188188976378
0
LINE
8
BLACK
6
CONTINUOUS
10
0.1667322834645669
20
1.6210188188976378
11
0.1603411023622047
21
1.6181733070866142
0
LINE
8
BLACK
6
CONTINUOUS
10
0.1603411023622047
20
1.6181733070866142
11
0.1534979921259843
21
1.6167187401574803
0
LINE
8
BLACK
6
CONTINUOUS
10
0.1534979921259843
20
1.6167187401574803
11
0.1465020078740157
21
1.6167187401574803
0
LINE
8
BLACK
6
CONTINUOUS
10
0.1465020078740157
20
1.6167187401574803
11
0.1396588976377953
21
1.6181733070866142
0
LINE
8
BLACK
6
CONTINUOUS
10
0.1396588976377953
20
1.6181733070866142
11
0.1332677165354331
21
1.6210188188976378
0
LINE
8
BLACK
6
CONTINUOUS
10
0.1332677165354331
20
1.6210188188976378
11
0.1276078346456693
21
1.6251309842519686
0
LINE
8
BLACK
6
CONTINUOUS
10
0.1276078346456693
20
1.6251309842519686
11
0.1229266141732283
21
1.6303300393700788
0
LINE
8
BLACK
6
CONTINUOUS
10
0.1229266141732283
20
1.6303300393700788
11
0.1194285826771654
21
1.6363887401574804
0
LINE
8
BLACK
6
CONTINUOUS
10
0.1194285826771654
20
1.6363887401574804
11
0.1172667322834646
21
1.6430423228346456
0
LINE
8
BLACK
6
CONTINUOUS
10
0.1172667322834646
20
1.6430423228346456
11
0.1165354330708661
21
1.6499999999999999
0
LINE
8
BLACK
6
CONTINUOUS
10
0.1165354330708661
20
1.6499999999999999
11
0.1172667322834646
21
1.6569576771653542
0
LINE
8
BLACK
6
CONTINUOUS
10
0.1172667322834646
20
1.6569576771653542
11
0.1194285826771654
21
1.6636112598425197
0
LINE
8
BLACK
6
CONTINUOUS
10
0.1194285826771654
20
1.6636112598425197
11
0.1229266141732283
21
1.6696699606299212
0
LINE
8
BLACK
6
CONTINUOUS
10
0.1229266141732283
20
1.6696699606299212
11
0.1276078346456693
21
1.6748690157480315
0
LINE
8
BLACK
6
CONTINUOUS
10
0.1276078346456693
20
1.6748690157480315
11
0.1332677165354331
21
1.6789811811023623
0
LINE
8
BLACK
6
CONTINUOUS
10
0.1332677165354331
20
1.6789811811023623
11
0.1396588976377953
21
1.6818266929133858
0
LINE
8
BLACK
6
CONTINUOUS
10
0.1396588976377953
20
1.6818266929133858
11
0.1465020078740157
21
1.6832812598425198
0
LINE
8
BLACK
6
CONTINUOUS
10
0.1465020078740157
20
1.6832812598425198
11
0.1534979921259843
21
1.6832812598425198
0
LINE
8
BLACK
6
CONTINUOUS
10
0.1534979921259843
20
1.6832812598425198
11
0.1603411023622047
21
1.6818266929133858
0
LINE
8
BLACK
6
CONTINUOUS
10
0.2603411023622047
20
1.6818266929133858
11
0.2667322834645669
21
1.6789811811023623
0
LINE
8
BLACK
6
CONTINUOUS
10
0.2667322834645669
20
1.6789811811023623
11
0.2723921653543307
21
1.6748690157480315
0
LINE
8
BLACK
6
CONTINUOUS
10
0.2723921653543307
20
1.6748690157480315
11
0.2770733858267717
21
1.6696699606299212
0
LINE
8
BLACK
6
CONTINUOUS
10
0.2770733858267717
20
1.6696699606299212
11
0.2805714173228346
21
1.6636112598425197
0
LINE
8
BLACK
6
CONTINUOUS
10
0.2805714173228346
20
1.6636112598425197
11
0.2827332677165355
21
1.6569576771653542
0
LINE
8
BLACK
6
CONTINUOUS
10
0.2827332677165355
20
1.6569576771653542
11
0.2834645669291339
21
1.6499999999999999
0
LINE
8
BLACK
6
CONTINUOUS
10
0.2834645669291339
20
1.6499999999999999
11
0.2827332677165355
21
1.6430423228346456
0
LINE
8
BLACK
6
CONTINUOUS
10
0.2827332677165355
20
1.6430423228346456
11
0.2805714173228346
21
1.6363887401574804
0
LINE
8
BLACK
6
CONTINUOUS
10
0.2805714173228346
20
1.6363887401574804
11
0.2770733858267717
21
1.6303300393700788
0
LINE
8
BLACK
6
CONTINUOUS
10
0.2770733858267717
20
1.6303300393700788
11
0.2723921653543307
21
1.6251309842519686
0
LINE
8
BLACK
6
CONTINUOUS
10
0.2723921653543307
20
1.6251309842519686
11
0.2667322834645669
21
1.6210188188976378
0
LINE
8
BLACK
6
CONTINUOUS
10
0.2667322834645669
20
1.6210188188976378
11
0.2603411023622047
21
1.6181733070866142
0
LINE
8
BLACK
6
CONTINUOUS
10
0.2603411023622047
20
1.6181733070866142
11
0.2534979921259842
21
1.6167187401574803
0
LINE
8
BLACK
6
CONTINUOUS
10
0.2534979921259842
20
1.6167187401574803
11
0.2465020078740157
21
1.6167187401574803
0
LINE
8
BLACK
6
CONTINUOUS
10
0.2465020078740157
20
1.6167187401574803
11
0.2396588976377953
21
1.6181733070866142
0
LINE
8
BLACK
6
CONTINUOUS
10
0.2396588976377953
20
1.6181733070866142
11
0.2332677165354331
21
1.6210188188976378
0
LINE
8
BLACK
6
CONTINUOUS
10
0.2332677165354331
20
1.6210188188976378
11
0.2276078346456693
21
1.6251309842519686
0
LINE
8
BLACK
6
CONTINUOUS
10
0.2276078346456693
20
1.6251309842519686
11
0.2229266141732283
21
1.6303300393700788
0
LINE
8
BLACK
6
CONTINUOUS
10
0.2229266141732283
20
1.6303300393700788
11
0.2194285826771654
21
1.6363887401574804
0
LINE
8
BLACK
6
CONTINUOUS
10
0.2194285826771654
20
1.6363887401574804
11
0.2172667322834646
21
1.6430423228346456
0
LINE
8
BLACK
6
CONTINUOUS
10
0.2172667322834646
20
1.6430423228346456
11
0.2165354330708661
21
1.6499999999999999
0
LINE
8
BLACK
6
CONTINUOUS
10
0.2165354330708661
20
1.6499999999999999
11
0.2172667322834646
21
1.6569576771653542
0
LINE
8
BLACK
6
CONTINUOUS
10
0.2172667322834646
20
1.6569576771653542
11
0.2194285826771654
21
1.6636112598425197
0
LINE
8
BLACK
6
CONTINUOUS
10
0.2194285826771654
20
1.6636112598425197
11
0.2229266141732283
21
1.6696699606299212
0
LINE
8
BLACK
6
CONTINUOUS
10
0.2229266141732283
20
1.6696699606299212
11
0.2276078346456693
21
1.6748690157480315
0
LINE
8
BLACK
6
CONTINUOUS
10
0.2276078346456693
20
1.6748690157480315
11
0.2332677165354331
21
1.6789811811023623
0
LINE
8
BLACK
6
CONTINUOUS
10
0.2332677165354331
20
1.6789811811023623
11
0.2396588976377953
21
1.6818266929133858
0
LINE
8
BLACK
6
CONTINUOUS
10
0.2396588976377953
20
1.6818266929133858
11
0.2465020078740157
21
1.6832812598425198
0
LINE
8
BLACK
6
CONTINUOUS
10
0.2465020078740157
20
1.6832812598425198
11
0.2534979921259842
21
1.6832812598425198
0
LINE
8
BLACK
6
CONTINUOUS
10
0.2534979921259842
20
1.6832812598425198
11
0.2603411023622047
21
1.6818266929133858
0
LINE
8
BLACK
6
CONTINUOUS
10
1.760144251968504
20
1.6818266929133858
11
1.766535433070866
21
1.6789811811023623
0
LINE
8
BLACK
6
CONTINUOUS
10
1.766535433070866
20
1.6789811811023623
11
1.77219531496063
21
1.6748690157480315
0
LINE
8
BLACK
6
CONTINUOUS
10
1.77219531496063
20
1.6748690157480315
11
1.7768765354330709
21
1.6696699606299212
0
LINE
8
BLACK
6
CONTINUOUS
10
1.7768765354330709
20
1.6696699606299212
11
1.7803745669291338
21
1.6636112598425197
0
LINE
8
BLACK
6
CONTINUOUS
10
1.7803745669291338
20
1.6636112598425197
11
1.7825364173228346
21
1.6569576771653542
0
LINE
8
BLACK
6
CONTINUOUS
10
1.7825364173228346
20
1.6569576771653542
11
1.7832677165354329
21
1.6499999999999999
0
LINE
8
BLACK
6
CONTINUOUS
10
1.7832677165354329
20
1.6499999999999999
11
1.7825364173228346
21
1.6430423228346456
0
LINE
8
BLACK
6
CONTINUOUS
10
1.7825364173228346
20
1.6430423228346456
11
1.7803745669291338
21
1.6363887401574804
0
LINE
8
BLACK
6
CONTINUOUS
10
1.7803745669291338
20
1.6363887401574804
11
1.7768765354330709
21
1.6303300393700788
0
LINE
8
BLACK
6
CONTINUOUS
10
1.7768765354330709
20
1.6303300393700788
11
1.77219531496063
21
1.6251309842519686
0
LINE
8
BLACK
6
CONTINUOUS
10
1.77219531496063
20
1.6251309842519686
11
1.766535433070866
21
1.6210188188976378
0
LINE
8
BLACK
6
CONTINUOUS
10
1.766535433070866
20
1.6210188188976378
11
1.760144251968504
21
1.6181733070866142
0
LINE
8
BLACK
6
CONTINUOUS
10
1.760144251968504
20
1.6181733070866142
11
1.7533011417322835
21
1.6167187401574803
0
LINE
8
BLACK
6
CONTINUOUS
10
1.7533011417322835
20
1.6167187401574803
11
1.746305157480315
21
1.6167187401574803
0
LINE
8
BLACK
6
CONTINUOUS
10
1.746305157480315
20
1.6167187401574803
11
1.7394620472440945
21
1.6181733070866142
0
LINE
8
BLACK
6
CONTINUOUS
10
1.7394620472440945
20
1.6181733070866142
11
1.7330708661417322
21
1.6210188188976378
0
LINE
8
BLACK
6
CONTINUOUS
10
1.7330708661417322
20
1.6210188188976378
11
1.7274109842519685
21
1.6251309842519686
0
LINE
8
BLACK
6
CONTINUOUS
10
1.7274109842519685
20
1.6251309842519686
11
1.7227297637795276
21
1.6303300393700788
0
LINE
8
BLACK
6
CONTINUOUS
10
1.7227297637795276
20
1.6303300393700788
11
1.7192317322834645
21
1.6363887401574804
0
LINE
8
BLACK
6
CONTINUOUS
10
1.7192317322834645
20
1.6363887401574804
11
1.7170698818897638
21
1.6430423228346456
0
LINE
8
BLACK
6
CONTINUOUS
10
1.7170698818897638
20
1.6430423228346456
11
1.7163385826771653
21
1.6499999999999999
0
LINE
8
BLACK
6
CONTINUOUS
10
1.7163385826771653
20
1.6499999999999999
11
1.7170698818897638
21
1.6569576771653542
0
LINE
8
BLACK
6
CONTINUOUS
10
1.7170698818897638
20
1.6569576771653542
11
1.7192317322834645
21
1.6636112598425197
0
LINE
8
BLACK
6
CONTINUOUS
10
1.7192317322834645
20
1.6636112598425197
11
1.7227297637795276
21
1.6696699606299212
0
LINE
8
BLACK
6
CONTINUOUS
10
1.7227297637795276
20
1.6696699606299212
11
1.7274109842519685
21
1.6748690157480315
0
LINE
8
BLACK
6
CONTINUOUS
10
1.7274109842519685
20
1.6748690157480315
11
1.7330708661417322
21
1.6789811811023623
0
LINE
8
BLACK
6
CONTINUOUS
10
1.7330708661417322
20
1.6789811811023623
11
1.7394620472440945
21
1.6818266929133858
0
LINE
8
BLACK
6
CONTINUOUS
10
1.7394620472440945
20
1.6818266929133858
11
1.746305157480315
21
1.6832812598425198
0
LINE
8
BLACK
6
CONTINUOUS
10
1.746305157480315
20
1.6832812598425198
11
1.7533011417322835
21
1.6832812598425198
0
LINE
8
BLACK
6
CONTINUOUS
10
1.7533011417322835
20
1.6832812598425198
11
1.760144251968504
21
1.6818266929133858
0
LINE
8
BLACK
6
CONTINUOUS
10
1.8601442519685039
20
1.6818266929133858
11
1.8665354330708661
21
1.6789811811023623
0
LINE
8
BLACK
6
CONTINUOUS
10
1.8665354330708661
20
1.6789811811023623
11
1.8721953149606299
21
1.6748690157480315
0
LINE
8
BLACK
6
CONTINUOUS
10
1.8721953149606299
20
1.6748690157480315
11
1.8768765354330708
21
1.6696699606299212
0
LINE
8
BLACK
6
CONTINUOUS
10
1.8768765354330708
20
1.6696699606299212
11
1.8803745669291339
21
1.6636112598425197
0
LINE
8
BLACK
6
CONTINUOUS
10
1.8803745669291339
20
1.6636112598425197
11
1.8825364173228345
21
1.6569576771653542
0
LINE
8
BLACK
6
CONTINUOUS
10
1.8825364173228345
20
1.6569576771653542
11
1.883267716535433
21
1.6499999999999999
0
LINE
8
BLACK
6
CONTINUOUS
10
1.883267716535433
20
1.6499999999999999
11
1.8825364173228345
21
1.6430423228346456
0
LINE
8
BLACK
6
CONTINUOUS
10
1.8825364173228345
20
1.6430423228346456
11
1.8803745669291339
21
1.6363887401574804
0
LINE
8
BLACK
6
CONTINUOUS
10
1.8803745669291339
20
1.6363887401574804
11
1.8768765354330708
21
1.6303300393700788
0
LINE
8
BLACK
6
CONTINUOUS
10
1.8768765354330708
20
1.6303300393700788
11
1.8721953149606299
21
1.6251309842519686
0
LINE
8
BLACK
6
CONTINUOUS
10
1.8721953149606299
20
1.6251309842519686
11
1.8665354330708661
21
1.6210188188976378
0
LINE
8
BLACK
6
CONTINUOUS
10
1.8665354330708661
20
1.6210188188976378
11
1.8601442519685039
21
1.6181733070866142
0
LINE
8
BLACK
6
CONTINUOUS
10
1.8601442519685039
20
1.6181733070866142
11
1.8533011417322833
21
1.6167187401574803
0
LINE
8
BLACK
6
CONTINUOUS
10
1.8533011417322833
20
1.6167187401574803
11
1.8463051574803149
21
1.6167187401574803
0
LINE
8
BLACK
6
CONTINUOUS
10
1.8463051574803149
20
1.6167187401574803
11
1.8394620472440943
21
1.6181733070866142
0
LINE
8
BLACK
6
CONTINUOUS
10
1.8394620472440943
20
1.6181733070866142
11
1.8330708661417323
21
1.6210188188976378
0
LINE
8
BLACK
6
CONTINUOUS
10
1.8330708661417323
20
1.6210188188976378
11
1.8274109842519686
21
1.6251309842519686
0
LINE
8
BLACK
6
CONTINUOUS
10
1.8274109842519686
20
1.6251309842519686
11
1.8227297637795274
21
1.6303300393700788
0
LINE
8
BLACK
6
CONTINUOUS
10
1.8227297637795274
20
1.6303300393700788
11
1.8192317322834646
21
1.6363887401574804
0
LINE
8
BLACK
6
CONTINUOUS
10
1.8192317322834646
20
1.6363887401574804
11
1.8170698818897637
21
1.6430423228346456
0
LINE
8
BLACK
6
CONTINUOUS
10
1.8170698818897637
20
1.6430423228346456
11
1.8163385826771654
21
1.6499999999999999
0
LINE
8
BLACK
6
CONTINUOUS
10
1.8163385826771654
20
1.6499999999999999
11
1.8170698818897637
21
1.6569576771653542
0
LINE
8
BLACK
6
CONTINUOUS
10
1.8170698818897637
20
1.6569576771653542
11
1.8192317322834646
21
1.6636112598425197
0
LINE
8
BLACK
6
CONTINUOUS
10
1.8192317322834646
20
1.6636112598425197
11
1.8227297637795274
21
1.6696699606299212
0
LINE
8
BLACK
6
CONTINUOUS
10
1.8227297637795274
20
1.6696699606299212
11
1.8274109842519686
21
1.6748690157480315
0
LINE
8
BLACK
6
CONTINUOUS
10
1.8274109842519686
20
1.6748690157480315
11
1.8330708661417323
21
1.6789811811023623
0
LINE
8
BLACK
6
CONTINUOUS
10
1.8330708661417323
20
1.6789811811023623
11
1.8394620472440943
21
1.6818266929133858
0
LINE
8
BLACK
6
CONTINUOUS
10
1.8394620472440943
20
1.6818266929133858
11
1.8463051574803149
21
1.6832812598425198
0
LINE
8
BLACK
6
CONTINUOUS
10
1.8463051574803149
20
1.6832812598425198
11
1.8533011417322833
21
1.6832812598425198
0
LINE
8
BLACK
6
CONTINUOUS
10
1.8533011417322833
20
1.6832812598425198
11
1.8601442519685039
21
1.6818266929133858
0
LINE
8
BLACK
6
CONTINUOUS
10
1.4098288188976378
20
1.6844779527559055
11
1.4130219685039369
21
1.6823443700787402
0
LINE
8
BLACK
6
CONTINUOUS
10
1.4130219685039369
20
1.6823443700787402
11
1.4318131889763779
21
1.6635531496062992
0
LINE
8
BLACK
6
CONTINUOUS
10
1.4318131889763779
20
1.6635531496062992
11
1.4339467716535432
21
1.6603600000000001
0
LINE
8
BLACK
6
CONTINUOUS
10
1.4339467716535432
20
1.6603600000000001
11
1.4346960236220472
21
1.6565934251968504
0
LINE
8
BLACK
6
CONTINUOUS
10
1.4346960236220472
20
1.6565934251968504
11
1.4339467716535432
21
1.6528268503937007
0
LINE
8
BLACK
6
CONTINUOUS
10
1.4339467716535432
20
1.6528268503937007
11
1.4318131889763779
21
1.6496337007874016
0
LINE
8
BLACK
6
CONTINUOUS
10
1.4318131889763779
20
1.6496337007874016
11
1.4053662992125984
21
1.6231868110236221
0
LINE
8
BLACK
6
CONTINUOUS
10
1.4053662992125984
20
1.6231868110236221
11
1.4021731496062992
21
1.6210532283464567
0
LINE
8
BLACK
6
CONTINUOUS
10
1.4021731496062992
20
1.6210532283464567
11
1.3984065748031496
21
1.6203039763779528
0
LINE
8
BLACK
6
CONTINUOUS
10
1.3984065748031496
20
1.6203039763779528
11
1.3946399999999999
21
1.6210532283464567
0
LINE
8
BLACK
6
CONTINUOUS
10
1.3946399999999999
20
1.6210532283464567
11
1.3914468503937008
21
1.6231868110236221
0
LINE
8
BLACK
6
CONTINUOUS
10
1.3914468503937008
20
1.6231868110236221
11
1.3726556299212598
21
1.641978031496063
0
LINE
8
BLACK
6
CONTINUOUS
10
1.3726556299212598
20
1.641978031496063
11
1.3705220472440944
21
1.6451711811023622
0
LINE
8
BLACK
6
CONTINUOUS
10
1.3705220472440944
20
1.6451711811023622
11
1.3697727952755905
21
1.6489377559055118
0
LINE
8
BLACK
6
CONTINUOUS
10
1.3697727952755905
20
1.6489377559055118
11
1.3705220472440944
21
1.6527043307086613
0
LINE
8
BLACK
6
CONTINUOUS
10
1.3705220472440944
20
1.6527043307086613
11
1.3726556299212598
21
1.6558974803149606
0
LINE
8
BLACK
6
CONTINUOUS
10
1.3726556299212598
20
1.6558974803149606
11
1.3991025196850393
21
1.6823443700787402
0
LINE
8
BLACK
6
CONTINUOUS
10
1.3991025196850393
20
1.6823443700787402
11
1.4022956692913386
21
1.6844779527559055
0
LINE
8
BLACK
6
CONTINUOUS
10
1.4022956692913386
20
1.6844779527559055
11
1.4060622440944881
21
1.6852272047244095
0
LINE
8
BLACK
6
CONTINUOUS
10
1.4060622440944881
20
1.6852272047244095
11
1.4098288188976378
21
1.6844779527559055
0
LINE
8
BLACK
6
CONTINUOUS
10
0.6474673622047243
20
1.6978728346456693
11
0.6506605118110236
21
1.6957392519685039
0
LINE
8
BLACK
6
CONTINUOUS
10
0.6506605118110236
20
1.6957392519685039
11
0.6527940944881889
21
1.6925461023622046
0
LINE
8
BLACK
6
CONTINUOUS
10
0.6527940944881889
20
1.6925461023622046
11
0.6535433070866141
21
1.6887795275590551
0
LINE
8
BLACK
6
CONTINUOUS
10
0.6535433070866141
20
1.6887795275590551
11
0.6535433070866141
21
1.6513779527559054
0
LINE
8
BLACK
6
CONTINUOUS
10
0.6535433070866141
20
1.6513779527559054
11
0.6527940944881889
21
1.6476113779527559
0
LINE
8
BLACK
6
CONTINUOUS
10
0.6527940944881889
20
1.6476113779527559
11
0.6506605118110236
21
1.6444182283464566
0
LINE
8
BLACK
6
CONTINUOUS
10
0.6506605118110236
20
1.6444182283464566
11
0.6474673622047243
21
1.6422846456692912
0
LINE
8
BLACK
6
CONTINUOUS
10
0.6474673622047243
20
1.6422846456692912
11
0.6437007874015748
21
1.641535433070866
0
LINE
8
BLACK
6
CONTINUOUS
10
0.6437007874015748
20
1.641535433070866
11
0.6171259842519685
21
1.641535433070866
0
LINE
8
BLACK
6
CONTINUOUS
10
0.6171259842519685
20
1.641535433070866
11
0.6133594094488188
21
1.6422846456692912
0
LINE
8
BLACK
6
CONTINUOUS
10
0.6133594094488188
20
1.6422846456692912
11
0.6101662598425197
21
1.6444182283464566
0
LINE
8
BLACK
6
CONTINUOUS
10
0.6101662598425197
20
1.6444182283464566
11
0.6080326771653544
21
1.6476113779527559
0
LINE
8
BLACK
6
CONTINUOUS
10
0.6080326771653544
20
1.6476113779527559
11
0.6072834645669292
21
1.6513779527559054
0
LINE
8
BLACK
6
CONTINUOUS
10
0.6072834645669292
20
1.6513779527559054
11
0.6072834645669292
21
1.6887795275590551
0
LINE
8
BLACK
6
CONTINUOUS
10
0.6072834645669292
20
1.6887795275590551
11
0.6080326771653544
21
1.6925461023622046
0
LINE
8
BLACK
6
CONTINUOUS
10
0.6080326771653544
20
1.6925461023622046
11
0.6101662598425197
21
1.6957392519685039
0
LINE
8
BLACK
6
CONTINUOUS
10
0.6101662598425197
20
1.6957392519685039
11
0.6133594094488188
21
1.6978728346456693
0
LINE
8
BLACK
6
CONTINUOUS
10
0.6133594094488188
20
1.6978728346456693
11
0.6171259842519685
21
1.6986220472440945
0
LINE
8
BLACK
6
CONTINUOUS
10
0.6171259842519685
20
1.6986220472440945
11
0.6437007874015748
21
1.6986220472440945
0
LINE
8
BLACK
6
CONTINUOUS
10
0.6437007874015748
20
1.6986220472440945
11
0.6474673622047243
21
1.6978728346456693
0
LINE
8
BLACK
6
CONTINUOUS
10
0.7291602755905512
20
1.6978728346456693
11
0.7323534251968504
21
1.6957392519685039
0
LINE
8
BLACK
6
CONTINUOUS
10
0.7323534251968504
20
1.6957392519685039
11
0.7344870078740158
21
1.6925461023622046
0
LINE
8
BLACK
6
CONTINUOUS
10
0.7344870078740158
20
1.6925461023622046
11
0.735236220472441
21
1.6887795275590551
0
LINE
8
BLACK
6
CONTINUOUS
10
0.735236220472441
20
1.6887795275590551
11
0.735236220472441
21
1.6513779527559054
0
LINE
8
BLACK
6
CONTINUOUS
10
0.735236220472441
20
1.6513779527559054
11
0.7344870078740158
21
1.6476113779527559
0
LINE
8
BLACK
6
CONTINUOUS
10
0.7344870078740158
20
1.6476113779527559
11
0.7323534251968504
21
1.6444182283464566
0
LINE
8
BLACK
6
CONTINUOUS
10
0.7323534251968504
20
1.6444182283464566
11
0.7291602755905512
21
1.6422846456692912
0
LINE
8
BLACK
6
CONTINUOUS
10
0.7291602755905512
20
1.6422846456692912
11
0.7253937007874015
21
1.641535433070866
0
LINE
8
BLACK
6
CONTINUOUS
10
0.7253937007874015
20
1.641535433070866
11
0.6988188976377953
21
1.641535433070866
0
LINE
8
BLACK
6
CONTINUOUS
10
0.6988188976377953
20
1.641535433070866
11
0.6950523228346457
21
1.6422846456692912
0
LINE
8
BLACK
6
CONTINUOUS
10
0.6950523228346457
20
1.6422846456692912
11
0.6918591732283464
21
1.6444182283464566
0
LINE
8
BLACK
6
CONTINUOUS
10
0.6918591732283464
20
1.6444182283464566
11
0.6897255905511811
21
1.6476113779527559
0
LINE
8
BLACK
6
CONTINUOUS
10
0.6897255905511811
20
1.6476113779527559
11
0.6889763779527559
21
1.6513779527559054
0
LINE
8
BLACK
6
CONTINUOUS
10
0.6889763779527559
20
1.6513779527559054
11
0.6889763779527559
21
1.6887795275590551
0
LINE
8
BLACK
6
CONTINUOUS
10
0.6889763779527559
20
1.6887795275590551
11
0.6897255905511811
21
1.6925461023622046
0
LINE
8
BLACK
6
CONTINUOUS
10
0.6897255905511811
20
1.6925461023622046
11
0.6918591732283464
21
1.6957392519685039
0
LINE
8
BLACK
6
CONTINUOUS
10
0.6918591732283464
20
1.6957392519685039
11
0.6950523228346457
21
1.6978728346456693
0
LINE
8
BLACK
6
CONTINUOUS
10
0.6950523228346457
20
1.6978728346456693
11
0.6988188976377953
21
1.6986220472440945
0
LINE
8
BLACK
6
CONTINUOUS
10
0.6988188976377953
20
1.6986220472440945
11
0.7253937007874015
21
1.6986220472440945
0
LINE
8
BLACK
6
CONTINUOUS
10
0.7253937007874015
20
1.6986220472440945
11
0.7291602755905512
21
1.6978728346456693
0
LINE
8
BLACK
6
CONTINUOUS
10
0.8416811417322835
20
1.6592240944881889
11
0.842639094488189
21
1.6585840157480314
0
LINE
8
BLACK
6
CONTINUOUS
10
0.842639094488189
20
1.6585840157480314
11
0.8432791732283464
21
1.657626062992126
0
LINE
8
BLACK
6
CONTINUOUS
10
0.8432791732283464
20
1.657626062992126
11
0.843503937007874
21
1.6564961023622047
0
LINE
8
BLACK
6
CONTINUOUS
10
0.843503937007874
20
1.6564961023622047
11
0.843503937007874
21
1.6505905905511811
0
LINE
8
BLACK
6
CONTINUOUS
10
0.843503937007874
20
1.6505905905511811
11
0.8432791732283464
21
1.6494606299212597
0
LINE
8
BLACK
6
CONTINUOUS
10
0.8432791732283464
20
1.6494606299212597
11
0.842639094488189
21
1.6485026771653544
0
LINE
8
BLACK
6
CONTINUOUS
10
0.842639094488189
20
1.6485026771653544
11
0.8416811417322835
21
1.6478625984251969
0
LINE
8
BLACK
6
CONTINUOUS
10
0.8416811417322835
20
1.6478625984251969
11
0.8405511811023622
21
1.6476378346456693
0
LINE
8
BLACK
6
CONTINUOUS
10
0.8405511811023622
20
1.6476378346456693
11
0.7854330708661417
21
1.6476378346456693
0
LINE
8
BLACK
6
CONTINUOUS
10
0.7854330708661417
20
1.6476378346456693
11
0.7843031102362205
21
1.6478625984251969
0
LINE
8
BLACK
6
CONTINUOUS
10
0.7843031102362205
20
1.6478625984251969
11
0.783345157480315
21
1.6485026771653544
0
LINE
8
BLACK
6
CONTINUOUS
10
0.783345157480315
20
1.6485026771653544
11
0.7827050787401575
21
1.6494606299212597
0
LINE
8
BLACK
6
CONTINUOUS
10
0.7827050787401575
20
1.6494606299212597
11
0.7824803149606299
21
1.6505905905511811
0
LINE
8
BLACK
6
CONTINUOUS
10
0.7824803149606299
20
1.6505905905511811
11
0.7824803149606299
21
1.6564961023622047
0
LINE
8
BLACK
6
CONTINUOUS
10
0.7824803149606299
20
1.6564961023622047
11
0.7827050787401575
21
1.657626062992126
0
LINE
8
BLACK
6
CONTINUOUS
10
0.7827050787401575
20
1.657626062992126
11
0.783345157480315
21
1.6585840157480314
0
LINE
8
BLACK
6
CONTINUOUS
10
0.783345157480315
20
1.6585840157480314
11
0.7843031102362205
21
1.6592240944881889
0
LINE
8
BLACK
6
CONTINUOUS
10
0.7843031102362205
20
1.6592240944881889
11
0.7854330708661417
21
1.6594488582677165
0
LINE
8
BLACK
6
CONTINUOUS
10
0.7854330708661417
20
1.6594488582677165
11
0.8405511811023622
21
1.6594488582677165
0
LINE
8
BLACK
6
CONTINUOUS
10
0.8405511811023622
20
1.6594488582677165
11
0.8416811417322835
21
1.6592240944881889
0
LINE
8
BLACK
6
CONTINUOUS
10
1.2885315354330709
20
1.6592240944881889
11
1.2894894881889762
21
1.6585840157480314
0
LINE
8
BLACK
6
CONTINUOUS
10
1.2894894881889762
20
1.6585840157480314
11
1.2901295669291337
21
1.657626062992126
0
LINE
8
BLACK
6
CONTINUOUS
10
1.2901295669291337
20
1.657626062992126
11
1.2903543307086613
21
1.6564961023622047
0
LINE
8
BLACK
6
CONTINUOUS
10
1.2903543307086613
20
1.6564961023622047
11
1.2903543307086613
21
1.6505905905511811
0
LINE
8
BLACK
6
CONTINUOUS
10
1.2903543307086613
20
1.6505905905511811
11
1.2901295669291337
21
1.6494606299212597
0
LINE
8
BLACK
6
CONTINUOUS
10
1.2901295669291337
20
1.6494606299212597
11
1.2894894881889762
21
1.6485026771653544
0
LINE
8
BLACK
6
CONTINUOUS
10
1.2894894881889762
20
1.6485026771653544
11
1.2885315354330709
21
1.6478625984251969
0
LINE
8
BLACK
6
CONTINUOUS
10
1.2885315354330709
20
1.6478625984251969
11
1.2874015748031495
21
1.6476378346456693
0
LINE
8
BLACK
6
CONTINUOUS
10
1.2874015748031495
20
1.6476378346456693
11
1.2322834645669292
21
1.6476378346456693
0
LINE
8
BLACK
6
CONTINUOUS
10
1.2322834645669292
20
1.6476378346456693
11
1.2311535039370078
21
1.6478625984251969
0
LINE
8
BLACK
6
CONTINUOUS
10
1.2311535039370078
20
1.6478625984251969
11
1.2301955511811022
21
1.6485026771653544
0
LINE
8
BLACK
6
CONTINUOUS
10
1.2301955511811022
20
1.6485026771653544
11
1.2295554724409448
21
1.6494606299212597
0
LINE
8
BLACK
6
CONTINUOUS
10
1.2295554724409448
20
1.6494606299212597
11
1.2293307086614174
21
1.6505905905511811
0
LINE
8
BLACK
6
CONTINUOUS
10
1.2293307086614174
20
1.6505905905511811
11
1.2293307086614174
21
1.6564961023622047
0
LINE
8
BLACK
6
CONTINUOUS
10
1.2293307086614174
20
1.6564961023622047
11
1.2295554724409448
21
1.657626062992126
0
LINE
8
BLACK
6
CONTINUOUS
10
1.2295554724409448
20
1.657626062992126
11
1.2301955511811022
21
1.6585840157480314
0
LINE
8
BLACK
6
CONTINUOUS
10
1.2301955511811022
20
1.6585840157480314
11
1.2311535039370078
21
1.6592240944881889
0
LINE
8
BLACK
6
CONTINUOUS
10
1.2311535039370078
20
1.6592240944881889
11
1.2322834645669292
21
1.6594488582677165
0
LINE
8
BLACK
6
CONTINUOUS
10
1.2322834645669292
20
1.6594488582677165
11
1.2874015748031495
21
1.6594488582677165
0
LINE
8
BLACK
6
CONTINUOUS
10
1.2874015748031495
20
1.6594488582677165
11
1.2885315354330709
21
1.6592240944881889
0
LINE
8
BLACK
6
CONTINUOUS
10
0.8416811417322835
20
1.678909094488189
11
0.842639094488189
21
1.6782690157480316
0
LINE
8
BLACK
6
CONTINUOUS
10
0.842639094488189
20
1.6782690157480316
11
0.8432791732283464
21
1.677311062992126
0
LINE
8
BLACK
6
CONTINUOUS
10
0.8432791732283464
20
1.677311062992126
11
0.843503937007874
21
1.6761811023622046
0
LINE
8
BLACK
6
CONTINUOUS
10
0.843503937007874
20
1.6761811023622046
11
0.843503937007874
21
1.670275590551181
0
LINE
8
BLACK
6
CONTINUOUS
10
0.843503937007874
20
1.670275590551181
11
0.8432791732283464
21
1.6691456299212597
0
LINE
8
BLACK
6
CONTINUOUS
10
0.8432791732283464
20
1.6691456299212597
11
0.842639094488189
21
1.6681876771653543
0
LINE
8
BLACK
6
CONTINUOUS
10
0.842639094488189
20
1.6681876771653543
11
0.8416811417322835
21
1.6675475984251968
0
LINE
8
BLACK
6
CONTINUOUS
10
0.8416811417322835
20
1.6675475984251968
11
0.8405511811023622
21
1.6673228346456692
0
LINE
8
BLACK
6
CONTINUOUS
10
0.8405511811023622
20
1.6673228346456692
11
0.7854330708661417
21
1.6673228346456692
0
LINE
8
BLACK
6
CONTINUOUS
10
0.7854330708661417
20
1.6673228346456692
11
0.7843031102362205
21
1.6675475984251968
0
LINE
8
BLACK
6
CONTINUOUS
10
0.7843031102362205
20
1.6675475984251968
11
0.783345157480315
21
1.6681876771653543
0
LINE
8
BLACK
6
CONTINUOUS
10
0.783345157480315
20
1.6681876771653543
11
0.7827050787401575
21
1.6691456299212597
0
LINE
8
BLACK
6
CONTINUOUS
10
0.7827050787401575
20
1.6691456299212597
11
0.7824803149606299
21
1.670275590551181
0
LINE
8
BLACK
6
CONTINUOUS
10
0.7824803149606299
20
1.670275590551181
11
0.7824803149606299
21
1.6761811023622046
0
LINE
8
BLACK
6
CONTINUOUS
10
0.7824803149606299
20
1.6761811023622046
11
0.7827050787401575
21
1.677311062992126
0
LINE
8
BLACK
6
CONTINUOUS
10
0.7827050787401575
20
1.677311062992126
11
0.783345157480315
21
1.6782690157480316
0
LINE
8
BLACK
6
CONTINUOUS
10
0.783345157480315
20
1.6782690157480316
11
0.7843031102362205
21
1.678909094488189
0
LINE
8
BLACK
6
CONTINUOUS
10
0.7843031102362205
20
1.678909094488189
11
0.7854330708661417
21
1.6791338582677164
0
LINE
8
BLACK
6
CONTINUOUS
10
0.7854330708661417
20
1.6791338582677164
11
0.8405511811023622
21
1.6791338582677164
0
LINE
8
BLACK
6
CONTINUOUS
10
0.8405511811023622
20
1.6791338582677164
11
0.8416811417322835
21
1.678909094488189
0
LINE
8
BLACK
6
CONTINUOUS
10
1.2885315354330709
20
1.678909094488189
11
1.2894894881889762
21
1.6782690157480316
0
LINE
8
BLACK
6
CONTINUOUS
10
1.2894894881889762
20
1.6782690157480316
11
1.2901295669291337
21
1.677311062992126
0
LINE
8
BLACK
6
CONTINUOUS
10
1.2901295669291337
20
1.677311062992126
11
1.2903543307086613
21
1.6761811023622046
0
LINE
8
BLACK
6
CONTINUOUS
10
1.2903543307086613
20
1.6761811023622046
11
1.2903543307086613
21
1.670275590551181
0
LINE
8
BLACK
6
CONTINUOUS
10
1.2903543307086613
20
1.670275590551181
11
1.2901295669291337
21
1.6691456299212597
0
LINE
8
BLACK
6
CONTINUOUS
10
1.2901295669291337
20
1.6691456299212597
11
1.2894894881889762
21
1.6681876771653543
0
LINE
8
BLACK
6
CONTINUOUS
10
1.2894894881889762
20
1.6681876771653543
11
1.2885315354330709
21
1.6675475984251968
0
LINE
8
BLACK
6
CONTINUOUS
10
1.2885315354330709
20
1.6675475984251968
11
1.2874015748031495
21
1.6673228346456692
0
LINE
8
BLACK
6
CONTINUOUS
10
1.2874015748031495
20
1.6673228346456692
11
1.2322834645669292
21
1.6673228346456692
0
LINE
8
BLACK
6
CONTINUOUS
10
1.2322834645669292
20
1.6673228346456692
11
1.2311535039370078
21
1.6675475984251968
0
LINE
8
BLACK
6
CONTINUOUS
10
1.2311535039370078
20
1.6675475984251968
11
1.2301955511811022
21
1.6681876771653543
0
LINE
8
BLACK
6
CONTINUOUS
10
1.2301955511811022
20
1.6681876771653543
11
1.2295554724409448
21
1.6691456299212597
0
LINE
8
BLACK
6
CONTINUOUS
10
1.2295554724409448
20
1.6691456299212597
11
1.2293307086614174
21
1.670275590551181
0
LINE
8
BLACK
6
CONTINUOUS
10
1.2293307086614174
20
1.670275590551181
11
1.2293307086614174
21
1.6761811023622046
0
LINE
8
BLACK
6
CONTINUOUS
10
1.2293307086614174
20
1.6761811023622046
11
1.2295554724409448
21
1.677311062992126
0
LINE
8
BLACK
6
CONTINUOUS
10
1.2295554724409448
20
1.677311062992126
11
1.2301955511811022
21
1.6782690157480316
0
LINE
8
BLACK
6
CONTINUOUS
10
1.2301955511811022
20
1.6782690157480316
11
1.2311535039370078
21
1.678909094488189
0
LINE
8
BLACK
6
CONTINUOUS
10
1.2311535039370078
20
1.678909094488189
11
1.2322834645669292
21
1.6791338582677164
0
LINE
8
BLACK
6
CONTINUOUS
10
1.2322834645669292
20
1.6791338582677164
11
1.2874015748031495
21
1.6791338582677164
0
LINE
8
BLACK
6
CONTINUOUS
10
1.2874015748031495
20
1.6791338582677164
11
1.2885315354330709
21
1.678909094488189
0
LINE
8
BLACK
6
CONTINUOUS
10
0.8416811417322835
20
1.6985941338582677
11
0.842639094488189
21
1.6979540551181103
0
LINE
8
BLACK
6
CONTINUOUS
10
0.842639094488189
20
1.6979540551181103
11
0.8432791732283464
21
1.6969961023622047
0
LINE
8
BLACK
6
CONTINUOUS
10
0.8432791732283464
20
1.6969961023622047
11
0.843503937007874
21
1.6958661417322833
0
LINE
8
BLACK
6
CONTINUOUS
10
0.843503937007874
20
1.6958661417322833
11
0.843503937007874
21
1.6899606299212597
0
LINE
8
BLACK
6
CONTINUOUS
10
0.843503937007874
20
1.6899606299212597
11
0.8432791732283464
21
1.6888306692913386
0
LINE
8
BLACK
6
CONTINUOUS
10
0.8432791732283464
20
1.6888306692913386
11
0.842639094488189
21
1.687872716535433
0
LINE
8
BLACK
6
CONTINUOUS
10
0.842639094488189
20
1.687872716535433
11
0.8416811417322835
21
1.6872326377952755
0
LINE
8
BLACK
6
CONTINUOUS
10
0.8416811417322835
20
1.6872326377952755
11
0.8405511811023622
21
1.6870078740157479
0
LINE
8
BLACK
6
CONTINUOUS
10
0.8405511811023622
20
1.6870078740157479
11
0.7854330708661417
21
1.6870078740157479
0
LINE
8
BLACK
6
CONTINUOUS
10
0.7854330708661417
20
1.6870078740157479
11
0.7843031102362205
21
1.6872326377952755
0
LINE
8
BLACK
6
CONTINUOUS
10
0.7843031102362205
20
1.6872326377952755
11
0.783345157480315
21
1.687872716535433
0
LINE
8
BLACK
6
CONTINUOUS
10
0.783345157480315
20
1.687872716535433
11
0.7827050787401575
21
1.6888306692913386
0
LINE
8
BLACK
6
CONTINUOUS
10
0.7827050787401575
20
1.6888306692913386
11
0.7824803149606299
21
1.6899606299212597
0
LINE
8
BLACK
6
CONTINUOUS
10
0.7824803149606299
20
1.6899606299212597
11
0.7824803149606299
21
1.6958661417322833
0
LINE
8
BLACK
6
CONTINUOUS
10
0.7824803149606299
20
1.6958661417322833
11
0.7827050787401575
21
1.6969961023622047
0
LINE
8
BLACK
6
CONTINUOUS
10
0.7827050787401575
20
1.6969961023622047
11
0.783345157480315
21
1.6979540551181103
0
LINE
8
BLACK
6
CONTINUOUS
10
0.783345157480315
20
1.6979540551181103
11
0.7843031102362205
21
1.6985941338582677
0
LINE
8
BLACK
6
CONTINUOUS
10
0.7843031102362205
20
1.6985941338582677
11
0.7854330708661417
21
1.6988188976377951
0
LINE
8
BLACK
6
CONTINUOUS
10
0.7854330708661417
20
1.6988188976377951
11
0.8405511811023622
21
1.6988188976377951
0
LINE
8
BLACK
6
CONTINUOUS
10
0.8405511811023622
20
1.6988188976377951
11
0.8416811417322835
21
1.6985941338582677
0
LINE
8
BLACK
6
CONTINUOUS
10
1.2885315354330709
20
1.6985941338582677
11
1.2894894881889762
21
1.6979540551181103
0
LINE
8
BLACK
6
CONTINUOUS
10
1.2894894881889762
20
1.6979540551181103
11
1.2901295669291337
21
1.6969961023622047
0
LINE
8
BLACK
6
CONTINUOUS
10
1.2901295669291337
20
1.6969961023622047
11
1.2903543307086613
21
1.6958661417322833
0
LINE
8
BLACK
6
CONTINUOUS
10
1.2903543307086613
20
1.6958661417322833
11
1.2903543307086613
21
1.6899606299212597
0
LINE
8
BLACK
6
CONTINUOUS
10
1.2903543307086613
20
1.6899606299212597
11
1.2901295669291337
21
1.6888306692913386
0
LINE
8
BLACK
6
CONTINUOUS
10
1.2901295669291337
20
1.6888306692913386
11
1.2894894881889762
21
1.687872716535433
0
LINE
8
BLACK
6
CONTINUOUS
10
1.2894894881889762
20
1.687872716535433
11
1.2885315354330709
21
1.6872326377952755
0
LINE
8
BLACK
6
CONTINUOUS
10
1.2885315354330709
20
1.6872326377952755
11
1.2874015748031495
21
1.6870078740157479
0
LINE
8
BLACK
6
CONTINUOUS
10
1.2874015748031495
20
1.6870078740157479
11
1.2322834645669292
21
1.6870078740157479
0
LINE
8
BLACK
6
CONTINUOUS
10
1.2322834645669292
20
1.6870078740157479
11
1.2311535039370078
21
1.6872326377952755
0
LINE
8
BLACK
6
CONTINUOUS
10
1.2311535039370078
20
1.6872326377952755
11
1.2301955511811022
21
1.687872716535433
0
LINE
8
BLACK
6
CONTINUOUS
10
1.2301955511811022
20
1.687872716535433
11
1.2295554724409448
21
1.6888306692913386
0
LINE
8
BLACK
6
CONTINUOUS
10
1.2295554724409448
20
1.6888306692913386
11
1.2293307086614174
21
1.6899606299212597
0
LINE
8
BLACK
6
CONTINUOUS
10
1.2293307086614174
20
1.6899606299212597
11
1.2293307086614174
21
1.6958661417322833
0
LINE
8
BLACK
6
CONTINUOUS
10
1.2293307086614174
20
1.6958661417322833
11
1.2295554724409448
21
1.6969961023622047
0
LINE
8
BLACK
6
CONTINUOUS
10
1.2295554724409448
20
1.6969961023622047
11
1.2301955511811022
21
1.6979540551181103
0
LINE
8
BLACK
6
CONTINUOUS
10
1.2301955511811022
20
1.6979540551181103
11
1.2311535039370078
21
1.6985941338582677
0
LINE
8
BLACK
6
CONTINUOUS
10
1.2311535039370078
20
1.6985941338582677
11
1.2322834645669292
21
1.6988188976377951
0
LINE
8
BLACK
6
CONTINUOUS
10
1.2322834645669292
20
1.6988188976377951
11
1.2874015748031495
21
1.6988188976377951
0
LINE
8
BLACK
6
CONTINUOUS
10
1.2874015748031495
20
1.6988188976377951
11
1.2885315354330709
21
1.6985941338582677
0
LINE
8
BLACK
6
CONTINUOUS
10
0.8416811417322835
20
1.7182791732283464
11
0.842639094488189
21
1.717639094488189
0
LINE
8
BLACK
6
CONTINUOUS
10
0.842639094488189
20
1.717639094488189
11
0.8432791732283464
21
1.7166811417322834
0
LINE
8
BLACK
6
CONTINUOUS
10
0.8432791732283464
20
1.7166811417322834
11
0.843503937007874
21
1.7155511811023623
0
LINE
8
BLACK
6
CONTINUOUS
10
0.843503937007874
20
1.7155511811023623
11
0.843503937007874
21
1.7096456692913387
0
LINE
8
BLACK
6
CONTINUOUS
10
0.843503937007874
20
1.7096456692913387
11
0.8432791732283464
21
1.7085157086614173
0
LINE
8
BLACK
6
CONTINUOUS
10
0.8432791732283464
20
1.7085157086614173
11
0.842639094488189
21
1.7075577559055117
0
LINE
8
BLACK
6
CONTINUOUS
10
0.842639094488189
20
1.7075577559055117
11
0.8416811417322835
21
1.7069176771653543
0
LINE
8
BLACK
6
CONTINUOUS
10
0.8416811417322835
20
1.7069176771653543
11
0.8405511811023622
21
1.7066929133858266
0
LINE
8
BLACK
6
CONTINUOUS
10
0.8405511811023622
20
1.7066929133858266
11
0.7854330708661417
21
1.7066929133858266
0
LINE
8
BLACK
6
CONTINUOUS
10
0.7854330708661417
20
1.7066929133858266
11
0.7843031102362205
21
1.7069176771653543
0
LINE
8
BLACK
6
CONTINUOUS
10
0.7843031102362205
20
1.7069176771653543
11
0.783345157480315
21
1.7075577559055117
0
LINE
8
BLACK
6
CONTINUOUS
10
0.783345157480315
20
1.7075577559055117
11
0.7827050787401575
21
1.7085157086614173
0
LINE
8
BLACK
6
CONTINUOUS
10
0.7827050787401575
20
1.7085157086614173
11
0.7824803149606299
21
1.7096456692913387
0
LINE
8
BLACK
6
CONTINUOUS
10
0.7824803149606299
20
1.7096456692913387
11
0.7824803149606299
21
1.7155511811023623
0
LINE
8
BLACK
6
CONTINUOUS
10
0.7824803149606299
20
1.7155511811023623
11
0.7827050787401575
21
1.7166811417322834
0
LINE
8
BLACK
6
CONTINUOUS
10
0.7827050787401575
20
1.7166811417322834
11
0.783345157480315
21
1.717639094488189
0
LINE
8
BLACK
6
CONTINUOUS
10
0.783345157480315
20
1.717639094488189
11
0.7843031102362205
21
1.7182791732283464
0
LINE
8
BLACK
6
CONTINUOUS
10
0.7843031102362205
20
1.7182791732283464
11
0.7854330708661417
21
1.7185039370078741
0
LINE
8
BLACK
6
CONTINUOUS
10
0.7854330708661417
20
1.7185039370078741
11
0.8405511811023622
21
1.7185039370078741
0
LINE
8
BLACK
6
CONTINUOUS
10
0.8405511811023622
20
1.7185039370078741
11
0.8416811417322835
21
1.7182791732283464
0
LINE
8
BLACK
6
CONTINUOUS
10
1.2885315354330709
20
1.7182791732283464
11
1.2894894881889762
21
1.717639094488189
0
LINE
8
BLACK
6
CONTINUOUS
10
1.2894894881889762
20
1.717639094488189
11
1.2901295669291337
21
1.7166811417322834
0
LINE
8
BLACK
6
CONTINUOUS
10
1.2901295669291337
20
1.7166811417322834
11
1.2903543307086613
21
1.7155511811023623
0
LINE
8
BLACK
6
CONTINUOUS
10
1.2903543307086613
20
1.7155511811023623
11
1.2903543307086613
21
1.7096456692913387
0
LINE
8
BLACK
6
CONTINUOUS
10
1.2903543307086613
20
1.7096456692913387
11
1.2901295669291337
21
1.7085157086614173
0
LINE
8
BLACK
6
CONTINUOUS
10
1.2901295669291337
20
1.7085157086614173
11
1.2894894881889762
21
1.7075577559055117
0
LINE
8
BLACK
6
CONTINUOUS
10
1.2894894881889762
20
1.7075577559055117
11
1.2885315354330709
21
1.7069176771653543
0
LINE
8
BLACK
6
CONTINUOUS
10
1.2885315354330709
20
1.7069176771653543
11
1.2874015748031495
21
1.7066929133858266
0
LINE
8
BLACK
6
CONTINUOUS
10
1.2874015748031495
20
1.7066929133858266
11
1.2322834645669292
21
1.7066929133858266
0
LINE
8
BLACK
6
CONTINUOUS
10
1.2322834645669292
20
1.7066929133858266
11
1.2311535039370078
21
1.7069176771653543
0
LINE
8
BLACK
6
CONTINUOUS
10
1.2311535039370078
20
1.7069176771653543
11
1.2301955511811022
21
1.7075577559055117
0
LINE
8
BLACK
6
CONTINUOUS
10
1.2301955511811022
20
1.7075577559055117
11
1.2295554724409448
21
1.7085157086614173
0
LINE
8
BLACK
6
CONTINUOUS
10
1.2295554724409448
20
1.7085157086614173
11
1.2293307086614174
21
1.7096456692913387
0
LINE
8
BLACK
6
CONTINUOUS
10
1.2293307086614174
20
1.7096456692913387
11
1.2293307086614174
21
1.7155511811023623
0
LINE
8
BLACK
6
CONTINUOUS
10
1.2293307086614174
20
1.7155511811023623
11
1.2295554724409448
21
1.7166811417322834
0
LINE
8
BLACK
6
CONTINUOUS
10
1.2295554724409448
20
1.7166811417322834
11
1.2301955511811022
21
1.717639094488189
0
LINE
8
BLACK
6
CONTINUOUS
10
1.2301955511811022
20
1.717639094488189
11
1.2311535039370078
21
1.7182791732283464
0
LINE
8
BLACK
6
CONTINUOUS
10
1.2311535039370078
20
1.7182791732283464
11
1.2322834645669292
21
1.7185039370078741
0
LINE
8
BLACK
6
CONTINUOUS
10
1.2322834645669292
20
1.7185039370078741
11
1.2874015748031495
21
1.7185039370078741
0
LINE
8
BLACK
6
CONTINUOUS
10
1.2874015748031495
20
1.7185039370078741
11
1.2885315354330709
21
1.7182791732283464
0
LINE
8
BLACK
6
CONTINUOUS
10
0.1603411023622047
20
1.7818266929133857
11
0.1667322834645669
21
1.7789811811023621
0
LINE
8
BLACK
6
CONTINUOUS
10
0.1667322834645669
20
1.7789811811023621
11
0.1723921653543307
21
1.7748690157480314
0
LINE
8
BLACK
6
CONTINUOUS
10
0.1723921653543307
20
1.7748690157480314
11
0.1770733858267717
21
1.7696699606299213
0
LINE
8
BLACK
6
CONTINUOUS
10
0.1770733858267717
20
1.7696699606299213
11
0.1805714173228346
21
1.7636112598425195
0
LINE
8
BLACK
6
CONTINUOUS
10
0.1805714173228346
20
1.7636112598425195
11
0.1827332677165354
21
1.7569576771653543
0
LINE
8
BLACK
6
CONTINUOUS
10
0.1827332677165354
20
1.7569576771653543
11
0.1834645669291338
21
1.75
0
LINE
8
BLACK
6
CONTINUOUS
10
0.1834645669291338
20
1.75
11
0.1827332677165354
21
1.7430423228346457
0
LINE
8
BLACK
6
CONTINUOUS
10
0.1827332677165354
20
1.7430423228346457
11
0.1805714173228346
21
1.7363887401574802
0
LINE
8
BLACK
6
CONTINUOUS
10
0.1805714173228346
20
1.7363887401574802
11
0.1770733858267717
21
1.7303300393700787
0
LINE
8
BLACK
6
CONTINUOUS
10
0.1770733858267717
20
1.7303300393700787
11
0.1723921653543307
21
1.7251309842519684
0
LINE
8
BLACK
6
CONTINUOUS
10
0.1723921653543307
20
1.7251309842519684
11
0.1667322834645669
21
1.7210188188976379
0
LINE
8
BLACK
6
CONTINUOUS
10
0.1667322834645669
20
1.7210188188976379
11
0.1603411023622047
21
1.7181733070866141
0
LINE
8
BLACK
6
CONTINUOUS
10
0.1603411023622047
20
1.7181733070866141
11
0.1534979921259843
21
1.7167187401574804
0
LINE
8
BLACK
6
CONTINUOUS
10
0.1534979921259843
20
1.7167187401574804
11
0.1465020078740157
21
1.7167187401574804
0
LINE
8
BLACK
6
CONTINUOUS
10
0.1465020078740157
20
1.7167187401574804
11
0.1396588976377953
21
1.7181733070866141
0
LINE
8
BLACK
6
CONTINUOUS
10
0.1396588976377953
20
1.7181733070866141
11
0.1332677165354331
21
1.7210188188976379
0
LINE
8
BLACK
6
CONTINUOUS
10
0.1332677165354331
20
1.7210188188976379
11
0.1276078346456693
21
1.7251309842519684
0
LINE
8
BLACK
6
CONTINUOUS
10
0.1276078346456693
20
1.7251309842519684
11
0.1229266141732283
21
1.7303300393700787
0
LINE
8
BLACK
6
CONTINUOUS
10
0.1229266141732283
20
1.7303300393700787
11
0.1194285826771654
21
1.7363887401574802
0
LINE
8
BLACK
6
CONTINUOUS
10
0.1194285826771654
20
1.7363887401574802
11
0.1172667322834646
21
1.7430423228346457
0
LINE
8
BLACK
6
CONTINUOUS
10
0.1172667322834646
20
1.7430423228346457
11
0.1165354330708661
21
1.75
0
LINE
8
BLACK
6
CONTINUOUS
10
0.1165354330708661
20
1.75
11
0.1172667322834646
21
1.7569576771653543
0
LINE
8
BLACK
6
CONTINUOUS
10
0.1172667322834646
20
1.7569576771653543
11
0.1194285826771654
21
1.7636112598425195
0
LINE
8
BLACK
6
CONTINUOUS
10
0.1194285826771654
20
1.7636112598425195
11
0.1229266141732283
21
1.7696699606299213
0
LINE
8
BLACK
6
CONTINUOUS
10
0.1229266141732283
20
1.7696699606299213
11
0.1276078346456693
21
1.7748690157480314
0
LINE
8
BLACK
6
CONTINUOUS
10
0.1276078346456693
20
1.7748690157480314
11
0.1332677165354331
21
1.7789811811023621
0
LINE
8
BLACK
6
CONTINUOUS
10
0.1332677165354331
20
1.7789811811023621
11
0.1396588976377953
21
1.7818266929133857
0
LINE
8
BLACK
6
CONTINUOUS
10
0.1396588976377953
20
1.7818266929133857
11
0.1465020078740157
21
1.7832812598425196
0
LINE
8
BLACK
6
CONTINUOUS
10
0.1465020078740157
20
1.7832812598425196
11
0.1534979921259843
21
1.7832812598425196
0
LINE
8
BLACK
6
CONTINUOUS
10
0.1534979921259843
20
1.7832812598425196
11
0.1603411023622047
21
1.7818266929133857
0
LINE
8
BLACK
6
CONTINUOUS
10
0.2603411023622047
20
1.7818266929133857
11
0.2667322834645669
21
1.7789811811023621
0
LINE
8
BLACK
6
CONTINUOUS
10
0.2667322834645669
20
1.7789811811023621
11
0.2723921653543307
21
1.7748690157480314
0
LINE
8
BLACK
6
CONTINUOUS
10
0.2723921653543307
20
1.7748690157480314
11
0.2770733858267717
21
1.7696699606299213
0
LINE
8
BLACK
6
CONTINUOUS
10
0.2770733858267717
20
1.7696699606299213
11
0.2805714173228346
21
1.7636112598425195
0
LINE
8
BLACK
6
CONTINUOUS
10
0.2805714173228346
20
1.7636112598425195
11
0.2827332677165355
21
1.7569576771653543
0
LINE
8
BLACK
6
CONTINUOUS
10
0.2827332677165355
20
1.7569576771653543
11
0.2834645669291339
21
1.75
0
LINE
8
BLACK
6
CONTINUOUS
10
0.2834645669291339
20
1.75
11
0.2827332677165355
21
1.7430423228346457
0
LINE
8
BLACK
6
CONTINUOUS
10
0.2827332677165355
20
1.7430423228346457
11
0.2805714173228346
21
1.7363887401574802
0
LINE
8
BLACK
6
CONTINUOUS
10
0.2805714173228346
20
1.7363887401574802
11
0.2770733858267717
21
1.7303300393700787
0
LINE
8
BLACK
6
CONTINUOUS
10
0.2770733858267717
20
1.7303300393700787
11
0.2723921653543307
21
1.7251309842519684
0
LINE
8
BLACK
6
CONTINUOUS
10
0.2723921653543307
20
1.7251309842519684
11
0.2667322834645669
21
1.7210188188976379
0
LINE
8
BLACK
6
CONTINUOUS
10
0.2667322834645669
20
1.7210188188976379
11
0.2603411023622047
21
1.7181733070866141
0
LINE
8
BLACK
6
CONTINUOUS
10
0.2603411023622047
20
1.7181733070866141
11
0.2534979921259842
21
1.7167187401574804
0
LINE
8
BLACK
6
CONTINUOUS
10
0.2534979921259842
20
1.7167187401574804
11
0.2465020078740157
21
1.7167187401574804
0
LINE
8
BLACK
6
CONTINUOUS
10
0.2465020078740157
20
1.7167187401574804
11
0.2396588976377953
21
1.7181733070866141
0
LINE
8
BLACK
6
CONTINUOUS
10
0.2396588976377953
20
1.7181733070866141
11
0.2332677165354331
21
1.7210188188976379
0
LINE
8
BLACK
6
CONTINUOUS
10
0.2332677165354331
20
1.7210188188976379
11
0.2276078346456693
21
1.7251309842519684
0
LINE
8
BLACK
6
CONTINUOUS
10
0.2276078346456693
20
1.7251309842519684
11
0.2229266141732283
21
1.7303300393700787
0
LINE
8
BLACK
6
CONTINUOUS
10
0.2229266141732283
20
1.7303300393700787
11
0.2194285826771654
21
1.7363887401574802
0
LINE
8
BLACK
6
CONTINUOUS
10
0.2194285826771654
20
1.7363887401574802
11
0.2172667322834646
21
1.7430423228346457
0
LINE
8
BLACK
6
CONTINUOUS
10
0.2172667322834646
20
1.7430423228346457
11
0.2165354330708661
21
1.75
0
LINE
8
BLACK
6
CONTINUOUS
10
0.2165354330708661
20
1.75
11
0.2172667322834646
21
1.7569576771653543
0
LINE
8
BLACK
6
CONTINUOUS
10
0.2172667322834646
20
1.7569576771653543
11
0.2194285826771654
21
1.7636112598425195
0
LINE
8
BLACK
6
CONTINUOUS
10
0.2194285826771654
20
1.7636112598425195
11
0.2229266141732283
21
1.7696699606299213
0
LINE
8
BLACK
6
CONTINUOUS
10
0.2229266141732283
20
1.7696699606299213
11
0.2276078346456693
21
1.7748690157480314
0
LINE
8
BLACK
6
CONTINUOUS
10
0.2276078346456693
20
1.7748690157480314
11
0.2332677165354331
21
1.7789811811023621
0
LINE
8
BLACK
6
CONTINUOUS
10
0.2332677165354331
20
1.7789811811023621
11
0.2396588976377953
21
1.7818266929133857
0
LINE
8
BLACK
6
CONTINUOUS
10
0.2396588976377953
20
1.7818266929133857
11
0.2465020078740157
21
1.7832812598425196
0
LINE
8
BLACK
6
CONTINUOUS
10
0.2465020078740157
20
1.7832812598425196
11
0.2534979921259842
21
1.7832812598425196
0
LINE
8
BLACK
6
CONTINUOUS
10
0.2534979921259842
20
1.7832812598425196
11
0.2603411023622047
21
1.7818266929133857
0
LINE
8
BLACK
6
CONTINUOUS
10
1.760144251968504
20
1.7818266929133857
11
1.766535433070866
21
1.7789811811023621
0
LINE
8
BLACK
6
CONTINUOUS
10
1.766535433070866
20
1.7789811811023621
11
1.77219531496063
21
1.7748690157480314
0
LINE
8
BLACK
6
CONTINUOUS
10
1.77219531496063
20
1.7748690157480314
11
1.7768765354330709
21
1.7696699606299213
0
LINE
8
BLACK
6
CONTINUOUS
10
1.7768765354330709
20
1.7696699606299213
11
1.7803745669291338
21
1.7636112598425195
0
LINE
8
BLACK
6
CONTINUOUS
10
1.7803745669291338
20
1.7636112598425195
11
1.7825364173228346
21
1.7569576771653543
0
LINE
8
BLACK
6
CONTINUOUS
10
1.7825364173228346
20
1.7569576771653543
11
1.7832677165354329
21
1.75
0
LINE
8
BLACK
6
CONTINUOUS
10
1.7832677165354329
20
1.75
11
1.7825364173228346
21
1.7430423228346457
0
LINE
8
BLACK
6
CONTINUOUS
10
1.7825364173228346
20
1.7430423228346457
11
1.7803745669291338
21
1.7363887401574802
0
LINE
8
BLACK
6
CONTINUOUS
10
1.7803745669291338
20
1.7363887401574802
11
1.7768765354330709
21
1.7303300393700787
0
LINE
8
BLACK
6
CONTINUOUS
10
1.7768765354330709
20
1.7303300393700787
11
1.77219531496063
21
1.7251309842519684
0
LINE
8
BLACK
6
CONTINUOUS
10
1.77219531496063
20
1.7251309842519684
11
1.766535433070866
21
1.7210188188976379
0
LINE
8
BLACK
6
CONTINUOUS
10
1.766535433070866
20
1.7210188188976379
11
1.760144251968504
21
1.7181733070866141
0
LINE
8
BLACK
6
CONTINUOUS
10
1.760144251968504
20
1.7181733070866141
11
1.7533011417322835
21
1.7167187401574804
0
LINE
8
BLACK
6
CONTINUOUS
10
1.7533011417322835
20
1.7167187401574804
11
1.746305157480315
21
1.7167187401574804
0
LINE
8
BLACK
6
CONTINUOUS
10
1.746305157480315
20
1.7167187401574804
11
1.7394620472440945
21
1.7181733070866141
0
LINE
8
BLACK
6
CONTINUOUS
10
1.7394620472440945
20
1.7181733070866141
11
1.7330708661417322
21
1.7210188188976379
0
LINE
8
BLACK
6
CONTINUOUS
10
1.7330708661417322
20
1.7210188188976379
11
1.7274109842519685
21
1.7251309842519684
0
LINE
8
BLACK
6
CONTINUOUS
10
1.7274109842519685
20
1.7251309842519684
11
1.7227297637795276
21
1.7303300393700787
0
LINE
8
BLACK
6
CONTINUOUS
10
1.7227297637795276
20
1.7303300393700787
11
1.7192317322834645
21
1.7363887401574802
0
LINE
8
BLACK
6
CONTINUOUS
10
1.7192317322834645
20
1.7363887401574802
11
1.7170698818897638
21
1.7430423228346457
0
LINE
8
BLACK
6
CONTINUOUS
10
1.7170698818897638
20
1.7430423228346457
11
1.7163385826771653
21
1.75
0
LINE
8
BLACK
6
CONTINUOUS
10
1.7163385826771653
20
1.75
11
1.7170698818897638
21
1.7569576771653543
0
LINE
8
BLACK
6
CONTINUOUS
10
1.7170698818897638
20
1.7569576771653543
11
1.7192317322834645
21
1.7636112598425195
0
LINE
8
BLACK
6
CONTINUOUS
10
1.7192317322834645
20
1.7636112598425195
11
1.7227297637795276
21
1.7696699606299213
0
LINE
8
BLACK
6
CONTINUOUS
10
1.7227297637795276
20
1.7696699606299213
11
1.7274109842519685
21
1.7748690157480314
0
LINE
8
BLACK
6
CONTINUOUS
10
1.7274109842519685
20
1.7748690157480314
11
1.7330708661417322
21
1.7789811811023621
0
LINE
8
BLACK
6
CONTINUOUS
10
1.7330708661417322
20
1.7789811811023621
11
1.7394620472440945
21
1.7818266929133857
0
LINE
8
BLACK
6
CONTINUOUS
10
1.7394620472440945
20
1.7818266929133857
11
1.746305157480315
21
1.7832812598425196
0
LINE
8
BLACK
6
CONTINUOUS
10
1.746305157480315
20
1.7832812598425196
11
1.7533011417322835
21
1.7832812598425196
0
LINE
8
BLACK
6
CONTINUOUS
10
1.7533011417322835
20
1.7832812598425196
11
1.760144251968504
21
1.7818266929133857
0
LINE
8
BLACK
6
CONTINUOUS
10
1.8601442519685039
20
1.7818266929133857
11
1.8665354330708661
21
1.7789811811023621
0
LINE
8
BLACK
6
CONTINUOUS
10
1.8665354330708661
20
1.7789811811023621
11
1.8721953149606299
21
1.7748690157480314
0
LINE
8
BLACK
6
CONTINUOUS
10
1.8721953149606299
20
1.7748690157480314
11
1.8768765354330708
21
1.7696699606299213
0
LINE
8
BLACK
6
CONTINUOUS
10
1.8768765354330708
20
1.7696699606299213
11
1.8803745669291339
21
1.7636112598425195
0
LINE
8
BLACK
6
CONTINUOUS
10
1.8803745669291339
20
1.7636112598425195
11
1.8825364173228345
21
1.7569576771653543
0
LINE
8
BLACK
6
CONTINUOUS
10
1.8825364173228345
20
1.7569576771653543
11
1.883267716535433
21
1.75
0
LINE
8
BLACK
6
CONTINUOUS
10
1.883267716535433
20
1.75
11
1.8825364173228345
21
1.7430423228346457
0
LINE
8
BLACK
6
CONTINUOUS
10
1.8825364173228345
20
1.7430423228346457
11
1.8803745669291339
21
1.7363887401574802
0
LINE
8
BLACK
6
CONTINUOUS
10
1.8803745669291339
20
1.7363887401574802
11
1.8768765354330708
21
1.7303300393700787
0
LINE
8
BLACK
6
CONTINUOUS
10
1.8768765354330708
20
1.7303300393700787
11
1.8721953149606299
21
1.7251309842519684
0
LINE
8
BLACK
6
CONTINUOUS
10
1.8721953149606299
20
1.7251309842519684
11
1.8665354330708661
21
1.7210188188976379
0
LINE
8
BLACK
6
CONTINUOUS
10
1.8665354330708661
20
1.7210188188976379
11
1.8601442519685039
21
1.7181733070866141
0
LINE
8
BLACK
6
CONTINUOUS
10
1.8601442519685039
20
1.7181733070866141
11
1.8533011417322833
21
1.7167187401574804
0
LINE
8
BLACK
6
CONTINUOUS
10
1.8533011417322833
20
1.7167187401574804
11
1.8463051574803149
21
1.7167187401574804
0
LINE
8
BLACK
6
CONTINUOUS
10
1.8463051574803149
20
1.7167187401574804
11
1.8394620472440943
21
1.7181733070866141
0
LINE
8
BLACK
6
CONTINUOUS
10
1.8394620472440943
20
1.7181733070866141
11
1.8330708661417323
21
1.7210188188976379
0
LINE
8
BLACK
6
CONTINUOUS
10
1.8330708661417323
20
1.7210188188976379
11
1.8274109842519686
21
1.7251309842519684
0
LINE
8
BLACK
6
CONTINUOUS
10
1.8274109842519686
20
1.7251309842519684
11
1.8227297637795274
21
1.7303300393700787
0
LINE
8
BLACK
6
CONTINUOUS
10
1.8227297637795274
20
1.7303300393700787
11
1.8192317322834646
21
1.7363887401574802
0
LINE
8
BLACK
6
CONTINUOUS
10
1.8192317322834646
20
1.7363887401574802
11
1.8170698818897637
21
1.7430423228346457
0
LINE
8
BLACK
6
CONTINUOUS
10
1.8170698818897637
20
1.7430423228346457
11
1.8163385826771654
21
1.75
0
LINE
8
BLACK
6
CONTINUOUS
10
1.8163385826771654
20
1.75
11
1.8170698818897637
21
1.7569576771653543
0
LINE
8
BLACK
6
CONTINUOUS
10
1.8170698818897637
20
1.7569576771653543
11
1.8192317322834646
21
1.7636112598425195
0
LINE
8
BLACK
6
CONTINUOUS
10
1.8192317322834646
20
1.7636112598425195
11
1.8227297637795274
21
1.7696699606299213
0
LINE
8
BLACK
6
CONTINUOUS
10
1.8227297637795274
20
1.7696699606299213
11
1.8274109842519686
21
1.7748690157480314
0
LINE
8
BLACK
6
CONTINUOUS
10
1.8274109842519686
20
1.7748690157480314
11
1.8330708661417323
21
1.7789811811023621
0
LINE
8
BLACK
6
CONTINUOUS
10
1.8330708661417323
20
1.7789811811023621
11
1.8394620472440943
21
1.7818266929133857
0
LINE
8
BLACK
6
CONTINUOUS
10
1.8394620472440943
20
1.7818266929133857
11
1.8463051574803149
21
1.7832812598425196
0
LINE
8
BLACK
6
CONTINUOUS
10
1.8463051574803149
20
1.7832812598425196
11
1.8533011417322833
21
1.7832812598425196
0
LINE
8
BLACK
6
CONTINUOUS
10
1.8533011417322833
20
1.7832812598425196
11
1.8601442519685039
21
1.7818266929133857
0
LINE
8
BLACK
6
CONTINUOUS
10
0.8416811417322835
20
1.7379642125984252
11
0.842639094488189
21
1.7373241338582677
0
LINE
8
BLACK
6
CONTINUOUS
10
0.842639094488189
20
1.7373241338582677
11
0.8432791732283464
21
1.7363661811023621
0
LINE
8
BLACK
6
CONTINUOUS
10
0.8432791732283464
20
1.7363661811023621
11
0.843503937007874
21
1.735236220472441
0
LINE
8
BLACK
6
CONTINUOUS
10
0.843503937007874
20
1.735236220472441
11
0.843503937007874
21
1.7293307086614174
0
LINE
8
BLACK
6
CONTINUOUS
10
0.843503937007874
20
1.7293307086614174
11
0.8432791732283464
21
1.728200748031496
0
LINE
8
BLACK
6
CONTINUOUS
10
0.8432791732283464
20
1.728200748031496
11
0.842639094488189
21
1.7272427952755904
0
LINE
8
BLACK
6
CONTINUOUS
10
0.842639094488189
20
1.7272427952755904
11
0.8416811417322835
21
1.726602716535433
0
LINE
8
BLACK
6
CONTINUOUS
10
0.8416811417322835
20
1.726602716535433
11
0.8405511811023622
21
1.7263779527559056
0
LINE
8
BLACK
6
CONTINUOUS
10
0.8405511811023622
20
1.7263779527559056
11
0.7854330708661417
21
1.7263779527559056
0
LINE
8
BLACK
6
CONTINUOUS
10
0.7854330708661417
20
1.7263779527559056
11
0.7843031102362205
21
1.726602716535433
0
LINE
8
BLACK
6
CONTINUOUS
10
0.7843031102362205
20
1.726602716535433
11
0.783345157480315
21
1.7272427952755904
0
LINE
8
BLACK
6
CONTINUOUS
10
0.783345157480315
20
1.7272427952755904
11
0.7827050787401575
21
1.728200748031496
0
LINE
8
BLACK
6
CONTINUOUS
10
0.7827050787401575
20
1.728200748031496
11
0.7824803149606299
21
1.7293307086614174
0
LINE
8
BLACK
6
CONTINUOUS
10
0.7824803149606299
20
1.7293307086614174
11
0.7824803149606299
21
1.735236220472441
0
LINE
8
BLACK
6
CONTINUOUS
10
0.7824803149606299
20
1.735236220472441
11
0.7827050787401575
21
1.7363661811023621
0
LINE
8
BLACK
6
CONTINUOUS
10
0.7827050787401575
20
1.7363661811023621
11
0.783345157480315
21
1.7373241338582677
0
LINE
8
BLACK
6
CONTINUOUS
10
0.783345157480315
20
1.7373241338582677
11
0.7843031102362205
21
1.7379642125984252
0
LINE
8
BLACK
6
CONTINUOUS
10
0.7843031102362205
20
1.7379642125984252
11
0.7854330708661417
21
1.7381889763779528
0
LINE
8
BLACK
6
CONTINUOUS
10
0.7854330708661417
20
1.7381889763779528
11
0.8405511811023622
21
1.7381889763779528
0
LINE
8
BLACK
6
CONTINUOUS
10
0.8405511811023622
20
1.7381889763779528
11
0.8416811417322835
21
1.7379642125984252
0
LINE
8
BLACK
6
CONTINUOUS
10
1.2885315354330709
20
1.7379642125984252
11
1.2894894881889762
21
1.7373241338582677
0
LINE
8
BLACK
6
CONTINUOUS
10
1.2894894881889762
20
1.7373241338582677
11
1.2901295669291337
21
1.7363661811023621
0
LINE
8
BLACK
6
CONTINUOUS
10
1.2901295669291337
20
1.7363661811023621
11
1.2903543307086613
21
1.735236220472441
0
LINE
8
BLACK
6
CONTINUOUS
10
1.2903543307086613
20
1.735236220472441
11
1.2903543307086613
21
1.7293307086614174
0
LINE
8
BLACK
6
CONTINUOUS
10
1.2903543307086613
20
1.7293307086614174
11
1.2901295669291337
21
1.728200748031496
0
LINE
8
BLACK
6
CONTINUOUS
10
1.2901295669291337
20
1.728200748031496
11
1.2894894881889762
21
1.7272427952755904
0
LINE
8
BLACK
6
CONTINUOUS
10
1.2894894881889762
20
1.7272427952755904
11
1.2885315354330709
21
1.726602716535433
0
LINE
8
BLACK
6
CONTINUOUS
10
1.2885315354330709
20
1.726602716535433
11
1.2874015748031495
21
1.7263779527559056
0
LINE
8
BLACK
6
CONTINUOUS
10
1.2874015748031495
20
1.7263779527559056
11
1.2322834645669292
21
1.7263779527559056
0
LINE
8
BLACK
6
CONTINUOUS
10
1.2322834645669292
20
1.7263779527559056
11
1.2311535039370078
21
1.726602716535433
0
LINE
8
BLACK
6
CONTINUOUS
10
1.2311535039370078
20
1.726602716535433
11
1.2301955511811022
21
1.7272427952755904
0
LINE
8
BLACK
6
CONTINUOUS
10
1.2301955511811022
20
1.7272427952755904
11
1.2295554724409448
21
1.728200748031496
0
LINE
8
BLACK
6
CONTINUOUS
10
1.2295554724409448
20
1.728200748031496
11
1.2293307086614174
21
1.7293307086614174
0
LINE
8
BLACK
6
CONTINUOUS
10
1.2293307086614174
20
1.7293307086614174
11
1.2293307086614174
21
1.735236220472441
0
LINE
8
BLACK
6
CONTINUOUS
10
1.2293307086614174
20
1.735236220472441
11
1.2295554724409448
21
1.7363661811023621
0
LINE
8
BLACK
6
CONTINUOUS
10
1.2295554724409448
20
1.7363661811023621
11
1.2301955511811022
21
1.7373241338582677
0
LINE
8
BLACK
6
CONTINUOUS
10
1.2301955511811022
20
1.7373241338582677
11
1.2311535039370078
21
1.7379642125984252
0
LINE
8
BLACK
6
CONTINUOUS
10
1.2311535039370078
20
1.7379642125984252
11
1.2322834645669292
21
1.7381889763779528
0
LINE
8
BLACK
6
CONTINUOUS
10
1.2322834645669292
20
1.7381889763779528
11
1.2874015748031495
21
1.7381889763779528
0
LINE
8
BLACK
6
CONTINUOUS
10
1.2874015748031495
20
1.7381889763779528
11
1.2885315354330709
21
1.7379642125984252
0
LINE
8
BLACK
6
CONTINUOUS
10
0.8416811417322835
20
1.7576492913385826
11
0.842639094488189
21
1.7570092125984251
0
LINE
8
BLACK
6
CONTINUOUS
10
0.842639094488189
20
1.7570092125984251
11
0.8432791732283464
21
1.7560512598425198
0
LINE
8
BLACK
6
CONTINUOUS
10
0.8432791732283464
20
1.7560512598425198
11
0.843503937007874
21
1.7549212992125984
0
LINE
8
BLACK
6
CONTINUOUS
10
0.843503937007874
20
1.7549212992125984
11
0.843503937007874
21
1.7490157874015748
0
LINE
8
BLACK
6
CONTINUOUS
10
0.843503937007874
20
1.7490157874015748
11
0.8432791732283464
21
1.7478858267716535
0
LINE
8
BLACK
6
CONTINUOUS
10
0.8432791732283464
20
1.7478858267716535
11
0.842639094488189
21
1.7469278740157479
0
LINE
8
BLACK
6
CONTINUOUS
10
0.842639094488189
20
1.7469278740157479
11
0.8416811417322835
21
1.7462877952755904
0
LINE
8
BLACK
6
CONTINUOUS
10
0.8416811417322835
20
1.7462877952755904
11
0.8405511811023622
21
1.746063031496063
0
LINE
8
BLACK
6
CONTINUOUS
10
0.8405511811023622
20
1.746063031496063
11
0.7854330708661417
21
1.746063031496063
0
LINE
8
BLACK
6
CONTINUOUS
10
0.7854330708661417
20
1.746063031496063
11
0.7843031102362205
21
1.7462877952755904
0
LINE
8
BLACK
6
CONTINUOUS
10
0.7843031102362205
20
1.7462877952755904
11
0.783345157480315
21
1.7469278740157479
0
LINE
8
BLACK
6
CONTINUOUS
10
0.783345157480315
20
1.7469278740157479
11
0.7827050787401575
21
1.7478858267716535
0
LINE
8
BLACK
6
CONTINUOUS
10
0.7827050787401575
20
1.7478858267716535
11
0.7824803149606299
21
1.7490157874015748
0
LINE
8
BLACK
6
CONTINUOUS
10
0.7824803149606299
20
1.7490157874015748
11
0.7824803149606299
21
1.7549212992125984
0
LINE
8
BLACK
6
CONTINUOUS
10
0.7824803149606299
20
1.7549212992125984
11
0.7827050787401575
21
1.7560512598425198
0
LINE
8
BLACK
6
CONTINUOUS
10
0.7827050787401575
20
1.7560512598425198
11
0.783345157480315
21
1.7570092125984251
0
LINE
8
BLACK
6
CONTINUOUS
10
0.783345157480315
20
1.7570092125984251
11
0.7843031102362205
21
1.7576492913385826
0
LINE
8
BLACK
6
CONTINUOUS
10
0.7843031102362205
20
1.7576492913385826
11
0.7854330708661417
21
1.7578740551181102
0
LINE
8
BLACK
6
CONTINUOUS
10
0.7854330708661417
20
1.7578740551181102
11
0.8405511811023622
21
1.7578740551181102
0
LINE
8
BLACK
6
CONTINUOUS
10
0.8405511811023622
20
1.7578740551181102
11
0.8416811417322835
21
1.7576492913385826
0
LINE
8
BLACK
6
CONTINUOUS
10
1.2885315354330709
20
1.7576492913385826
11
1.2894894881889762
21
1.7570092125984251
0
LINE
8
BLACK
6
CONTINUOUS
10
1.2894894881889762
20
1.7570092125984251
11
1.2901295669291337
21
1.7560512598425198
0
LINE
8
BLACK
6
CONTINUOUS
10
1.2901295669291337
20
1.7560512598425198
11
1.2903543307086613
21
1.7549212992125984
0
LINE
8
BLACK
6
CONTINUOUS
10
1.2903543307086613
20
1.7549212992125984
11
1.2903543307086613
21
1.7490157874015748
0
LINE
8
BLACK
6
CONTINUOUS
10
1.2903543307086613
20
1.7490157874015748
11
1.2901295669291337
21
1.7478858267716535
0
LINE
8
BLACK
6
CONTINUOUS
10
1.2901295669291337
20
1.7478858267716535
11
1.2894894881889762
21
1.7469278740157479
0
LINE
8
BLACK
6
CONTINUOUS
10
1.2894894881889762
20
1.7469278740157479
11
1.2885315354330709
21
1.7462877952755904
0
LINE
8
BLACK
6
CONTINUOUS
10
1.2885315354330709
20
1.7462877952755904
11
1.2874015748031495
21
1.746063031496063
0
LINE
8
BLACK
6
CONTINUOUS
10
1.2874015748031495
20
1.746063031496063
11
1.2322834645669292
21
1.746063031496063
0
LINE
8
BLACK
6
CONTINUOUS
10
1.2322834645669292
20
1.746063031496063
11
1.2311535039370078
21
1.7462877952755904
0
LINE
8
BLACK
6
CONTINUOUS
10
1.2311535039370078
20
1.7462877952755904
11
1.2301955511811022
21
1.7469278740157479
0
LINE
8
BLACK
6
CONTINUOUS
10
1.2301955511811022
20
1.7469278740157479
11
1.2295554724409448
21
1.7478858267716535
0
LINE
8
BLACK
6
CONTINUOUS
10
1.2295554724409448
20
1.7478858267716535
11
1.2293307086614174
21
1.7490157874015748
0
LINE
8
BLACK
6
CONTINUOUS
10
1.2293307086614174
20
1.7490157874015748
11
1.2293307086614174
21
1.7549212992125984
0
LINE
8
BLACK
6
CONTINUOUS
10
1.2293307086614174
20
1.7549212992125984
11
1.2295554724409448
21
1.7560512598425198
0
LINE
8
BLACK
6
CONTINUOUS
10
1.2295554724409448
20
1.7560512598425198
11
1.2301955511811022
21
1.7570092125984251
0
LINE
8
BLACK
6
CONTINUOUS
10
1.2301955511811022
20
1.7570092125984251
11
1.2311535039370078
21
1.7576492913385826
0
LINE
8
BLACK
6
CONTINUOUS
10
1.2311535039370078
20
1.7576492913385826
11
1.2322834645669292
21
1.7578740551181102
0
LINE
8
BLACK
6
CONTINUOUS
10
1.2322834645669292
20
1.7578740551181102
11
1.2874015748031495
21
1.7578740551181102
0
LINE
8
BLACK
6
CONTINUOUS
10
1.2874015748031495
20
1.7578740551181102
11
1.2885315354330709
21
1.7576492913385826
0
LINE
8
BLACK
6
CONTINUOUS
10
0.8416811417322835
20
1.7773342913385826
11
0.842639094488189
21
1.7766942125984251
0
LINE
8
BLACK
6
CONTINUOUS
10
0.842639094488189
20
1.7766942125984251
11
0.8432791732283464
21
1.7757362598425197
0
LINE
8
BLACK
6
CONTINUOUS
10
0.8432791732283464
20
1.7757362598425197
11
0.843503937007874
21
1.7746062992125984
0
LINE
8
BLACK
6
CONTINUOUS
10
0.843503937007874
20
1.7746062992125984
11
0.843503937007874
21
1.7687007874015748
0
LINE
8
BLACK
6
CONTINUOUS
10
0.843503937007874
20
1.7687007874015748
11
0.8432791732283464
21
1.7675708267716534
0
LINE
8
BLACK
6
CONTINUOUS
10
0.8432791732283464
20
1.7675708267716534
11
0.842639094488189
21
1.7666128740157481
0
LINE
8
BLACK
6
CONTINUOUS
10
0.842639094488189
20
1.7666128740157481
11
0.8416811417322835
21
1.7659727952755906
0
LINE
8
BLACK
6
CONTINUOUS
10
0.8416811417322835
20
1.7659727952755906
11
0.8405511811023622
21
1.765748031496063
0
LINE
8
BLACK
6
CONTINUOUS
10
0.8405511811023622
20
1.765748031496063
11
0.7854330708661417
21
1.765748031496063
0
LINE
8
BLACK
6
CONTINUOUS
10
0.7854330708661417
20
1.765748031496063
11
0.7843031102362205
21
1.7659727952755906
0
LINE
8
BLACK
6
CONTINUOUS
10
0.7843031102362205
20
1.7659727952755906
11
0.783345157480315
21
1.7666128740157481
0
LINE
8
BLACK
6
CONTINUOUS
10
0.783345157480315
20
1.7666128740157481
11
0.7827050787401575
21
1.7675708267716534
0
LINE
8
BLACK
6
CONTINUOUS
10
0.7827050787401575
20
1.7675708267716534
11
0.7824803149606299
21
1.7687007874015748
0
LINE
8
BLACK
6
CONTINUOUS
10
0.7824803149606299
20
1.7687007874015748
11
0.7824803149606299
21
1.7746062992125984
0
LINE
8
BLACK
6
CONTINUOUS
10
0.7824803149606299
20
1.7746062992125984
11
0.7827050787401575
21
1.7757362598425197
0
LINE
8
BLACK
6
CONTINUOUS
10
0.7827050787401575
20
1.7757362598425197
11
0.783345157480315
21
1.7766942125984251
0
LINE
8
BLACK
6
CONTINUOUS
10
0.783345157480315
20
1.7766942125984251
11
0.7843031102362205
21
1.7773342913385826
0
LINE
8
BLACK
6
CONTINUOUS
10
0.7843031102362205
20
1.7773342913385826
11
0.7854330708661417
21
1.7775590551181102
0
LINE
8
BLACK
6
CONTINUOUS
10
0.7854330708661417
20
1.7775590551181102
11
0.8405511811023622
21
1.7775590551181102
0
LINE
8
BLACK
6
CONTINUOUS
10
0.8405511811023622
20
1.7775590551181102
11
0.8416811417322835
21
1.7773342913385826
0
LINE
8
BLACK
6
CONTINUOUS
10
1.2885315354330709
20
1.7773342913385826
11
1.2894894881889762
21
1.7766942125984251
0
LINE
8
BLACK
6
CONTINUOUS
10
1.2894894881889762
20
1.7766942125984251
11
1.2901295669291337
21
1.7757362598425197
0
LINE
8
BLACK
6
CONTINUOUS
10
1.2901295669291337
20
1.7757362598425197
11
1.2903543307086613
21
1.7746062992125984
0
LINE
8
BLACK
6
CONTINUOUS
10
1.2903543307086613
20
1.7746062992125984
11
1.2903543307086613
21
1.7687007874015748
0
LINE
8
BLACK
6
CONTINUOUS
10
1.2903543307086613
20
1.7687007874015748
11
1.2901295669291337
21
1.7675708267716534
0
LINE
8
BLACK
6
CONTINUOUS
10
1.2901295669291337
20
1.7675708267716534
11
1.2894894881889762
21
1.7666128740157481
0
LINE
8
BLACK
6
CONTINUOUS
10
1.2894894881889762
20
1.7666128740157481
11
1.2885315354330709
21
1.7659727952755906
0
LINE
8
BLACK
6
CONTINUOUS
10
1.2885315354330709
20
1.7659727952755906
11
1.2874015748031495
21
1.765748031496063
0
LINE
8
BLACK
6
CONTINUOUS
10
1.2874015748031495
20
1.765748031496063
11
1.2322834645669292
21
1.765748031496063
0
LINE
8
BLACK
6
CONTINUOUS
10
1.2322834645669292
20
1.765748031496063
11
1.2311535039370078
21
1.7659727952755906
0
LINE
8
BLACK
6
CONTINUOUS
10
1.2311535039370078
20
1.7659727952755906
11
1.2301955511811022
21
1.7666128740157481
0
LINE
8
BLACK
6
CONTINUOUS
10
1.2301955511811022
20
1.7666128740157481
11
1.2295554724409448
21
1.7675708267716534
0
LINE
8
BLACK
6
CONTINUOUS
10
1.2295554724409448
20
1.7675708267716534
11
1.2293307086614174
21
1.7687007874015748
0
LINE
8
BLACK
6
CONTINUOUS
10
1.2293307086614174
20
1.7687007874015748
11
1.2293307086614174
21
1.7746062992125984
0
LINE
8
BLACK
6
CONTINUOUS
10
1.2293307086614174
20
1.7746062992125984
11
1.2295554724409448
21
1.7757362598425197
0
LINE
8
BLACK
6
CONTINUOUS
10
1.2295554724409448
20
1.7757362598425197
11
1.2301955511811022
21
1.7766942125984251
0
LINE
8
BLACK
6
CONTINUOUS
10
1.2301955511811022
20
1.7766942125984251
11
1.2311535039370078
21
1.7773342913385826
0
LINE
8
BLACK
6
CONTINUOUS
10
1.2311535039370078
20
1.7773342913385826
11
1.2322834645669292
21
1.7775590551181102
0
LINE
8
BLACK
6
CONTINUOUS
10
1.2322834645669292
20
1.7775590551181102
11
1.2874015748031495
21
1.7775590551181102
0
LINE
8
BLACK
6
CONTINUOUS
10
1.2874015748031495
20
1.7775590551181102
11
1.2885315354330709
21
1.7773342913385826
0
LINE
8
BLACK
6
CONTINUOUS
10
0.8416811417322835
20
1.7970193307086613
11
0.842639094488189
21
1.7963792519685038
0
LINE
8
BLACK
6
CONTINUOUS
10
0.842639094488189
20
1.7963792519685038
11
0.8432791732283464
21
1.7954212992125984
0
LINE
8
BLACK
6
CONTINUOUS
10
0.8432791732283464
20
1.7954212992125984
11
0.843503937007874
21
1.7942913385826771
0
LINE
8
BLACK
6
CONTINUOUS
10
0.843503937007874
20
1.7942913385826771
11
0.843503937007874
21
1.7883858267716535
0
LINE
8
BLACK
6
CONTINUOUS
10
0.843503937007874
20
1.7883858267716535
11
0.8432791732283464
21
1.7872558661417322
0
LINE
8
BLACK
6
CONTINUOUS
10
0.8432791732283464
20
1.7872558661417322
11
0.842639094488189
21
1.7862979133858268
0
LINE
8
BLACK
6
CONTINUOUS
10
0.842639094488189
20
1.7862979133858268
11
0.8416811417322835
21
1.7856578346456693
0
LINE
8
BLACK
6
CONTINUOUS
10
0.8416811417322835
20
1.7856578346456693
11
0.8405511811023622
21
1.7854330708661417
0
LINE
8
BLACK
6
CONTINUOUS
10
0.8405511811023622
20
1.7854330708661417
11
0.7854330708661417
21
1.7854330708661417
0
LINE
8
BLACK
6
CONTINUOUS
10
0.7854330708661417
20
1.7854330708661417
11
0.7843031102362205
21
1.7856578346456693
0
LINE
8
BLACK
6
CONTINUOUS
10
0.7843031102362205
20
1.7856578346456693
11
0.783345157480315
21
1.7862979133858268
0
LINE
8
BLACK
6
CONTINUOUS
10
0.783345157480315
20
1.7862979133858268
11
0.7827050787401575
21
1.7872558661417322
0
LINE
8
BLACK
6
CONTINUOUS
10
0.7827050787401575
20
1.7872558661417322
11
0.7824803149606299
21
1.7883858267716535
0
LINE
8
BLACK
6
CONTINUOUS
10
0.7824803149606299
20
1.7883858267716535
11
0.7824803149606299
21
1.7942913385826771
0
LINE
8
BLACK
6
CONTINUOUS
10
0.7824803149606299
20
1.7942913385826771
11
0.7827050787401575
21
1.7954212992125984
0
LINE
8
BLACK
6
CONTINUOUS
10
0.7827050787401575
20
1.7954212992125984
11
0.783345157480315
21
1.7963792519685038
0
LINE
8
BLACK
6
CONTINUOUS
10
0.783345157480315
20
1.7963792519685038
11
0.7843031102362205
21
1.7970193307086613
0
LINE
8
BLACK
6
CONTINUOUS
10
0.7843031102362205
20
1.7970193307086613
11
0.7854330708661417
21
1.7972440944881889
0
LINE
8
BLACK
6
CONTINUOUS
10
0.7854330708661417
20
1.7972440944881889
11
0.8405511811023622
21
1.7972440944881889
0
LINE
8
BLACK
6
CONTINUOUS
10
0.8405511811023622
20
1.7972440944881889
11
0.8416811417322835
21
1.7970193307086613
0
LINE
8
BLACK
6
CONTINUOUS
10
1.2885315354330709
20
1.7970193307086613
11
1.2894894881889762
21
1.7963792519685038
0
LINE
8
BLACK
6
CONTINUOUS
10
1.2894894881889762
20
1.7963792519685038
11
1.2901295669291337
21
1.7954212992125984
0
LINE
8
BLACK
6
CONTINUOUS
10
1.2901295669291337
20
1.7954212992125984
11
1.2903543307086613
21
1.7942913385826771
0
LINE
8
BLACK
6
CONTINUOUS
10
1.2903543307086613
20
1.7942913385826771
11
1.2903543307086613
21
1.7883858267716535
0
LINE
8
BLACK
6
CONTINUOUS
10
1.2903543307086613
20
1.7883858267716535
11
1.2901295669291337
21
1.7872558661417322
0
LINE
8
BLACK
6
CONTINUOUS
10
1.2901295669291337
20
1.7872558661417322
11
1.2894894881889762
21
1.7862979133858268
0
LINE
8
BLACK
6
CONTINUOUS
10
1.2894894881889762
20
1.7862979133858268
11
1.2885315354330709
21
1.7856578346456693
0
LINE
8
BLACK
6
CONTINUOUS
10
1.2885315354330709
20
1.7856578346456693
11
1.2874015748031495
21
1.7854330708661417
0
LINE
8
BLACK
6
CONTINUOUS
10
1.2874015748031495
20
1.7854330708661417
11
1.2322834645669292
21
1.7854330708661417
0
LINE
8
BLACK
6
CONTINUOUS
10
1.2322834645669292
20
1.7854330708661417
11
1.2311535039370078
21
1.7856578346456693
0
LINE
8
BLACK
6
CONTINUOUS
10
1.2311535039370078
20
1.7856578346456693
11
1.2301955511811022
21
1.7862979133858268
0
LINE
8
BLACK
6
CONTINUOUS
10
1.2301955511811022
20
1.7862979133858268
11
1.2295554724409448
21
1.7872558661417322
0
LINE
8
BLACK
6
CONTINUOUS
10
1.2295554724409448
20
1.7872558661417322
11
1.2293307086614174
21
1.7883858267716535
0
LINE
8
BLACK
6
CONTINUOUS
10
1.2293307086614174
20
1.7883858267716535
11
1.2293307086614174
21
1.7942913385826771
0
LINE
8
BLACK
6
CONTINUOUS
10
1.2293307086614174
20
1.7942913385826771
11
1.2295554724409448
21
1.7954212992125984
0
LINE
8
BLACK
6
CONTINUOUS
10
1.2295554724409448
20
1.7954212992125984
11
1.2301955511811022
21
1.7963792519685038
0
LINE
8
BLACK
6
CONTINUOUS
10
1.2301955511811022
20
1.7963792519685038
11
1.2311535039370078
21
1.7970193307086613
0
LINE
8
BLACK
6
CONTINUOUS
10
1.2311535039370078
20
1.7970193307086613
11
1.2322834645669292
21
1.7972440944881889
0
LINE
8
BLACK
6
CONTINUOUS
10
1.2322834645669292
20
1.7972440944881889
11
1.2874015748031495
21
1.7972440944881889
0
LINE
8
BLACK
6
CONTINUOUS
10
1.2874015748031495
20
1.7972440944881889
11
1.2885315354330709
21
1.7970193307086613
0
LINE
8
BLACK
6
CONTINUOUS
10
0.8416811417322835
20
1.8167043700787402
11
0.842639094488189
21
1.8160642913385827
0
LINE
8
BLACK
6
CONTINUOUS
10
0.842639094488189
20
1.8160642913385827
11
0.8432791732283464
21
1.8151063385826771
0
LINE
8
BLACK
6
CONTINUOUS
10
0.8432791732283464
20
1.8151063385826771
11
0.843503937007874
21
1.8139763779527558
0
LINE
8
BLACK
6
CONTINUOUS
10
0.843503937007874
20
1.8139763779527558
11
0.843503937007874
21
1.8080708661417322
0
LINE
8
BLACK
6
CONTINUOUS
10
0.843503937007874
20
1.8080708661417322
11
0.8432791732283464
21
1.8069409055118111
0
LINE
8
BLACK
6
CONTINUOUS
10
0.8432791732283464
20
1.8069409055118111
11
0.842639094488189
21
1.8059829527559055
0
LINE
8
BLACK
6
CONTINUOUS
10
0.842639094488189
20
1.8059829527559055
11
0.8416811417322835
21
1.805342874015748
0
LINE
8
BLACK
6
CONTINUOUS
10
0.8416811417322835
20
1.805342874015748
11
0.8405511811023622
21
1.8051181102362204
0
LINE
8
BLACK
6
CONTINUOUS
10
0.8405511811023622
20
1.8051181102362204
11
0.7854330708661417
21
1.8051181102362204
0
LINE
8
BLACK
6
CONTINUOUS
10
0.7854330708661417
20
1.8051181102362204
11
0.7843031102362205
21
1.805342874015748
0
LINE
8
BLACK
6
CONTINUOUS
10
0.7843031102362205
20
1.805342874015748
11
0.783345157480315
21
1.8059829527559055
0
LINE
8
BLACK
6
CONTINUOUS
10
0.783345157480315
20
1.8059829527559055
11
0.7827050787401575
21
1.8069409055118111
0
LINE
8
BLACK
6
CONTINUOUS
10
0.7827050787401575
20
1.8069409055118111
11
0.7824803149606299
21
1.8080708661417322
0
LINE
8
BLACK
6
CONTINUOUS
10
0.7824803149606299
20
1.8080708661417322
11
0.7824803149606299
21
1.8139763779527558
0
LINE
8
BLACK
6
CONTINUOUS
10
0.7824803149606299
20
1.8139763779527558
11
0.7827050787401575
21
1.8151063385826771
0
LINE
8
BLACK
6
CONTINUOUS
10
0.7827050787401575
20
1.8151063385826771
11
0.783345157480315
21
1.8160642913385827
0
LINE
8
BLACK
6
CONTINUOUS
10
0.783345157480315
20
1.8160642913385827
11
0.7843031102362205
21
1.8167043700787402
0
LINE
8
BLACK
6
CONTINUOUS
10
0.7843031102362205
20
1.8167043700787402
11
0.7854330708661417
21
1.8169291338582676
0
LINE
8
BLACK
6
CONTINUOUS
10
0.7854330708661417
20
1.8169291338582676
11
0.8405511811023622
21
1.8169291338582676
0
LINE
8
BLACK
6
CONTINUOUS
10
0.8405511811023622
20
1.8169291338582676
11
0.8416811417322835
21
1.8167043700787402
0
LINE
8
BLACK
6
CONTINUOUS
10
1.2885315354330709
20
1.8167043700787402
11
1.2894894881889762
21
1.8160642913385827
0
LINE
8
BLACK
6
CONTINUOUS
10
1.2894894881889762
20
1.8160642913385827
11
1.2901295669291337
21
1.8151063385826771
0
LINE
8
BLACK
6
CONTINUOUS
10
1.2901295669291337
20
1.8151063385826771
11
1.2903543307086613
21
1.8139763779527558
0
LINE
8
BLACK
6
CONTINUOUS
10
1.2903543307086613
20
1.8139763779527558
11
1.2903543307086613
21
1.8080708661417322
0
LINE
8
BLACK
6
CONTINUOUS
10
1.2903543307086613
20
1.8080708661417322
11
1.2901295669291337
21
1.8069409055118111
0
LINE
8
BLACK
6
CONTINUOUS
10
1.2901295669291337
20
1.8069409055118111
11
1.2894894881889762
21
1.8059829527559055
0
LINE
8
BLACK
6
CONTINUOUS
10
1.2894894881889762
20
1.8059829527559055
11
1.2885315354330709
21
1.805342874015748
0
LINE
8
BLACK
6
CONTINUOUS
10
1.2885315354330709
20
1.805342874015748
11
1.2874015748031495
21
1.8051181102362204
0
LINE
8
BLACK
6
CONTINUOUS
10
1.2874015748031495
20
1.8051181102362204
11
1.2322834645669292
21
1.8051181102362204
0
LINE
8
BLACK
6
CONTINUOUS
10
1.2322834645669292
20
1.8051181102362204
11
1.2311535039370078
21
1.805342874015748
0
LINE
8
BLACK
6
CONTINUOUS
10
1.2311535039370078
20
1.805342874015748
11
1.2301955511811022
21
1.8059829527559055
0
LINE
8
BLACK
6
CONTINUOUS
10
1.2301955511811022
20
1.8059829527559055
11
1.2295554724409448
21
1.8069409055118111
0
LINE
8
BLACK
6
CONTINUOUS
10
1.2295554724409448
20
1.8069409055118111
11
1.2293307086614174
21
1.8080708661417322
0
LINE
8
BLACK
6
CONTINUOUS
10
1.2293307086614174
20
1.8080708661417322
11
1.2293307086614174
21
1.8139763779527558
0
LINE
8
BLACK
6
CONTINUOUS
10
1.2293307086614174
20
1.8139763779527558
11
1.2295554724409448
21
1.8151063385826771
0
LINE
8
BLACK
6
CONTINUOUS
10
1.2295554724409448
20
1.8151063385826771
11
1.2301955511811022
21
1.8160642913385827
0
LINE
8
BLACK
6
CONTINUOUS
10
1.2301955511811022
20
1.8160642913385827
11
1.2311535039370078
21
1.8167043700787402
0
LINE
8
BLACK
6
CONTINUOUS
10
1.2311535039370078
20
1.8167043700787402
11
1.2322834645669292
21
1.8169291338582676
0
LINE
8
BLACK
6
CONTINUOUS
10
1.2322834645669292
20
1.8169291338582676
11
1.2874015748031495
21
1.8169291338582676
0
LINE
8
BLACK
6
CONTINUOUS
10
1.2874015748031495
20
1.8169291338582676
11
1.2885315354330709
21
1.8167043700787402
0
LINE
8
BLACK
6
CONTINUOUS
10
0.1603411023622047
20
1.8818266929133858
11
0.1667322834645669
21
1.8789811811023622
0
LINE
8
BLACK
6
CONTINUOUS
10
0.1667322834645669
20
1.8789811811023622
11
0.1723921653543307
21
1.8748690157480314
0
LINE
8
BLACK
6
CONTINUOUS
10
0.1723921653543307
20
1.8748690157480314
11
0.1770733858267717
21
1.8696699606299212
0
LINE
8
BLACK
6
CONTINUOUS
10
0.1770733858267717
20
1.8696699606299212
11
0.1805714173228346
21
1.8636112598425196
0
LINE
8
BLACK
6
CONTINUOUS
10
0.1805714173228346
20
1.8636112598425196
11
0.1827332677165354
21
1.8569576771653542
0
LINE
8
BLACK
6
CONTINUOUS
10
0.1827332677165354
20
1.8569576771653542
11
0.1834645669291338
21
1.8499999999999999
0
LINE
8
BLACK
6
CONTINUOUS
10
0.1834645669291338
20
1.8499999999999999
11
0.1827332677165354
21
1.8430423228346455
0
LINE
8
BLACK
6
CONTINUOUS
10
0.1827332677165354
20
1.8430423228346455
11
0.1805714173228346
21
1.8363887401574803
0
LINE
8
BLACK
6
CONTINUOUS
10
0.1805714173228346
20
1.8363887401574803
11
0.1770733858267717
21
1.8303300393700788
0
LINE
8
BLACK
6
CONTINUOUS
10
0.1770733858267717
20
1.8303300393700788
11
0.1723921653543307
21
1.8251309842519685
0
LINE
8
BLACK
6
CONTINUOUS
10
0.1723921653543307
20
1.8251309842519685
11
0.1667322834645669
21
1.8210188188976377
0
LINE
8
BLACK
6
CONTINUOUS
10
0.1667322834645669
20
1.8210188188976377
11
0.1603411023622047
21
1.8181733070866142
0
LINE
8
BLACK
6
CONTINUOUS
10
0.1603411023622047
20
1.8181733070866142
11
0.1534979921259843
21
1.8167187401574802
0
LINE
8
BLACK
6
CONTINUOUS
10
0.1534979921259843
20
1.8167187401574802
11
0.1465020078740157
21
1.8167187401574802
0
LINE
8
BLACK
6
CONTINUOUS
10
0.1465020078740157
20
1.8167187401574802
11
0.1396588976377953
21
1.8181733070866142
0
LINE
8
BLACK
6
CONTINUOUS
10
0.1396588976377953
20
1.8181733070866142
11
0.1332677165354331
21
1.8210188188976377
0
LINE
8
BLACK
6
CONTINUOUS
10
0.1332677165354331
20
1.8210188188976377
11
0.1276078346456693
21
1.8251309842519685
0
LINE
8
BLACK
6
CONTINUOUS
10
0.1276078346456693
20
1.8251309842519685
11
0.1229266141732283
21
1.8303300393700788
0
LINE
8
BLACK
6
CONTINUOUS
10
0.1229266141732283
20
1.8303300393700788
11
0.1194285826771654
21
1.8363887401574803
0
LINE
8
BLACK
6
CONTINUOUS
10
0.1194285826771654
20
1.8363887401574803
11
0.1172667322834646
21
1.8430423228346455
0
LINE
8
BLACK
6
CONTINUOUS
10
0.1172667322834646
20
1.8430423228346455
11
0.1165354330708661
21
1.8499999999999999
0
LINE
8
BLACK
6
CONTINUOUS
10
0.1165354330708661
20
1.8499999999999999
11
0.1172667322834646
21
1.8569576771653542
0
LINE
8
BLACK
6
CONTINUOUS
10
0.1172667322834646
20
1.8569576771653542
11
0.1194285826771654
21
1.8636112598425196
0
LINE
8
BLACK
6
CONTINUOUS
10
0.1194285826771654
20
1.8636112598425196
11
0.1229266141732283
21
1.8696699606299212
0
LINE
8
BLACK
6
CONTINUOUS
10
0.1229266141732283
20
1.8696699606299212
11
0.1276078346456693
21
1.8748690157480314
0
LINE
8
BLACK
6
CONTINUOUS
10
0.1276078346456693
20
1.8748690157480314
11
0.1332677165354331
21
1.8789811811023622
0
LINE
8
BLACK
6
CONTINUOUS
10
0.1332677165354331
20
1.8789811811023622
11
0.1396588976377953
21
1.8818266929133858
0
LINE
8
BLACK
6
CONTINUOUS
10
0.1396588976377953
20
1.8818266929133858
11
0.1465020078740157
21
1.8832812598425197
0
LINE
8
BLACK
6
CONTINUOUS
10
0.1465020078740157
20
1.8832812598425197
11
0.1534979921259843
21
1.8832812598425197
0
LINE
8
BLACK
6
CONTINUOUS
10
0.1534979921259843
20
1.8832812598425197
11
0.1603411023622047
21
1.8818266929133858
0
LINE
8
BLACK
6
CONTINUOUS
10
0.2603411023622047
20
1.8818266929133858
11
0.2667322834645669
21
1.8789811811023622
0
LINE
8
BLACK
6
CONTINUOUS
10
0.2667322834645669
20
1.8789811811023622
11
0.2723921653543307
21
1.8748690157480314
0
LINE
8
BLACK
6
CONTINUOUS
10
0.2723921653543307
20
1.8748690157480314
11
0.2770733858267717
21
1.8696699606299212
0
LINE
8
BLACK
6
CONTINUOUS
10
0.2770733858267717
20
1.8696699606299212
11
0.2805714173228346
21
1.8636112598425196
0
LINE
8
BLACK
6
CONTINUOUS
10
0.2805714173228346
20
1.8636112598425196
11
0.2827332677165355
21
1.8569576771653542
0
LINE
8
BLACK
6
CONTINUOUS
10
0.2827332677165355
20
1.8569576771653542
11
0.2834645669291339
21
1.8499999999999999
0
LINE
8
BLACK
6
CONTINUOUS
10
0.2834645669291339
20
1.8499999999999999
11
0.2827332677165355
21
1.8430423228346455
0
LINE
8
BLACK
6
CONTINUOUS
10
0.2827332677165355
20
1.8430423228346455
11
0.2805714173228346
21
1.8363887401574803
0
LINE
8
BLACK
6
CONTINUOUS
10
0.2805714173228346
20
1.8363887401574803
11
0.2770733858267717
21
1.8303300393700788
0
LINE
8
BLACK
6
CONTINUOUS
10
0.2770733858267717
20
1.8303300393700788
11
0.2723921653543307
21
1.8251309842519685
0
LINE
8
BLACK
6
CONTINUOUS
10
0.2723921653543307
20
1.8251309842519685
11
0.2667322834645669
21
1.8210188188976377
0
LINE
8
BLACK
6
CONTINUOUS
10
0.2667322834645669
20
1.8210188188976377
11
0.2603411023622047
21
1.8181733070866142
0
LINE
8
BLACK
6
CONTINUOUS
10
0.2603411023622047
20
1.8181733070866142
11
0.2534979921259842
21
1.8167187401574802
0
LINE
8
BLACK
6
CONTINUOUS
10
0.2534979921259842
20
1.8167187401574802
11
0.2465020078740157
21
1.8167187401574802
0
LINE
8
BLACK
6
CONTINUOUS
10
0.2465020078740157
20
1.8167187401574802
11
0.2396588976377953
21
1.8181733070866142
0
LINE
8
BLACK
6
CONTINUOUS
10
0.2396588976377953
20
1.8181733070866142
11
0.2332677165354331
21
1.8210188188976377
0
LINE
8
BLACK
6
CONTINUOUS
10
0.2332677165354331
20
1.8210188188976377
11
0.2276078346456693
21
1.8251309842519685
0
LINE
8
BLACK
6
CONTINUOUS
10
0.2276078346456693
20
1.8251309842519685
11
0.2229266141732283
21
1.8303300393700788
0
LINE
8
BLACK
6
CONTINUOUS
10
0.2229266141732283
20
1.8303300393700788
11
0.2194285826771654
21
1.8363887401574803
0
LINE
8
BLACK
6
CONTINUOUS
10
0.2194285826771654
20
1.8363887401574803
11
0.2172667322834646
21
1.8430423228346455
0
LINE
8
BLACK
6
CONTINUOUS
10
0.2172667322834646
20
1.8430423228346455
11
0.2165354330708661
21
1.8499999999999999
0
LINE
8
BLACK
6
CONTINUOUS
10
0.2165354330708661
20
1.8499999999999999
11
0.2172667322834646
21
1.8569576771653542
0
LINE
8
BLACK
6
CONTINUOUS
10
0.2172667322834646
20
1.8569576771653542
11
0.2194285826771654
21
1.8636112598425196
0
LINE
8
BLACK
6
CONTINUOUS
10
0.2194285826771654
20
1.8636112598425196
11
0.2229266141732283
21
1.8696699606299212
0
LINE
8
BLACK
6
CONTINUOUS
10
0.2229266141732283
20
1.8696699606299212
11
0.2276078346456693
21
1.8748690157480314
0
LINE
8
BLACK
6
CONTINUOUS
10
0.2276078346456693
20
1.8748690157480314
11
0.2332677165354331
21
1.8789811811023622
0
LINE
8
BLACK
6
CONTINUOUS
10
0.2332677165354331
20
1.8789811811023622
11
0.2396588976377953
21
1.8818266929133858
0
LINE
8
BLACK
6
CONTINUOUS
10
0.2396588976377953
20
1.8818266929133858
11
0.2465020078740157
21
1.8832812598425197
0
LINE
8
BLACK
6
CONTINUOUS
10
0.2465020078740157
20
1.8832812598425197
11
0.2534979921259842
21
1.8832812598425197
0
LINE
8
BLACK
6
CONTINUOUS
10
0.2534979921259842
20
1.8832812598425197
11
0.2603411023622047
21
1.8818266929133858
0
LINE
8
BLACK
6
CONTINUOUS
10
1.760144251968504
20
1.8818266929133858
11
1.766535433070866
21
1.8789811811023622
0
LINE
8
BLACK
6
CONTINUOUS
10
1.766535433070866
20
1.8789811811023622
11
1.77219531496063
21
1.8748690157480314
0
LINE
8
BLACK
6
CONTINUOUS
10
1.77219531496063
20
1.8748690157480314
11
1.7768765354330709
21
1.8696699606299212
0
LINE
8
BLACK
6
CONTINUOUS
10
1.7768765354330709
20
1.8696699606299212
11
1.7803745669291338
21
1.8636112598425196
0
LINE
8
BLACK
6
CONTINUOUS
10
1.7803745669291338
20
1.8636112598425196
11
1.7825364173228346
21
1.8569576771653542
0
LINE
8
BLACK
6
CONTINUOUS
10
1.7825364173228346
20
1.8569576771653542
11
1.7832677165354329
21
1.8499999999999999
0
LINE
8
BLACK
6
CONTINUOUS
10
1.7832677165354329
20
1.8499999999999999
11
1.7825364173228346
21
1.8430423228346455
0
LINE
8
BLACK
6
CONTINUOUS
10
1.7825364173228346
20
1.8430423228346455
11
1.7803745669291338
21
1.8363887401574803
0
LINE
8
BLACK
6
CONTINUOUS
10
1.7803745669291338
20
1.8363887401574803
11
1.7768765354330709
21
1.8303300393700788
0
LINE
8
BLACK
6
CONTINUOUS
10
1.7768765354330709
20
1.8303300393700788
11
1.77219531496063
21
1.8251309842519685
0
LINE
8
BLACK
6
CONTINUOUS
10
1.77219531496063
20
1.8251309842519685
11
1.766535433070866
21
1.8210188188976377
0
LINE
8
BLACK
6
CONTINUOUS
10
1.766535433070866
20
1.8210188188976377
11
1.760144251968504
21
1.8181733070866142
0
LINE
8
BLACK
6
CONTINUOUS
10
1.760144251968504
20
1.8181733070866142
11
1.7533011417322835
21
1.8167187401574802
0
LINE
8
BLACK
6
CONTINUOUS
10
1.7533011417322835
20
1.8167187401574802
11
1.746305157480315
21
1.8167187401574802
0
LINE
8
BLACK
6
CONTINUOUS
10
1.746305157480315
20
1.8167187401574802
11
1.7394620472440945
21
1.8181733070866142
0
LINE
8
BLACK
6
CONTINUOUS
10
1.7394620472440945
20
1.8181733070866142
11
1.7330708661417322
21
1.8210188188976377
0
LINE
8
BLACK
6
CONTINUOUS
10
1.7330708661417322
20
1.8210188188976377
11
1.7274109842519685
21
1.8251309842519685
0
LINE
8
BLACK
6
CONTINUOUS
10
1.7274109842519685
20
1.8251309842519685
11
1.7227297637795276
21
1.8303300393700788
0
LINE
8
BLACK
6
CONTINUOUS
10
1.7227297637795276
20
1.8303300393700788
11
1.7192317322834645
21
1.8363887401574803
0
LINE
8
BLACK
6
CONTINUOUS
10
1.7192317322834645
20
1.8363887401574803
11
1.7170698818897638
21
1.8430423228346455
0
LINE
8
BLACK
6
CONTINUOUS
10
1.7170698818897638
20
1.8430423228346455
11
1.7163385826771653
21
1.8499999999999999
0
LINE
8
BLACK
6
CONTINUOUS
10
1.7163385826771653
20
1.8499999999999999
11
1.7170698818897638
21
1.8569576771653542
0
LINE
8
BLACK
6
CONTINUOUS
10
1.7170698818897638
20
1.8569576771653542
11
1.7192317322834645
21
1.8636112598425196
0
LINE
8
BLACK
6
CONTINUOUS
10
1.7192317322834645
20
1.8636112598425196
11
1.7227297637795276
21
1.8696699606299212
0
LINE
8
BLACK
6
CONTINUOUS
10
1.7227297637795276
20
1.8696699606299212
11
1.7274109842519685
21
1.8748690157480314
0
LINE
8
BLACK
6
CONTINUOUS
10
1.7274109842519685
20
1.8748690157480314
11
1.7330708661417322
21
1.8789811811023622
0
LINE
8
BLACK
6
CONTINUOUS
10
1.7330708661417322
20
1.8789811811023622
11
1.7394620472440945
21
1.8818266929133858
0
LINE
8
BLACK
6
CONTINUOUS
10
1.7394620472440945
20
1.8818266929133858
11
1.746305157480315
21
1.8832812598425197
0
LINE
8
BLACK
6
CONTINUOUS
10
1.746305157480315
20
1.8832812598425197
11
1.7533011417322835
21
1.8832812598425197
0
LINE
8
BLACK
6
CONTINUOUS
10
1.7533011417322835
20
1.8832812598425197
11
1.760144251968504
21
1.8818266929133858
0
LINE
8
BLACK
6
CONTINUOUS
10
1.8601442519685039
20
1.8818266929133858
11
1.8665354330708661
21
1.8789811811023622
0
LINE
8
BLACK
6
CONTINUOUS
10
1.8665354330708661
20
1.8789811811023622
11
1.8721953149606299
21
1.8748690157480314
0
LINE
8
BLACK
6
CONTINUOUS
10
1.8721953149606299
20
1.8748690157480314
11
1.8768765354330708
21
1.8696699606299212
0
LINE
8
BLACK
6
CONTINUOUS
10
1.8768765354330708
20
1.8696699606299212
11
1.8803745669291339
21
1.8636112598425196
0
LINE
8
BLACK
6
CONTINUOUS
10
1.8803745669291339
20
1.8636112598425196
11
1.8825364173228345
21
1.8569576771653542
0
LINE
8
BLACK
6
CONTINUOUS
10
1.8825364173228345
20
1.8569576771653542
11
1.883267716535433
21
1.8499999999999999
0
LINE
8
BLACK
6
CONTINUOUS
10
1.883267716535433
20
1.8499999999999999
11
1.8825364173228345
21
1.8430423228346455
0
LINE
8
BLACK
6
CONTINUOUS
10
1.8825364173228345
20
1.8430423228346455
11
1.8803745669291339
21
1.8363887401574803
0
LINE
8
BLACK
6
CONTINUOUS
10
1.8803745669291339
20
1.8363887401574803
11
1.8768765354330708
21
1.8303300393700788
0
LINE
8
BLACK
6
CONTINUOUS
10
1.8768765354330708
20
1.8303300393700788
11
1.8721953149606299
21
1.8251309842519685
0
LINE
8
BLACK
6
CONTINUOUS
10
1.8721953149606299
20
1.8251309842519685
11
1.8665354330708661
21
1.8210188188976377
0
LINE
8
BLACK
6
CONTINUOUS
10
1.8665354330708661
20
1.8210188188976377
11
1.8601442519685039
21
1.8181733070866142
0
LINE
8
BLACK
6
CONTINUOUS
10
1.8601442519685039
20
1.8181733070866142
11
1.8533011417322833
21
1.8167187401574802
0
LINE
8
BLACK
6
CONTINUOUS
10
1.8533011417322833
20
1.8167187401574802
11
1.8463051574803149
21
1.8167187401574802
0
LINE
8
BLACK
6
CONTINUOUS
10
1.8463051574803149
20
1.8167187401574802
11
1.8394620472440943
21
1.8181733070866142
0
LINE
8
BLACK
6
CONTINUOUS
10
1.8394620472440943
20
1.8181733070866142
11
1.8330708661417323
21
1.8210188188976377
0
LINE
8
BLACK
6
CONTINUOUS
10
1.8330708661417323
20
1.8210188188976377
11
1.8274109842519686
21
1.8251309842519685
0
LINE
8
BLACK
6
CONTINUOUS
10
1.8274109842519686
20
1.8251309842519685
11
1.8227297637795274
21
1.8303300393700788
0
LINE
8
BLACK
6
CONTINUOUS
10
1.8227297637795274
20
1.8303300393700788
11
1.8192317322834646
21
1.8363887401574803
0
LINE
8
BLACK
6
CONTINUOUS
10
1.8192317322834646
20
1.8363887401574803
11
1.8170698818897637
21
1.8430423228346455
0
LINE
8
BLACK
6
CONTINUOUS
10
1.8170698818897637
20
1.8430423228346455
11
1.8163385826771654
21
1.8499999999999999
0
LINE
8
BLACK
6
CONTINUOUS
10
1.8163385826771654
20
1.8499999999999999
11
1.8170698818897637
21
1.8569576771653542
0
LINE
8
BLACK
6
CONTINUOUS
10
1.8170698818897637
20
1.8569576771653542
11
1.8192317322834646
21
1.8636112598425196
0
LINE
8
BLACK
6
CONTINUOUS
10
1.8192317322834646
20
1.8636112598425196
11
1.8227297637795274
21
1.8696699606299212
0
LINE
8
BLACK
6
CONTINUOUS
10
1.8227297637795274
20
1.8696699606299212
11
1.8274109842519686
21
1.8748690157480314
0
LINE
8
BLACK
6
CONTINUOUS
10
1.8274109842519686
20
1.8748690157480314
11
1.8330708661417323
21
1.8789811811023622
0
LINE
8
BLACK
6
CONTINUOUS
10
1.8330708661417323
20
1.8789811811023622
11
1.8394620472440943
21
1.8818266929133858
0
LINE
8
BLACK
6
CONTINUOUS
10
1.8394620472440943
20
1.8818266929133858
11
1.8463051574803149
21
1.8832812598425197
0
LINE
8
BLACK
6
CONTINUOUS
10
1.8463051574803149
20
1.8832812598425197
11
1.8533011417322833
21
1.8832812598425197
0
LINE
8
BLACK
6
CONTINUOUS
10
1.8533011417322833
20
1.8832812598425197
11
1.8601442519685039
21
1.8818266929133858
0
LINE
8
BLACK
6
CONTINUOUS
10
0.8416811417322835
20
1.8363894094488189
11
0.842639094488189
21
1.8357493307086614
0
LINE
8
BLACK
6
CONTINUOUS
10
0.842639094488189
20
1.8357493307086614
11
0.8432791732283464
21
1.8347913779527558
0
LINE
8
BLACK
6
CONTINUOUS
10
0.8432791732283464
20
1.8347913779527558
11
0.843503937007874
21
1.8336614173228345
0
LINE
8
BLACK
6
CONTINUOUS
10
0.843503937007874
20
1.8336614173228345
11
0.843503937007874
21
1.8277559055118109
0
LINE
8
BLACK
6
CONTINUOUS
10
0.843503937007874
20
1.8277559055118109
11
0.8432791732283464
21
1.8266259448818898
0
LINE
8
BLACK
6
CONTINUOUS
10
0.8432791732283464
20
1.8266259448818898
11
0.842639094488189
21
1.8256679921259842
0
LINE
8
BLACK
6
CONTINUOUS
10
0.842639094488189
20
1.8256679921259842
11
0.8416811417322835
21
1.8250279133858267
0
LINE
8
BLACK
6
CONTINUOUS
10
0.8416811417322835
20
1.8250279133858267
11
0.8405511811023622
21
1.8248031496062991
0
LINE
8
BLACK
6
CONTINUOUS
10
0.8405511811023622
20
1.8248031496062991
11
0.7854330708661417
21
1.8248031496062991
0
LINE
8
BLACK
6
CONTINUOUS
10
0.7854330708661417
20
1.8248031496062991
11
0.7843031102362205
21
1.8250279133858267
0
LINE
8
BLACK
6
CONTINUOUS
10
0.7843031102362205
20
1.8250279133858267
11
0.783345157480315
21
1.8256679921259842
0
LINE
8
BLACK
6
CONTINUOUS
10
0.783345157480315
20
1.8256679921259842
11
0.7827050787401575
21
1.8266259448818898
0
LINE
8
BLACK
6
CONTINUOUS
10
0.7827050787401575
20
1.8266259448818898
11
0.7824803149606299
21
1.8277559055118109
0
LINE
8
BLACK
6
CONTINUOUS
10
0.7824803149606299
20
1.8277559055118109
11
0.7824803149606299
21
1.8336614173228345
0
LINE
8
BLACK
6
CONTINUOUS
10
0.7824803149606299
20
1.8336614173228345
11
0.7827050787401575
21
1.8347913779527558
0
LINE
8
BLACK
6
CONTINUOUS
10
0.7827050787401575
20
1.8347913779527558
11
0.783345157480315
21
1.8357493307086614
0
LINE
8
BLACK
6
CONTINUOUS
10
0.783345157480315
20
1.8357493307086614
11
0.7843031102362205
21
1.8363894094488189
0
LINE
8
BLACK
6
CONTINUOUS
10
0.7843031102362205
20
1.8363894094488189
11
0.7854330708661417
21
1.8366141732283465
0
LINE
8
BLACK
6
CONTINUOUS
10
0.7854330708661417
20
1.8366141732283465
11
0.8405511811023622
21
1.8366141732283465
0
LINE
8
BLACK
6
CONTINUOUS
10
0.8405511811023622
20
1.8366141732283465
11
0.8416811417322835
21
1.8363894094488189
0
LINE
8
BLACK
6
CONTINUOUS
10
1.2885315354330709
20
1.8363894094488189
11
1.2894894881889762
21
1.8357493307086614
0
LINE
8
BLACK
6
CONTINUOUS
10
1.2894894881889762
20
1.8357493307086614
11
1.2901295669291337
21
1.8347913779527558
0
LINE
8
BLACK
6
CONTINUOUS
10
1.2901295669291337
20
1.8347913779527558
11
1.2903543307086613
21
1.8336614173228345
0
LINE
8
BLACK
6
CONTINUOUS
10
1.2903543307086613
20
1.8336614173228345
11
1.2903543307086613
21
1.8277559055118109
0
LINE
8
BLACK
6
CONTINUOUS
10
1.2903543307086613
20
1.8277559055118109
11
1.2901295669291337
21
1.8266259448818898
0
LINE
8
BLACK
6
CONTINUOUS
10
1.2901295669291337
20
1.8266259448818898
11
1.2894894881889762
21
1.8256679921259842
0
LINE
8
BLACK
6
CONTINUOUS
10
1.2894894881889762
20
1.8256679921259842
11
1.2885315354330709
21
1.8250279133858267
0
LINE
8
BLACK
6
CONTINUOUS
10
1.2885315354330709
20
1.8250279133858267
11
1.2874015748031495
21
1.8248031496062991
0
LINE
8
BLACK
6
CONTINUOUS
10
1.2874015748031495
20
1.8248031496062991
11
1.2322834645669292
21
1.8248031496062991
0
LINE
8
BLACK
6
CONTINUOUS
10
1.2322834645669292
20
1.8248031496062991
11
1.2311535039370078
21
1.8250279133858267
0
LINE
8
BLACK
6
CONTINUOUS
10
1.2311535039370078
20
1.8250279133858267
11
1.2301955511811022
21
1.8256679921259842
0
LINE
8
BLACK
6
CONTINUOUS
10
1.2301955511811022
20
1.8256679921259842
11
1.2295554724409448
21
1.8266259448818898
0
LINE
8
BLACK
6
CONTINUOUS
10
1.2295554724409448
20
1.8266259448818898
11
1.2293307086614174
21
1.8277559055118109
0
LINE
8
BLACK
6
CONTINUOUS
10
1.2293307086614174
20
1.8277559055118109
11
1.2293307086614174
21
1.8336614173228345
0
LINE
8
BLACK
6
CONTINUOUS
10
1.2293307086614174
20
1.8336614173228345
11
1.2295554724409448
21
1.8347913779527558
0
LINE
8
BLACK
6
CONTINUOUS
10
1.2295554724409448
20
1.8347913779527558
11
1.2301955511811022
21
1.8357493307086614
0
LINE
8
BLACK
6
CONTINUOUS
10
1.2301955511811022
20
1.8357493307086614
11
1.2311535039370078
21
1.8363894094488189
0
LINE
8
BLACK
6
CONTINUOUS
10
1.2311535039370078
20
1.8363894094488189
11
1.2322834645669292
21
1.8366141732283465
0
LINE
8
BLACK
6
CONTINUOUS
10
1.2322834645669292
20
1.8366141732283465
11
1.2874015748031495
21
1.8366141732283465
0
LINE
8
BLACK
6
CONTINUOUS
10
1.2874015748031495
20
1.8366141732283465
11
1.2885315354330709
21
1.8363894094488189
0
LINE
8
BLACK
6
CONTINUOUS
10
0.8416811417322835
20
1.8560744094488189
11
0.842639094488189
21
1.8554343307086614
0
LINE
8
BLACK
6
CONTINUOUS
10
0.842639094488189
20
1.8554343307086614
11
0.8432791732283464
21
1.8544763779527558
0
LINE
8
BLACK
6
CONTINUOUS
10
0.8432791732283464
20
1.8544763779527558
11
0.843503937007874
21
1.8533464173228347
0
LINE
8
BLACK
6
CONTINUOUS
10
0.843503937007874
20
1.8533464173228347
11
0.843503937007874
21
1.8474409055118111
0
LINE
8
BLACK
6
CONTINUOUS
10
0.843503937007874
20
1.8474409055118111
11
0.8432791732283464
21
1.8463109448818897
0
LINE
8
BLACK
6
CONTINUOUS
10
0.8432791732283464
20
1.8463109448818897
11
0.842639094488189
21
1.8453529921259841
0
LINE
8
BLACK
6
CONTINUOUS
10
0.842639094488189
20
1.8453529921259841
11
0.8416811417322835
21
1.8447129133858267
0
LINE
8
BLACK
6
CONTINUOUS
10
0.8416811417322835
20
1.8447129133858267
11
0.8405511811023622
21
1.8444881496062993
0
LINE
8
BLACK
6
CONTINUOUS
10
0.8405511811023622
20
1.8444881496062993
11
0.7854330708661417
21
1.8444881496062993
0
LINE
8
BLACK
6
CONTINUOUS
10
0.7854330708661417
20
1.8444881496062993
11
0.7843031102362205
21
1.8447129133858267
0
LINE
8
BLACK
6
CONTINUOUS
10
0.7843031102362205
20
1.8447129133858267
11
0.783345157480315
21
1.8453529921259841
0
LINE
8
BLACK
6
CONTINUOUS
10
0.783345157480315
20
1.8453529921259841
11
0.7827050787401575
21
1.8463109448818897
0
LINE
8
BLACK
6
CONTINUOUS
10
0.7827050787401575
20
1.8463109448818897
11
0.7824803149606299
21
1.8474409055118111
0
LINE
8
BLACK
6
CONTINUOUS
10
0.7824803149606299
20
1.8474409055118111
11
0.7824803149606299
21
1.8533464173228347
0
LINE
8
BLACK
6
CONTINUOUS
10
0.7824803149606299
20
1.8533464173228347
11
0.7827050787401575
21
1.8544763779527558
0
LINE
8
BLACK
6
CONTINUOUS
10
0.7827050787401575
20
1.8544763779527558
11
0.783345157480315
21
1.8554343307086614
0
LINE
8
BLACK
6
CONTINUOUS
10
0.783345157480315
20
1.8554343307086614
11
0.7843031102362205
21
1.8560744094488189
0
LINE
8
BLACK
6
CONTINUOUS
10
0.7843031102362205
20
1.8560744094488189
11
0.7854330708661417
21
1.8562991732283465
0
LINE
8
BLACK
6
CONTINUOUS
10
0.7854330708661417
20
1.8562991732283465
11
0.8405511811023622
21
1.8562991732283465
0
LINE
8
BLACK
6
CONTINUOUS
10
0.8405511811023622
20
1.8562991732283465
11
0.8416811417322835
21
1.8560744094488189
0
LINE
8
BLACK
6
CONTINUOUS
10
1.2885315354330709
20
1.8560744094488189
11
1.2894894881889762
21
1.8554343307086614
0
LINE
8
BLACK
6
CONTINUOUS
10
1.2894894881889762
20
1.8554343307086614
11
1.2901295669291337
21
1.8544763779527558
0
LINE
8
BLACK
6
CONTINUOUS
10
1.2901295669291337
20
1.8544763779527558
11
1.2903543307086613
21
1.8533464173228347
0
LINE
8
BLACK
6
CONTINUOUS
10
1.2903543307086613
20
1.8533464173228347
11
1.2903543307086613
21
1.8474409055118111
0
LINE
8
BLACK
6
CONTINUOUS
10
1.2903543307086613
20
1.8474409055118111
11
1.2901295669291337
21
1.8463109448818897
0
LINE
8
BLACK
6
CONTINUOUS
10
1.2901295669291337
20
1.8463109448818897
11
1.2894894881889762
21
1.8453529921259841
0
LINE
8
BLACK
6
CONTINUOUS
10
1.2894894881889762
20
1.8453529921259841
11
1.2885315354330709
21
1.8447129133858267
0
LINE
8
BLACK
6
CONTINUOUS
10
1.2885315354330709
20
1.8447129133858267
11
1.2874015748031495
21
1.8444881496062993
0
LINE
8
BLACK
6
CONTINUOUS
10
1.2874015748031495
20
1.8444881496062993
11
1.2322834645669292
21
1.8444881496062993
0
LINE
8
BLACK
6
CONTINUOUS
10
1.2322834645669292
20
1.8444881496062993
11
1.2311535039370078
21
1.8447129133858267
0
LINE
8
BLACK
6
CONTINUOUS
10
1.2311535039370078
20
1.8447129133858267
11
1.2301955511811022
21
1.8453529921259841
0
LINE
8
BLACK
6
CONTINUOUS
10
1.2301955511811022
20
1.8453529921259841
11
1.2295554724409448
21
1.8463109448818897
0
LINE
8
BLACK
6
CONTINUOUS
10
1.2295554724409448
20
1.8463109448818897
11
1.2293307086614174
21
1.8474409055118111
0
LINE
8
BLACK
6
CONTINUOUS
10
1.2293307086614174
20
1.8474409055118111
11
1.2293307086614174
21
1.8533464173228347
0
LINE
8
BLACK
6
CONTINUOUS
10
1.2293307086614174
20
1.8533464173228347
11
1.2295554724409448
21
1.8544763779527558
0
LINE
8
BLACK
6
CONTINUOUS
10
1.2295554724409448
20
1.8544763779527558
11
1.2301955511811022
21
1.8554343307086614
0
LINE
8
BLACK
6
CONTINUOUS
10
1.2301955511811022
20
1.8554343307086614
11
1.2311535039370078
21
1.8560744094488189
0
LINE
8
BLACK
6
CONTINUOUS
10
1.2311535039370078
20
1.8560744094488189
11
1.2322834645669292
21
1.8562991732283465
0
LINE
8
BLACK
6
CONTINUOUS
10
1.2322834645669292
20
1.8562991732283465
11
1.2874015748031495
21
1.8562991732283465
0
LINE
8
BLACK
6
CONTINUOUS
10
1.2874015748031495
20
1.8562991732283465
11
1.2885315354330709
21
1.8560744094488189
0
LINE
8
BLACK
6
CONTINUOUS
10
0.8416811417322835
20
1.8757594881889763
11
0.842639094488189
21
1.8751194094488188
0
LINE
8
BLACK
6
CONTINUOUS
10
0.842639094488189
20
1.8751194094488188
11
0.8432791732283464
21
1.8741614566929135
0
LINE
8
BLACK
6
CONTINUOUS
10
0.8432791732283464
20
1.8741614566929135
11
0.843503937007874
21
1.8730314960629921
0
LINE
8
BLACK
6
CONTINUOUS
10
0.843503937007874
20
1.8730314960629921
11
0.843503937007874
21
1.8671259842519685
0
LINE
8
BLACK
6
CONTINUOUS
10
0.843503937007874
20
1.8671259842519685
11
0.8432791732283464
21
1.8659960236220472
0
LINE
8
BLACK
6
CONTINUOUS
10
0.8432791732283464
20
1.8659960236220472
11
0.842639094488189
21
1.8650380708661416
0
LINE
8
BLACK
6
CONTINUOUS
10
0.842639094488189
20
1.8650380708661416
11
0.8416811417322835
21
1.8643979921259841
0
LINE
8
BLACK
6
CONTINUOUS
10
0.8416811417322835
20
1.8643979921259841
11
0.8405511811023622
21
1.8641732283464567
0
LINE
8
BLACK
6
CONTINUOUS
10
0.8405511811023622
20
1.8641732283464567
11
0.7854330708661417
21
1.8641732283464567
0
LINE
8
BLACK
6
CONTINUOUS
10
0.7854330708661417
20
1.8641732283464567
11
0.7843031102362205
21
1.8643979921259841
0
LINE
8
BLACK
6
CONTINUOUS
10
0.7843031102362205
20
1.8643979921259841
11
0.783345157480315
21
1.8650380708661416
0
LINE
8
BLACK
6
CONTINUOUS
10
0.783345157480315
20
1.8650380708661416
11
0.7827050787401575
21
1.8659960236220472
0
LINE
8
BLACK
6
CONTINUOUS
10
0.7827050787401575
20
1.8659960236220472
11
0.7824803149606299
21
1.8671259842519685
0
LINE
8
BLACK
6
CONTINUOUS
10
0.7824803149606299
20
1.8671259842519685
11
0.7824803149606299
21
1.8730314960629921
0
LINE
8
BLACK
6
CONTINUOUS
10
0.7824803149606299
20
1.8730314960629921
11
0.7827050787401575
21
1.8741614566929135
0
LINE
8
BLACK
6
CONTINUOUS
10
0.7827050787401575
20
1.8741614566929135
11
0.783345157480315
21
1.8751194094488188
0
LINE
8
BLACK
6
CONTINUOUS
10
0.783345157480315
20
1.8751194094488188
11
0.7843031102362205
21
1.8757594881889763
0
LINE
8
BLACK
6
CONTINUOUS
10
0.7843031102362205
20
1.8757594881889763
11
0.7854330708661417
21
1.8759842519685039
0
LINE
8
BLACK
6
CONTINUOUS
10
0.7854330708661417
20
1.8759842519685039
11
0.8405511811023622
21
1.8759842519685039
0
LINE
8
BLACK
6
CONTINUOUS
10
0.8405511811023622
20
1.8759842519685039
11
0.8416811417322835
21
1.8757594881889763
0
LINE
8
BLACK
6
CONTINUOUS
10
1.2885315354330709
20
1.8757594881889763
11
1.2894894881889762
21
1.8751194094488188
0
LINE
8
BLACK
6
CONTINUOUS
10
1.2894894881889762
20
1.8751194094488188
11
1.2901295669291337
21
1.8741614566929135
0
LINE
8
BLACK
6
CONTINUOUS
10
1.2901295669291337
20
1.8741614566929135
11
1.2903543307086613
21
1.8730314960629921
0
LINE
8
BLACK
6
CONTINUOUS
10
1.2903543307086613
20
1.8730314960629921
11
1.2903543307086613
21
1.8671259842519685
0
LINE
8
BLACK
6
CONTINUOUS
10
1.2903543307086613
20
1.8671259842519685
11
1.2901295669291337
21
1.8659960236220472
0
LINE
8
BLACK
6
CONTINUOUS
10
1.2901295669291337
20
1.8659960236220472
11
1.2894894881889762
21
1.8650380708661416
0
LINE
8
BLACK
6
CONTINUOUS
10
1.2894894881889762
20
1.8650380708661416
11
1.2885315354330709
21
1.8643979921259841
0
LINE
8
BLACK
6
CONTINUOUS
10
1.2885315354330709
20
1.8643979921259841
11
1.2874015748031495
21
1.8641732283464567
0
LINE
8
BLACK
6
CONTINUOUS
10
1.2874015748031495
20
1.8641732283464567
11
1.2322834645669292
21
1.8641732283464567
0
LINE
8
BLACK
6
CONTINUOUS
10
1.2322834645669292
20
1.8641732283464567
11
1.2311535039370078
21
1.8643979921259841
0
LINE
8
BLACK
6
CONTINUOUS
10
1.2311535039370078
20
1.8643979921259841
11
1.2301955511811022
21
1.8650380708661416
0
LINE
8
BLACK
6
CONTINUOUS
10
1.2301955511811022
20
1.8650380708661416
11
1.2295554724409448
21
1.8659960236220472
0
LINE
8
BLACK
6
CONTINUOUS
10
1.2295554724409448
20
1.8659960236220472
11
1.2293307086614174
21
1.8671259842519685
0
LINE
8
BLACK
6
CONTINUOUS
10
1.2293307086614174
20
1.8671259842519685
11
1.2293307086614174
21
1.8730314960629921
0
LINE
8
BLACK
6
CONTINUOUS
10
1.2293307086614174
20
1.8730314960629921
11
1.2295554724409448
21
1.8741614566929135
0
LINE
8
BLACK
6
CONTINUOUS
10
1.2295554724409448
20
1.8741614566929135
11
1.2301955511811022
21
1.8751194094488188
0
LINE
8
BLACK
6
CONTINUOUS
10
1.2301955511811022
20
1.8751194094488188
11
1.2311535039370078
21
1.8757594881889763
0
LINE
8
BLACK
6
CONTINUOUS
10
1.2311535039370078
20
1.8757594881889763
11
1.2322834645669292
21
1.8759842519685039
0
LINE
8
BLACK
6
CONTINUOUS
10
1.2322834645669292
20
1.8759842519685039
11
1.2874015748031495
21
1.8759842519685039
0
LINE
8
BLACK
6
CONTINUOUS
10
1.2874015748031495
20
1.8759842519685039
11
1.2885315354330709
21
1.8757594881889763
0
LINE
8
BLACK
6
CONTINUOUS
10
0.8416811417322835
20
1.895444527559055
11
0.842639094488189
21
1.8948044488188975
0
LINE
8
BLACK
6
CONTINUOUS
10
0.842639094488189
20
1.8948044488188975
11
0.8432791732283464
21
1.8938464960629922
0
LINE
8
BLACK
6
CONTINUOUS
10
0.8432791732283464
20
1.8938464960629922
11
0.843503937007874
21
1.8927165354330708
0
LINE
8
BLACK
6
CONTINUOUS
10
0.843503937007874
20
1.8927165354330708
11
0.843503937007874
21
1.8868110236220472
0
LINE
8
BLACK
6
CONTINUOUS
10
0.843503937007874
20
1.8868110236220472
11
0.8432791732283464
21
1.8856810629921259
0
LINE
8
BLACK
6
CONTINUOUS
10
0.8432791732283464
20
1.8856810629921259
11
0.842639094488189
21
1.8847231102362205
0
LINE
8
BLACK
6
CONTINUOUS
10
0.842639094488189
20
1.8847231102362205
11
0.8416811417322835
21
1.884083031496063
0
LINE
8
BLACK
6
CONTINUOUS
10
0.8416811417322835
20
1.884083031496063
11
0.8405511811023622
21
1.8838582677165354
0
LINE
8
BLACK
6
CONTINUOUS
10
0.8405511811023622
20
1.8838582677165354
11
0.7854330708661417
21
1.8838582677165354
0
LINE
8
BLACK
6
CONTINUOUS
10
0.7854330708661417
20
1.8838582677165354
11
0.7843031102362205
21
1.884083031496063
0
LINE
8
BLACK
6
CONTINUOUS
10
0.7843031102362205
20
1.884083031496063
11
0.783345157480315
21
1.8847231102362205
0
LINE
8
BLACK
6
CONTINUOUS
10
0.783345157480315
20
1.8847231102362205
11
0.7827050787401575
21
1.8856810629921259
0
LINE
8
BLACK
6
CONTINUOUS
10
0.7827050787401575
20
1.8856810629921259
11
0.7824803149606299
21
1.8868110236220472
0
LINE
8
BLACK
6
CONTINUOUS
10
0.7824803149606299
20
1.8868110236220472
11
0.7824803149606299
21
1.8927165354330708
0
LINE
8
BLACK
6
CONTINUOUS
10
0.7824803149606299
20
1.8927165354330708
11
0.7827050787401575
21
1.8938464960629922
0
LINE
8
BLACK
6
CONTINUOUS
10
0.7827050787401575
20
1.8938464960629922
11
0.783345157480315
21
1.8948044488188975
0
LINE
8
BLACK
6
CONTINUOUS
10
0.783345157480315
20
1.8948044488188975
11
0.7843031102362205
21
1.895444527559055
0
LINE
8
BLACK
6
CONTINUOUS
10
0.7843031102362205
20
1.895444527559055
11
0.7854330708661417
21
1.8956692913385826
0
LINE
8
BLACK
6
CONTINUOUS
10
0.7854330708661417
20
1.8956692913385826
11
0.8405511811023622
21
1.8956692913385826
0
LINE
8
BLACK
6
CONTINUOUS
10
0.8405511811023622
20
1.8956692913385826
11
0.8416811417322835
21
1.895444527559055
0
LINE
8
BLACK
6
CONTINUOUS
10
1.2885315354330709
20
1.895444527559055
11
1.2894894881889762
21
1.8948044488188975
0
LINE
8
BLACK
6
CONTINUOUS
10
1.2894894881889762
20
1.8948044488188975
11
1.2901295669291337
21
1.8938464960629922
0
LINE
8
BLACK
6
CONTINUOUS
10
1.2901295669291337
20
1.8938464960629922
11
1.2903543307086613
21
1.8927165354330708
0
LINE
8
BLACK
6
CONTINUOUS
10
1.2903543307086613
20
1.8927165354330708
11
1.2903543307086613
21
1.8868110236220472
0
LINE
8
BLACK
6
CONTINUOUS
10
1.2903543307086613
20
1.8868110236220472
11
1.2901295669291337
21
1.8856810629921259
0
LINE
8
BLACK
6
CONTINUOUS
10
1.2901295669291337
20
1.8856810629921259
11
1.2894894881889762
21
1.8847231102362205
0
LINE
8
BLACK
6
CONTINUOUS
10
1.2894894881889762
20
1.8847231102362205
11
1.2885315354330709
21
1.884083031496063
0
LINE
8
BLACK
6
CONTINUOUS
10
1.2885315354330709
20
1.884083031496063
11
1.2874015748031495
21
1.8838582677165354
0
LINE
8
BLACK
6
CONTINUOUS
10
1.2874015748031495
20
1.8838582677165354
11
1.2322834645669292
21
1.8838582677165354
0
LINE
8
BLACK
6
CONTINUOUS
10
1.2322834645669292
20
1.8838582677165354
11
1.2311535039370078
21
1.884083031496063
0
LINE
8
BLACK
6
CONTINUOUS
10
1.2311535039370078
20
1.884083031496063
11
1.2301955511811022
21
1.8847231102362205
0
LINE
8
BLACK
6
CONTINUOUS
10
1.2301955511811022
20
1.8847231102362205
11
1.2295554724409448
21
1.8856810629921259
0
LINE
8
BLACK
6
CONTINUOUS
10
1.2295554724409448
20
1.8856810629921259
11
1.2293307086614174
21
1.8868110236220472
0
LINE
8
BLACK
6
CONTINUOUS
10
1.2293307086614174
20
1.8868110236220472
11
1.2293307086614174
21
1.8927165354330708
0
LINE
8
BLACK
6
CONTINUOUS
10
1.2293307086614174
20
1.8927165354330708
11
1.2295554724409448
21
1.8938464960629922
0
LINE
8
BLACK
6
CONTINUOUS
10
1.2295554724409448
20
1.8938464960629922
11
1.2301955511811022
21
1.8948044488188975
0
LINE
8
BLACK
6
CONTINUOUS
10
1.2301955511811022
20
1.8948044488188975
11
1.2311535039370078
21
1.895444527559055
0
LINE
8
BLACK
6
CONTINUOUS
10
1.2311535039370078
20
1.895444527559055
11
1.2322834645669292
21
1.8956692913385826
0
LINE
8
BLACK
6
CONTINUOUS
10
1.2322834645669292
20
1.8956692913385826
11
1.2874015748031495
21
1.8956692913385826
0
LINE
8
BLACK
6
CONTINUOUS
10
1.2874015748031495
20
1.8956692913385826
11
1.2885315354330709
21
1.895444527559055
0
LINE
8
BLACK
6
CONTINUOUS
10
0.6062075196850394
20
1.9577940944881889
11
0.6094006692913385
21
1.9556605118110235
0
LINE
8
BLACK
6
CONTINUOUS
10
0.6094006692913385
20
1.9556605118110235
11
0.611534251968504
21
1.9524673622047244
0
LINE
8
BLACK
6
CONTINUOUS
10
0.611534251968504
20
1.9524673622047244
11
0.6122834645669292
21
1.9487007874015747
0
LINE
8
BLACK
6
CONTINUOUS
10
0.6122834645669292
20
1.9487007874015747
11
0.6122834645669292
21
1.9112992125984252
0
LINE
8
BLACK
6
CONTINUOUS
10
0.6122834645669292
20
1.9112992125984252
11
0.611534251968504
21
1.9075326377952755
0
LINE
8
BLACK
6
CONTINUOUS
10
0.611534251968504
20
1.9075326377952755
11
0.6094006692913385
21
1.9043394881889764
0
LINE
8
BLACK
6
CONTINUOUS
10
0.6094006692913385
20
1.9043394881889764
11
0.6062075196850394
21
1.902205905511811
0
LINE
8
BLACK
6
CONTINUOUS
10
0.6062075196850394
20
1.902205905511811
11
0.6024409448818897
21
1.9014566929133858
0
LINE
8
BLACK
6
CONTINUOUS
10
0.6024409448818897
20
1.9014566929133858
11
0.5758661417322835
21
1.9014566929133858
0
LINE
8
BLACK
6
CONTINUOUS
10
0.5758661417322835
20
1.9014566929133858
11
0.5720995669291339
21
1.902205905511811
0
LINE
8
BLACK
6
CONTINUOUS
10
0.5720995669291339
20
1.902205905511811
11
0.5689064173228346
21
1.9043394881889764
0
LINE
8
BLACK
6
CONTINUOUS
10
0.5689064173228346
20
1.9043394881889764
11
0.5667728346456693
21
1.9075326377952755
0
LINE
8
BLACK
6
CONTINUOUS
10
0.5667728346456693
20
1.9075326377952755
11
0.5660236220472441
21
1.9112992125984252
0
LINE
8
BLACK
6
CONTINUOUS
10
0.5660236220472441
20
1.9112992125984252
11
0.5660236220472441
21
1.9487007874015747
0
LINE
8
BLACK
6
CONTINUOUS
10
0.5660236220472441
20
1.9487007874015747
11
0.5667728346456693
21
1.9524673622047244
0
LINE
8
BLACK
6
CONTINUOUS
10
0.5667728346456693
20
1.9524673622047244
11
0.5689064173228346
21
1.9556605118110235
0
LINE
8
BLACK
6
CONTINUOUS
10
0.5689064173228346
20
1.9556605118110235
11
0.5720995669291339
21
1.9577940944881889
0
LINE
8
BLACK
6
CONTINUOUS
10
0.5720995669291339
20
1.9577940944881889
11
0.5758661417322835
21
1.9585433070866141
0
LINE
8
BLACK
6
CONTINUOUS
10
0.5758661417322835
20
1.9585433070866141
11
0.6024409448818897
21
1.9585433070866141
0
LINE
8
BLACK
6
CONTINUOUS
10
0.6024409448818897
20
1.9585433070866141
11
0.6062075196850394
21
1.9577940944881889
0
LINE
8
BLACK
6
CONTINUOUS
10
0.6879004330708661
20
1.9577940944881889
11
0.6910935826771654
21
1.9556605118110235
0
LINE
8
BLACK
6
CONTINUOUS
10
0.6910935826771654
20
1.9556605118110235
11
0.6932271653543307
21
1.9524673622047244
0
LINE
8
BLACK
6
CONTINUOUS
10
0.6932271653543307
20
1.9524673622047244
11
0.6939763779527559
21
1.9487007874015747
0
LINE
8
BLACK
6
CONTINUOUS
10
0.6939763779527559
20
1.9487007874015747
11
0.6939763779527559
21
1.9112992125984252
0
LINE
8
BLACK
6
CONTINUOUS
10
0.6939763779527559
20
1.9112992125984252
11
0.6932271653543307
21
1.9075326377952755
0
LINE
8
BLACK
6
CONTINUOUS
10
0.6932271653543307
20
1.9075326377952755
11
0.6910935826771654
21
1.9043394881889764
0
LINE
8
BLACK
6
CONTINUOUS
10
0.6910935826771654
20
1.9043394881889764
11
0.6879004330708661
21
1.902205905511811
0
LINE
8
BLACK
6
CONTINUOUS
10
0.6879004330708661
20
1.902205905511811
11
0.6841338582677166
21
1.9014566929133858
0
LINE
8
BLACK
6
CONTINUOUS
10
0.6841338582677166
20
1.9014566929133858
11
0.6575590551181102
21
1.9014566929133858
0
LINE
8
BLACK
6
CONTINUOUS
10
0.6575590551181102
20
1.9014566929133858
11
0.6537924803149606
21
1.902205905511811
0
LINE
8
BLACK
6
CONTINUOUS
10
0.6537924803149606
20
1.902205905511811
11
0.6505993307086614
21
1.9043394881889764
0
LINE
8
BLACK
6
CONTINUOUS
10
0.6505993307086614
20
1.9043394881889764
11
0.648465748031496
21
1.9075326377952755
0
LINE
8
BLACK
6
CONTINUOUS
10
0.648465748031496
20
1.9075326377952755
11
0.6477165354330708
21
1.9112992125984252
0
LINE
8
BLACK
6
CONTINUOUS
10
0.6477165354330708
20
1.9112992125984252
11
0.6477165354330708
21
1.9487007874015747
0
LINE
8
BLACK
6
CONTINUOUS
10
0.6477165354330708
20
1.9487007874015747
11
0.648465748031496
21
1.9524673622047244
0
LINE
8
BLACK
6
CONTINUOUS
10
0.648465748031496
20
1.9524673622047244
11
0.6505993307086614
21
1.9556605118110235
0
LINE
8
BLACK
6
CONTINUOUS
10
0.6505993307086614
20
1.9556605118110235
11
0.6537924803149606
21
1.9577940944881889
0
LINE
8
BLACK
6
CONTINUOUS
10
0.6537924803149606
20
1.9577940944881889
11
0.6575590551181102
21
1.9585433070866141
0
LINE
8
BLACK
6
CONTINUOUS
10
0.6575590551181102
20
1.9585433070866141
11
0.6841338582677166
21
1.9585433070866141
0
LINE
8
BLACK
6
CONTINUOUS
10
0.6841338582677166
20
1.9585433070866141
11
0.6879004330708661
21
1.9577940944881889
0
LINE
8
BLACK
6
CONTINUOUS
10
0.8416811417322835
20
1.9151295669291337
11
0.842639094488189
21
1.9144894881889762
0
LINE
8
BLACK
6
CONTINUOUS
10
0.842639094488189
20
1.9144894881889762
11
0.8432791732283464
21
1.9135315354330709
0
LINE
8
BLACK
6
CONTINUOUS
10
0.8432791732283464
20
1.9135315354330709
11
0.843503937007874
21
1.9124015748031495
0
LINE
8
BLACK
6
CONTINUOUS
10
0.843503937007874
20
1.9124015748031495
11
0.843503937007874
21
1.9064960629921259
0
LINE
8
BLACK
6
CONTINUOUS
10
0.843503937007874
20
1.9064960629921259
11
0.8432791732283464
21
1.9053661023622046
0
LINE
8
BLACK
6
CONTINUOUS
10
0.8432791732283464
20
1.9053661023622046
11
0.842639094488189
21
1.9044081496062992
0
LINE
8
BLACK
6
CONTINUOUS
10
0.842639094488189
20
1.9044081496062992
11
0.8416811417322835
21
1.9037680708661417
0
LINE
8
BLACK
6
CONTINUOUS
10
0.8416811417322835
20
1.9037680708661417
11
0.8405511811023622
21
1.9035433070866141
0
LINE
8
BLACK
6
CONTINUOUS
10
0.8405511811023622
20
1.9035433070866141
11
0.7854330708661417
21
1.9035433070866141
0
LINE
8
BLACK
6
CONTINUOUS
10
0.7854330708661417
20
1.9035433070866141
11
0.7843031102362205
21
1.9037680708661417
0
LINE
8
BLACK
6
CONTINUOUS
10
0.7843031102362205
20
1.9037680708661417
11
0.783345157480315
21
1.9044081496062992
0
LINE
8
BLACK
6
CONTINUOUS
10
0.783345157480315
20
1.9044081496062992
11
0.7827050787401575
21
1.9053661023622046
0
LINE
8
BLACK
6
CONTINUOUS
10
0.7827050787401575
20
1.9053661023622046
11
0.7824803149606299
21
1.9064960629921259
0
LINE
8
BLACK
6
CONTINUOUS
10
0.7824803149606299
20
1.9064960629921259
11
0.7824803149606299
21
1.9124015748031495
0
LINE
8
BLACK
6
CONTINUOUS
10
0.7824803149606299
20
1.9124015748031495
11
0.7827050787401575
21
1.9135315354330709
0
LINE
8
BLACK
6
CONTINUOUS
10
0.7827050787401575
20
1.9135315354330709
11
0.783345157480315
21
1.9144894881889762
0
LINE
8
BLACK
6
CONTINUOUS
10
0.783345157480315
20
1.9144894881889762
11
0.7843031102362205
21
1.9151295669291337
0
LINE
8
BLACK
6
CONTINUOUS
10
0.7843031102362205
20
1.9151295669291337
11
0.7854330708661417
21
1.9153543307086613
0
LINE
8
BLACK
6
CONTINUOUS
10
0.7854330708661417
20
1.9153543307086613
11
0.8405511811023622
21
1.9153543307086613
0
LINE
8
BLACK
6
CONTINUOUS
10
0.8405511811023622
20
1.9153543307086613
11
0.8416811417322835
21
1.9151295669291337
0
LINE
8
BLACK
6
CONTINUOUS
10
1.2885315354330709
20
1.9151295669291337
11
1.2894894881889762
21
1.9144894881889762
0
LINE
8
BLACK
6
CONTINUOUS
10
1.2894894881889762
20
1.9144894881889762
11
1.2901295669291337
21
1.9135315354330709
0
LINE
8
BLACK
6
CONTINUOUS
10
1.2901295669291337
20
1.9135315354330709
11
1.2903543307086613
21
1.9124015748031495
0
LINE
8
BLACK
6
CONTINUOUS
10
1.2903543307086613
20
1.9124015748031495
11
1.2903543307086613
21
1.9064960629921259
0
LINE
8
BLACK
6
CONTINUOUS
10
1.2903543307086613
20
1.9064960629921259
11
1.2901295669291337
21
1.9053661023622046
0
LINE
8
BLACK
6
CONTINUOUS
10
1.2901295669291337
20
1.9053661023622046
11
1.2894894881889762
21
1.9044081496062992
0
LINE
8
BLACK
6
CONTINUOUS
10
1.2894894881889762
20
1.9044081496062992
11
1.2885315354330709
21
1.9037680708661417
0
LINE
8
BLACK
6
CONTINUOUS
10
1.2885315354330709
20
1.9037680708661417
11
1.2874015748031495
21
1.9035433070866141
0
LINE
8
BLACK
6
CONTINUOUS
10
1.2874015748031495
20
1.9035433070866141
11
1.2322834645669292
21
1.9035433070866141
0
LINE
8
BLACK
6
CONTINUOUS
10
1.2322834645669292
20
1.9035433070866141
11
1.2311535039370078
21
1.9037680708661417
0
LINE
8
BLACK
6
CONTINUOUS
10
1.2311535039370078
20
1.9037680708661417
11
1.2301955511811022
21
1.9044081496062992
0
LINE
8
BLACK
6
CONTINUOUS
10
1.2301955511811022
20
1.9044081496062992
11
1.2295554724409448
21
1.9053661023622046
0
LINE
8
BLACK
6
CONTINUOUS
10
1.2295554724409448
20
1.9053661023622046
11
1.2293307086614174
21
1.9064960629921259
0
LINE
8
BLACK
6
CONTINUOUS
10
1.2293307086614174
20
1.9064960629921259
11
1.2293307086614174
21
1.9124015748031495
0
LINE
8
BLACK
6
CONTINUOUS
10
1.2293307086614174
20
1.9124015748031495
11
1.2295554724409448
21
1.9135315354330709
0
LINE
8
BLACK
6
CONTINUOUS
10
1.2295554724409448
20
1.9135315354330709
11
1.2301955511811022
21
1.9144894881889762
0
LINE
8
BLACK
6
CONTINUOUS
10
1.2301955511811022
20
1.9144894881889762
11
1.2311535039370078
21
1.9151295669291337
0
LINE
8
BLACK
6
CONTINUOUS
10
1.2311535039370078
20
1.9151295669291337
11
1.2322834645669292
21
1.9153543307086613
0
LINE
8
BLACK
6
CONTINUOUS
10
1.2322834645669292
20
1.9153543307086613
11
1.2874015748031495
21
1.9153543307086613
0
LINE
8
BLACK
6
CONTINUOUS
10
1.2874015748031495
20
1.9153543307086613
11
1.2885315354330709
21
1.9151295669291337
0
LINE
8
BLACK
6
CONTINUOUS
10
0.1603411023622047
20
1.9818266929133859
11
0.1667322834645669
21
1.9789811811023621
0
LINE
8
BLACK
6
CONTINUOUS
10
0.1667322834645669
20
1.9789811811023621
11
0.1723921653543307
21
1.9748690157480315
0
LINE
8
BLACK
6
CONTINUOUS
10
0.1723921653543307
20
1.9748690157480315
11
0.1770733858267717
21
1.9696699606299213
0
LINE
8
BLACK
6
CONTINUOUS
10
0.1770733858267717
20
1.9696699606299213
11
0.1805714173228346
21
1.9636112598425197
0
LINE
8
BLACK
6
CONTINUOUS
10
0.1805714173228346
20
1.9636112598425197
11
0.1827332677165354
21
1.9569576771653543
0
LINE
8
BLACK
6
CONTINUOUS
10
0.1827332677165354
20
1.9569576771653543
11
0.1834645669291338
21
1.95
0
LINE
8
BLACK
6
CONTINUOUS
10
0.1834645669291338
20
1.95
11
0.1827332677165354
21
1.9430423228346456
0
LINE
8
BLACK
6
CONTINUOUS
10
0.1827332677165354
20
1.9430423228346456
11
0.1805714173228346
21
1.9363887401574802
0
LINE
8
BLACK
6
CONTINUOUS
10
0.1805714173228346
20
1.9363887401574802
11
0.1770733858267717
21
1.9303300393700786
0
LINE
8
BLACK
6
CONTINUOUS
10
0.1770733858267717
20
1.9303300393700786
11
0.1723921653543307
21
1.9251309842519684
0
LINE
8
BLACK
6
CONTINUOUS
10
0.1723921653543307
20
1.9251309842519684
11
0.1667322834645669
21
1.9210188188976378
0
LINE
8
BLACK
6
CONTINUOUS
10
0.1667322834645669
20
1.9210188188976378
11
0.1603411023622047
21
1.918173307086614
0
LINE
8
BLACK
6
CONTINUOUS
10
0.1603411023622047
20
1.918173307086614
11
0.1534979921259843
21
1.9167187401574803
0
LINE
8
BLACK
6
CONTINUOUS
10
0.1534979921259843
20
1.9167187401574803
11
0.1465020078740157
21
1.9167187401574803
0
LINE
8
BLACK
6
CONTINUOUS
10
0.1465020078740157
20
1.9167187401574803
11
0.1396588976377953
21
1.918173307086614
0
LINE
8
BLACK
6
CONTINUOUS
10
0.1396588976377953
20
1.918173307086614
11
0.1332677165354331
21
1.9210188188976378
0
LINE
8
BLACK
6
CONTINUOUS
10
0.1332677165354331
20
1.9210188188976378
11
0.1276078346456693
21
1.9251309842519684
0
LINE
8
BLACK
6
CONTINUOUS
10
0.1276078346456693
20
1.9251309842519684
11
0.1229266141732283
21
1.9303300393700786
0
LINE
8
BLACK
6
CONTINUOUS
10
0.1229266141732283
20
1.9303300393700786
11
0.1194285826771654
21
1.9363887401574802
0
LINE
8
BLACK
6
CONTINUOUS
10
0.1194285826771654
20
1.9363887401574802
11
0.1172667322834646
21
1.9430423228346456
0
LINE
8
BLACK
6
CONTINUOUS
10
0.1172667322834646
20
1.9430423228346456
11
0.1165354330708661
21
1.95
0
LINE
8
BLACK
6
CONTINUOUS
10
0.1165354330708661
20
1.95
11
0.1172667322834646
21
1.9569576771653543
0
LINE
8
BLACK
6
CONTINUOUS
10
0.1172667322834646
20
1.9569576771653543
11
0.1194285826771654
21
1.9636112598425197
0
LINE
8
BLACK
6
CONTINUOUS
10
0.1194285826771654
20
1.9636112598425197
11
0.1229266141732283
21
1.9696699606299213
0
LINE
8
BLACK
6
CONTINUOUS
10
0.1229266141732283
20
1.9696699606299213
11
0.1276078346456693
21
1.9748690157480315
0
LINE
8
BLACK
6
CONTINUOUS
10
0.1276078346456693
20
1.9748690157480315
11
0.1332677165354331
21
1.9789811811023621
0
LINE
8
BLACK
6
CONTINUOUS
10
0.1332677165354331
20
1.9789811811023621
11
0.1396588976377953
21
1.9818266929133859
0
LINE
8
BLACK
6
CONTINUOUS
10
0.1396588976377953
20
1.9818266929133859
11
0.1465020078740157
21
1.9832812598425196
0
LINE
8
BLACK
6
CONTINUOUS
10
0.1465020078740157
20
1.9832812598425196
11
0.1534979921259843
21
1.9832812598425196
0
LINE
8
BLACK
6
CONTINUOUS
10
0.1534979921259843
20
1.9832812598425196
11
0.1603411023622047
21
1.9818266929133859
0
LINE
8
BLACK
6
CONTINUOUS
10
0.2603411023622047
20
1.9818266929133859
11
0.2667322834645669
21
1.9789811811023621
0
LINE
8
BLACK
6
CONTINUOUS
10
0.2667322834645669
20
1.9789811811023621
11
0.2723921653543307
21
1.9748690157480315
0
LINE
8
BLACK
6
CONTINUOUS
10
0.2723921653543307
20
1.9748690157480315
11
0.2770733858267717
21
1.9696699606299213
0
LINE
8
BLACK
6
CONTINUOUS
10
0.2770733858267717
20
1.9696699606299213
11
0.2805714173228346
21
1.9636112598425197
0
LINE
8
BLACK
6
CONTINUOUS
10
0.2805714173228346
20
1.9636112598425197
11
0.2827332677165355
21
1.9569576771653543
0
LINE
8
BLACK
6
CONTINUOUS
10
0.2827332677165355
20
1.9569576771653543
11
0.2834645669291339
21
1.95
0
LINE
8
BLACK
6
CONTINUOUS
10
0.2834645669291339
20
1.95
11
0.2827332677165355
21
1.9430423228346456
0
LINE
8
BLACK
6
CONTINUOUS
10
0.2827332677165355
20
1.9430423228346456
11
0.2805714173228346
21
1.9363887401574802
0
LINE
8
BLACK
6
CONTINUOUS
10
0.2805714173228346
20
1.9363887401574802
11
0.2770733858267717
21
1.9303300393700786
0
LINE
8
BLACK
6
CONTINUOUS
10
0.2770733858267717
20
1.9303300393700786
11
0.2723921653543307
21
1.9251309842519684
0
LINE
8
BLACK
6
CONTINUOUS
10
0.2723921653543307
20
1.9251309842519684
11
0.2667322834645669
21
1.9210188188976378
0
LINE
8
BLACK
6
CONTINUOUS
10
0.2667322834645669
20
1.9210188188976378
11
0.2603411023622047
21
1.918173307086614
0
LINE
8
BLACK
6
CONTINUOUS
10
0.2603411023622047
20
1.918173307086614
11
0.2534979921259842
21
1.9167187401574803
0
LINE
8
BLACK
6
CONTINUOUS
10
0.2534979921259842
20
1.9167187401574803
11
0.2465020078740157
21
1.9167187401574803
0
LINE
8
BLACK
6
CONTINUOUS
10
0.2465020078740157
20
1.9167187401574803
11
0.2396588976377953
21
1.918173307086614
0
LINE
8
BLACK
6
CONTINUOUS
10
0.2396588976377953
20
1.918173307086614
11
0.2332677165354331
21
1.9210188188976378
0
LINE
8
BLACK
6
CONTINUOUS
10
0.2332677165354331
20
1.9210188188976378
11
0.2276078346456693
21
1.9251309842519684
0
LINE
8
BLACK
6
CONTINUOUS
10
0.2276078346456693
20
1.9251309842519684
11
0.2229266141732283
21
1.9303300393700786
0
LINE
8
BLACK
6
CONTINUOUS
10
0.2229266141732283
20
1.9303300393700786
11
0.2194285826771654
21
1.9363887401574802
0
LINE
8
BLACK
6
CONTINUOUS
10
0.2194285826771654
20
1.9363887401574802
11
0.2172667322834646
21
1.9430423228346456
0
LINE
8
BLACK
6
CONTINUOUS
10
0.2172667322834646
20
1.9430423228346456
11
0.2165354330708661
21
1.95
0
LINE
8
BLACK
6
CONTINUOUS
10
0.2165354330708661
20
1.95
11
0.2172667322834646
21
1.9569576771653543
0
LINE
8
BLACK
6
CONTINUOUS
10
0.2172667322834646
20
1.9569576771653543
11
0.2194285826771654
21
1.9636112598425197
0
LINE
8
BLACK
6
CONTINUOUS
10
0.2194285826771654
20
1.9636112598425197
11
0.2229266141732283
21
1.9696699606299213
0
LINE
8
BLACK
6
CONTINUOUS
10
0.2229266141732283
20
1.9696699606299213
11
0.2276078346456693
21
1.9748690157480315
0
LINE
8
BLACK
6
CONTINUOUS
10
0.2276078346456693
20
1.9748690157480315
11
0.2332677165354331
21
1.9789811811023621
0
LINE
8
BLACK
6
CONTINUOUS
10
0.2332677165354331
20
1.9789811811023621
11
0.2396588976377953
21
1.9818266929133859
0
LINE
8
BLACK
6
CONTINUOUS
10
0.2396588976377953
20
1.9818266929133859
11
0.2465020078740157
21
1.9832812598425196
0
LINE
8
BLACK
6
CONTINUOUS
10
0.2465020078740157
20
1.9832812598425196
11
0.2534979921259842
21
1.9832812598425196
0
LINE
8
BLACK
6
CONTINUOUS
10
0.2534979921259842
20
1.9832812598425196
11
0.2603411023622047
21
1.9818266929133859
0
LINE
8
BLACK
6
CONTINUOUS
10
1.760144251968504
20
1.9818266929133859
11
1.766535433070866
21
1.9789811811023621
0
LINE
8
BLACK
6
CONTINUOUS
10
1.766535433070866
20
1.9789811811023621
11
1.77219531496063
21
1.9748690157480315
0
LINE
8
BLACK
6
CONTINUOUS
10
1.77219531496063
20
1.9748690157480315
11
1.7768765354330709
21
1.9696699606299213
0
LINE
8
BLACK
6
CONTINUOUS
10
1.7768765354330709
20
1.9696699606299213
11
1.7803745669291338
21
1.9636112598425197
0
LINE
8
BLACK
6
CONTINUOUS
10
1.7803745669291338
20
1.9636112598425197
11
1.7825364173228346
21
1.9569576771653543
0
LINE
8
BLACK
6
CONTINUOUS
10
1.7825364173228346
20
1.9569576771653543
11
1.7832677165354329
21
1.95
0
LINE
8
BLACK
6
CONTINUOUS
10
1.7832677165354329
20
1.95
11
1.7825364173228346
21
1.9430423228346456
0
LINE
8
BLACK
6
CONTINUOUS
10
1.7825364173228346
20
1.9430423228346456
11
1.7803745669291338
21
1.9363887401574802
0
LINE
8
BLACK
6
CONTINUOUS
10
1.7803745669291338
20
1.9363887401574802
11
1.7768765354330709
21
1.9303300393700786
0
LINE
8
BLACK
6
CONTINUOUS
10
1.7768765354330709
20
1.9303300393700786
11
1.77219531496063
21
1.9251309842519684
0
LINE
8
BLACK
6
CONTINUOUS
10
1.77219531496063
20
1.9251309842519684
11
1.766535433070866
21
1.9210188188976378
0
LINE
8
BLACK
6
CONTINUOUS
10
1.766535433070866
20
1.9210188188976378
11
1.760144251968504
21
1.918173307086614
0
LINE
8
BLACK
6
CONTINUOUS
10
1.760144251968504
20
1.918173307086614
11
1.7533011417322835
21
1.9167187401574803
0
LINE
8
BLACK
6
CONTINUOUS
10
1.7533011417322835
20
1.9167187401574803
11
1.746305157480315
21
1.9167187401574803
0
LINE
8
BLACK
6
CONTINUOUS
10
1.746305157480315
20
1.9167187401574803
11
1.7394620472440945
21
1.918173307086614
0
LINE
8
BLACK
6
CONTINUOUS
10
1.7394620472440945
20
1.918173307086614
11
1.7330708661417322
21
1.9210188188976378
0
LINE
8
BLACK
6
CONTINUOUS
10
1.7330708661417322
20
1.9210188188976378
11
1.7274109842519685
21
1.9251309842519684
0
LINE
8
BLACK
6
CONTINUOUS
10
1.7274109842519685
20
1.9251309842519684
11
1.7227297637795276
21
1.9303300393700786
0
LINE
8
BLACK
6
CONTINUOUS
10
1.7227297637795276
20
1.9303300393700786
11
1.7192317322834645
21
1.9363887401574802
0
LINE
8
BLACK
6
CONTINUOUS
10
1.7192317322834645
20
1.9363887401574802
11
1.7170698818897638
21
1.9430423228346456
0
LINE
8
BLACK
6
CONTINUOUS
10
1.7170698818897638
20
1.9430423228346456
11
1.7163385826771653
21
1.95
0
LINE
8
BLACK
6
CONTINUOUS
10
1.7163385826771653
20
1.95
11
1.7170698818897638
21
1.9569576771653543
0
LINE
8
BLACK
6
CONTINUOUS
10
1.7170698818897638
20
1.9569576771653543
11
1.7192317322834645
21
1.9636112598425197
0
LINE
8
BLACK
6
CONTINUOUS
10
1.7192317322834645
20
1.9636112598425197
11
1.7227297637795276
21
1.9696699606299213
0
LINE
8
BLACK
6
CONTINUOUS
10
1.7227297637795276
20
1.9696699606299213
11
1.7274109842519685
21
1.9748690157480315
0
LINE
8
BLACK
6
CONTINUOUS
10
1.7274109842519685
20
1.9748690157480315
11
1.7330708661417322
21
1.9789811811023621
0
LINE
8
BLACK
6
CONTINUOUS
10
1.7330708661417322
20
1.9789811811023621
11
1.7394620472440945
21
1.9818266929133859
0
LINE
8
BLACK
6
CONTINUOUS
10
1.7394620472440945
20
1.9818266929133859
11
1.746305157480315
21
1.9832812598425196
0
LINE
8
BLACK
6
CONTINUOUS
10
1.746305157480315
20
1.9832812598425196
11
1.7533011417322835
21
1.9832812598425196
0
LINE
8
BLACK
6
CONTINUOUS
10
1.7533011417322835
20
1.9832812598425196
11
1.760144251968504
21
1.9818266929133859
0
LINE
8
BLACK
6
CONTINUOUS
10
1.8601442519685039
20
1.9818266929133859
11
1.8665354330708661
21
1.9789811811023621
0
LINE
8
BLACK
6
CONTINUOUS
10
1.8665354330708661
20
1.9789811811023621
11
1.8721953149606299
21
1.9748690157480315
0
LINE
8
BLACK
6
CONTINUOUS
10
1.8721953149606299
20
1.9748690157480315
11
1.8768765354330708
21
1.9696699606299213
0
LINE
8
BLACK
6
CONTINUOUS
10
1.8768765354330708
20
1.9696699606299213
11
1.8803745669291339
21
1.9636112598425197
0
LINE
8
BLACK
6
CONTINUOUS
10
1.8803745669291339
20
1.9636112598425197
11
1.8825364173228345
21
1.9569576771653543
0
LINE
8
BLACK
6
CONTINUOUS
10
1.8825364173228345
20
1.9569576771653543
11
1.883267716535433
21
1.95
0
LINE
8
BLACK
6
CONTINUOUS
10
1.883267716535433
20
1.95
11
1.8825364173228345
21
1.9430423228346456
0
LINE
8
BLACK
6
CONTINUOUS
10
1.8825364173228345
20
1.9430423228346456
11
1.8803745669291339
21
1.9363887401574802
0
LINE
8
BLACK
6
CONTINUOUS
10
1.8803745669291339
20
1.9363887401574802
11
1.8768765354330708
21
1.9303300393700786
0
LINE
8
BLACK
6
CONTINUOUS
10
1.8768765354330708
20
1.9303300393700786
11
1.8721953149606299
21
1.9251309842519684
0
LINE
8
BLACK
6
CONTINUOUS
10
1.8721953149606299
20
1.9251309842519684
11
1.8665354330708661
21
1.9210188188976378
0
LINE
8
BLACK
6
CONTINUOUS
10
1.8665354330708661
20
1.9210188188976378
11
1.8601442519685039
21
1.918173307086614
0
LINE
8
BLACK
6
CONTINUOUS
10
1.8601442519685039
20
1.918173307086614
11
1.8533011417322833
21
1.9167187401574803
0
LINE
8
BLACK
6
CONTINUOUS
10
1.8533011417322833
20
1.9167187401574803
11
1.8463051574803149
21
1.9167187401574803
0
LINE
8
BLACK
6
CONTINUOUS
10
1.8463051574803149
20
1.9167187401574803
11
1.8394620472440943
21
1.918173307086614
0
LINE
8
BLACK
6
CONTINUOUS
10
1.8394620472440943
20
1.918173307086614
11
1.8330708661417323
21
1.9210188188976378
0
LINE
8
BLACK
6
CONTINUOUS
10
1.8330708661417323
20
1.9210188188976378
11
1.8274109842519686
21
1.9251309842519684
0
LINE
8
BLACK
6
CONTINUOUS
10
1.8274109842519686
20
1.9251309842519684
11
1.8227297637795274
21
1.9303300393700786
0
LINE
8
BLACK
6
CONTINUOUS
10
1.8227297637795274
20
1.9303300393700786
11
1.8192317322834646
21
1.9363887401574802
0
LINE
8
BLACK
6
CONTINUOUS
10
1.8192317322834646
20
1.9363887401574802
11
1.8170698818897637
21
1.9430423228346456
0
LINE
8
BLACK
6
CONTINUOUS
10
1.8170698818897637
20
1.9430423228346456
11
1.8163385826771654
21
1.95
0
LINE
8
BLACK
6
CONTINUOUS
10
1.8163385826771654
20
1.95
11
1.8170698818897637
21
1.9569576771653543
0
LINE
8
BLACK
6
CONTINUOUS
10
1.8170698818897637
20
1.9569576771653543
11
1.8192317322834646
21
1.9636112598425197
0
LINE
8
BLACK
6
CONTINUOUS
10
1.8192317322834646
20
1.9636112598425197
11
1.8227297637795274
21
1.9696699606299213
0
LINE
8
BLACK
6
CONTINUOUS
10
1.8227297637795274
20
1.9696699606299213
11
1.8274109842519686
21
1.9748690157480315
0
LINE
8
BLACK
6
CONTINUOUS
10
1.8274109842519686
20
1.9748690157480315
11
1.8330708661417323
21
1.9789811811023621
0
LINE
8
BLACK
6
CONTINUOUS
10
1.8330708661417323
20
1.9789811811023621
11
1.8394620472440943
21
1.9818266929133859
0
LINE
8
BLACK
6
CONTINUOUS
10
1.8394620472440943
20
1.9818266929133859
11
1.8463051574803149
21
1.9832812598425196
0
LINE
8
BLACK
6
CONTINUOUS
10
1.8463051574803149
20
1.9832812598425196
11
1.8533011417322833
21
1.9832812598425196
0
LINE
8
BLACK
6
CONTINUOUS
10
1.8533011417322833
20
1.9832812598425196
11
1.8601442519685039
21
1.9818266929133859
0
LINE
8
BLACK
6
CONTINUOUS
10
0.8416811417322835
20
1.9348146062992126
11
0.842639094488189
21
1.9341745275590552
0
LINE
8
BLACK
6
CONTINUOUS
10
0.842639094488189
20
1.9341745275590552
11
0.8432791732283464
21
1.9332165748031496
0
LINE
8
BLACK
6
CONTINUOUS
10
0.8432791732283464
20
1.9332165748031496
11
0.843503937007874
21
1.9320866141732282
0
LINE
8
BLACK
6
CONTINUOUS
10
0.843503937007874
20
1.9320866141732282
11
0.843503937007874
21
1.9261811023622046
0
LINE
8
BLACK
6
CONTINUOUS
10
0.843503937007874
20
1.9261811023622046
11
0.8432791732283464
21
1.9250511417322833
0
LINE
8
BLACK
6
CONTINUOUS
10
0.8432791732283464
20
1.9250511417322833
11
0.842639094488189
21
1.9240931889763779
0
LINE
8
BLACK
6
CONTINUOUS
10
0.842639094488189
20
1.9240931889763779
11
0.8416811417322835
21
1.9234531102362205
0
LINE
8
BLACK
6
CONTINUOUS
10
0.8416811417322835
20
1.9234531102362205
11
0.8405511811023622
21
1.9232283464566928
0
LINE
8
BLACK
6
CONTINUOUS
10
0.8405511811023622
20
1.9232283464566928
11
0.7854330708661417
21
1.9232283464566928
0
LINE
8
BLACK
6
CONTINUOUS
10
0.7854330708661417
20
1.9232283464566928
11
0.7843031102362205
21
1.9234531102362205
0
LINE
8
BLACK
6
CONTINUOUS
10
0.7843031102362205
20
1.9234531102362205
11
0.783345157480315
21
1.9240931889763779
0
LINE
8
BLACK
6
CONTINUOUS
10
0.783345157480315
20
1.9240931889763779
11
0.7827050787401575
21
1.9250511417322833
0
LINE
8
BLACK
6
CONTINUOUS
10
0.7827050787401575
20
1.9250511417322833
11
0.7824803149606299
21
1.9261811023622046
0
LINE
8
BLACK
6
CONTINUOUS
10
0.7824803149606299
20
1.9261811023622046
11
0.7824803149606299
21
1.9320866141732282
0
LINE
8
BLACK
6
CONTINUOUS
10
0.7824803149606299
20
1.9320866141732282
11
0.7827050787401575
21
1.9332165748031496
0
LINE
8
BLACK
6
CONTINUOUS
10
0.7827050787401575
20
1.9332165748031496
11
0.783345157480315
21
1.9341745275590552
0
LINE
8
BLACK
6
CONTINUOUS
10
0.783345157480315
20
1.9341745275590552
11
0.7843031102362205
21
1.9348146062992126
0
LINE
8
BLACK
6
CONTINUOUS
10
0.7843031102362205
20
1.9348146062992126
11
0.7854330708661417
21
1.9350393700787401
0
LINE
8
BLACK
6
CONTINUOUS
10
0.7854330708661417
20
1.9350393700787401
11
0.8405511811023622
21
1.9350393700787401
0
LINE
8
BLACK
6
CONTINUOUS
10
0.8405511811023622
20
1.9350393700787401
11
0.8416811417322835
21
1.9348146062992126
0
LINE
8
BLACK
6
CONTINUOUS
10
1.2885315354330709
20
1.9348146062992126
11
1.2894894881889762
21
1.9341745275590552
0
LINE
8
BLACK
6
CONTINUOUS
10
1.2894894881889762
20
1.9341745275590552
11
1.2901295669291337
21
1.9332165748031496
0
LINE
8
BLACK
6
CONTINUOUS
10
1.2901295669291337
20
1.9332165748031496
11
1.2903543307086613
21
1.9320866141732282
0
LINE
8
BLACK
6
CONTINUOUS
10
1.2903543307086613
20
1.9320866141732282
11
1.2903543307086613
21
1.9261811023622046
0
LINE
8
BLACK
6
CONTINUOUS
10
1.2903543307086613
20
1.9261811023622046
11
1.2901295669291337
21
1.9250511417322833
0
LINE
8
BLACK
6
CONTINUOUS
10
1.2901295669291337
20
1.9250511417322833
11
1.2894894881889762
21
1.9240931889763779
0
LINE
8
BLACK
6
CONTINUOUS
10
1.2894894881889762
20
1.9240931889763779
11
1.2885315354330709
21
1.9234531102362205
0
LINE
8
BLACK
6
CONTINUOUS
10
1.2885315354330709
20
1.9234531102362205
11
1.2874015748031495
21
1.9232283464566928
0
LINE
8
BLACK
6
CONTINUOUS
10
1.2874015748031495
20
1.9232283464566928
11
1.2322834645669292
21
1.9232283464566928
0
LINE
8
BLACK
6
CONTINUOUS
10
1.2322834645669292
20
1.9232283464566928
11
1.2311535039370078
21
1.9234531102362205
0
LINE
8
BLACK
6
CONTINUOUS
10
1.2311535039370078
20
1.9234531102362205
11
1.2301955511811022
21
1.9240931889763779
0
LINE
8
BLACK
6
CONTINUOUS
10
1.2301955511811022
20
1.9240931889763779
11
1.2295554724409448
21
1.9250511417322833
0
LINE
8
BLACK
6
CONTINUOUS
10
1.2295554724409448
20
1.9250511417322833
11
1.2293307086614174
21
1.9261811023622046
0
LINE
8
BLACK
6
CONTINUOUS
10
1.2293307086614174
20
1.9261811023622046
11
1.2293307086614174
21
1.9320866141732282
0
LINE
8
BLACK
6
CONTINUOUS
10
1.2293307086614174
20
1.9320866141732282
11
1.2295554724409448
21
1.9332165748031496
0
LINE
8
BLACK
6
CONTINUOUS
10
1.2295554724409448
20
1.9332165748031496
11
1.2301955511811022
21
1.9341745275590552
0
LINE
8
BLACK
6
CONTINUOUS
10
1.2301955511811022
20
1.9341745275590552
11
1.2311535039370078
21
1.9348146062992126
0
LINE
8
BLACK
6
CONTINUOUS
10
1.2311535039370078
20
1.9348146062992126
11
1.2322834645669292
21
1.9350393700787401
0
LINE
8
BLACK
6
CONTINUOUS
10
1.2322834645669292
20
1.9350393700787401
11
1.2874015748031495
21
1.9350393700787401
0
LINE
8
BLACK
6
CONTINUOUS
10
1.2874015748031495
20
1.9350393700787401
11
1.2885315354330709
21
1.9348146062992126
0
LINE
8
BLACK
6
CONTINUOUS
10
0.8416811417322835
20
1.9544996062992126
11
0.842639094488189
21
1.9538595275590551
0
LINE
8
BLACK
6
CONTINUOUS
10
0.842639094488189
20
1.9538595275590551
11
0.8432791732283464
21
1.9529015748031495
0
LINE
8
BLACK
6
CONTINUOUS
10
0.8432791732283464
20
1.9529015748031495
11
0.843503937007874
21
1.9517716141732282
0
LINE
8
BLACK
6
CONTINUOUS
10
0.843503937007874
20
1.9517716141732282
11
0.843503937007874
21
1.9458661023622046
0
LINE
8
BLACK
6
CONTINUOUS
10
0.843503937007874
20
1.9458661023622046
11
0.8432791732283464
21
1.9447361417322835
0
LINE
8
BLACK
6
CONTINUOUS
10
0.8432791732283464
20
1.9447361417322835
11
0.842639094488189
21
1.9437781889763779
0
LINE
8
BLACK
6
CONTINUOUS
10
0.842639094488189
20
1.9437781889763779
11
0.8416811417322835
21
1.9431381102362204
0
LINE
8
BLACK
6
CONTINUOUS
10
0.8416811417322835
20
1.9431381102362204
11
0.8405511811023622
21
1.9429133464566928
0
LINE
8
BLACK
6
CONTINUOUS
10
0.8405511811023622
20
1.9429133464566928
11
0.7854330708661417
21
1.9429133464566928
0
LINE
8
BLACK
6
CONTINUOUS
10
0.7854330708661417
20
1.9429133464566928
11
0.7843031102362205
21
1.9431381102362204
0
LINE
8
BLACK
6
CONTINUOUS
10
0.7843031102362205
20
1.9431381102362204
11
0.783345157480315
21
1.9437781889763779
0
LINE
8
BLACK
6
CONTINUOUS
10
0.783345157480315
20
1.9437781889763779
11
0.7827050787401575
21
1.9447361417322835
0
LINE
8
BLACK
6
CONTINUOUS
10
0.7827050787401575
20
1.9447361417322835
11
0.7824803149606299
21
1.9458661023622046
0
LINE
8
BLACK
6
CONTINUOUS
10
0.7824803149606299
20
1.9458661023622046
11
0.7824803149606299
21
1.9517716141732282
0
LINE
8
BLACK
6
CONTINUOUS
10
0.7824803149606299
20
1.9517716141732282
11
0.7827050787401575
21
1.9529015748031495
0
LINE
8
BLACK
6
CONTINUOUS
10
0.7827050787401575
20
1.9529015748031495
11
0.783345157480315
21
1.9538595275590551
0
LINE
8
BLACK
6
CONTINUOUS
10
0.783345157480315
20
1.9538595275590551
11
0.7843031102362205
21
1.9544996062992126
0
LINE
8
BLACK
6
CONTINUOUS
10
0.7843031102362205
20
1.9544996062992126
11
0.7854330708661417
21
1.95472437007874
0
LINE
8
BLACK
6
CONTINUOUS
10
0.7854330708661417
20
1.95472437007874
11
0.8405511811023622
21
1.95472437007874
0
LINE
8
BLACK
6
CONTINUOUS
10
0.8405511811023622
20
1.95472437007874
11
0.8416811417322835
21
1.9544996062992126
0
LINE
8
BLACK
6
CONTINUOUS
10
1.2885315354330709
20
1.9544996062992126
11
1.2894894881889762
21
1.9538595275590551
0
LINE
8
BLACK
6
CONTINUOUS
10
1.2894894881889762
20
1.9538595275590551
11
1.2901295669291337
21
1.9529015748031495
0
LINE
8
BLACK
6
CONTINUOUS
10
1.2901295669291337
20
1.9529015748031495
11
1.2903543307086613
21
1.9517716141732282
0
LINE
8
BLACK
6
CONTINUOUS
10
1.2903543307086613
20
1.9517716141732282
11
1.2903543307086613
21
1.9458661023622046
0
LINE
8
BLACK
6
CONTINUOUS
10
1.2903543307086613
20
1.9458661023622046
11
1.2901295669291337
21
1.9447361417322835
0
LINE
8
BLACK
6
CONTINUOUS
10
1.2901295669291337
20
1.9447361417322835
11
1.2894894881889762
21
1.9437781889763779
0
LINE
8
BLACK
6
CONTINUOUS
10
1.2894894881889762
20
1.9437781889763779
11
1.2885315354330709
21
1.9431381102362204
0
LINE
8
BLACK
6
CONTINUOUS
10
1.2885315354330709
20
1.9431381102362204
11
1.2874015748031495
21
1.9429133464566928
0
LINE
8
BLACK
6
CONTINUOUS
10
1.2874015748031495
20
1.9429133464566928
11
1.2322834645669292
21
1.9429133464566928
0
LINE
8
BLACK
6
CONTINUOUS
10
1.2322834645669292
20
1.9429133464566928
11
1.2311535039370078
21
1.9431381102362204
0
LINE
8
BLACK
6
CONTINUOUS
10
1.2311535039370078
20
1.9431381102362204
11
1.2301955511811022
21
1.9437781889763779
0
LINE
8
BLACK
6
CONTINUOUS
10
1.2301955511811022
20
1.9437781889763779
11
1.2295554724409448
21
1.9447361417322835
0
LINE
8
BLACK
6
CONTINUOUS
10
1.2295554724409448
20
1.9447361417322835
11
1.2293307086614174
21
1.9458661023622046
0
LINE
8
BLACK
6
CONTINUOUS
10
1.2293307086614174
20
1.9458661023622046
11
1.2293307086614174
21
1.9517716141732282
0
LINE
8
BLACK
6
CONTINUOUS
10
1.2293307086614174
20
1.9517716141732282
11
1.2295554724409448
21
1.9529015748031495
0
LINE
8
BLACK
6
CONTINUOUS
10
1.2295554724409448
20
1.9529015748031495
11
1.2301955511811022
21
1.9538595275590551
0
LINE
8
BLACK
6
CONTINUOUS
10
1.2301955511811022
20
1.9538595275590551
11
1.2311535039370078
21
1.9544996062992126
0
LINE
8
BLACK
6
CONTINUOUS
10
1.2311535039370078
20
1.9544996062992126
11
1.2322834645669292
21
1.95472437007874
0
LINE
8
BLACK
6
CONTINUOUS
10
1.2322834645669292
20
1.95472437007874
11
1.2874015748031495
21
1.95472437007874
0
LINE
8
BLACK
6
CONTINUOUS
10
1.2874015748031495
20
1.95472437007874
11
1.2885315354330709
21
1.9544996062992126
0
LINE
8
BLACK
6
CONTINUOUS
10
0.8928622834645669
20
2.054893346456693
11
0.8938202362204725
21
2.0542532677165353
0
LINE
8
BLACK
6
CONTINUOUS
10
0.8938202362204725
20
2.0542532677165353
11
0.8944603149606299
21
2.0532953149606299
0
LINE
8
BLACK
6
CONTINUOUS
10
0.8944603149606299
20
2.0532953149606299
11
0.8946850787401575
21
2.0521653543307088
0
LINE
8
BLACK
6
CONTINUOUS
10
0.8946850787401575
20
2.0521653543307088
11
0.8946850787401575
21
1.9970472440944882
0
LINE
8
BLACK
6
CONTINUOUS
10
0.8946850787401575
20
1.9970472440944882
11
0.8944603149606299
21
1.9959172834645669
0
LINE
8
BLACK
6
CONTINUOUS
10
0.8944603149606299
20
1.9959172834645669
11
0.8938202362204725
21
1.9949593307086613
0
LINE
8
BLACK
6
CONTINUOUS
10
0.8938202362204725
20
1.9949593307086613
11
0.8928622834645669
21
1.9943192519685038
0
LINE
8
BLACK
6
CONTINUOUS
10
0.8928622834645669
20
1.9943192519685038
11
0.8917323228346457
21
1.9940944881889764
0
LINE
8
BLACK
6
CONTINUOUS
10
0.8917323228346457
20
1.9940944881889764
11
0.885826811023622
21
1.9940944881889764
0
LINE
8
BLACK
6
CONTINUOUS
10
0.885826811023622
20
1.9940944881889764
11
0.8846968503937007
21
1.9943192519685038
0
LINE
8
BLACK
6
CONTINUOUS
10
0.8846968503937007
20
1.9943192519685038
11
0.8837388976377952
21
1.9949593307086613
0
LINE
8
BLACK
6
CONTINUOUS
10
0.8837388976377952
20
1.9949593307086613
11
0.8830988188976377
21
1.9959172834645669
0
LINE
8
BLACK
6
CONTINUOUS
10
0.8830988188976377
20
1.9959172834645669
11
0.8828740551181102
21
1.9970472440944882
0
LINE
8
BLACK
6
CONTINUOUS
10
0.8828740551181102
20
1.9970472440944882
11
0.8828740551181102
21
2.0521653543307088
0
LINE
8
BLACK
6
CONTINUOUS
10
0.8828740551181102
20
2.0521653543307088
11
0.8830988188976377
21
2.0532953149606299
0
LINE
8
BLACK
6
CONTINUOUS
10
0.8830988188976377
20
2.0532953149606299
11
0.8837388976377952
21
2.0542532677165353
0
LINE
8
BLACK
6
CONTINUOUS
10
0.8837388976377952
20
2.0542532677165353
11
0.8846968503937007
21
2.054893346456693
0
LINE
8
BLACK
6
CONTINUOUS
10
0.8846968503937007
20
2.054893346456693
11
0.885826811023622
21
2.0551181102362204
0
LINE
8
BLACK
6
CONTINUOUS
10
0.885826811023622
20
2.0551181102362204
11
0.8917323228346457
21
2.0551181102362204
0
LINE
8
BLACK
6
CONTINUOUS
10
0.8917323228346457
20
2.0551181102362204
11
0.8928622834645669
21
2.054893346456693
0
LINE
8
BLACK
6
CONTINUOUS
10
0.9125472834645669
20
2.054893346456693
11
0.9135052362204724
21
2.0542532677165353
0
LINE
8
BLACK
6
CONTINUOUS
10
0.9135052362204724
20
2.0542532677165353
11
0.9141453149606299
21
2.0532953149606299
0
LINE
8
BLACK
6
CONTINUOUS
10
0.9141453149606299
20
2.0532953149606299
11
0.9143700787401574
21
2.0521653543307088
0
LINE
8
BLACK
6
CONTINUOUS
10
0.9143700787401574
20
2.0521653543307088
11
0.9143700787401574
21
1.9970472440944882
0
LINE
8
BLACK
6
CONTINUOUS
10
0.9143700787401574
20
1.9970472440944882
11
0.9141453149606299
21
1.9959172834645669
0
LINE
8
BLACK
6
CONTINUOUS
10
0.9141453149606299
20
1.9959172834645669
11
0.9135052362204724
21
1.9949593307086613
0
LINE
8
BLACK
6
CONTINUOUS
10
0.9135052362204724
20
1.9949593307086613
11
0.9125472834645669
21
1.9943192519685038
0
LINE
8
BLACK
6
CONTINUOUS
10
0.9125472834645669
20
1.9943192519685038
11
0.9114173228346456
21
1.9940944881889764
0
LINE
8
BLACK
6
CONTINUOUS
10
0.9114173228346456
20
1.9940944881889764
11
0.905511811023622
21
1.9940944881889764
0
LINE
8
BLACK
6
CONTINUOUS
10
0.905511811023622
20
1.9940944881889764
11
0.9043818503937008
21
1.9943192519685038
0
LINE
8
BLACK
6
CONTINUOUS
10
0.9043818503937008
20
1.9943192519685038
11
0.9034238976377953
21
1.9949593307086613
0
LINE
8
BLACK
6
CONTINUOUS
10
0.9034238976377953
20
1.9949593307086613
11
0.9027838188976378
21
1.9959172834645669
0
LINE
8
BLACK
6
CONTINUOUS
10
0.9027838188976378
20
1.9959172834645669
11
0.9025590551181102
21
1.9970472440944882
0
LINE
8
BLACK
6
CONTINUOUS
10
0.9025590551181102
20
1.9970472440944882
11
0.9025590551181102
21
2.0521653543307088
0
LINE
8
BLACK
6
CONTINUOUS
10
0.9025590551181102
20
2.0521653543307088
11
0.9027838188976378
21
2.0532953149606299
0
LINE
8
BLACK
6
CONTINUOUS
10
0.9027838188976378
20
2.0532953149606299
11
0.9034238976377953
21
2.0542532677165353
0
LINE
8
BLACK
6
CONTINUOUS
10
0.9034238976377953
20
2.0542532677165353
11
0.9043818503937008
21
2.054893346456693
0
LINE
8
BLACK
6
CONTINUOUS
10
0.9043818503937008
20
2.054893346456693
11
0.905511811023622
21
2.0551181102362204
0
LINE
8
BLACK
6
CONTINUOUS
10
0.905511811023622
20
2.0551181102362204
11
0.9114173228346456
21
2.0551181102362204
0
LINE
8
BLACK
6
CONTINUOUS
10
0.9114173228346456
20
2.0551181102362204
11
0.9125472834645669
21
2.054893346456693
0
LINE
8
BLACK
6
CONTINUOUS
10
0.9322323228346456
20
2.054893346456693
11
0.9331902755905511
21
2.0542532677165353
0
LINE
8
BLACK
6
CONTINUOUS
10
0.9331902755905511
20
2.0542532677165353
11
0.9338303543307086
21
2.0532953149606299
0
LINE
8
BLACK
6
CONTINUOUS
10
0.9338303543307086
20
2.0532953149606299
11
0.9340551181102362
21
2.0521653543307088
0
LINE
8
BLACK
6
CONTINUOUS
10
0.9340551181102362
20
2.0521653543307088
11
0.9340551181102362
21
1.9970472440944882
0
LINE
8
BLACK
6
CONTINUOUS
10
0.9340551181102362
20
1.9970472440944882
11
0.9338303543307086
21
1.9959172834645669
0
LINE
8
BLACK
6
CONTINUOUS
10
0.9338303543307086
20
1.9959172834645669
11
0.9331902755905511
21
1.9949593307086613
0
LINE
8
BLACK
6
CONTINUOUS
10
0.9331902755905511
20
1.9949593307086613
11
0.9322323228346456
21
1.9943192519685038
0
LINE
8
BLACK
6
CONTINUOUS
10
0.9322323228346456
20
1.9943192519685038
11
0.9311023622047244
21
1.9940944881889764
0
LINE
8
BLACK
6
CONTINUOUS
10
0.9311023622047244
20
1.9940944881889764
11
0.9251968503937008
21
1.9940944881889764
0
LINE
8
BLACK
6
CONTINUOUS
10
0.9251968503937008
20
1.9940944881889764
11
0.9240668897637795
21
1.9943192519685038
0
LINE
8
BLACK
6
CONTINUOUS
10
0.9240668897637795
20
1.9943192519685038
11
0.923108937007874
21
1.9949593307086613
0
LINE
8
BLACK
6
CONTINUOUS
10
0.923108937007874
20
1.9949593307086613
11
0.9224688582677165
21
1.9959172834645669
0
LINE
8
BLACK
6
CONTINUOUS
10
0.9224688582677165
20
1.9959172834645669
11
0.922244094488189
21
1.9970472440944882
0
LINE
8
BLACK
6
CONTINUOUS
10
0.922244094488189
20
1.9970472440944882
11
0.922244094488189
21
2.0521653543307088
0
LINE
8
BLACK
6
CONTINUOUS
10
0.922244094488189
20
2.0521653543307088
11
0.9224688582677165
21
2.0532953149606299
0
LINE
8
BLACK
6
CONTINUOUS
10
0.9224688582677165
20
2.0532953149606299
11
0.923108937007874
21
2.0542532677165353
0
LINE
8
BLACK
6
CONTINUOUS
10
0.923108937007874
20
2.0542532677165353
11
0.9240668897637795
21
2.054893346456693
0
LINE
8
BLACK
6
CONTINUOUS
10
0.9240668897637795
20
2.054893346456693
11
0.9251968503937008
21
2.0551181102362204
0
LINE
8
BLACK
6
CONTINUOUS
10
0.9251968503937008
20
2.0551181102362204
11
0.9311023622047244
21
2.0551181102362204
0
LINE
8
BLACK
6
CONTINUOUS
10
0.9311023622047244
20
2.0551181102362204
11
0.9322323228346456
21
2.054893346456693
0
LINE
8
BLACK
6
CONTINUOUS
10
0.9519173622047243
20
2.054893346456693
11
0.9528753149606299
21
2.0542532677165353
0
LINE
8
BLACK
6
CONTINUOUS
10
0.9528753149606299
20
2.0542532677165353
11
0.9535153937007874
21
2.0532953149606299
0
LINE
8
BLACK
6
CONTINUOUS
10
0.9535153937007874
20
2.0532953149606299
11
0.9537401574803149
21
2.0521653543307088
0
LINE
8
BLACK
6
CONTINUOUS
10
0.9537401574803149
20
2.0521653543307088
11
0.9537401574803149
21
1.9970472440944882
0
LINE
8
BLACK
6
CONTINUOUS
10
0.9537401574803149
20
1.9970472440944882
11
0.9535153937007874
21
1.9959172834645669
0
LINE
8
BLACK
6
CONTINUOUS
10
0.9535153937007874
20
1.9959172834645669
11
0.9528753149606299
21
1.9949593307086613
0
LINE
8
BLACK
6
CONTINUOUS
10
0.9528753149606299
20
1.9949593307086613
11
0.9519173622047243
21
1.9943192519685038
0
LINE
8
BLACK
6
CONTINUOUS
10
0.9519173622047243
20
1.9943192519685038
11
0.9507874015748031
21
1.9940944881889764
0
LINE
8
BLACK
6
CONTINUOUS
10
0.9507874015748031
20
1.9940944881889764
11
0.9448818897637795
21
1.9940944881889764
0
LINE
8
BLACK
6
CONTINUOUS
10
0.9448818897637795
20
1.9940944881889764
11
0.9437519291338582
21
1.9943192519685038
0
LINE
8
BLACK
6
CONTINUOUS
10
0.9437519291338582
20
1.9943192519685038
11
0.9427939763779527
21
1.9949593307086613
0
LINE
8
BLACK
6
CONTINUOUS
10
0.9427939763779527
20
1.9949593307086613
11
0.9421538976377952
21
1.9959172834645669
0
LINE
8
BLACK
6
CONTINUOUS
10
0.9421538976377952
20
1.9959172834645669
11
0.9419291338582677
21
1.9970472440944882
0
LINE
8
BLACK
6
CONTINUOUS
10
0.9419291338582677
20
1.9970472440944882
11
0.9419291338582677
21
2.0521653543307088
0
LINE
8
BLACK
6
CONTINUOUS
10
0.9419291338582677
20
2.0521653543307088
11
0.9421538976377952
21
2.0532953149606299
0
LINE
8
BLACK
6
CONTINUOUS
10
0.9421538976377952
20
2.0532953149606299
11
0.9427939763779527
21
2.0542532677165353
0
LINE
8
BLACK
6
CONTINUOUS
10
0.9427939763779527
20
2.0542532677165353
11
0.9437519291338582
21
2.054893346456693
0
LINE
8
BLACK
6
CONTINUOUS
10
0.9437519291338582
20
2.054893346456693
11
0.9448818897637795
21
2.0551181102362204
0
LINE
8
BLACK
6
CONTINUOUS
10
0.9448818897637795
20
2.0551181102362204
11
0.9507874015748031
21
2.0551181102362204
0
LINE
8
BLACK
6
CONTINUOUS
10
0.9507874015748031
20
2.0551181102362204
11
0.9519173622047243
21
2.054893346456693
0
LINE
8
BLACK
6
CONTINUOUS
10
0.9716024015748032
20
2.054893346456693
11
0.9725603543307086
21
2.0542532677165353
0
LINE
8
BLACK
6
CONTINUOUS
10
0.9725603543307086
20
2.0542532677165353
11
0.9732004330708661
21
2.0532953149606299
0
LINE
8
BLACK
6
CONTINUOUS
10
0.9732004330708661
20
2.0532953149606299
11
0.9734251968503936
21
2.0521653543307088
0
LINE
8
BLACK
6
CONTINUOUS
10
0.9734251968503936
20
2.0521653543307088
11
0.9734251968503936
21
1.9970472440944882
0
LINE
8
BLACK
6
CONTINUOUS
10
0.9734251968503936
20
1.9970472440944882
11
0.9732004330708661
21
1.9959172834645669
0
LINE
8
BLACK
6
CONTINUOUS
10
0.9732004330708661
20
1.9959172834645669
11
0.9725603543307086
21
1.9949593307086613
0
LINE
8
BLACK
6
CONTINUOUS
10
0.9725603543307086
20
1.9949593307086613
11
0.9716024015748032
21
1.9943192519685038
0
LINE
8
BLACK
6
CONTINUOUS
10
0.9716024015748032
20
1.9943192519685038
11
0.9704724409448818
21
1.9940944881889764
0
LINE
8
BLACK
6
CONTINUOUS
10
0.9704724409448818
20
1.9940944881889764
11
0.9645669291338582
21
1.9940944881889764
0
LINE
8
BLACK
6
CONTINUOUS
10
0.9645669291338582
20
1.9940944881889764
11
0.963436968503937
21
1.9943192519685038
0
LINE
8
BLACK
6
CONTINUOUS
10
0.963436968503937
20
1.9943192519685038
11
0.9624790157480315
21
1.9949593307086613
0
LINE
8
BLACK
6
CONTINUOUS
10
0.9624790157480315
20
1.9949593307086613
11
0.961838937007874
21
1.9959172834645669
0
LINE
8
BLACK
6
CONTINUOUS
10
0.961838937007874
20
1.9959172834645669
11
0.9616141732283464
21
1.9970472440944882
0
LINE
8
BLACK
6
CONTINUOUS
10
0.9616141732283464
20
1.9970472440944882
11
0.9616141732283464
21
2.0521653543307088
0
LINE
8
BLACK
6
CONTINUOUS
10
0.9616141732283464
20
2.0521653543307088
11
0.961838937007874
21
2.0532953149606299
0
LINE
8
BLACK
6
CONTINUOUS
10
0.961838937007874
20
2.0532953149606299
11
0.9624790157480315
21
2.0542532677165353
0
LINE
8
BLACK
6
CONTINUOUS
10
0.9624790157480315
20
2.0542532677165353
11
0.963436968503937
21
2.054893346456693
0
LINE
8
BLACK
6
CONTINUOUS
10
0.963436968503937
20
2.054893346456693
11
0.9645669291338582
21
2.0551181102362204
0
LINE
8
BLACK
6
CONTINUOUS
10
0.9645669291338582
20
2.0551181102362204
11
0.9704724409448818
21
2.0551181102362204
0
LINE
8
BLACK
6
CONTINUOUS
10
0.9704724409448818
20
2.0551181102362204
11
0.9716024015748032
21
2.054893346456693
0
LINE
8
BLACK
6
CONTINUOUS
10
0.9912874803149606
20
2.054893346456693
11
0.9922454330708661
21
2.0542532677165353
0
LINE
8
BLACK
6
CONTINUOUS
10
0.9922454330708661
20
2.0542532677165353
11
0.9928855118110236
21
2.0532953149606299
0
LINE
8
BLACK
6
CONTINUOUS
10
0.9928855118110236
20
2.0532953149606299
11
0.9931102755905512
21
2.0521653543307088
0
LINE
8
BLACK
6
CONTINUOUS
10
0.9931102755905512
20
2.0521653543307088
11
0.9931102755905512
21
1.9970472440944882
0
LINE
8
BLACK
6
CONTINUOUS
10
0.9931102755905512
20
1.9970472440944882
11
0.9928855118110236
21
1.9959172834645669
0
LINE
8
BLACK
6
CONTINUOUS
10
0.9928855118110236
20
1.9959172834645669
11
0.9922454330708661
21
1.9949593307086613
0
LINE
8
BLACK
6
CONTINUOUS
10
0.9922454330708661
20
1.9949593307086613
11
0.9912874803149606
21
1.9943192519685038
0
LINE
8
BLACK
6
CONTINUOUS
10
0.9912874803149606
20
1.9943192519685038
11
0.9901575196850394
21
1.9940944881889764
0
LINE
8
BLACK
6
CONTINUOUS
10
0.9901575196850394
20
1.9940944881889764
11
0.9842520078740157
21
1.9940944881889764
0
LINE
8
BLACK
6
CONTINUOUS
10
0.9842520078740157
20
1.9940944881889764
11
0.9831220472440945
21
1.9943192519685038
0
LINE
8
BLACK
6
CONTINUOUS
10
0.9831220472440945
20
1.9943192519685038
11
0.982164094488189
21
1.9949593307086613
0
LINE
8
BLACK
6
CONTINUOUS
10
0.982164094488189
20
1.9949593307086613
11
0.9815240157480315
21
1.9959172834645669
0
LINE
8
BLACK
6
CONTINUOUS
10
0.9815240157480315
20
1.9959172834645669
11
0.9812992519685039
21
1.9970472440944882
0
LINE
8
BLACK
6
CONTINUOUS
10
0.9812992519685039
20
1.9970472440944882
11
0.9812992519685039
21
2.0521653543307088
0
LINE
8
BLACK
6
CONTINUOUS
10
0.9812992519685039
20
2.0521653543307088
11
0.9815240157480315
21
2.0532953149606299
0
LINE
8
BLACK
6
CONTINUOUS
10
0.9815240157480315
20
2.0532953149606299
11
0.982164094488189
21
2.0542532677165353
0
LINE
8
BLACK
6
CONTINUOUS
10
0.982164094488189
20
2.0542532677165353
11
0.9831220472440945
21
2.054893346456693
0
LINE
8
BLACK
6
CONTINUOUS
10
0.9831220472440945
20
2.054893346456693
11
0.9842520078740157
21
2.0551181102362204
0
LINE
8
BLACK
6
CONTINUOUS
10
0.9842520078740157
20
2.0551181102362204
11
0.9901575196850394
21
2.0551181102362204
0
LINE
8
BLACK
6
CONTINUOUS
10
0.9901575196850394
20
2.0551181102362204
11
0.9912874803149606
21
2.054893346456693
0
LINE
8
BLACK
6
CONTINUOUS
10
1.0109724803149607
20
2.054893346456693
11
1.0119304330708661
21
2.0542532677165353
0
LINE
8
BLACK
6
CONTINUOUS
10
1.0119304330708661
20
2.0542532677165353
11
1.0125705118110235
21
2.0532953149606299
0
LINE
8
BLACK
6
CONTINUOUS
10
1.0125705118110235
20
2.0532953149606299
11
1.0127952755905512
21
2.0521653543307088
0
LINE
8
BLACK
6
CONTINUOUS
10
1.0127952755905512
20
2.0521653543307088
11
1.0127952755905512
21
1.9970472440944882
0
LINE
8
BLACK
6
CONTINUOUS
10
1.0127952755905512
20
1.9970472440944882
11
1.0125705118110235
21
1.9959172834645669
0
LINE
8
BLACK
6
CONTINUOUS
10
1.0125705118110235
20
1.9959172834645669
11
1.0119304330708661
21
1.9949593307086613
0
LINE
8
BLACK
6
CONTINUOUS
10
1.0119304330708661
20
1.9949593307086613
11
1.0109724803149607
21
1.9943192519685038
0
LINE
8
BLACK
6
CONTINUOUS
10
1.0109724803149607
20
1.9943192519685038
11
1.0098425196850394
21
1.9940944881889764
0
LINE
8
BLACK
6
CONTINUOUS
10
1.0098425196850394
20
1.9940944881889764
11
1.0039370078740157
21
1.9940944881889764
0
LINE
8
BLACK
6
CONTINUOUS
10
1.0039370078740157
20
1.9940944881889764
11
1.0028070472440944
21
1.9943192519685038
0
LINE
8
BLACK
6
CONTINUOUS
10
1.0028070472440944
20
1.9943192519685038
11
1.001849094488189
21
1.9949593307086613
0
LINE
8
BLACK
6
CONTINUOUS
10
1.001849094488189
20
1.9949593307086613
11
1.0012090157480316
21
1.9959172834645669
0
LINE
8
BLACK
6
CONTINUOUS
10
1.0012090157480316
20
1.9959172834645669
11
1.0009842519685039
21
1.9970472440944882
0
LINE
8
BLACK
6
CONTINUOUS
10
1.0009842519685039
20
1.9970472440944882
11
1.0009842519685039
21
2.0521653543307088
0
LINE
8
BLACK
6
CONTINUOUS
10
1.0009842519685039
20
2.0521653543307088
11
1.0012090157480316
21
2.0532953149606299
0
LINE
8
BLACK
6
CONTINUOUS
10
1.0012090157480316
20
2.0532953149606299
11
1.001849094488189
21
2.0542532677165353
0
LINE
8
BLACK
6
CONTINUOUS
10
1.001849094488189
20
2.0542532677165353
11
1.0028070472440944
21
2.054893346456693
0
LINE
8
BLACK
6
CONTINUOUS
10
1.0028070472440944
20
2.054893346456693
11
1.0039370078740157
21
2.0551181102362204
0
LINE
8
BLACK
6
CONTINUOUS
10
1.0039370078740157
20
2.0551181102362204
11
1.0098425196850394
21
2.0551181102362204
0
LINE
8
BLACK
6
CONTINUOUS
10
1.0098425196850394
20
2.0551181102362204
11
1.0109724803149607
21
2.054893346456693
0
LINE
8
BLACK
6
CONTINUOUS
10
1.0306575196850394
20
2.054893346456693
11
1.0316154724409448
21
2.0542532677165353
0
LINE
8
BLACK
6
CONTINUOUS
10
1.0316154724409448
20
2.0542532677165353
11
1.0322555511811022
21
2.0532953149606299
0
LINE
8
BLACK
6
CONTINUOUS
10
1.0322555511811022
20
2.0532953149606299
11
1.0324803149606299
21
2.0521653543307088
0
LINE
8
BLACK
6
CONTINUOUS
10
1.0324803149606299
20
2.0521653543307088
11
1.0324803149606299
21
1.9970472440944882
0
LINE
8
BLACK
6
CONTINUOUS
10
1.0324803149606299
20
1.9970472440944882
11
1.0322555511811022
21
1.9959172834645669
0
LINE
8
BLACK
6
CONTINUOUS
10
1.0322555511811022
20
1.9959172834645669
11
1.0316154724409448
21
1.9949593307086613
0
LINE
8
BLACK
6
CONTINUOUS
10
1.0316154724409448
20
1.9949593307086613
11
1.0306575196850394
21
1.9943192519685038
0
LINE
8
BLACK
6
CONTINUOUS
10
1.0306575196850394
20
1.9943192519685038
11
1.0295275590551181
21
1.9940944881889764
0
LINE
8
BLACK
6
CONTINUOUS
10
1.0295275590551181
20
1.9940944881889764
11
1.0236220472440944
21
1.9940944881889764
0
LINE
8
BLACK
6
CONTINUOUS
10
1.0236220472440944
20
1.9940944881889764
11
1.0224920866141731
21
1.9943192519685038
0
LINE
8
BLACK
6
CONTINUOUS
10
1.0224920866141731
20
1.9943192519685038
11
1.0215341338582677
21
1.9949593307086613
0
LINE
8
BLACK
6
CONTINUOUS
10
1.0215341338582677
20
1.9949593307086613
11
1.0208940551181103
21
1.9959172834645669
0
LINE
8
BLACK
6
CONTINUOUS
10
1.0208940551181103
20
1.9959172834645669
11
1.0206692913385826
21
1.9970472440944882
0
LINE
8
BLACK
6
CONTINUOUS
10
1.0206692913385826
20
1.9970472440944882
11
1.0206692913385826
21
2.0521653543307088
0
LINE
8
BLACK
6
CONTINUOUS
10
1.0206692913385826
20
2.0521653543307088
11
1.0208940551181103
21
2.0532953149606299
0
LINE
8
BLACK
6
CONTINUOUS
10
1.0208940551181103
20
2.0532953149606299
11
1.0215341338582677
21
2.0542532677165353
0
LINE
8
BLACK
6
CONTINUOUS
10
1.0215341338582677
20
2.0542532677165353
11
1.0224920866141731
21
2.054893346456693
0
LINE
8
BLACK
6
CONTINUOUS
10
1.0224920866141731
20
2.054893346456693
11
1.0236220472440944
21
2.0551181102362204
0
LINE
8
BLACK
6
CONTINUOUS
10
1.0236220472440944
20
2.0551181102362204
11
1.0295275590551181
21
2.0551181102362204
0
LINE
8
BLACK
6
CONTINUOUS
10
1.0295275590551181
20
2.0551181102362204
11
1.0306575196850394
21
2.054893346456693
0
LINE
8
BLACK
6
CONTINUOUS
10
1.0503425590551181
20
2.054893346456693
11
1.0513005118110237
21
2.0542532677165353
0
LINE
8
BLACK
6
CONTINUOUS
10
1.0513005118110237
20
2.0542532677165353
11
1.0519405905511812
21
2.0532953149606299
0
LINE
8
BLACK
6
CONTINUOUS
10
1.0519405905511812
20
2.0532953149606299
11
1.0521653543307086
21
2.0521653543307088
0
LINE
8
BLACK
6
CONTINUOUS
10
1.0521653543307086
20
2.0521653543307088
11
1.0521653543307086
21
1.9970472440944882
0
LINE
8
BLACK
6
CONTINUOUS
10
1.0521653543307086
20
1.9970472440944882
11
1.0519405905511812
21
1.9959172834645669
0
LINE
8
BLACK
6
CONTINUOUS
10
1.0519405905511812
20
1.9959172834645669
11
1.0513005118110237
21
1.9949593307086613
0
LINE
8
BLACK
6
CONTINUOUS
10
1.0513005118110237
20
1.9949593307086613
11
1.0503425590551181
21
1.9943192519685038
0
LINE
8
BLACK
6
CONTINUOUS
10
1.0503425590551181
20
1.9943192519685038
11
1.0492125984251968
21
1.9940944881889764
0
LINE
8
BLACK
6
CONTINUOUS
10
1.0492125984251968
20
1.9940944881889764
11
1.0433070866141732
21
1.9940944881889764
0
LINE
8
BLACK
6
CONTINUOUS
10
1.0433070866141732
20
1.9940944881889764
11
1.0421771259842521
21
1.9943192519685038
0
LINE
8
BLACK
6
CONTINUOUS
10
1.0421771259842521
20
1.9943192519685038
11
1.0412191732283465
21
1.9949593307086613
0
LINE
8
BLACK
6
CONTINUOUS
10
1.0412191732283465
20
1.9949593307086613
11
1.040579094488189
21
1.9959172834645669
0
LINE
8
BLACK
6
CONTINUOUS
10
1.040579094488189
20
1.9959172834645669
11
1.0403543307086613
21
1.9970472440944882
0
LINE
8
BLACK
6
CONTINUOUS
10
1.0403543307086613
20
1.9970472440944882
11
1.0403543307086613
21
2.0521653543307088
0
LINE
8
BLACK
6
CONTINUOUS
10
1.0403543307086613
20
2.0521653543307088
11
1.040579094488189
21
2.0532953149606299
0
LINE
8
BLACK
6
CONTINUOUS
10
1.040579094488189
20
2.0532953149606299
11
1.0412191732283465
21
2.0542532677165353
0
LINE
8
BLACK
6
CONTINUOUS
10
1.0412191732283465
20
2.0542532677165353
11
1.0421771259842521
21
2.054893346456693
0
LINE
8
BLACK
6
CONTINUOUS
10
1.0421771259842521
20
2.054893346456693
11
1.0433070866141732
21
2.0551181102362204
0
LINE
8
BLACK
6
CONTINUOUS
10
1.0433070866141732
20
2.0551181102362204
11
1.0492125984251968
21
2.0551181102362204
0
LINE
8
BLACK
6
CONTINUOUS
10
1.0492125984251968
20
2.0551181102362204
11
1.0503425590551181
21
2.054893346456693
0
LINE
8
BLACK
6
CONTINUOUS
10
1.0700275984251968
20
2.054893346456693
11
1.0709855511811024
21
2.0542532677165353
0
LINE
8
BLACK
6
CONTINUOUS
10
1.0709855511811024
20
2.0542532677165353
11
1.0716256299212599
21
2.0532953149606299
0
LINE
8
BLACK
6
CONTINUOUS
10
1.0716256299212599
20
2.0532953149606299
11
1.0718503937007873
21
2.0521653543307088
0
LINE
8
BLACK
6
CONTINUOUS
10
1.0718503937007873
20
2.0521653543307088
11
1.0718503937007873
21
1.9970472440944882
0
LINE
8
BLACK
6
CONTINUOUS
10
1.0718503937007873
20
1.9970472440944882
11
1.0716256299212599
21
1.9959172834645669
0
LINE
8
BLACK
6
CONTINUOUS
10
1.0716256299212599
20
1.9959172834645669
11
1.0709855511811024
21
1.9949593307086613
0
LINE
8
BLACK
6
CONTINUOUS
10
1.0709855511811024
20
1.9949593307086613
11
1.0700275984251968
21
1.9943192519685038
0
LINE
8
BLACK
6
CONTINUOUS
10
1.0700275984251968
20
1.9943192519685038
11
1.0688976377952755
21
1.9940944881889764
0
LINE
8
BLACK
6
CONTINUOUS
10
1.0688976377952755
20
1.9940944881889764
11
1.0629921259842519
21
1.9940944881889764
0
LINE
8
BLACK
6
CONTINUOUS
10
1.0629921259842519
20
1.9940944881889764
11
1.0618621653543308
21
1.9943192519685038
0
LINE
8
BLACK
6
CONTINUOUS
10
1.0618621653543308
20
1.9943192519685038
11
1.0609042125984252
21
1.9949593307086613
0
LINE
8
BLACK
6
CONTINUOUS
10
1.0609042125984252
20
1.9949593307086613
11
1.0602641338582677
21
1.9959172834645669
0
LINE
8
BLACK
6
CONTINUOUS
10
1.0602641338582677
20
1.9959172834645669
11
1.0600393700787401
21
1.9970472440944882
0
LINE
8
BLACK
6
CONTINUOUS
10
1.0600393700787401
20
1.9970472440944882
11
1.0600393700787401
21
2.0521653543307088
0
LINE
8
BLACK
6
CONTINUOUS
10
1.0600393700787401
20
2.0521653543307088
11
1.0602641338582677
21
2.0532953149606299
0
LINE
8
BLACK
6
CONTINUOUS
10
1.0602641338582677
20
2.0532953149606299
11
1.0609042125984252
21
2.0542532677165353
0
LINE
8
BLACK
6
CONTINUOUS
10
1.0609042125984252
20
2.0542532677165353
11
1.0618621653543308
21
2.054893346456693
0
LINE
8
BLACK
6
CONTINUOUS
10
1.0618621653543308
20
2.054893346456693
11
1.0629921259842519
21
2.0551181102362204
0
LINE
8
BLACK
6
CONTINUOUS
10
1.0629921259842519
20
2.0551181102362204
11
1.0688976377952755
21
2.0551181102362204
0
LINE
8
BLACK
6
CONTINUOUS
10
1.0688976377952755
20
2.0551181102362204
11
1.0700275984251968
21
2.054893346456693
0
LINE
8
BLACK
6
CONTINUOUS
10
1.0897125984251967
20
2.054893346456693
11
1.0906705511811023
21
2.0542532677165353
0
LINE
8
BLACK
6
CONTINUOUS
10
1.0906705511811023
20
2.0542532677165353
11
1.0913106299212598
21
2.0532953149606299
0
LINE
8
BLACK
6
CONTINUOUS
10
1.0913106299212598
20
2.0532953149606299
11
1.0915353937007874
21
2.0521653543307088
0
LINE
8
BLACK
6
CONTINUOUS
10
1.0915353937007874
20
2.0521653543307088
11
1.0915353937007874
21
1.9970472440944882
0
LINE
8
BLACK
6
CONTINUOUS
10
1.0915353937007874
20
1.9970472440944882
11
1.0913106299212598
21
1.9959172834645669
0
LINE
8
BLACK
6
CONTINUOUS
10
1.0913106299212598
20
1.9959172834645669
11
1.0906705511811023
21
1.9949593307086613
0
LINE
8
BLACK
6
CONTINUOUS
10
1.0906705511811023
20
1.9949593307086613
11
1.0897125984251967
21
1.9943192519685038
0
LINE
8
BLACK
6
CONTINUOUS
10
1.0897125984251967
20
1.9943192519685038
11
1.0885826377952756
21
1.9940944881889764
0
LINE
8
BLACK
6
CONTINUOUS
10
1.0885826377952756
20
1.9940944881889764
11
1.082677125984252
21
1.9940944881889764
0
LINE
8
BLACK
6
CONTINUOUS
10
1.082677125984252
20
1.9940944881889764
11
1.0815471653543307
21
1.9943192519685038
0
LINE
8
BLACK
6
CONTINUOUS
10
1.0815471653543307
20
1.9943192519685038
11
1.0805892125984251
21
1.9949593307086613
0
LINE
8
BLACK
6
CONTINUOUS
10
1.0805892125984251
20
1.9949593307086613
11
1.0799491338582676
21
1.9959172834645669
0
LINE
8
BLACK
6
CONTINUOUS
10
1.0799491338582676
20
1.9959172834645669
11
1.0797243700787402
21
1.9970472440944882
0
LINE
8
BLACK
6
CONTINUOUS
10
1.0797243700787402
20
1.9970472440944882
11
1.0797243700787402
21
2.0521653543307088
0
LINE
8
BLACK
6
CONTINUOUS
10
1.0797243700787402
20
2.0521653543307088
11
1.0799491338582676
21
2.0532953149606299
0
LINE
8
BLACK
6
CONTINUOUS
10
1.0799491338582676
20
2.0532953149606299
11
1.0805892125984251
21
2.0542532677165353
0
LINE
8
BLACK
6
CONTINUOUS
10
1.0805892125984251
20
2.0542532677165353
11
1.0815471653543307
21
2.054893346456693
0
LINE
8
BLACK
6
CONTINUOUS
10
1.0815471653543307
20
2.054893346456693
11
1.082677125984252
21
2.0551181102362204
0
LINE
8
BLACK
6
CONTINUOUS
10
1.082677125984252
20
2.0551181102362204
11
1.0885826377952756
21
2.0551181102362204
0
LINE
8
BLACK
6
CONTINUOUS
10
1.0885826377952756
20
2.0551181102362204
11
1.0897125984251967
21
2.054893346456693
0
LINE
8
BLACK
6
CONTINUOUS
10
1.1093976771653542
20
2.054893346456693
11
1.1103556299212598
21
2.0542532677165353
0
LINE
8
BLACK
6
CONTINUOUS
10
1.1103556299212598
20
2.0542532677165353
11
1.1109957086614173
21
2.0532953149606299
0
LINE
8
BLACK
6
CONTINUOUS
10
1.1109957086614173
20
2.0532953149606299
11
1.1112204724409449
21
2.0521653543307088
0
LINE
8
BLACK
6
CONTINUOUS
10
1.1112204724409449
20
2.0521653543307088
11
1.1112204724409449
21
1.9970472440944882
0
LINE
8
BLACK
6
CONTINUOUS
10
1.1112204724409449
20
1.9970472440944882
11
1.1109957086614173
21
1.9959172834645669
0
LINE
8
BLACK
6
CONTINUOUS
10
1.1109957086614173
20
1.9959172834645669
11
1.1103556299212598
21
1.9949593307086613
0
LINE
8
BLACK
6
CONTINUOUS
10
1.1103556299212598
20
1.9949593307086613
11
1.1093976771653542
21
1.9943192519685038
0
LINE
8
BLACK
6
CONTINUOUS
10
1.1093976771653542
20
1.9943192519685038
11
1.1082677165354331
21
1.9940944881889764
0
LINE
8
BLACK
6
CONTINUOUS
10
1.1082677165354331
20
1.9940944881889764
11
1.1023622047244095
21
1.9940944881889764
0
LINE
8
BLACK
6
CONTINUOUS
10
1.1023622047244095
20
1.9940944881889764
11
1.1012322440944882
21
1.9943192519685038
0
LINE
8
BLACK
6
CONTINUOUS
10
1.1012322440944882
20
1.9943192519685038
11
1.1002742913385826
21
1.9949593307086613
0
LINE
8
BLACK
6
CONTINUOUS
10
1.1002742913385826
20
1.9949593307086613
11
1.0996342125984251
21
1.9959172834645669
0
LINE
8
BLACK
6
CONTINUOUS
10
1.0996342125984251
20
1.9959172834645669
11
1.0994094488188977
21
1.9970472440944882
0
LINE
8
BLACK
6
CONTINUOUS
10
1.0994094488188977
20
1.9970472440944882
11
1.0994094488188977
21
2.0521653543307088
0
LINE
8
BLACK
6
CONTINUOUS
10
1.0994094488188977
20
2.0521653543307088
11
1.0996342125984251
21
2.0532953149606299
0
LINE
8
BLACK
6
CONTINUOUS
10
1.0996342125984251
20
2.0532953149606299
11
1.1002742913385826
21
2.0542532677165353
0
LINE
8
BLACK
6
CONTINUOUS
10
1.1002742913385826
20
2.0542532677165353
11
1.1012322440944882
21
2.054893346456693
0
LINE
8
BLACK
6
CONTINUOUS
10
1.1012322440944882
20
2.054893346456693
11
1.1023622047244095
21
2.0551181102362204
0
LINE
8
BLACK
6
CONTINUOUS
10
1.1023622047244095
20
2.0551181102362204
11
1.1082677165354331
21
2.0551181102362204
0
LINE
8
BLACK
6
CONTINUOUS
10
1.1082677165354331
20
2.0551181102362204
11
1.1093976771653542
21
2.054893346456693
0
LINE
8
BLACK
6
CONTINUOUS
10
1.1290827165354331
20
2.054893346456693
11
1.1300406692913385
21
2.0542532677165353
0
LINE
8
BLACK
6
CONTINUOUS
10
1.1300406692913385
20
2.0542532677165353
11
1.130680748031496
21
2.0532953149606299
0
LINE
8
BLACK
6
CONTINUOUS
10
1.130680748031496
20
2.0532953149606299
11
1.1309055118110236
21
2.0521653543307088
0
LINE
8
BLACK
6
CONTINUOUS
10
1.1309055118110236
20
2.0521653543307088
11
1.1309055118110236
21
1.9970472440944882
0
LINE
8
BLACK
6
CONTINUOUS
10
1.1309055118110236
20
1.9970472440944882
11
1.130680748031496
21
1.9959172834645669
0
LINE
8
BLACK
6
CONTINUOUS
10
1.130680748031496
20
1.9959172834645669
11
1.1300406692913385
21
1.9949593307086613
0
LINE
8
BLACK
6
CONTINUOUS
10
1.1300406692913385
20
1.9949593307086613
11
1.1290827165354331
21
1.9943192519685038
0
LINE
8
BLACK
6
CONTINUOUS
10
1.1290827165354331
20
1.9943192519685038
11
1.1279527559055118
21
1.9940944881889764
0
LINE
8
BLACK
6
CONTINUOUS
10
1.1279527559055118
20
1.9940944881889764
11
1.1220472440944882
21
1.9940944881889764
0
LINE
8
BLACK
6
CONTINUOUS
10
1.1220472440944882
20
1.9940944881889764
11
1.1209172834645669
21
1.9943192519685038
0
LINE
8
BLACK
6
CONTINUOUS
10
1.1209172834645669
20
1.9943192519685038
11
1.1199593307086615
21
1.9949593307086613
0
LINE
8
BLACK
6
CONTINUOUS
10
1.1199593307086615
20
1.9949593307086613
11
1.119319251968504
21
1.9959172834645669
0
LINE
8
BLACK
6
CONTINUOUS
10
1.119319251968504
20
1.9959172834645669
11
1.1190944881889764
21
1.9970472440944882
0
LINE
8
BLACK
6
CONTINUOUS
10
1.1190944881889764
20
1.9970472440944882
11
1.1190944881889764
21
2.0521653543307088
0
LINE
8
BLACK
6
CONTINUOUS
10
1.1190944881889764
20
2.0521653543307088
11
1.119319251968504
21
2.0532953149606299
0
LINE
8
BLACK
6
CONTINUOUS
10
1.119319251968504
20
2.0532953149606299
11
1.1199593307086615
21
2.0542532677165353
0
LINE
8
BLACK
6
CONTINUOUS
10
1.1199593307086615
20
2.0542532677165353
11
1.1209172834645669
21
2.054893346456693
0
LINE
8
BLACK
6
CONTINUOUS
10
1.1209172834645669
20
2.054893346456693
11
1.1220472440944882
21
2.0551181102362204
0
LINE
8
BLACK
6
CONTINUOUS
10
1.1220472440944882
20
2.0551181102362204
11
1.1279527559055118
21
2.0551181102362204
0
LINE
8
BLACK
6
CONTINUOUS
10
1.1279527559055118
20
2.0551181102362204
11
1.1290827165354331
21
2.054893346456693
0
LINE
8
BLACK
6
CONTINUOUS
10
1.1487677559055118
20
2.054893346456693
11
1.1497257086614172
21
2.0542532677165353
0
LINE
8
BLACK
6
CONTINUOUS
10
1.1497257086614172
20
2.0542532677165353
11
1.1503657874015747
21
2.0532953149606299
0
LINE
8
BLACK
6
CONTINUOUS
10
1.1503657874015747
20
2.0532953149606299
11
1.1505905511811023
21
2.0521653543307088
0
LINE
8
BLACK
6
CONTINUOUS
10
1.1505905511811023
20
2.0521653543307088
11
1.1505905511811023
21
1.9970472440944882
0
LINE
8
BLACK
6
CONTINUOUS
10
1.1505905511811023
20
1.9970472440944882
11
1.1503657874015747
21
1.9959172834645669
0
LINE
8
BLACK
6
CONTINUOUS
10
1.1503657874015747
20
1.9959172834645669
11
1.1497257086614172
21
1.9949593307086613
0
LINE
8
BLACK
6
CONTINUOUS
10
1.1497257086614172
20
1.9949593307086613
11
1.1487677559055118
21
1.9943192519685038
0
LINE
8
BLACK
6
CONTINUOUS
10
1.1487677559055118
20
1.9943192519685038
11
1.1476377952755905
21
1.9940944881889764
0
LINE
8
BLACK
6
CONTINUOUS
10
1.1476377952755905
20
1.9940944881889764
11
1.1417322834645669
21
1.9940944881889764
0
LINE
8
BLACK
6
CONTINUOUS
10
1.1417322834645669
20
1.9940944881889764
11
1.1406023228346456
21
1.9943192519685038
0
LINE
8
BLACK
6
CONTINUOUS
10
1.1406023228346456
20
1.9943192519685038
11
1.1396443700787402
21
1.9949593307086613
0
LINE
8
BLACK
6
CONTINUOUS
10
1.1396443700787402
20
1.9949593307086613
11
1.1390042913385827
21
1.9959172834645669
0
LINE
8
BLACK
6
CONTINUOUS
10
1.1390042913385827
20
1.9959172834645669
11
1.1387795275590551
21
1.9970472440944882
0
LINE
8
BLACK
6
CONTINUOUS
10
1.1387795275590551
20
1.9970472440944882
11
1.1387795275590551
21
2.0521653543307088
0
LINE
8
BLACK
6
CONTINUOUS
10
1.1387795275590551
20
2.0521653543307088
11
1.1390042913385827
21
2.0532953149606299
0
LINE
8
BLACK
6
CONTINUOUS
10
1.1390042913385827
20
2.0532953149606299
11
1.1396443700787402
21
2.0542532677165353
0
LINE
8
BLACK
6
CONTINUOUS
10
1.1396443700787402
20
2.0542532677165353
11
1.1406023228346456
21
2.054893346456693
0
LINE
8
BLACK
6
CONTINUOUS
10
1.1406023228346456
20
2.054893346456693
11
1.1417322834645669
21
2.0551181102362204
0
LINE
8
BLACK
6
CONTINUOUS
10
1.1417322834645669
20
2.0551181102362204
11
1.1476377952755905
21
2.0551181102362204
0
LINE
8
BLACK
6
CONTINUOUS
10
1.1476377952755905
20
2.0551181102362204
11
1.1487677559055118
21
2.054893346456693
0
LINE
8
BLACK
6
CONTINUOUS
10
1.1684527952755905
20
2.054893346456693
11
1.1694107480314961
21
2.0542532677165353
0
LINE
8
BLACK
6
CONTINUOUS
10
1.1694107480314961
20
2.0542532677165353
11
1.1700508267716536
21
2.0532953149606299
0
LINE
8
BLACK
6
CONTINUOUS
10
1.1700508267716536
20
2.0532953149606299
11
1.170275590551181
21
2.0521653543307088
0
LINE
8
BLACK
6
CONTINUOUS
10
1.170275590551181
20
2.0521653543307088
11
1.170275590551181
21
1.9970472440944882
0
LINE
8
BLACK
6
CONTINUOUS
10
1.170275590551181
20
1.9970472440944882
11
1.1700508267716536
21
1.9959172834645669
0
LINE
8
BLACK
6
CONTINUOUS
10
1.1700508267716536
20
1.9959172834645669
11
1.1694107480314961
21
1.9949593307086613
0
LINE
8
BLACK
6
CONTINUOUS
10
1.1694107480314961
20
1.9949593307086613
11
1.1684527952755905
21
1.9943192519685038
0
LINE
8
BLACK
6
CONTINUOUS
10
1.1684527952755905
20
1.9943192519685038
11
1.1673228346456692
21
1.9940944881889764
0
LINE
8
BLACK
6
CONTINUOUS
10
1.1673228346456692
20
1.9940944881889764
11
1.1614173228346456
21
1.9940944881889764
0
LINE
8
BLACK
6
CONTINUOUS
10
1.1614173228346456
20
1.9940944881889764
11
1.1602873622047243
21
1.9943192519685038
0
LINE
8
BLACK
6
CONTINUOUS
10
1.1602873622047243
20
1.9943192519685038
11
1.1593294094488189
21
1.9949593307086613
0
LINE
8
BLACK
6
CONTINUOUS
10
1.1593294094488189
20
1.9949593307086613
11
1.1586893307086614
21
1.9959172834645669
0
LINE
8
BLACK
6
CONTINUOUS
10
1.1586893307086614
20
1.9959172834645669
11
1.1584645669291338
21
1.9970472440944882
0
LINE
8
BLACK
6
CONTINUOUS
10
1.1584645669291338
20
1.9970472440944882
11
1.1584645669291338
21
2.0521653543307088
0
LINE
8
BLACK
6
CONTINUOUS
10
1.1584645669291338
20
2.0521653543307088
11
1.1586893307086614
21
2.0532953149606299
0
LINE
8
BLACK
6
CONTINUOUS
10
1.1586893307086614
20
2.0532953149606299
11
1.1593294094488189
21
2.0542532677165353
0
LINE
8
BLACK
6
CONTINUOUS
10
1.1593294094488189
20
2.0542532677165353
11
1.1602873622047243
21
2.054893346456693
0
LINE
8
BLACK
6
CONTINUOUS
10
1.1602873622047243
20
2.054893346456693
11
1.1614173228346456
21
2.0551181102362204
0
LINE
8
BLACK
6
CONTINUOUS
10
1.1614173228346456
20
2.0551181102362204
11
1.1673228346456692
21
2.0551181102362204
0
LINE
8
BLACK
6
CONTINUOUS
10
1.1673228346456692
20
2.0551181102362204
11
1.1684527952755905
21
2.054893346456693
0
LINE
8
BLACK
6
CONTINUOUS
10
1.1881377952755905
20
2.054893346456693
11
1.1890957480314961
21
2.0542532677165353
0
LINE
8
BLACK
6
CONTINUOUS
10
1.1890957480314961
20
2.0542532677165353
11
1.1897358267716536
21
2.0532953149606299
0
LINE
8
BLACK
6
CONTINUOUS
10
1.1897358267716536
20
2.0532953149606299
11
1.189960590551181
21
2.0521653543307088
0
LINE
8
BLACK
6
CONTINUOUS
10
1.189960590551181
20
2.0521653543307088
11
1.189960590551181
21
1.9970472440944882
0
LINE
8
BLACK
6
CONTINUOUS
10
1.189960590551181
20
1.9970472440944882
11
1.1897358267716536
21
1.9959172834645669
0
LINE
8
BLACK
6
CONTINUOUS
10
1.1897358267716536
20
1.9959172834645669
11
1.1890957480314961
21
1.9949593307086613
0
LINE
8
BLACK
6
CONTINUOUS
10
1.1890957480314961
20
1.9949593307086613
11
1.1881377952755905
21
1.9943192519685038
0
LINE
8
BLACK
6
CONTINUOUS
10
1.1881377952755905
20
1.9943192519685038
11
1.1870078346456692
21
1.9940944881889764
0
LINE
8
BLACK
6
CONTINUOUS
10
1.1870078346456692
20
1.9940944881889764
11
1.1811023228346456
21
1.9940944881889764
0
LINE
8
BLACK
6
CONTINUOUS
10
1.1811023228346456
20
1.9940944881889764
11
1.1799723622047245
21
1.9943192519685038
0
LINE
8
BLACK
6
CONTINUOUS
10
1.1799723622047245
20
1.9943192519685038
11
1.1790144094488189
21
1.9949593307086613
0
LINE
8
BLACK
6
CONTINUOUS
10
1.1790144094488189
20
1.9949593307086613
11
1.1783743307086614
21
1.9959172834645669
0
LINE
8
BLACK
6
CONTINUOUS
10
1.1783743307086614
20
1.9959172834645669
11
1.1781495669291338
21
1.9970472440944882
0
LINE
8
BLACK
6
CONTINUOUS
10
1.1781495669291338
20
1.9970472440944882
11
1.1781495669291338
21
2.0521653543307088
0
LINE
8
BLACK
6
CONTINUOUS
10
1.1781495669291338
20
2.0521653543307088
11
1.1783743307086614
21
2.0532953149606299
0
LINE
8
BLACK
6
CONTINUOUS
10
1.1783743307086614
20
2.0532953149606299
11
1.1790144094488189
21
2.0542532677165353
0
LINE
8
BLACK
6
CONTINUOUS
10
1.1790144094488189
20
2.0542532677165353
11
1.1799723622047245
21
2.054893346456693
0
LINE
8
BLACK
6
CONTINUOUS
10
1.1799723622047245
20
2.054893346456693
11
1.1811023228346456
21
2.0551181102362204
0
LINE
8
BLACK
6
CONTINUOUS
10
1.1811023228346456
20
2.0551181102362204
11
1.1870078346456692
21
2.0551181102362204
0
LINE
8
BLACK
6
CONTINUOUS
10
1.1870078346456692
20
2.0551181102362204
11
1.1881377952755905
21
2.054893346456693
0
LINE
8
BLACK
6
CONTINUOUS
10
0.7062075196850394
20
2.0627940944881891
11
0.7094006692913386
21
2.0606605118110237
0
LINE
8
BLACK
6
CONTINUOUS
10
0.7094006692913386
20
2.0606605118110237
11
0.711534251968504
21
2.0574673622047244
0
LINE
8
BLACK
6
CONTINUOUS
10
0.711534251968504
20
2.0574673622047244
11
0.7122834645669291
21
2.0537007874015747
0
LINE
8
BLACK
6
CONTINUOUS
10
0.7122834645669291
20
2.0537007874015747
11
0.7122834645669291
21
2.0162992125984252
0
LINE
8
BLACK
6
CONTINUOUS
10
0.7122834645669291
20
2.0162992125984252
11
0.711534251968504
21
2.0125326377952755
0
LINE
8
BLACK
6
CONTINUOUS
10
0.711534251968504
20
2.0125326377952755
11
0.7094006692913386
21
2.0093394881889761
0
LINE
8
BLACK
6
CONTINUOUS
10
0.7094006692913386
20
2.0093394881889761
11
0.7062075196850394
21
2.0072059055118108
0
LINE
8
BLACK
6
CONTINUOUS
10
0.7062075196850394
20
2.0072059055118108
11
0.7024409448818898
21
2.0064566929133858
0
LINE
8
BLACK
6
CONTINUOUS
10
0.7024409448818898
20
2.0064566929133858
11
0.6758661417322834
21
2.0064566929133858
0
LINE
8
BLACK
6
CONTINUOUS
10
0.6758661417322834
20
2.0064566929133858
11
0.6720995669291339
21
2.0072059055118108
0
LINE
8
BLACK
6
CONTINUOUS
10
0.6720995669291339
20
2.0072059055118108
11
0.6689064173228346
21
2.0093394881889761
0
LINE
8
BLACK
6
CONTINUOUS
10
0.6689064173228346
20
2.0093394881889761
11
0.6667728346456693
21
2.0125326377952755
0
LINE
8
BLACK
6
CONTINUOUS
10
0.6667728346456693
20
2.0125326377952755
11
0.6660236220472441
21
2.0162992125984252
0
LINE
8
BLACK
6
CONTINUOUS
10
0.6660236220472441
20
2.0162992125984252
11
0.6660236220472441
21
2.0537007874015747
0
LINE
8
BLACK
6
CONTINUOUS
10
0.6660236220472441
20
2.0537007874015747
11
0.6667728346456693
21
2.0574673622047244
0
LINE
8
BLACK
6
CONTINUOUS
10
0.6667728346456693
20
2.0574673622047244
11
0.6689064173228346
21
2.0606605118110237
0
LINE
8
BLACK
6
CONTINUOUS
10
0.6689064173228346
20
2.0606605118110237
11
0.6720995669291339
21
2.0627940944881891
0
LINE
8
BLACK
6
CONTINUOUS
10
0.6720995669291339
20
2.0627940944881891
11
0.6758661417322834
21
2.063543307086614
0
LINE
8
BLACK
6
CONTINUOUS
10
0.6758661417322834
20
2.063543307086614
11
0.7024409448818898
21
2.063543307086614
0
LINE
8
BLACK
6
CONTINUOUS
10
0.7024409448818898
20
2.063543307086614
11
0.7062075196850394
21
2.0627940944881891
0
LINE
8
BLACK
6
CONTINUOUS
10
0.7879004330708661
20
2.0627940944881891
11
0.7910935826771653
21
2.0606605118110237
0
LINE
8
BLACK
6
CONTINUOUS
10
0.7910935826771653
20
2.0606605118110237
11
0.7932271653543307
21
2.0574673622047244
0
LINE
8
BLACK
6
CONTINUOUS
10
0.7932271653543307
20
2.0574673622047244
11
0.7939763779527559
21
2.0537007874015747
0
LINE
8
BLACK
6
CONTINUOUS
10
0.7939763779527559
20
2.0537007874015747
11
0.7939763779527559
21
2.0162992125984252
0
LINE
8
BLACK
6
CONTINUOUS
10
0.7939763779527559
20
2.0162992125984252
11
0.7932271653543307
21
2.0125326377952755
0
LINE
8
BLACK
6
CONTINUOUS
10
0.7932271653543307
20
2.0125326377952755
11
0.7910935826771653
21
2.0093394881889761
0
LINE
8
BLACK
6
CONTINUOUS
10
0.7910935826771653
20
2.0093394881889761
11
0.7879004330708661
21
2.0072059055118108
0
LINE
8
BLACK
6
CONTINUOUS
10
0.7879004330708661
20
2.0072059055118108
11
0.7841338582677165
21
2.0064566929133858
0
LINE
8
BLACK
6
CONTINUOUS
10
0.7841338582677165
20
2.0064566929133858
11
0.7575590551181102
21
2.0064566929133858
0
LINE
8
BLACK
6
CONTINUOUS
10
0.7575590551181102
20
2.0064566929133858
11
0.7537924803149606
21
2.0072059055118108
0
LINE
8
BLACK
6
CONTINUOUS
10
0.7537924803149606
20
2.0072059055118108
11
0.7505993307086614
21
2.0093394881889761
0
LINE
8
BLACK
6
CONTINUOUS
10
0.7505993307086614
20
2.0093394881889761
11
0.748465748031496
21
2.0125326377952755
0
LINE
8
BLACK
6
CONTINUOUS
10
0.748465748031496
20
2.0125326377952755
11
0.7477165354330708
21
2.0162992125984252
0
LINE
8
BLACK
6
CONTINUOUS
10
0.7477165354330708
20
2.0162992125984252
11
0.7477165354330708
21
2.0537007874015747
0
LINE
8
BLACK
6
CONTINUOUS
10
0.7477165354330708
20
2.0537007874015747
11
0.748465748031496
21
2.0574673622047244
0
LINE
8
BLACK
6
CONTINUOUS
10
0.748465748031496
20
2.0574673622047244
11
0.7505993307086614
21
2.0606605118110237
0
LINE
8
BLACK
6
CONTINUOUS
10
0.7505993307086614
20
2.0606605118110237
11
0.7537924803149606
21
2.0627940944881891
0
LINE
8
BLACK
6
CONTINUOUS
10
0.7537924803149606
20
2.0627940944881891
11
0.7575590551181102
21
2.063543307086614
0
LINE
8
BLACK
6
CONTINUOUS
10
0.7575590551181102
20
2.063543307086614
11
0.7841338582677165
21
2.063543307086614
0
LINE
8
BLACK
6
CONTINUOUS
10
0.7841338582677165
20
2.063543307086614
11
0.7879004330708661
21
2.0627940944881891
0
LINE
8
BLACK
6
CONTINUOUS
10
0.1603411023622047
20
2.0818266929133857
11
0.1667322834645669
21
2.0789811811023622
0
LINE
8
BLACK
6
CONTINUOUS
10
0.1667322834645669
20
2.0789811811023622
11
0.1723921653543307
21
2.0748690157480314
0
LINE
8
BLACK
6
CONTINUOUS
10
0.1723921653543307
20
2.0748690157480314
11
0.1770733858267717
21
2.0696699606299211
0
LINE
8
BLACK
6
CONTINUOUS
10
0.1770733858267717
20
2.0696699606299211
11
0.1805714173228346
21
2.0636112598425198
0
LINE
8
BLACK
6
CONTINUOUS
10
0.1805714173228346
20
2.0636112598425198
11
0.1827332677165354
21
2.0569576771653542
0
LINE
8
BLACK
6
CONTINUOUS
10
0.1827332677165354
20
2.0569576771653542
11
0.1834645669291338
21
2.0499999999999998
0
LINE
8
BLACK
6
CONTINUOUS
10
0.1834645669291338
20
2.0499999999999998
11
0.1827332677165354
21
2.0430423228346455
0
LINE
8
BLACK
6
CONTINUOUS
10
0.1827332677165354
20
2.0430423228346455
11
0.1805714173228346
21
2.0363887401574803
0
LINE
8
BLACK
6
CONTINUOUS
10
0.1805714173228346
20
2.0363887401574803
11
0.1770733858267717
21
2.0303300393700785
0
LINE
8
BLACK
6
CONTINUOUS
10
0.1770733858267717
20
2.0303300393700785
11
0.1723921653543307
21
2.0251309842519682
0
LINE
8
BLACK
6
CONTINUOUS
10
0.1723921653543307
20
2.0251309842519682
11
0.1667322834645669
21
2.0210188188976379
0
LINE
8
BLACK
6
CONTINUOUS
10
0.1667322834645669
20
2.0210188188976379
11
0.1603411023622047
21
2.0181733070866139
0
LINE
8
BLACK
6
CONTINUOUS
10
0.1603411023622047
20
2.0181733070866139
11
0.1534979921259843
21
2.0167187401574802
0
LINE
8
BLACK
6
CONTINUOUS
10
0.1534979921259843
20
2.0167187401574802
11
0.1465020078740157
21
2.0167187401574802
0
LINE
8
BLACK
6
CONTINUOUS
10
0.1465020078740157
20
2.0167187401574802
11
0.1396588976377953
21
2.0181733070866139
0
LINE
8
BLACK
6
CONTINUOUS
10
0.1396588976377953
20
2.0181733070866139
11
0.1332677165354331
21
2.0210188188976379
0
LINE
8
BLACK
6
CONTINUOUS
10
0.1332677165354331
20
2.0210188188976379
11
0.1276078346456693
21
2.0251309842519682
0
LINE
8
BLACK
6
CONTINUOUS
10
0.1276078346456693
20
2.0251309842519682
11
0.1229266141732283
21
2.0303300393700785
0
LINE
8
BLACK
6
CONTINUOUS
10
0.1229266141732283
20
2.0303300393700785
11
0.1194285826771654
21
2.0363887401574803
0
LINE
8
BLACK
6
CONTINUOUS
10
0.1194285826771654
20
2.0363887401574803
11
0.1172667322834646
21
2.0430423228346455
0
LINE
8
BLACK
6
CONTINUOUS
10
0.1172667322834646
20
2.0430423228346455
11
0.1165354330708661
21
2.0499999999999998
0
LINE
8
BLACK
6
CONTINUOUS
10
0.1165354330708661
20
2.0499999999999998
11
0.1172667322834646
21
2.0569576771653542
0
LINE
8
BLACK
6
CONTINUOUS
10
0.1172667322834646
20
2.0569576771653542
11
0.1194285826771654
21
2.0636112598425198
0
LINE
8
BLACK
6
CONTINUOUS
10
0.1194285826771654
20
2.0636112598425198
11
0.1229266141732283
21
2.0696699606299211
0
LINE
8
BLACK
6
CONTINUOUS
10
0.1229266141732283
20
2.0696699606299211
11
0.1276078346456693
21
2.0748690157480314
0
LINE
8
BLACK
6
CONTINUOUS
10
0.1276078346456693
20
2.0748690157480314
11
0.1332677165354331
21
2.0789811811023622
0
LINE
8
BLACK
6
CONTINUOUS
10
0.1332677165354331
20
2.0789811811023622
11
0.1396588976377953
21
2.0818266929133857
0
LINE
8
BLACK
6
CONTINUOUS
10
0.1396588976377953
20
2.0818266929133857
11
0.1465020078740157
21
2.0832812598425194
0
LINE
8
BLACK
6
CONTINUOUS
10
0.1465020078740157
20
2.0832812598425194
11
0.1534979921259843
21
2.0832812598425194
0
LINE
8
BLACK
6
CONTINUOUS
10
0.1534979921259843
20
2.0832812598425194
11
0.1603411023622047
21
2.0818266929133857
0
LINE
8
BLACK
6
CONTINUOUS
10
0.2603411023622047
20
2.0818266929133857
11
0.2667322834645669
21
2.0789811811023622
0
LINE
8
BLACK
6
CONTINUOUS
10
0.2667322834645669
20
2.0789811811023622
11
0.2723921653543307
21
2.0748690157480314
0
LINE
8
BLACK
6
CONTINUOUS
10
0.2723921653543307
20
2.0748690157480314
11
0.2770733858267717
21
2.0696699606299211
0
LINE
8
BLACK
6
CONTINUOUS
10
0.2770733858267717
20
2.0696699606299211
11
0.2805714173228346
21
2.0636112598425198
0
LINE
8
BLACK
6
CONTINUOUS
10
0.2805714173228346
20
2.0636112598425198
11
0.2827332677165355
21
2.0569576771653542
0
LINE
8
BLACK
6
CONTINUOUS
10
0.2827332677165355
20
2.0569576771653542
11
0.2834645669291339
21
2.0499999999999998
0
LINE
8
BLACK
6
CONTINUOUS
10
0.2834645669291339
20
2.0499999999999998
11
0.2827332677165355
21
2.0430423228346455
0
LINE
8
BLACK
6
CONTINUOUS
10
0.2827332677165355
20
2.0430423228346455
11
0.2805714173228346
21
2.0363887401574803
0
LINE
8
BLACK
6
CONTINUOUS
10
0.2805714173228346
20
2.0363887401574803
11
0.2770733858267717
21
2.0303300393700785
0
LINE
8
BLACK
6
CONTINUOUS
10
0.2770733858267717
20
2.0303300393700785
11
0.2723921653543307
21
2.0251309842519682
0
LINE
8
BLACK
6
CONTINUOUS
10
0.2723921653543307
20
2.0251309842519682
11
0.2667322834645669
21
2.0210188188976379
0
LINE
8
BLACK
6
CONTINUOUS
10
0.2667322834645669
20
2.0210188188976379
11
0.2603411023622047
21
2.0181733070866139
0
LINE
8
BLACK
6
CONTINUOUS
10
0.2603411023622047
20
2.0181733070866139
11
0.2534979921259842
21
2.0167187401574802
0
LINE
8
BLACK
6
CONTINUOUS
10
0.2534979921259842
20
2.0167187401574802
11
0.2465020078740157
21
2.0167187401574802
0
LINE
8
BLACK
6
CONTINUOUS
10
0.2465020078740157
20
2.0167187401574802
11
0.2396588976377953
21
2.0181733070866139
0
LINE
8
BLACK
6
CONTINUOUS
10
0.2396588976377953
20
2.0181733070866139
11
0.2332677165354331
21
2.0210188188976379
0
LINE
8
BLACK
6
CONTINUOUS
10
0.2332677165354331
20
2.0210188188976379
11
0.2276078346456693
21
2.0251309842519682
0
LINE
8
BLACK
6
CONTINUOUS
10
0.2276078346456693
20
2.0251309842519682
11
0.2229266141732283
21
2.0303300393700785
0
LINE
8
BLACK
6
CONTINUOUS
10
0.2229266141732283
20
2.0303300393700785
11
0.2194285826771654
21
2.0363887401574803
0
LINE
8
BLACK
6
CONTINUOUS
10
0.2194285826771654
20
2.0363887401574803
11
0.2172667322834646
21
2.0430423228346455
0
LINE
8
BLACK
6
CONTINUOUS
10
0.2172667322834646
20
2.0430423228346455
11
0.2165354330708661
21
2.0499999999999998
0
LINE
8
BLACK
6
CONTINUOUS
10
0.2165354330708661
20
2.0499999999999998
11
0.2172667322834646
21
2.0569576771653542
0
LINE
8
BLACK
6
CONTINUOUS
10
0.2172667322834646
20
2.0569576771653542
11
0.2194285826771654
21
2.0636112598425198
0
LINE
8
BLACK
6
CONTINUOUS
10
0.2194285826771654
20
2.0636112598425198
11
0.2229266141732283
21
2.0696699606299211
0
LINE
8
BLACK
6
CONTINUOUS
10
0.2229266141732283
20
2.0696699606299211
11
0.2276078346456693
21
2.0748690157480314
0
LINE
8
BLACK
6
CONTINUOUS
10
0.2276078346456693
20
2.0748690157480314
11
0.2332677165354331
21
2.0789811811023622
0
LINE
8
BLACK
6
CONTINUOUS
10
0.2332677165354331
20
2.0789811811023622
11
0.2396588976377953
21
2.0818266929133857
0
LINE
8
BLACK
6
CONTINUOUS
10
0.2396588976377953
20
2.0818266929133857
11
0.2465020078740157
21
2.0832812598425194
0
LINE
8
BLACK
6
CONTINUOUS
10
0.2465020078740157
20
2.0832812598425194
11
0.2534979921259842
21
2.0832812598425194
0
LINE
8
BLACK
6
CONTINUOUS
10
0.2534979921259842
20
2.0832812598425194
11
0.2603411023622047
21
2.0818266929133857
0
LINE
8
BLACK
6
CONTINUOUS
10
1.760144251968504
20
2.0818266929133857
11
1.766535433070866
21
2.0789811811023622
0
LINE
8
BLACK
6
CONTINUOUS
10
1.766535433070866
20
2.0789811811023622
11
1.77219531496063
21
2.0748690157480314
0
LINE
8
BLACK
6
CONTINUOUS
10
1.77219531496063
20
2.0748690157480314
11
1.7768765354330709
21
2.0696699606299211
0
LINE
8
BLACK
6
CONTINUOUS
10
1.7768765354330709
20
2.0696699606299211
11
1.7803745669291338
21
2.0636112598425198
0
LINE
8
BLACK
6
CONTINUOUS
10
1.7803745669291338
20
2.0636112598425198
11
1.7825364173228346
21
2.0569576771653542
0
LINE
8
BLACK
6
CONTINUOUS
10
1.7825364173228346
20
2.0569576771653542
11
1.7832677165354329
21
2.0499999999999998
0
LINE
8
BLACK
6
CONTINUOUS
10
1.7832677165354329
20
2.0499999999999998
11
1.7825364173228346
21
2.0430423228346455
0
LINE
8
BLACK
6
CONTINUOUS
10
1.7825364173228346
20
2.0430423228346455
11
1.7803745669291338
21
2.0363887401574803
0
LINE
8
BLACK
6
CONTINUOUS
10
1.7803745669291338
20
2.0363887401574803
11
1.7768765354330709
21
2.0303300393700785
0
LINE
8
BLACK
6
CONTINUOUS
10
1.7768765354330709
20
2.0303300393700785
11
1.77219531496063
21
2.0251309842519682
0
LINE
8
BLACK
6
CONTINUOUS
10
1.77219531496063
20
2.0251309842519682
11
1.766535433070866
21
2.0210188188976379
0
LINE
8
BLACK
6
CONTINUOUS
10
1.766535433070866
20
2.0210188188976379
11
1.760144251968504
21
2.0181733070866139
0
LINE
8
BLACK
6
CONTINUOUS
10
1.760144251968504
20
2.0181733070866139
11
1.7533011417322835
21
2.0167187401574802
0
LINE
8
BLACK
6
CONTINUOUS
10
1.7533011417322835
20
2.0167187401574802
11
1.746305157480315
21
2.0167187401574802
0
LINE
8
BLACK
6
CONTINUOUS
10
1.746305157480315
20
2.0167187401574802
11
1.7394620472440945
21
2.0181733070866139
0
LINE
8
BLACK
6
CONTINUOUS
10
1.7394620472440945
20
2.0181733070866139
11
1.7330708661417322
21
2.0210188188976379
0
LINE
8
BLACK
6
CONTINUOUS
10
1.7330708661417322
20
2.0210188188976379
11
1.7274109842519685
21
2.0251309842519682
0
LINE
8
BLACK
6
CONTINUOUS
10
1.7274109842519685
20
2.0251309842519682
11
1.7227297637795276
21
2.0303300393700785
0
LINE
8
BLACK
6
CONTINUOUS
10
1.7227297637795276
20
2.0303300393700785
11
1.7192317322834645
21
2.0363887401574803
0
LINE
8
BLACK
6
CONTINUOUS
10
1.7192317322834645
20
2.0363887401574803
11
1.7170698818897638
21
2.0430423228346455
0
LINE
8
BLACK
6
CONTINUOUS
10
1.7170698818897638
20
2.0430423228346455
11
1.7163385826771653
21
2.0499999999999998
0
LINE
8
BLACK
6
CONTINUOUS
10
1.7163385826771653
20
2.0499999999999998
11
1.7170698818897638
21
2.0569576771653542
0
LINE
8
BLACK
6
CONTINUOUS
10
1.7170698818897638
20
2.0569576771653542
11
1.7192317322834645
21
2.0636112598425198
0
LINE
8
BLACK
6
CONTINUOUS
10
1.7192317322834645
20
2.0636112598425198
11
1.7227297637795276
21
2.0696699606299211
0
LINE
8
BLACK
6
CONTINUOUS
10
1.7227297637795276
20
2.0696699606299211
11
1.7274109842519685
21
2.0748690157480314
0
LINE
8
BLACK
6
CONTINUOUS
10
1.7274109842519685
20
2.0748690157480314
11
1.7330708661417322
21
2.0789811811023622
0
LINE
8
BLACK
6
CONTINUOUS
10
1.7330708661417322
20
2.0789811811023622
11
1.7394620472440945
21
2.0818266929133857
0
LINE
8
BLACK
6
CONTINUOUS
10
1.7394620472440945
20
2.0818266929133857
11
1.746305157480315
21
2.0832812598425194
0
LINE
8
BLACK
6
CONTINUOUS
10
1.746305157480315
20
2.0832812598425194
11
1.7533011417322835
21
2.0832812598425194
0
LINE
8
BLACK
6
CONTINUOUS
10
1.7533011417322835
20
2.0832812598425194
11
1.760144251968504
21
2.0818266929133857
0
LINE
8
BLACK
6
CONTINUOUS
10
1.8601442519685039
20
2.0818266929133857
11
1.8665354330708661
21
2.0789811811023622
0
LINE
8
BLACK
6
CONTINUOUS
10
1.8665354330708661
20
2.0789811811023622
11
1.8721953149606299
21
2.0748690157480314
0
LINE
8
BLACK
6
CONTINUOUS
10
1.8721953149606299
20
2.0748690157480314
11
1.8768765354330708
21
2.0696699606299211
0
LINE
8
BLACK
6
CONTINUOUS
10
1.8768765354330708
20
2.0696699606299211
11
1.8803745669291339
21
2.0636112598425198
0
LINE
8
BLACK
6
CONTINUOUS
10
1.8803745669291339
20
2.0636112598425198
11
1.8825364173228345
21
2.0569576771653542
0
LINE
8
BLACK
6
CONTINUOUS
10
1.8825364173228345
20
2.0569576771653542
11
1.883267716535433
21
2.0499999999999998
0
LINE
8
BLACK
6
CONTINUOUS
10
1.883267716535433
20
2.0499999999999998
11
1.8825364173228345
21
2.0430423228346455
0
LINE
8
BLACK
6
CONTINUOUS
10
1.8825364173228345
20
2.0430423228346455
11
1.8803745669291339
21
2.0363887401574803
0
LINE
8
BLACK
6
CONTINUOUS
10
1.8803745669291339
20
2.0363887401574803
11
1.8768765354330708
21
2.0303300393700785
0
LINE
8
BLACK
6
CONTINUOUS
10
1.8768765354330708
20
2.0303300393700785
11
1.8721953149606299
21
2.0251309842519682
0
LINE
8
BLACK
6
CONTINUOUS
10
1.8721953149606299
20
2.0251309842519682
11
1.8665354330708661
21
2.0210188188976379
0
LINE
8
BLACK
6
CONTINUOUS
10
1.8665354330708661
20
2.0210188188976379
11
1.8601442519685039
21
2.0181733070866139
0
LINE
8
BLACK
6
CONTINUOUS
10
1.8601442519685039
20
2.0181733070866139
11
1.8533011417322833
21
2.0167187401574802
0
LINE
8
BLACK
6
CONTINUOUS
10
1.8533011417322833
20
2.0167187401574802
11
1.8463051574803149
21
2.0167187401574802
0
LINE
8
BLACK
6
CONTINUOUS
10
1.8463051574803149
20
2.0167187401574802
11
1.8394620472440943
21
2.0181733070866139
0
LINE
8
BLACK
6
CONTINUOUS
10
1.8394620472440943
20
2.0181733070866139
11
1.8330708661417323
21
2.0210188188976379
0
LINE
8
BLACK
6
CONTINUOUS
10
1.8330708661417323
20
2.0210188188976379
11
1.8274109842519686
21
2.0251309842519682
0
LINE
8
BLACK
6
CONTINUOUS
10
1.8274109842519686
20
2.0251309842519682
11
1.8227297637795274
21
2.0303300393700785
0
LINE
8
BLACK
6
CONTINUOUS
10
1.8227297637795274
20
2.0303300393700785
11
1.8192317322834646
21
2.0363887401574803
0
LINE
8
BLACK
6
CONTINUOUS
10
1.8192317322834646
20
2.0363887401574803
11
1.8170698818897637
21
2.0430423228346455
0
LINE
8
BLACK
6
CONTINUOUS
10
1.8170698818897637
20
2.0430423228346455
11
1.8163385826771654
21
2.0499999999999998
0
LINE
8
BLACK
6
CONTINUOUS
10
1.8163385826771654
20
2.0499999999999998
11
1.8170698818897637
21
2.0569576771653542
0
LINE
8
BLACK
6
CONTINUOUS
10
1.8170698818897637
20
2.0569576771653542
11
1.8192317322834646
21
2.0636112598425198
0
LINE
8
BLACK
6
CONTINUOUS
10
1.8192317322834646
20
2.0636112598425198
11
1.8227297637795274
21
2.0696699606299211
0
LINE
8
BLACK
6
CONTINUOUS
10
1.8227297637795274
20
2.0696699606299211
11
1.8274109842519686
21
2.0748690157480314
0
LINE
8
BLACK
6
CONTINUOUS
10
1.8274109842519686
20
2.0748690157480314
11
1.8330708661417323
21
2.0789811811023622
0
LINE
8
BLACK
6
CONTINUOUS
10
1.8330708661417323
20
2.0789811811023622
11
1.8394620472440943
21
2.0818266929133857
0
LINE
8
BLACK
6
CONTINUOUS
10
1.8394620472440943
20
2.0818266929133857
11
1.8463051574803149
21
2.0832812598425194
0
LINE
8
BLACK
6
CONTINUOUS
10
1.8463051574803149
20
2.0832812598425194
11
1.8533011417322833
21
2.0832812598425194
0
LINE
8
BLACK
6
CONTINUOUS
10
1.8533011417322833
20
2.0832812598425194
11
1.8601442519685039
21
2.0818266929133857
0
LINE
8
BLACK
6
CONTINUOUS
10
1.2974673622047244
20
2.0973807086614173
11
1.3006605118110235
21
2.095247125984252
0
LINE
8
BLACK
6
CONTINUOUS
10
1.3006605118110235
20
2.095247125984252
11
1.3027940944881888
21
2.0920539763779527
0
LINE
8
BLACK
6
CONTINUOUS
10
1.3027940944881888
20
2.0920539763779527
11
1.303543307086614
21
2.088287401574803
0
LINE
8
BLACK
6
CONTINUOUS
10
1.303543307086614
20
2.088287401574803
11
1.303543307086614
21
2.0617125984251969
0
LINE
8
BLACK
6
CONTINUOUS
10
1.303543307086614
20
2.0617125984251969
11
1.3027940944881888
21
2.0579460236220473
0
LINE
8
BLACK
6
CONTINUOUS
10
1.3027940944881888
20
2.0579460236220473
11
1.3006605118110235
21
2.0547528740157479
0
LINE
8
BLACK
6
CONTINUOUS
10
1.3006605118110235
20
2.0547528740157479
11
1.2974673622047244
21
2.0526192913385826
0
LINE
8
BLACK
6
CONTINUOUS
10
1.2974673622047244
20
2.0526192913385826
11
1.2937007874015747
21
2.0518700787401576
0
LINE
8
BLACK
6
CONTINUOUS
10
1.2937007874015747
20
2.0518700787401576
11
1.2562992125984251
21
2.0518700787401576
0
LINE
8
BLACK
6
CONTINUOUS
10
1.2562992125984251
20
2.0518700787401576
11
1.2525326377952755
21
2.0526192913385826
0
LINE
8
BLACK
6
CONTINUOUS
10
1.2525326377952755
20
2.0526192913385826
11
1.2493394881889763
21
2.0547528740157479
0
LINE
8
BLACK
6
CONTINUOUS
10
1.2493394881889763
20
2.0547528740157479
11
1.247205905511811
21
2.0579460236220473
0
LINE
8
BLACK
6
CONTINUOUS
10
1.247205905511811
20
2.0579460236220473
11
1.2464566929133858
21
2.0617125984251969
0
LINE
8
BLACK
6
CONTINUOUS
10
1.2464566929133858
20
2.0617125984251969
11
1.2464566929133858
21
2.088287401574803
0
LINE
8
BLACK
6
CONTINUOUS
10
1.2464566929133858
20
2.088287401574803
11
1.247205905511811
21
2.0920539763779527
0
LINE
8
BLACK
6
CONTINUOUS
10
1.247205905511811
20
2.0920539763779527
11
1.2493394881889763
21
2.095247125984252
0
LINE
8
BLACK
6
CONTINUOUS
10
1.2493394881889763
20
2.095247125984252
11
1.2525326377952755
21
2.0973807086614173
0
LINE
8
BLACK
6
CONTINUOUS
10
1.2525326377952755
20
2.0973807086614173
11
1.2562992125984251
21
2.0981299212598423
0
LINE
8
BLACK
6
CONTINUOUS
10
1.2562992125984251
20
2.0981299212598423
11
1.2937007874015747
21
2.0981299212598423
0
LINE
8
BLACK
6
CONTINUOUS
10
1.2937007874015747
20
2.0981299212598423
11
1.2974673622047244
21
2.0973807086614173
0
LINE
8
BLACK
6
CONTINUOUS
10
1.4095275590551182
20
2.1096850393700786
11
1.4095275590551182
21
2.0703149606299212
0
LINE
8
BLACK
6
CONTINUOUS
10
1.4095275590551182
20
2.0703149606299212
11
1.3504724409448818
21
2.0703149606299212
0
LINE
8
BLACK
6
CONTINUOUS
10
1.3504724409448818
20
2.0703149606299212
11
1.3504724409448818
21
2.1096850393700786
0
LINE
8
BLACK
6
CONTINUOUS
10
1.3504724409448818
20
2.1096850393700786
11
1.3799999999999999
21
2.1293700787401573
0
LINE
8
BLACK
6
CONTINUOUS
10
1.3799999999999999
20
2.1293700787401573
11
1.4095275590551182
21
2.1096850393700786
0
LINE
8
BLACK
6
CONTINUOUS
10
0.4885506692913386
20
2.1319477559055118
11
0.4467924015748032
21
2.0901894881889764
0
LINE
8
BLACK
6
CONTINUOUS
10
0.4467924015748032
20
2.0901894881889764
11
0.4147777559055118
21
2.1222041338582676
0
LINE
8
BLACK
6
CONTINUOUS
10
0.4147777559055118
20
2.1222041338582676
11
0.4495762992125984
21
2.1291638582677166
0
LINE
8
BLACK
6
CONTINUOUS
10
0.4495762992125984
20
2.1291638582677166
11
0.4565360236220473
21
2.1639624015748029
0
LINE
8
BLACK
6
CONTINUOUS
10
0.4565360236220473
20
2.1639624015748029
11
0.4885506692913386
21
2.1319477559055118
0
LINE
8
BLACK
6
CONTINUOUS
10
0.1603411023622047
20
2.1818266929133858
11
0.1667322834645669
21
2.1789811811023623
0
LINE
8
BLACK
6
CONTINUOUS
10
0.1667322834645669
20
2.1789811811023623
11
0.1723921653543307
21
2.1748690157480315
0
LINE
8
BLACK
6
CONTINUOUS
10
0.1723921653543307
20
2.1748690157480315
11
0.1770733858267717
21
2.1696699606299212
0
LINE
8
BLACK
6
CONTINUOUS
10
0.1770733858267717
20
2.1696699606299212
11
0.1805714173228346
21
2.1636112598425195
0
LINE
8
BLACK
6
CONTINUOUS
10
0.1805714173228346
20
2.1636112598425195
11
0.1827332677165354
21
2.1569576771653542
0
LINE
8
BLACK
6
CONTINUOUS
10
0.1827332677165354
20
2.1569576771653542
11
0.1834645669291338
21
2.1499999999999999
0
LINE
8
BLACK
6
CONTINUOUS
10
0.1834645669291338
20
2.1499999999999999
11
0.1827332677165354
21
2.1430423228346456
0
LINE
8
BLACK
6
CONTINUOUS
10
0.1827332677165354
20
2.1430423228346456
11
0.1805714173228346
21
2.1363887401574804
0
LINE
8
BLACK
6
CONTINUOUS
10
0.1805714173228346
20
2.1363887401574804
11
0.1770733858267717
21
2.1303300393700786
0
LINE
8
BLACK
6
CONTINUOUS
10
0.1770733858267717
20
2.1303300393700786
11
0.1723921653543307
21
2.1251309842519683
0
LINE
8
BLACK
6
CONTINUOUS
10
0.1723921653543307
20
2.1251309842519683
11
0.1667322834645669
21
2.1210188188976375
0
LINE
8
BLACK
6
CONTINUOUS
10
0.1667322834645669
20
2.1210188188976375
11
0.1603411023622047
21
2.118173307086614
0
LINE
8
BLACK
6
CONTINUOUS
10
0.1603411023622047
20
2.118173307086614
11
0.1534979921259843
21
2.1167187401574803
0
LINE
8
BLACK
6
CONTINUOUS
10
0.1534979921259843
20
2.1167187401574803
11
0.1465020078740157
21
2.1167187401574803
0
LINE
8
BLACK
6
CONTINUOUS
10
0.1465020078740157
20
2.1167187401574803
11
0.1396588976377953
21
2.118173307086614
0
LINE
8
BLACK
6
CONTINUOUS
10
0.1396588976377953
20
2.118173307086614
11
0.1332677165354331
21
2.1210188188976375
0
LINE
8
BLACK
6
CONTINUOUS
10
0.1332677165354331
20
2.1210188188976375
11
0.1276078346456693
21
2.1251309842519683
0
LINE
8
BLACK
6
CONTINUOUS
10
0.1276078346456693
20
2.1251309842519683
11
0.1229266141732283
21
2.1303300393700786
0
LINE
8
BLACK
6
CONTINUOUS
10
0.1229266141732283
20
2.1303300393700786
11
0.1194285826771654
21
2.1363887401574804
0
LINE
8
BLACK
6
CONTINUOUS
10
0.1194285826771654
20
2.1363887401574804
11
0.1172667322834646
21
2.1430423228346456
0
LINE
8
BLACK
6
CONTINUOUS
10
0.1172667322834646
20
2.1430423228346456
11
0.1165354330708661
21
2.1499999999999999
0
LINE
8
BLACK
6
CONTINUOUS
10
0.1165354330708661
20
2.1499999999999999
11
0.1172667322834646
21
2.1569576771653542
0
LINE
8
BLACK
6
CONTINUOUS
10
0.1172667322834646
20
2.1569576771653542
11
0.1194285826771654
21
2.1636112598425195
0
LINE
8
BLACK
6
CONTINUOUS
10
0.1194285826771654
20
2.1636112598425195
11
0.1229266141732283
21
2.1696699606299212
0
LINE
8
BLACK
6
CONTINUOUS
10
0.1229266141732283
20
2.1696699606299212
11
0.1276078346456693
21
2.1748690157480315
0
LINE
8
BLACK
6
CONTINUOUS
10
0.1276078346456693
20
2.1748690157480315
11
0.1332677165354331
21
2.1789811811023623
0
LINE
8
BLACK
6
CONTINUOUS
10
0.1332677165354331
20
2.1789811811023623
11
0.1396588976377953
21
2.1818266929133858
0
LINE
8
BLACK
6
CONTINUOUS
10
0.1396588976377953
20
2.1818266929133858
11
0.1465020078740157
21
2.1832812598425195
0
LINE
8
BLACK
6
CONTINUOUS
10
0.1465020078740157
20
2.1832812598425195
11
0.1534979921259843
21
2.1832812598425195
0
LINE
8
BLACK
6
CONTINUOUS
10
0.1534979921259843
20
2.1832812598425195
11
0.1603411023622047
21
2.1818266929133858
0
LINE
8
BLACK
6
CONTINUOUS
10
0.2603411023622047
20
2.1818266929133858
11
0.2667322834645669
21
2.1789811811023623
0
LINE
8
BLACK
6
CONTINUOUS
10
0.2667322834645669
20
2.1789811811023623
11
0.2723921653543307
21
2.1748690157480315
0
LINE
8
BLACK
6
CONTINUOUS
10
0.2723921653543307
20
2.1748690157480315
11
0.2770733858267717
21
2.1696699606299212
0
LINE
8
BLACK
6
CONTINUOUS
10
0.2770733858267717
20
2.1696699606299212
11
0.2805714173228346
21
2.1636112598425195
0
LINE
8
BLACK
6
CONTINUOUS
10
0.2805714173228346
20
2.1636112598425195
11
0.2827332677165355
21
2.1569576771653542
0
LINE
8
BLACK
6
CONTINUOUS
10
0.2827332677165355
20
2.1569576771653542
11
0.2834645669291339
21
2.1499999999999999
0
LINE
8
BLACK
6
CONTINUOUS
10
0.2834645669291339
20
2.1499999999999999
11
0.2827332677165355
21
2.1430423228346456
0
LINE
8
BLACK
6
CONTINUOUS
10
0.2827332677165355
20
2.1430423228346456
11
0.2805714173228346
21
2.1363887401574804
0
LINE
8
BLACK
6
CONTINUOUS
10
0.2805714173228346
20
2.1363887401574804
11
0.2770733858267717
21
2.1303300393700786
0
LINE
8
BLACK
6
CONTINUOUS
10
0.2770733858267717
20
2.1303300393700786
11
0.2723921653543307
21
2.1251309842519683
0
LINE
8
BLACK
6
CONTINUOUS
10
0.2723921653543307
20
2.1251309842519683
11
0.2667322834645669
21
2.1210188188976375
0
LINE
8
BLACK
6
CONTINUOUS
10
0.2667322834645669
20
2.1210188188976375
11
0.2603411023622047
21
2.118173307086614
0
LINE
8
BLACK
6
CONTINUOUS
10
0.2603411023622047
20
2.118173307086614
11
0.2534979921259842
21
2.1167187401574803
0
LINE
8
BLACK
6
CONTINUOUS
10
0.2534979921259842
20
2.1167187401574803
11
0.2465020078740157
21
2.1167187401574803
0
LINE
8
BLACK
6
CONTINUOUS
10
0.2465020078740157
20
2.1167187401574803
11
0.2396588976377953
21
2.118173307086614
0
LINE
8
BLACK
6
CONTINUOUS
10
0.2396588976377953
20
2.118173307086614
11
0.2332677165354331
21
2.1210188188976375
0
LINE
8
BLACK
6
CONTINUOUS
10
0.2332677165354331
20
2.1210188188976375
11
0.2276078346456693
21
2.1251309842519683
0
LINE
8
BLACK
6
CONTINUOUS
10
0.2276078346456693
20
2.1251309842519683
11
0.2229266141732283
21
2.1303300393700786
0
LINE
8
BLACK
6
CONTINUOUS
10
0.2229266141732283
20
2.1303300393700786
11
0.2194285826771654
21
2.1363887401574804
0
LINE
8
BLACK
6
CONTINUOUS
10
0.2194285826771654
20
2.1363887401574804
11
0.2172667322834646
21
2.1430423228346456
0
LINE
8
BLACK
6
CONTINUOUS
10
0.2172667322834646
20
2.1430423228346456
11
0.2165354330708661
21
2.1499999999999999
0
LINE
8
BLACK
6
CONTINUOUS
10
0.2165354330708661
20
2.1499999999999999
11
0.2172667322834646
21
2.1569576771653542
0
LINE
8
BLACK
6
CONTINUOUS
10
0.2172667322834646
20
2.1569576771653542
11
0.2194285826771654
21
2.1636112598425195
0
LINE
8
BLACK
6
CONTINUOUS
10
0.2194285826771654
20
2.1636112598425195
11
0.2229266141732283
21
2.1696699606299212
0
LINE
8
BLACK
6
CONTINUOUS
10
0.2229266141732283
20
2.1696699606299212
11
0.2276078346456693
21
2.1748690157480315
0
LINE
8
BLACK
6
CONTINUOUS
10
0.2276078346456693
20
2.1748690157480315
11
0.2332677165354331
21
2.1789811811023623
0
LINE
8
BLACK
6
CONTINUOUS
10
0.2332677165354331
20
2.1789811811023623
11
0.2396588976377953
21
2.1818266929133858
0
LINE
8
BLACK
6
CONTINUOUS
10
0.2396588976377953
20
2.1818266929133858
11
0.2465020078740157
21
2.1832812598425195
0
LINE
8
BLACK
6
CONTINUOUS
10
0.2465020078740157
20
2.1832812598425195
11
0.2534979921259842
21
2.1832812598425195
0
LINE
8
BLACK
6
CONTINUOUS
10
0.2534979921259842
20
2.1832812598425195
11
0.2603411023622047
21
2.1818266929133858
0
LINE
8
BLACK
6
CONTINUOUS
10
1.760144251968504
20
2.1818266929133858
11
1.766535433070866
21
2.1789811811023623
0
LINE
8
BLACK
6
CONTINUOUS
10
1.766535433070866
20
2.1789811811023623
11
1.77219531496063
21
2.1748690157480315
0
LINE
8
BLACK
6
CONTINUOUS
10
1.77219531496063
20
2.1748690157480315
11
1.7768765354330709
21
2.1696699606299212
0
LINE
8
BLACK
6
CONTINUOUS
10
1.7768765354330709
20
2.1696699606299212
11
1.7803745669291338
21
2.1636112598425195
0
LINE
8
BLACK
6
CONTINUOUS
10
1.7803745669291338
20
2.1636112598425195
11
1.7825364173228346
21
2.1569576771653542
0
LINE
8
BLACK
6
CONTINUOUS
10
1.7825364173228346
20
2.1569576771653542
11
1.7832677165354329
21
2.1499999999999999
0
LINE
8
BLACK
6
CONTINUOUS
10
1.7832677165354329
20
2.1499999999999999
11
1.7825364173228346
21
2.1430423228346456
0
LINE
8
BLACK
6
CONTINUOUS
10
1.7825364173228346
20
2.1430423228346456
11
1.7803745669291338
21
2.1363887401574804
0
LINE
8
BLACK
6
CONTINUOUS
10
1.7803745669291338
20
2.1363887401574804
11
1.7768765354330709
21
2.1303300393700786
0
LINE
8
BLACK
6
CONTINUOUS
10
1.7768765354330709
20
2.1303300393700786
11
1.77219531496063
21
2.1251309842519683
0
LINE
8
BLACK
6
CONTINUOUS
10
1.77219531496063
20
2.1251309842519683
11
1.766535433070866
21
2.1210188188976375
0
LINE
8
BLACK
6
CONTINUOUS
10
1.766535433070866
20
2.1210188188976375
11
1.760144251968504
21
2.118173307086614
0
LINE
8
BLACK
6
CONTINUOUS
10
1.760144251968504
20
2.118173307086614
11
1.7533011417322835
21
2.1167187401574803
0
LINE
8
BLACK
6
CONTINUOUS
10
1.7533011417322835
20
2.1167187401574803
11
1.746305157480315
21
2.1167187401574803
0
LINE
8
BLACK
6
CONTINUOUS
10
1.746305157480315
20
2.1167187401574803
11
1.7394620472440945
21
2.118173307086614
0
LINE
8
BLACK
6
CONTINUOUS
10
1.7394620472440945
20
2.118173307086614
11
1.7330708661417322
21
2.1210188188976375
0
LINE
8
BLACK
6
CONTINUOUS
10
1.7330708661417322
20
2.1210188188976375
11
1.7274109842519685
21
2.1251309842519683
0
LINE
8
BLACK
6
CONTINUOUS
10
1.7274109842519685
20
2.1251309842519683
11
1.7227297637795276
21
2.1303300393700786
0
LINE
8
BLACK
6
CONTINUOUS
10
1.7227297637795276
20
2.1303300393700786
11
1.7192317322834645
21
2.1363887401574804
0
LINE
8
BLACK
6
CONTINUOUS
10
1.7192317322834645
20
2.1363887401574804
11
1.7170698818897638
21
2.1430423228346456
0
LINE
8
BLACK
6
CONTINUOUS
10
1.7170698818897638
20
2.1430423228346456
11
1.7163385826771653
21
2.1499999999999999
0
LINE
8
BLACK
6
CONTINUOUS
10
1.7163385826771653
20
2.1499999999999999
11
1.7170698818897638
21
2.1569576771653542
0
LINE
8
BLACK
6
CONTINUOUS
10
1.7170698818897638
20
2.1569576771653542
11
1.7192317322834645
21
2.1636112598425195
0
LINE
8
BLACK
6
CONTINUOUS
10
1.7192317322834645
20
2.1636112598425195
11
1.7227297637795276
21
2.1696699606299212
0
LINE
8
BLACK
6
CONTINUOUS
10
1.7227297637795276
20
2.1696699606299212
11
1.7274109842519685
21
2.1748690157480315
0
LINE
8
BLACK
6
CONTINUOUS
10
1.7274109842519685
20
2.1748690157480315
11
1.7330708661417322
21
2.1789811811023623
0
LINE
8
BLACK
6
CONTINUOUS
10
1.7330708661417322
20
2.1789811811023623
11
1.7394620472440945
21
2.1818266929133858
0
LINE
8
BLACK
6
CONTINUOUS
10
1.7394620472440945
20
2.1818266929133858
11
1.746305157480315
21
2.1832812598425195
0
LINE
8
BLACK
6
CONTINUOUS
10
1.746305157480315
20
2.1832812598425195
11
1.7533011417322835
21
2.1832812598425195
0
LINE
8
BLACK
6
CONTINUOUS
10
1.7533011417322835
20
2.1832812598425195
11
1.760144251968504
21
2.1818266929133858
0
LINE
8
BLACK
6
CONTINUOUS
10
1.8601442519685039
20
2.1818266929133858
11
1.8665354330708661
21
2.1789811811023623
0
LINE
8
BLACK
6
CONTINUOUS
10
1.8665354330708661
20
2.1789811811023623
11
1.8721953149606299
21
2.1748690157480315
0
LINE
8
BLACK
6
CONTINUOUS
10
1.8721953149606299
20
2.1748690157480315
11
1.8768765354330708
21
2.1696699606299212
0
LINE
8
BLACK
6
CONTINUOUS
10
1.8768765354330708
20
2.1696699606299212
11
1.8803745669291339
21
2.1636112598425195
0
LINE
8
BLACK
6
CONTINUOUS
10
1.8803745669291339
20
2.1636112598425195
11
1.8825364173228345
21
2.1569576771653542
0
LINE
8
BLACK
6
CONTINUOUS
10
1.8825364173228345
20
2.1569576771653542
11
1.883267716535433
21
2.1499999999999999
0
LINE
8
BLACK
6
CONTINUOUS
10
1.883267716535433
20
2.1499999999999999
11
1.8825364173228345
21
2.1430423228346456
0
LINE
8
BLACK
6
CONTINUOUS
10
1.8825364173228345
20
2.1430423228346456
11
1.8803745669291339
21
2.1363887401574804
0
LINE
8
BLACK
6
CONTINUOUS
10
1.8803745669291339
20
2.1363887401574804
11
1.8768765354330708
21
2.1303300393700786
0
LINE
8
BLACK
6
CONTINUOUS
10
1.8768765354330708
20
2.1303300393700786
11
1.8721953149606299
21
2.1251309842519683
0
LINE
8
BLACK
6
CONTINUOUS
10
1.8721953149606299
20
2.1251309842519683
11
1.8665354330708661
21
2.1210188188976375
0
LINE
8
BLACK
6
CONTINUOUS
10
1.8665354330708661
20
2.1210188188976375
11
1.8601442519685039
21
2.118173307086614
0
LINE
8
BLACK
6
CONTINUOUS
10
1.8601442519685039
20
2.118173307086614
11
1.8533011417322833
21
2.1167187401574803
0
LINE
8
BLACK
6
CONTINUOUS
10
1.8533011417322833
20
2.1167187401574803
11
1.8463051574803149
21
2.1167187401574803
0
LINE
8
BLACK
6
CONTINUOUS
10
1.8463051574803149
20
2.1167187401574803
11
1.8394620472440943
21
2.118173307086614
0
LINE
8
BLACK
6
CONTINUOUS
10
1.8394620472440943
20
2.118173307086614
11
1.8330708661417323
21
2.1210188188976375
0
LINE
8
BLACK
6
CONTINUOUS
10
1.8330708661417323
20
2.1210188188976375
11
1.8274109842519686
21
2.1251309842519683
0
LINE
8
BLACK
6
CONTINUOUS
10
1.8274109842519686
20
2.1251309842519683
11
1.8227297637795274
21
2.1303300393700786
0
LINE
8
BLACK
6
CONTINUOUS
10
1.8227297637795274
20
2.1303300393700786
11
1.8192317322834646
21
2.1363887401574804
0
LINE
8
BLACK
6
CONTINUOUS
10
1.8192317322834646
20
2.1363887401574804
11
1.8170698818897637
21
2.1430423228346456
0
LINE
8
BLACK
6
CONTINUOUS
10
1.8170698818897637
20
2.1430423228346456
11
1.8163385826771654
21
2.1499999999999999
0
LINE
8
BLACK
6
CONTINUOUS
10
1.8163385826771654
20
2.1499999999999999
11
1.8170698818897637
21
2.1569576771653542
0
LINE
8
BLACK
6
CONTINUOUS
10
1.8170698818897637
20
2.1569576771653542
11
1.8192317322834646
21
2.1636112598425195
0
LINE
8
BLACK
6
CONTINUOUS
10
1.8192317322834646
20
2.1636112598425195
11
1.8227297637795274
21
2.1696699606299212
0
LINE
8
BLACK
6
CONTINUOUS
10
1.8227297637795274
20
2.1696699606299212
11
1.8274109842519686
21
2.1748690157480315
0
LINE
8
BLACK
6
CONTINUOUS
10
1.8274109842519686
20
2.1748690157480315
11
1.8330708661417323
21
2.1789811811023623
0
LINE
8
BLACK
6
CONTINUOUS
10
1.8330708661417323
20
2.1789811811023623
11
1.8394620472440943
21
2.1818266929133858
0
LINE
8
BLACK
6
CONTINUOUS
10
1.8394620472440943
20
2.1818266929133858
11
1.8463051574803149
21
2.1832812598425195
0
LINE
8
BLACK
6
CONTINUOUS
10
1.8463051574803149
20
2.1832812598425195
11
1.8533011417322833
21
2.1832812598425195
0
LINE
8
BLACK
6
CONTINUOUS
10
1.8533011417322833
20
2.1832812598425195
11
1.8601442519685039
21
2.1818266929133858
0
LINE
8
BLACK
6
CONTINUOUS
10
1.4095275590551182
20
2.1214959842519683
11
1.3799999999999999
21
2.141181023622047
0
LINE
8
BLACK
6
CONTINUOUS
10
1.3799999999999999
20
2.141181023622047
11
1.3504724409448818
21
2.1214959842519683
0
LINE
8
BLACK
6
CONTINUOUS
10
1.3504724409448818
20
2.1214959842519683
11
1.3504724409448818
21
2.1667715748031497
0
LINE
8
BLACK
6
CONTINUOUS
10
1.3504724409448818
20
2.1667715748031497
11
1.4095275590551182
21
2.1667715748031497
0
LINE
8
BLACK
6
CONTINUOUS
10
1.4095275590551182
20
2.1667715748031497
11
1.4095275590551182
21
2.1214959842519683
0
LINE
8
BLACK
6
CONTINUOUS
10
0.4481843700787401
20
2.1723140551181102
11
0.4412246850393701
21
2.1375154724409446
0
LINE
8
BLACK
6
CONTINUOUS
10
0.4412246850393701
20
2.1375154724409446
11
0.4064261023622047
21
2.1305557874015748
0
LINE
8
BLACK
6
CONTINUOUS
10
0.4064261023622047
20
2.1305557874015748
11
0.3785872834645669
21
2.1583946062992125
0
LINE
8
BLACK
6
CONTINUOUS
10
0.3785872834645669
20
2.1583946062992125
11
0.4203455511811023
21
2.2001528740157479
0
LINE
8
BLACK
6
CONTINUOUS
10
0.4203455511811023
20
2.2001528740157479
11
0.4481843700787401
21
2.1723140551181102
0
LINE
8
BLACK
6
CONTINUOUS
10
1.2974673622047244
20
2.1790736220472442
11
1.3006605118110235
21
2.1769400393700788
0
LINE
8
BLACK
6
CONTINUOUS
10
1.3006605118110235
20
2.1769400393700788
11
1.3027940944881888
21
2.1737468897637795
0
LINE
8
BLACK
6
CONTINUOUS
10
1.3027940944881888
20
2.1737468897637795
11
1.303543307086614
21
2.1699803149606298
0
LINE
8
BLACK
6
CONTINUOUS
10
1.303543307086614
20
2.1699803149606298
11
1.303543307086614
21
2.1434055118110238
0
LINE
8
BLACK
6
CONTINUOUS
10
1.303543307086614
20
2.1434055118110238
11
1.3027940944881888
21
2.1396389370078741
0
LINE
8
BLACK
6
CONTINUOUS
10
1.3027940944881888
20
2.1396389370078741
11
1.3006605118110235
21
2.1364457874015748
0
LINE
8
BLACK
6
CONTINUOUS
10
1.3006605118110235
20
2.1364457874015748
11
1.2974673622047244
21
2.1343122047244094
0
LINE
8
BLACK
6
CONTINUOUS
10
1.2974673622047244
20
2.1343122047244094
11
1.2937007874015747
21
2.133562992125984
0
LINE
8
BLACK
6
CONTINUOUS
10
1.2937007874015747
20
2.133562992125984
11
1.2562992125984251
21
2.133562992125984
0
LINE
8
BLACK
6
CONTINUOUS
10
1.2562992125984251
20
2.133562992125984
11
1.2525326377952755
21
2.1343122047244094
0
LINE
8
BLACK
6
CONTINUOUS
10
1.2525326377952755
20
2.1343122047244094
11
1.2493394881889763
21
2.1364457874015748
0
LINE
8
BLACK
6
CONTINUOUS
10
1.2493394881889763
20
2.1364457874015748
11
1.247205905511811
21
2.1396389370078741
0
LINE
8
BLACK
6
CONTINUOUS
10
1.247205905511811
20
2.1396389370078741
11
1.2464566929133858
21
2.1434055118110238
0
LINE
8
BLACK
6
CONTINUOUS
10
1.2464566929133858
20
2.1434055118110238
11
1.2464566929133858
21
2.1699803149606298
0
LINE
8
BLACK
6
CONTINUOUS
10
1.2464566929133858
20
2.1699803149606298
11
1.247205905511811
21
2.1737468897637795
0
LINE
8
BLACK
6
CONTINUOUS
10
1.247205905511811
20
2.1737468897637795
11
1.2493394881889763
21
2.1769400393700788
0
LINE
8
BLACK
6
CONTINUOUS
10
1.2493394881889763
20
2.1769400393700788
11
1.2525326377952755
21
2.1790736220472442
0
LINE
8
BLACK
6
CONTINUOUS
10
1.2525326377952755
20
2.1790736220472442
11
1.2562992125984251
21
2.1798228346456692
0
LINE
8
BLACK
6
CONTINUOUS
10
1.2562992125984251
20
2.1798228346456692
11
1.2937007874015747
21
2.1798228346456692
0
LINE
8
BLACK
6
CONTINUOUS
10
1.2937007874015747
20
2.1798228346456692
11
1.2974673622047244
21
2.1790736220472442
0
LINE
8
BLACK
6
CONTINUOUS
10
0.7062075196850394
20
2.192794094488189
11
0.7094006692913386
21
2.1906605118110236
0
LINE
8
BLACK
6
CONTINUOUS
10
0.7094006692913386
20
2.1906605118110236
11
0.711534251968504
21
2.1874673622047243
0
LINE
8
BLACK
6
CONTINUOUS
10
0.711534251968504
20
2.1874673622047243
11
0.7122834645669291
21
2.1837007874015746
0
LINE
8
BLACK
6
CONTINUOUS
10
0.7122834645669291
20
2.1837007874015746
11
0.7122834645669291
21
2.146299212598425
0
LINE
8
BLACK
6
CONTINUOUS
10
0.7122834645669291
20
2.146299212598425
11
0.711534251968504
21
2.1425326377952754
0
LINE
8
BLACK
6
CONTINUOUS
10
0.711534251968504
20
2.1425326377952754
11
0.7094006692913386
21
2.1393394881889765
0
LINE
8
BLACK
6
CONTINUOUS
10
0.7094006692913386
20
2.1393394881889765
11
0.7062075196850394
21
2.1372059055118111
0
LINE
8
BLACK
6
CONTINUOUS
10
0.7062075196850394
20
2.1372059055118111
11
0.7024409448818898
21
2.1364566929133857
0
LINE
8
BLACK
6
CONTINUOUS
10
0.7024409448818898
20
2.1364566929133857
11
0.6758661417322834
21
2.1364566929133857
0
LINE
8
BLACK
6
CONTINUOUS
10
0.6758661417322834
20
2.1364566929133857
11
0.6720995669291339
21
2.1372059055118111
0
LINE
8
BLACK
6
CONTINUOUS
10
0.6720995669291339
20
2.1372059055118111
11
0.6689064173228346
21
2.1393394881889765
0
LINE
8
BLACK
6
CONTINUOUS
10
0.6689064173228346
20
2.1393394881889765
11
0.6667728346456693
21
2.1425326377952754
0
LINE
8
BLACK
6
CONTINUOUS
10
0.6667728346456693
20
2.1425326377952754
11
0.6660236220472441
21
2.146299212598425
0
LINE
8
BLACK
6
CONTINUOUS
10
0.6660236220472441
20
2.146299212598425
11
0.6660236220472441
21
2.1837007874015746
0
LINE
8
BLACK
6
CONTINUOUS
10
0.6660236220472441
20
2.1837007874015746
11
0.6667728346456693
21
2.1874673622047243
0
LINE
8
BLACK
6
CONTINUOUS
10
0.6667728346456693
20
2.1874673622047243
11
0.6689064173228346
21
2.1906605118110236
0
LINE
8
BLACK
6
CONTINUOUS
10
0.6689064173228346
20
2.1906605118110236
11
0.6720995669291339
21
2.192794094488189
0
LINE
8
BLACK
6
CONTINUOUS
10
0.6720995669291339
20
2.192794094488189
11
0.6758661417322834
21
2.1935433070866139
0
LINE
8
BLACK
6
CONTINUOUS
10
0.6758661417322834
20
2.1935433070866139
11
0.7024409448818898
21
2.1935433070866139
0
LINE
8
BLACK
6
CONTINUOUS
10
0.7024409448818898
20
2.1935433070866139
11
0.7062075196850394
21
2.192794094488189
0
LINE
8
BLACK
6
CONTINUOUS
10
0.7879004330708661
20
2.192794094488189
11
0.7910935826771653
21
2.1906605118110236
0
LINE
8
BLACK
6
CONTINUOUS
10
0.7910935826771653
20
2.1906605118110236
11
0.7932271653543307
21
2.1874673622047243
0
LINE
8
BLACK
6
CONTINUOUS
10
0.7932271653543307
20
2.1874673622047243
11
0.7939763779527559
21
2.1837007874015746
0
LINE
8
BLACK
6
CONTINUOUS
10
0.7939763779527559
20
2.1837007874015746
11
0.7939763779527559
21
2.146299212598425
0
LINE
8
BLACK
6
CONTINUOUS
10
0.7939763779527559
20
2.146299212598425
11
0.7932271653543307
21
2.1425326377952754
0
LINE
8
BLACK
6
CONTINUOUS
10
0.7932271653543307
20
2.1425326377952754
11
0.7910935826771653
21
2.1393394881889765
0
LINE
8
BLACK
6
CONTINUOUS
10
0.7910935826771653
20
2.1393394881889765
11
0.7879004330708661
21
2.1372059055118111
0
LINE
8
BLACK
6
CONTINUOUS
10
0.7879004330708661
20
2.1372059055118111
11
0.7841338582677165
21
2.1364566929133857
0
LINE
8
BLACK
6
CONTINUOUS
10
0.7841338582677165
20
2.1364566929133857
11
0.7575590551181102
21
2.1364566929133857
0
LINE
8
BLACK
6
CONTINUOUS
10
0.7575590551181102
20
2.1364566929133857
11
0.7537924803149606
21
2.1372059055118111
0
LINE
8
BLACK
6
CONTINUOUS
10
0.7537924803149606
20
2.1372059055118111
11
0.7505993307086614
21
2.1393394881889765
0
LINE
8
BLACK
6
CONTINUOUS
10
0.7505993307086614
20
2.1393394881889765
11
0.748465748031496
21
2.1425326377952754
0
LINE
8
BLACK
6
CONTINUOUS
10
0.748465748031496
20
2.1425326377952754
11
0.7477165354330708
21
2.146299212598425
0
LINE
8
BLACK
6
CONTINUOUS
10
0.7477165354330708
20
2.146299212598425
11
0.7477165354330708
21
2.1837007874015746
0
LINE
8
BLACK
6
CONTINUOUS
10
0.7477165354330708
20
2.1837007874015746
11
0.748465748031496
21
2.1874673622047243
0
LINE
8
BLACK
6
CONTINUOUS
10
0.748465748031496
20
2.1874673622047243
11
0.7505993307086614
21
2.1906605118110236
0
LINE
8
BLACK
6
CONTINUOUS
10
0.7505993307086614
20
2.1906605118110236
11
0.7537924803149606
21
2.192794094488189
0
LINE
8
BLACK
6
CONTINUOUS
10
0.7537924803149606
20
2.192794094488189
11
0.7575590551181102
21
2.1935433070866139
0
LINE
8
BLACK
6
CONTINUOUS
10
0.7575590551181102
20
2.1935433070866139
11
0.7841338582677165
21
2.1935433070866139
0
LINE
8
BLACK
6
CONTINUOUS
10
0.7841338582677165
20
2.1935433070866139
11
0.7879004330708661
21
2.192794094488189
0
LINE
8
BLACK
6
CONTINUOUS
10
0.1603411023622047
20
2.2818266929133859
11
0.1667322834645669
21
2.2789811811023624
0
LINE
8
BLACK
6
CONTINUOUS
10
0.1667322834645669
20
2.2789811811023624
11
0.1723921653543307
21
2.2748690157480316
0
LINE
8
BLACK
6
CONTINUOUS
10
0.1723921653543307
20
2.2748690157480316
11
0.1770733858267717
21
2.2696699606299213
0
LINE
8
BLACK
6
CONTINUOUS
10
0.1770733858267717
20
2.2696699606299213
11
0.1805714173228346
21
2.2636112598425195
0
LINE
8
BLACK
6
CONTINUOUS
10
0.1805714173228346
20
2.2636112598425195
11
0.1827332677165354
21
2.2569576771653543
0
LINE
8
BLACK
6
CONTINUOUS
10
0.1827332677165354
20
2.2569576771653543
11
0.1834645669291338
21
2.25
0
LINE
8
BLACK
6
CONTINUOUS
10
0.1834645669291338
20
2.25
11
0.1827332677165354
21
2.2430423228346457
0
LINE
8
BLACK
6
CONTINUOUS
10
0.1827332677165354
20
2.2430423228346457
11
0.1805714173228346
21
2.2363887401574805
0
LINE
8
BLACK
6
CONTINUOUS
10
0.1805714173228346
20
2.2363887401574805
11
0.1770733858267717
21
2.2303300393700787
0
LINE
8
BLACK
6
CONTINUOUS
10
0.1770733858267717
20
2.2303300393700787
11
0.1723921653543307
21
2.2251309842519684
0
LINE
8
BLACK
6
CONTINUOUS
10
0.1723921653543307
20
2.2251309842519684
11
0.1667322834645669
21
2.2210188188976376
0
LINE
8
BLACK
6
CONTINUOUS
10
0.1667322834645669
20
2.2210188188976376
11
0.1603411023622047
21
2.2181733070866141
0
LINE
8
BLACK
6
CONTINUOUS
10
0.1603411023622047
20
2.2181733070866141
11
0.1534979921259843
21
2.2167187401574804
0
LINE
8
BLACK
6
CONTINUOUS
10
0.1534979921259843
20
2.2167187401574804
11
0.1465020078740157
21
2.2167187401574804
0
LINE
8
BLACK
6
CONTINUOUS
10
0.1465020078740157
20
2.2167187401574804
11
0.1396588976377953
21
2.2181733070866141
0
LINE
8
BLACK
6
CONTINUOUS
10
0.1396588976377953
20
2.2181733070866141
11
0.1332677165354331
21
2.2210188188976376
0
LINE
8
BLACK
6
CONTINUOUS
10
0.1332677165354331
20
2.2210188188976376
11
0.1276078346456693
21
2.2251309842519684
0
LINE
8
BLACK
6
CONTINUOUS
10
0.1276078346456693
20
2.2251309842519684
11
0.1229266141732283
21
2.2303300393700787
0
LINE
8
BLACK
6
CONTINUOUS
10
0.1229266141732283
20
2.2303300393700787
11
0.1194285826771654
21
2.2363887401574805
0
LINE
8
BLACK
6
CONTINUOUS
10
0.1194285826771654
20
2.2363887401574805
11
0.1172667322834646
21
2.2430423228346457
0
LINE
8
BLACK
6
CONTINUOUS
10
0.1172667322834646
20
2.2430423228346457
11
0.1165354330708661
21
2.25
0
LINE
8
BLACK
6
CONTINUOUS
10
0.1165354330708661
20
2.25
11
0.1172667322834646
21
2.2569576771653543
0
LINE
8
BLACK
6
CONTINUOUS
10
0.1172667322834646
20
2.2569576771653543
11
0.1194285826771654
21
2.2636112598425195
0
LINE
8
BLACK
6
CONTINUOUS
10
0.1194285826771654
20
2.2636112598425195
11
0.1229266141732283
21
2.2696699606299213
0
LINE
8
BLACK
6
CONTINUOUS
10
0.1229266141732283
20
2.2696699606299213
11
0.1276078346456693
21
2.2748690157480316
0
LINE
8
BLACK
6
CONTINUOUS
10
0.1276078346456693
20
2.2748690157480316
11
0.1332677165354331
21
2.2789811811023624
0
LINE
8
BLACK
6
CONTINUOUS
10
0.1332677165354331
20
2.2789811811023624
11
0.1396588976377953
21
2.2818266929133859
0
LINE
8
BLACK
6
CONTINUOUS
10
0.1396588976377953
20
2.2818266929133859
11
0.1465020078740157
21
2.2832812598425196
0
LINE
8
BLACK
6
CONTINUOUS
10
0.1465020078740157
20
2.2832812598425196
11
0.1534979921259843
21
2.2832812598425196
0
LINE
8
BLACK
6
CONTINUOUS
10
0.1534979921259843
20
2.2832812598425196
11
0.1603411023622047
21
2.2818266929133859
0
LINE
8
BLACK
6
CONTINUOUS
10
0.2603411023622047
20
2.2818266929133859
11
0.2667322834645669
21
2.2789811811023624
0
LINE
8
BLACK
6
CONTINUOUS
10
0.2667322834645669
20
2.2789811811023624
11
0.2723921653543307
21
2.2748690157480316
0
LINE
8
BLACK
6
CONTINUOUS
10
0.2723921653543307
20
2.2748690157480316
11
0.2770733858267717
21
2.2696699606299213
0
LINE
8
BLACK
6
CONTINUOUS
10
0.2770733858267717
20
2.2696699606299213
11
0.2805714173228346
21
2.2636112598425195
0
LINE
8
BLACK
6
CONTINUOUS
10
0.2805714173228346
20
2.2636112598425195
11
0.2827332677165355
21
2.2569576771653543
0
LINE
8
BLACK
6
CONTINUOUS
10
0.2827332677165355
20
2.2569576771653543
11
0.2834645669291339
21
2.25
0
LINE
8
BLACK
6
CONTINUOUS
10
0.2834645669291339
20
2.25
11
0.2827332677165355
21
2.2430423228346457
0
LINE
8
BLACK
6
CONTINUOUS
10
0.2827332677165355
20
2.2430423228346457
11
0.2805714173228346
21
2.2363887401574805
0
LINE
8
BLACK
6
CONTINUOUS
10
0.2805714173228346
20
2.2363887401574805
11
0.2770733858267717
21
2.2303300393700787
0
LINE
8
BLACK
6
CONTINUOUS
10
0.2770733858267717
20
2.2303300393700787
11
0.2723921653543307
21
2.2251309842519684
0
LINE
8
BLACK
6
CONTINUOUS
10
0.2723921653543307
20
2.2251309842519684
11
0.2667322834645669
21
2.2210188188976376
0
LINE
8
BLACK
6
CONTINUOUS
10
0.2667322834645669
20
2.2210188188976376
11
0.2603411023622047
21
2.2181733070866141
0
LINE
8
BLACK
6
CONTINUOUS
10
0.2603411023622047
20
2.2181733070866141
11
0.2534979921259842
21
2.2167187401574804
0
LINE
8
BLACK
6
CONTINUOUS
10
0.2534979921259842
20
2.2167187401574804
11
0.2465020078740157
21
2.2167187401574804
0
LINE
8
BLACK
6
CONTINUOUS
10
0.2465020078740157
20
2.2167187401574804
11
0.2396588976377953
21
2.2181733070866141
0
LINE
8
BLACK
6
CONTINUOUS
10
0.2396588976377953
20
2.2181733070866141
11
0.2332677165354331
21
2.2210188188976376
0
LINE
8
BLACK
6
CONTINUOUS
10
0.2332677165354331
20
2.2210188188976376
11
0.2276078346456693
21
2.2251309842519684
0
LINE
8
BLACK
6
CONTINUOUS
10
0.2276078346456693
20
2.2251309842519684
11
0.2229266141732283
21
2.2303300393700787
0
LINE
8
BLACK
6
CONTINUOUS
10
0.2229266141732283
20
2.2303300393700787
11
0.2194285826771654
21
2.2363887401574805
0
LINE
8
BLACK
6
CONTINUOUS
10
0.2194285826771654
20
2.2363887401574805
11
0.2172667322834646
21
2.2430423228346457
0
LINE
8
BLACK
6
CONTINUOUS
10
0.2172667322834646
20
2.2430423228346457
11
0.2165354330708661
21
2.25
0
LINE
8
BLACK
6
CONTINUOUS
10
0.2165354330708661
20
2.25
11
0.2172667322834646
21
2.2569576771653543
0
LINE
8
BLACK
6
CONTINUOUS
10
0.2172667322834646
20
2.2569576771653543
11
0.2194285826771654
21
2.2636112598425195
0
LINE
8
BLACK
6
CONTINUOUS
10
0.2194285826771654
20
2.2636112598425195
11
0.2229266141732283
21
2.2696699606299213
0
LINE
8
BLACK
6
CONTINUOUS
10
0.2229266141732283
20
2.2696699606299213
11
0.2276078346456693
21
2.2748690157480316
0
LINE
8
BLACK
6
CONTINUOUS
10
0.2276078346456693
20
2.2748690157480316
11
0.2332677165354331
21
2.2789811811023624
0
LINE
8
BLACK
6
CONTINUOUS
10
0.2332677165354331
20
2.2789811811023624
11
0.2396588976377953
21
2.2818266929133859
0
LINE
8
BLACK
6
CONTINUOUS
10
0.2396588976377953
20
2.2818266929133859
11
0.2465020078740157
21
2.2832812598425196
0
LINE
8
BLACK
6
CONTINUOUS
10
0.2465020078740157
20
2.2832812598425196
11
0.2534979921259842
21
2.2832812598425196
0
LINE
8
BLACK
6
CONTINUOUS
10
0.2534979921259842
20
2.2832812598425196
11
0.2603411023622047
21
2.2818266929133859
0
LINE
8
BLACK
6
CONTINUOUS
10
1.760144251968504
20
2.2818266929133859
11
1.766535433070866
21
2.2789811811023624
0
LINE
8
BLACK
6
CONTINUOUS
10
1.766535433070866
20
2.2789811811023624
11
1.77219531496063
21
2.2748690157480316
0
LINE
8
BLACK
6
CONTINUOUS
10
1.77219531496063
20
2.2748690157480316
11
1.7768765354330709
21
2.2696699606299213
0
LINE
8
BLACK
6
CONTINUOUS
10
1.7768765354330709
20
2.2696699606299213
11
1.7803745669291338
21
2.2636112598425195
0
LINE
8
BLACK
6
CONTINUOUS
10
1.7803745669291338
20
2.2636112598425195
11
1.7825364173228346
21
2.2569576771653543
0
LINE
8
BLACK
6
CONTINUOUS
10
1.7825364173228346
20
2.2569576771653543
11
1.7832677165354329
21
2.25
0
LINE
8
BLACK
6
CONTINUOUS
10
1.7832677165354329
20
2.25
11
1.7825364173228346
21
2.2430423228346457
0
LINE
8
BLACK
6
CONTINUOUS
10
1.7825364173228346
20
2.2430423228346457
11
1.7803745669291338
21
2.2363887401574805
0
LINE
8
BLACK
6
CONTINUOUS
10
1.7803745669291338
20
2.2363887401574805
11
1.7768765354330709
21
2.2303300393700787
0
LINE
8
BLACK
6
CONTINUOUS
10
1.7768765354330709
20
2.2303300393700787
11
1.77219531496063
21
2.2251309842519684
0
LINE
8
BLACK
6
CONTINUOUS
10
1.77219531496063
20
2.2251309842519684
11
1.766535433070866
21
2.2210188188976376
0
LINE
8
BLACK
6
CONTINUOUS
10
1.766535433070866
20
2.2210188188976376
11
1.760144251968504
21
2.2181733070866141
0
LINE
8
BLACK
6
CONTINUOUS
10
1.760144251968504
20
2.2181733070866141
11
1.7533011417322835
21
2.2167187401574804
0
LINE
8
BLACK
6
CONTINUOUS
10
1.7533011417322835
20
2.2167187401574804
11
1.746305157480315
21
2.2167187401574804
0
LINE
8
BLACK
6
CONTINUOUS
10
1.746305157480315
20
2.2167187401574804
11
1.7394620472440945
21
2.2181733070866141
0
LINE
8
BLACK
6
CONTINUOUS
10
1.7394620472440945
20
2.2181733070866141
11
1.7330708661417322
21
2.2210188188976376
0
LINE
8
BLACK
6
CONTINUOUS
10
1.7330708661417322
20
2.2210188188976376
11
1.7274109842519685
21
2.2251309842519684
0
LINE
8
BLACK
6
CONTINUOUS
10
1.7274109842519685
20
2.2251309842519684
11
1.7227297637795276
21
2.2303300393700787
0
LINE
8
BLACK
6
CONTINUOUS
10
1.7227297637795276
20
2.2303300393700787
11
1.7192317322834645
21
2.2363887401574805
0
LINE
8
BLACK
6
CONTINUOUS
10
1.7192317322834645
20
2.2363887401574805
11
1.7170698818897638
21
2.2430423228346457
0
LINE
8
BLACK
6
CONTINUOUS
10
1.7170698818897638
20
2.2430423228346457
11
1.7163385826771653
21
2.25
0
LINE
8
BLACK
6
CONTINUOUS
10
1.7163385826771653
20
2.25
11
1.7170698818897638
21
2.2569576771653543
0
LINE
8
BLACK
6
CONTINUOUS
10
1.7170698818897638
20
2.2569576771653543
11
1.7192317322834645
21
2.2636112598425195
0
LINE
8
BLACK
6
CONTINUOUS
10
1.7192317322834645
20
2.2636112598425195
11
1.7227297637795276
21
2.2696699606299213
0
LINE
8
BLACK
6
CONTINUOUS
10
1.7227297637795276
20
2.2696699606299213
11
1.7274109842519685
21
2.2748690157480316
0
LINE
8
BLACK
6
CONTINUOUS
10
1.7274109842519685
20
2.2748690157480316
11
1.7330708661417322
21
2.2789811811023624
0
LINE
8
BLACK
6
CONTINUOUS
10
1.7330708661417322
20
2.2789811811023624
11
1.7394620472440945
21
2.2818266929133859
0
LINE
8
BLACK
6
CONTINUOUS
10
1.7394620472440945
20
2.2818266929133859
11
1.746305157480315
21
2.2832812598425196
0
LINE
8
BLACK
6
CONTINUOUS
10
1.746305157480315
20
2.2832812598425196
11
1.7533011417322835
21
2.2832812598425196
0
LINE
8
BLACK
6
CONTINUOUS
10
1.7533011417322835
20
2.2832812598425196
11
1.760144251968504
21
2.2818266929133859
0
LINE
8
BLACK
6
CONTINUOUS
10
1.8601442519685039
20
2.2818266929133859
11
1.8665354330708661
21
2.2789811811023624
0
LINE
8
BLACK
6
CONTINUOUS
10
1.8665354330708661
20
2.2789811811023624
11
1.8721953149606299
21
2.2748690157480316
0
LINE
8
BLACK
6
CONTINUOUS
10
1.8721953149606299
20
2.2748690157480316
11
1.8768765354330708
21
2.2696699606299213
0
LINE
8
BLACK
6
CONTINUOUS
10
1.8768765354330708
20
2.2696699606299213
11
1.8803745669291339
21
2.2636112598425195
0
LINE
8
BLACK
6
CONTINUOUS
10
1.8803745669291339
20
2.2636112598425195
11
1.8825364173228345
21
2.2569576771653543
0
LINE
8
BLACK
6
CONTINUOUS
10
1.8825364173228345
20
2.2569576771653543
11
1.883267716535433
21
2.25
0
LINE
8
BLACK
6
CONTINUOUS
10
1.883267716535433
20
2.25
11
1.8825364173228345
21
2.2430423228346457
0
LINE
8
BLACK
6
CONTINUOUS
10
1.8825364173228345
20
2.2430423228346457
11
1.8803745669291339
21
2.2363887401574805
0
LINE
8
BLACK
6
CONTINUOUS
10
1.8803745669291339
20
2.2363887401574805
11
1.8768765354330708
21
2.2303300393700787
0
LINE
8
BLACK
6
CONTINUOUS
10
1.8768765354330708
20
2.2303300393700787
11
1.8721953149606299
21
2.2251309842519684
0
LINE
8
BLACK
6
CONTINUOUS
10
1.8721953149606299
20
2.2251309842519684
11
1.8665354330708661
21
2.2210188188976376
0
LINE
8
BLACK
6
CONTINUOUS
10
1.8665354330708661
20
2.2210188188976376
11
1.8601442519685039
21
2.2181733070866141
0
LINE
8
BLACK
6
CONTINUOUS
10
1.8601442519685039
20
2.2181733070866141
11
1.8533011417322833
21
2.2167187401574804
0
LINE
8
BLACK
6
CONTINUOUS
10
1.8533011417322833
20
2.2167187401574804
11
1.8463051574803149
21
2.2167187401574804
0
LINE
8
BLACK
6
CONTINUOUS
10
1.8463051574803149
20
2.2167187401574804
11
1.8394620472440943
21
2.2181733070866141
0
LINE
8
BLACK
6
CONTINUOUS
10
1.8394620472440943
20
2.2181733070866141
11
1.8330708661417323
21
2.2210188188976376
0
LINE
8
BLACK
6
CONTINUOUS
10
1.8330708661417323
20
2.2210188188976376
11
1.8274109842519686
21
2.2251309842519684
0
LINE
8
BLACK
6
CONTINUOUS
10
1.8274109842519686
20
2.2251309842519684
11
1.8227297637795274
21
2.2303300393700787
0
LINE
8
BLACK
6
CONTINUOUS
10
1.8227297637795274
20
2.2303300393700787
11
1.8192317322834646
21
2.2363887401574805
0
LINE
8
BLACK
6
CONTINUOUS
10
1.8192317322834646
20
2.2363887401574805
11
1.8170698818897637
21
2.2430423228346457
0
LINE
8
BLACK
6
CONTINUOUS
10
1.8170698818897637
20
2.2430423228346457
11
1.8163385826771654
21
2.25
0
LINE
8
BLACK
6
CONTINUOUS
10
1.8163385826771654
20
2.25
11
1.8170698818897637
21
2.2569576771653543
0
LINE
8
BLACK
6
CONTINUOUS
10
1.8170698818897637
20
2.2569576771653543
11
1.8192317322834646
21
2.2636112598425195
0
LINE
8
BLACK
6
CONTINUOUS
10
1.8192317322834646
20
2.2636112598425195
11
1.8227297637795274
21
2.2696699606299213
0
LINE
8
BLACK
6
CONTINUOUS
10
1.8227297637795274
20
2.2696699606299213
11
1.8274109842519686
21
2.2748690157480316
0
LINE
8
BLACK
6
CONTINUOUS
10
1.8274109842519686
20
2.2748690157480316
11
1.8330708661417323
21
2.2789811811023624
0
LINE
8
BLACK
6
CONTINUOUS
10
1.8330708661417323
20
2.2789811811023624
11
1.8394620472440943
21
2.2818266929133859
0
LINE
8
BLACK
6
CONTINUOUS
10
1.8394620472440943
20
2.2818266929133859
11
1.8463051574803149
21
2.2832812598425196
0
LINE
8
BLACK
6
CONTINUOUS
10
1.8463051574803149
20
2.2832812598425196
11
1.8533011417322833
21
2.2832812598425196
0
LINE
8
BLACK
6
CONTINUOUS
10
1.8533011417322833
20
2.2832812598425196
11
1.8601442519685039
21
2.2818266929133859
0
LINE
8
BLACK
6
CONTINUOUS
10
0.1603411023622047
20
2.3818266929133856
11
0.1667322834645669
21
2.378981181102362
0
LINE
8
BLACK
6
CONTINUOUS
10
0.1667322834645669
20
2.378981181102362
11
0.1723921653543307
21
2.3748690157480312
0
LINE
8
BLACK
6
CONTINUOUS
10
0.1723921653543307
20
2.3748690157480312
11
0.1770733858267717
21
2.3696699606299214
0
LINE
8
BLACK
6
CONTINUOUS
10
0.1770733858267717
20
2.3696699606299214
11
0.1805714173228346
21
2.3636112598425196
0
LINE
8
BLACK
6
CONTINUOUS
10
0.1805714173228346
20
2.3636112598425196
11
0.1827332677165354
21
2.3569576771653544
0
LINE
8
BLACK
6
CONTINUOUS
10
0.1827332677165354
20
2.3569576771653544
11
0.1834645669291338
21
2.3500000000000001
0
LINE
8
BLACK
6
CONTINUOUS
10
0.1834645669291338
20
2.3500000000000001
11
0.1827332677165354
21
2.3430423228346458
0
LINE
8
BLACK
6
CONTINUOUS
10
0.1827332677165354
20
2.3430423228346458
11
0.1805714173228346
21
2.3363887401574801
0
LINE
8
BLACK
6
CONTINUOUS
10
0.1805714173228346
20
2.3363887401574801
11
0.1770733858267717
21
2.3303300393700788
0
LINE
8
BLACK
6
CONTINUOUS
10
0.1770733858267717
20
2.3303300393700788
11
0.1723921653543307
21
2.3251309842519685
0
LINE
8
BLACK
6
CONTINUOUS
10
0.1723921653543307
20
2.3251309842519685
11
0.1667322834645669
21
2.3210188188976377
0
LINE
8
BLACK
6
CONTINUOUS
10
0.1667322834645669
20
2.3210188188976377
11
0.1603411023622047
21
2.3181733070866142
0
LINE
8
BLACK
6
CONTINUOUS
10
0.1603411023622047
20
2.3181733070866142
11
0.1534979921259843
21
2.3167187401574805
0
LINE
8
BLACK
6
CONTINUOUS
10
0.1534979921259843
20
2.3167187401574805
11
0.1465020078740157
21
2.3167187401574805
0
LINE
8
BLACK
6
CONTINUOUS
10
0.1465020078740157
20
2.3167187401574805
11
0.1396588976377953
21
2.3181733070866142
0
LINE
8
BLACK
6
CONTINUOUS
10
0.1396588976377953
20
2.3181733070866142
11
0.1332677165354331
21
2.3210188188976377
0
LINE
8
BLACK
6
CONTINUOUS
10
0.1332677165354331
20
2.3210188188976377
11
0.1276078346456693
21
2.3251309842519685
0
LINE
8
BLACK
6
CONTINUOUS
10
0.1276078346456693
20
2.3251309842519685
11
0.1229266141732283
21
2.3303300393700788
0
LINE
8
BLACK
6
CONTINUOUS
10
0.1229266141732283
20
2.3303300393700788
11
0.1194285826771654
21
2.3363887401574801
0
LINE
8
BLACK
6
CONTINUOUS
10
0.1194285826771654
20
2.3363887401574801
11
0.1172667322834646
21
2.3430423228346458
0
LINE
8
BLACK
6
CONTINUOUS
10
0.1172667322834646
20
2.3430423228346458
11
0.1165354330708661
21
2.3500000000000001
0
LINE
8
BLACK
6
CONTINUOUS
10
0.1165354330708661
20
2.3500000000000001
11
0.1172667322834646
21
2.3569576771653544
0
LINE
8
BLACK
6
CONTINUOUS
10
0.1172667322834646
20
2.3569576771653544
11
0.1194285826771654
21
2.3636112598425196
0
LINE
8
BLACK
6
CONTINUOUS
10
0.1194285826771654
20
2.3636112598425196
11
0.1229266141732283
21
2.3696699606299214
0
LINE
8
BLACK
6
CONTINUOUS
10
0.1229266141732283
20
2.3696699606299214
11
0.1276078346456693
21
2.3748690157480312
0
LINE
8
BLACK
6
CONTINUOUS
10
0.1276078346456693
20
2.3748690157480312
11
0.1332677165354331
21
2.378981181102362
0
LINE
8
BLACK
6
CONTINUOUS
10
0.1332677165354331
20
2.378981181102362
11
0.1396588976377953
21
2.3818266929133856
0
LINE
8
BLACK
6
CONTINUOUS
10
0.1396588976377953
20
2.3818266929133856
11
0.1465020078740157
21
2.3832812598425197
0
LINE
8
BLACK
6
CONTINUOUS
10
0.1465020078740157
20
2.3832812598425197
11
0.1534979921259843
21
2.3832812598425197
0
LINE
8
BLACK
6
CONTINUOUS
10
0.1534979921259843
20
2.3832812598425197
11
0.1603411023622047
21
2.3818266929133856
0
LINE
8
BLACK
6
CONTINUOUS
10
0.2603411023622047
20
2.3818266929133856
11
0.2667322834645669
21
2.378981181102362
0
LINE
8
BLACK
6
CONTINUOUS
10
0.2667322834645669
20
2.378981181102362
11
0.2723921653543307
21
2.3748690157480312
0
LINE
8
BLACK
6
CONTINUOUS
10
0.2723921653543307
20
2.3748690157480312
11
0.2770733858267717
21
2.3696699606299214
0
LINE
8
BLACK
6
CONTINUOUS
10
0.2770733858267717
20
2.3696699606299214
11
0.2805714173228346
21
2.3636112598425196
0
LINE
8
BLACK
6
CONTINUOUS
10
0.2805714173228346
20
2.3636112598425196
11
0.2827332677165355
21
2.3569576771653544
0
LINE
8
BLACK
6
CONTINUOUS
10
0.2827332677165355
20
2.3569576771653544
11
0.2834645669291339
21
2.3500000000000001
0
LINE
8
BLACK
6
CONTINUOUS
10
0.2834645669291339
20
2.3500000000000001
11
0.2827332677165355
21
2.3430423228346458
0
LINE
8
BLACK
6
CONTINUOUS
10
0.2827332677165355
20
2.3430423228346458
11
0.2805714173228346
21
2.3363887401574801
0
LINE
8
BLACK
6
CONTINUOUS
10
0.2805714173228346
20
2.3363887401574801
11
0.2770733858267717
21
2.3303300393700788
0
LINE
8
BLACK
6
CONTINUOUS
10
0.2770733858267717
20
2.3303300393700788
11
0.2723921653543307
21
2.3251309842519685
0
LINE
8
BLACK
6
CONTINUOUS
10
0.2723921653543307
20
2.3251309842519685
11
0.2667322834645669
21
2.3210188188976377
0
LINE
8
BLACK
6
CONTINUOUS
10
0.2667322834645669
20
2.3210188188976377
11
0.2603411023622047
21
2.3181733070866142
0
LINE
8
BLACK
6
CONTINUOUS
10
0.2603411023622047
20
2.3181733070866142
11
0.2534979921259842
21
2.3167187401574805
0
LINE
8
BLACK
6
CONTINUOUS
10
0.2534979921259842
20
2.3167187401574805
11
0.2465020078740157
21
2.3167187401574805
0
LINE
8
BLACK
6
CONTINUOUS
10
0.2465020078740157
20
2.3167187401574805
11
0.2396588976377953
21
2.3181733070866142
0
LINE
8
BLACK
6
CONTINUOUS
10
0.2396588976377953
20
2.3181733070866142
11
0.2332677165354331
21
2.3210188188976377
0
LINE
8
BLACK
6
CONTINUOUS
10
0.2332677165354331
20
2.3210188188976377
11
0.2276078346456693
21
2.3251309842519685
0
LINE
8
BLACK
6
CONTINUOUS
10
0.2276078346456693
20
2.3251309842519685
11
0.2229266141732283
21
2.3303300393700788
0
LINE
8
BLACK
6
CONTINUOUS
10
0.2229266141732283
20
2.3303300393700788
11
0.2194285826771654
21
2.3363887401574801
0
LINE
8
BLACK
6
CONTINUOUS
10
0.2194285826771654
20
2.3363887401574801
11
0.2172667322834646
21
2.3430423228346458
0
LINE
8
BLACK
6
CONTINUOUS
10
0.2172667322834646
20
2.3430423228346458
11
0.2165354330708661
21
2.3500000000000001
0
LINE
8
BLACK
6
CONTINUOUS
10
0.2165354330708661
20
2.3500000000000001
11
0.2172667322834646
21
2.3569576771653544
0
LINE
8
BLACK
6
CONTINUOUS
10
0.2172667322834646
20
2.3569576771653544
11
0.2194285826771654
21
2.3636112598425196
0
LINE
8
BLACK
6
CONTINUOUS
10
0.2194285826771654
20
2.3636112598425196
11
0.2229266141732283
21
2.3696699606299214
0
LINE
8
BLACK
6
CONTINUOUS
10
0.2229266141732283
20
2.3696699606299214
11
0.2276078346456693
21
2.3748690157480312
0
LINE
8
BLACK
6
CONTINUOUS
10
0.2276078346456693
20
2.3748690157480312
11
0.2332677165354331
21
2.378981181102362
0
LINE
8
BLACK
6
CONTINUOUS
10
0.2332677165354331
20
2.378981181102362
11
0.2396588976377953
21
2.3818266929133856
0
LINE
8
BLACK
6
CONTINUOUS
10
0.2396588976377953
20
2.3818266929133856
11
0.2465020078740157
21
2.3832812598425197
0
LINE
8
BLACK
6
CONTINUOUS
10
0.2465020078740157
20
2.3832812598425197
11
0.2534979921259842
21
2.3832812598425197
0
LINE
8
BLACK
6
CONTINUOUS
10
0.2534979921259842
20
2.3832812598425197
11
0.2603411023622047
21
2.3818266929133856
0
LINE
8
BLACK
6
CONTINUOUS
10
1.760144251968504
20
2.3818266929133856
11
1.766535433070866
21
2.378981181102362
0
LINE
8
BLACK
6
CONTINUOUS
10
1.766535433070866
20
2.378981181102362
11
1.77219531496063
21
2.3748690157480312
0
LINE
8
BLACK
6
CONTINUOUS
10
1.77219531496063
20
2.3748690157480312
11
1.7768765354330709
21
2.3696699606299214
0
LINE
8
BLACK
6
CONTINUOUS
10
1.7768765354330709
20
2.3696699606299214
11
1.7803745669291338
21
2.3636112598425196
0
LINE
8
BLACK
6
CONTINUOUS
10
1.7803745669291338
20
2.3636112598425196
11
1.7825364173228346
21
2.3569576771653544
0
LINE
8
BLACK
6
CONTINUOUS
10
1.7825364173228346
20
2.3569576771653544
11
1.7832677165354329
21
2.3500000000000001
0
LINE
8
BLACK
6
CONTINUOUS
10
1.7832677165354329
20
2.3500000000000001
11
1.7825364173228346
21
2.3430423228346458
0
LINE
8
BLACK
6
CONTINUOUS
10
1.7825364173228346
20
2.3430423228346458
11
1.7803745669291338
21
2.3363887401574801
0
LINE
8
BLACK
6
CONTINUOUS
10
1.7803745669291338
20
2.3363887401574801
11
1.7768765354330709
21
2.3303300393700788
0
LINE
8
BLACK
6
CONTINUOUS
10
1.7768765354330709
20
2.3303300393700788
11
1.77219531496063
21
2.3251309842519685
0
LINE
8
BLACK
6
CONTINUOUS
10
1.77219531496063
20
2.3251309842519685
11
1.766535433070866
21
2.3210188188976377
0
LINE
8
BLACK
6
CONTINUOUS
10
1.766535433070866
20
2.3210188188976377
11
1.760144251968504
21
2.3181733070866142
0
LINE
8
BLACK
6
CONTINUOUS
10
1.760144251968504
20
2.3181733070866142
11
1.7533011417322835
21
2.3167187401574805
0
LINE
8
BLACK
6
CONTINUOUS
10
1.7533011417322835
20
2.3167187401574805
11
1.746305157480315
21
2.3167187401574805
0
LINE
8
BLACK
6
CONTINUOUS
10
1.746305157480315
20
2.3167187401574805
11
1.7394620472440945
21
2.3181733070866142
0
LINE
8
BLACK
6
CONTINUOUS
10
1.7394620472440945
20
2.3181733070866142
11
1.7330708661417322
21
2.3210188188976377
0
LINE
8
BLACK
6
CONTINUOUS
10
1.7330708661417322
20
2.3210188188976377
11
1.7274109842519685
21
2.3251309842519685
0
LINE
8
BLACK
6
CONTINUOUS
10
1.7274109842519685
20
2.3251309842519685
11
1.7227297637795276
21
2.3303300393700788
0
LINE
8
BLACK
6
CONTINUOUS
10
1.7227297637795276
20
2.3303300393700788
11
1.7192317322834645
21
2.3363887401574801
0
LINE
8
BLACK
6
CONTINUOUS
10
1.7192317322834645
20
2.3363887401574801
11
1.7170698818897638
21
2.3430423228346458
0
LINE
8
BLACK
6
CONTINUOUS
10
1.7170698818897638
20
2.3430423228346458
11
1.7163385826771653
21
2.3500000000000001
0
LINE
8
BLACK
6
CONTINUOUS
10
1.7163385826771653
20
2.3500000000000001
11
1.7170698818897638
21
2.3569576771653544
0
LINE
8
BLACK
6
CONTINUOUS
10
1.7170698818897638
20
2.3569576771653544
11
1.7192317322834645
21
2.3636112598425196
0
LINE
8
BLACK
6
CONTINUOUS
10
1.7192317322834645
20
2.3636112598425196
11
1.7227297637795276
21
2.3696699606299214
0
LINE
8
BLACK
6
CONTINUOUS
10
1.7227297637795276
20
2.3696699606299214
11
1.7274109842519685
21
2.3748690157480312
0
LINE
8
BLACK
6
CONTINUOUS
10
1.7274109842519685
20
2.3748690157480312
11
1.7330708661417322
21
2.378981181102362
0
LINE
8
BLACK
6
CONTINUOUS
10
1.7330708661417322
20
2.378981181102362
11
1.7394620472440945
21
2.3818266929133856
0
LINE
8
BLACK
6
CONTINUOUS
10
1.7394620472440945
20
2.3818266929133856
11
1.746305157480315
21
2.3832812598425197
0
LINE
8
BLACK
6
CONTINUOUS
10
1.746305157480315
20
2.3832812598425197
11
1.7533011417322835
21
2.3832812598425197
0
LINE
8
BLACK
6
CONTINUOUS
10
1.7533011417322835
20
2.3832812598425197
11
1.760144251968504
21
2.3818266929133856
0
LINE
8
BLACK
6
CONTINUOUS
10
1.8601442519685039
20
2.3818266929133856
11
1.8665354330708661
21
2.378981181102362
0
LINE
8
BLACK
6
CONTINUOUS
10
1.8665354330708661
20
2.378981181102362
11
1.8721953149606299
21
2.3748690157480312
0
LINE
8
BLACK
6
CONTINUOUS
10
1.8721953149606299
20
2.3748690157480312
11
1.8768765354330708
21
2.3696699606299214
0
LINE
8
BLACK
6
CONTINUOUS
10
1.8768765354330708
20
2.3696699606299214
11
1.8803745669291339
21
2.3636112598425196
0
LINE
8
BLACK
6
CONTINUOUS
10
1.8803745669291339
20
2.3636112598425196
11
1.8825364173228345
21
2.3569576771653544
0
LINE
8
BLACK
6
CONTINUOUS
10
1.8825364173228345
20
2.3569576771653544
11
1.883267716535433
21
2.3500000000000001
0
LINE
8
BLACK
6
CONTINUOUS
10
1.883267716535433
20
2.3500000000000001
11
1.8825364173228345
21
2.3430423228346458
0
LINE
8
BLACK
6
CONTINUOUS
10
1.8825364173228345
20
2.3430423228346458
11
1.8803745669291339
21
2.3363887401574801
0
LINE
8
BLACK
6
CONTINUOUS
10
1.8803745669291339
20
2.3363887401574801
11
1.8768765354330708
21
2.3303300393700788
0
LINE
8
BLACK
6
CONTINUOUS
10
1.8768765354330708
20
2.3303300393700788
11
1.8721953149606299
21
2.3251309842519685
0
LINE
8
BLACK
6
CONTINUOUS
10
1.8721953149606299
20
2.3251309842519685
11
1.8665354330708661
21
2.3210188188976377
0
LINE
8
BLACK
6
CONTINUOUS
10
1.8665354330708661
20
2.3210188188976377
11
1.8601442519685039
21
2.3181733070866142
0
LINE
8
BLACK
6
CONTINUOUS
10
1.8601442519685039
20
2.3181733070866142
11
1.8533011417322833
21
2.3167187401574805
0
LINE
8
BLACK
6
CONTINUOUS
10
1.8533011417322833
20
2.3167187401574805
11
1.8463051574803149
21
2.3167187401574805
0
LINE
8
BLACK
6
CONTINUOUS
10
1.8463051574803149
20
2.3167187401574805
11
1.8394620472440943
21
2.3181733070866142
0
LINE
8
BLACK
6
CONTINUOUS
10
1.8394620472440943
20
2.3181733070866142
11
1.8330708661417323
21
2.3210188188976377
0
LINE
8
BLACK
6
CONTINUOUS
10
1.8330708661417323
20
2.3210188188976377
11
1.8274109842519686
21
2.3251309842519685
0
LINE
8
BLACK
6
CONTINUOUS
10
1.8274109842519686
20
2.3251309842519685
11
1.8227297637795274
21
2.3303300393700788
0
LINE
8
BLACK
6
CONTINUOUS
10
1.8227297637795274
20
2.3303300393700788
11
1.8192317322834646
21
2.3363887401574801
0
LINE
8
BLACK
6
CONTINUOUS
10
1.8192317322834646
20
2.3363887401574801
11
1.8170698818897637
21
2.3430423228346458
0
LINE
8
BLACK
6
CONTINUOUS
10
1.8170698818897637
20
2.3430423228346458
11
1.8163385826771654
21
2.3500000000000001
0
LINE
8
BLACK
6
CONTINUOUS
10
1.8163385826771654
20
2.3500000000000001
11
1.8170698818897637
21
2.3569576771653544
0
LINE
8
BLACK
6
CONTINUOUS
10
1.8170698818897637
20
2.3569576771653544
11
1.8192317322834646
21
2.3636112598425196
0
LINE
8
BLACK
6
CONTINUOUS
10
1.8192317322834646
20
2.3636112598425196
11
1.8227297637795274
21
2.3696699606299214
0
LINE
8
BLACK
6
CONTINUOUS
10
1.8227297637795274
20
2.3696699606299214
11
1.8274109842519686
21
2.3748690157480312
0
LINE
8
BLACK
6
CONTINUOUS
10
1.8274109842519686
20
2.3748690157480312
11
1.8330708661417323
21
2.378981181102362
0
LINE
8
BLACK
6
CONTINUOUS
10
1.8330708661417323
20
2.378981181102362
11
1.8394620472440943
21
2.3818266929133856
0
LINE
8
BLACK
6
CONTINUOUS
10
1.8394620472440943
20
2.3818266929133856
11
1.8463051574803149
21
2.3832812598425197
0
LINE
8
BLACK
6
CONTINUOUS
10
1.8463051574803149
20
2.3832812598425197
11
1.8533011417322833
21
2.3832812598425197
0
LINE
8
BLACK
6
CONTINUOUS
10
1.8533011417322833
20
2.3832812598425197
11
1.8601442519685039
21
2.3818266929133856
0
LINE
8
BLACK
6
CONTINUOUS
10
1.7832677165354329
20
2.4165354330708659
11
1.7163385826771653
21
2.4165354330708659
0
LINE
8
BLACK
6
CONTINUOUS
10
1.7163385826771653
20
2.4165354330708659
11
1.7163385826771653
21
2.483464566929134
0
LINE
8
BLACK
6
CONTINUOUS
10
1.7163385826771653
20
2.483464566929134
11
1.7832677165354329
21
2.483464566929134
0
LINE
8
BLACK
6
CONTINUOUS
10
1.7832677165354329
20
2.483464566929134
11
1.7832677165354329
21
2.4165354330708659
0
LINE
8
BLACK
6
CONTINUOUS
10
0.1603411023622047
20
2.4818266929133856
11
0.1667322834645669
21
2.4789811811023621
0
LINE
8
BLACK
6
CONTINUOUS
10
0.1667322834645669
20
2.4789811811023621
11
0.1723921653543307
21
2.4748690157480313
0
LINE
8
BLACK
6
CONTINUOUS
10
0.1723921653543307
20
2.4748690157480313
11
0.1770733858267717
21
2.4696699606299211
0
LINE
8
BLACK
6
CONTINUOUS
10
0.1770733858267717
20
2.4696699606299211
11
0.1805714173228346
21
2.4636112598425197
0
LINE
8
BLACK
6
CONTINUOUS
10
0.1805714173228346
20
2.4636112598425197
11
0.1827332677165354
21
2.4569576771653541
0
LINE
8
BLACK
6
CONTINUOUS
10
0.1827332677165354
20
2.4569576771653541
11
0.1834645669291338
21
2.4499999999999997
0
LINE
8
BLACK
6
CONTINUOUS
10
0.1834645669291338
20
2.4499999999999997
11
0.1827332677165354
21
2.4430423228346454
0
LINE
8
BLACK
6
CONTINUOUS
10
0.1827332677165354
20
2.4430423228346454
11
0.1805714173228346
21
2.4363887401574802
0
LINE
8
BLACK
6
CONTINUOUS
10
0.1805714173228346
20
2.4363887401574802
11
0.1770733858267717
21
2.4303300393700789
0
LINE
8
BLACK
6
CONTINUOUS
10
0.1770733858267717
20
2.4303300393700789
11
0.1723921653543307
21
2.4251309842519686
0
LINE
8
BLACK
6
CONTINUOUS
10
0.1723921653543307
20
2.4251309842519686
11
0.1667322834645669
21
2.4210188188976378
0
LINE
8
BLACK
6
CONTINUOUS
10
0.1667322834645669
20
2.4210188188976378
11
0.1603411023622047
21
2.4181733070866143
0
LINE
8
BLACK
6
CONTINUOUS
10
0.1603411023622047
20
2.4181733070866143
11
0.1534979921259843
21
2.4167187401574801
0
LINE
8
BLACK
6
CONTINUOUS
10
0.1534979921259843
20
2.4167187401574801
11
0.1465020078740157
21
2.4167187401574801
0
LINE
8
BLACK
6
CONTINUOUS
10
0.1465020078740157
20
2.4167187401574801
11
0.1396588976377953
21
2.4181733070866143
0
LINE
8
BLACK
6
CONTINUOUS
10
0.1396588976377953
20
2.4181733070866143
11
0.1332677165354331
21
2.4210188188976378
0
LINE
8
BLACK
6
CONTINUOUS
10
0.1332677165354331
20
2.4210188188976378
11
0.1276078346456693
21
2.4251309842519686
0
LINE
8
BLACK
6
CONTINUOUS
10
0.1276078346456693
20
2.4251309842519686
11
0.1229266141732283
21
2.4303300393700789
0
LINE
8
BLACK
6
CONTINUOUS
10
0.1229266141732283
20
2.4303300393700789
11
0.1194285826771654
21
2.4363887401574802
0
LINE
8
BLACK
6
CONTINUOUS
10
0.1194285826771654
20
2.4363887401574802
11
0.1172667322834646
21
2.4430423228346454
0
LINE
8
BLACK
6
CONTINUOUS
10
0.1172667322834646
20
2.4430423228346454
11
0.1165354330708661
21
2.4499999999999997
0
LINE
8
BLACK
6
CONTINUOUS
10
0.1165354330708661
20
2.4499999999999997
11
0.1172667322834646
21
2.4569576771653541
0
LINE
8
BLACK
6
CONTINUOUS
10
0.1172667322834646
20
2.4569576771653541
11
0.1194285826771654
21
2.4636112598425197
0
LINE
8
BLACK
6
CONTINUOUS
10
0.1194285826771654
20
2.4636112598425197
11
0.1229266141732283
21
2.4696699606299211
0
LINE
8
BLACK
6
CONTINUOUS
10
0.1229266141732283
20
2.4696699606299211
11
0.1276078346456693
21
2.4748690157480313
0
LINE
8
BLACK
6
CONTINUOUS
10
0.1276078346456693
20
2.4748690157480313
11
0.1332677165354331
21
2.4789811811023621
0
LINE
8
BLACK
6
CONTINUOUS
10
0.1332677165354331
20
2.4789811811023621
11
0.1396588976377953
21
2.4818266929133856
0
LINE
8
BLACK
6
CONTINUOUS
10
0.1396588976377953
20
2.4818266929133856
11
0.1465020078740157
21
2.4832812598425198
0
LINE
8
BLACK
6
CONTINUOUS
10
0.1465020078740157
20
2.4832812598425198
11
0.1534979921259843
21
2.4832812598425198
0
LINE
8
BLACK
6
CONTINUOUS
10
0.1534979921259843
20
2.4832812598425198
11
0.1603411023622047
21
2.4818266929133856
0
LINE
8
BLACK
6
CONTINUOUS
10
0.2603411023622047
20
2.4818266929133856
11
0.2667322834645669
21
2.4789811811023621
0
LINE
8
BLACK
6
CONTINUOUS
10
0.2667322834645669
20
2.4789811811023621
11
0.2723921653543307
21
2.4748690157480313
0
LINE
8
BLACK
6
CONTINUOUS
10
0.2723921653543307
20
2.4748690157480313
11
0.2770733858267717
21
2.4696699606299211
0
LINE
8
BLACK
6
CONTINUOUS
10
0.2770733858267717
20
2.4696699606299211
11
0.2805714173228346
21
2.4636112598425197
0
LINE
8
BLACK
6
CONTINUOUS
10
0.2805714173228346
20
2.4636112598425197
11
0.2827332677165355
21
2.4569576771653541
0
LINE
8
BLACK
6
CONTINUOUS
10
0.2827332677165355
20
2.4569576771653541
11
0.2834645669291339
21
2.4499999999999997
0
LINE
8
BLACK
6
CONTINUOUS
10
0.2834645669291339
20
2.4499999999999997
11
0.2827332677165355
21
2.4430423228346454
0
LINE
8
BLACK
6
CONTINUOUS
10
0.2827332677165355
20
2.4430423228346454
11
0.2805714173228346
21
2.4363887401574802
0
LINE
8
BLACK
6
CONTINUOUS
10
0.2805714173228346
20
2.4363887401574802
11
0.2770733858267717
21
2.4303300393700789
0
LINE
8
BLACK
6
CONTINUOUS
10
0.2770733858267717
20
2.4303300393700789
11
0.2723921653543307
21
2.4251309842519686
0
LINE
8
BLACK
6
CONTINUOUS
10
0.2723921653543307
20
2.4251309842519686
11
0.2667322834645669
21
2.4210188188976378
0
LINE
8
BLACK
6
CONTINUOUS
10
0.2667322834645669
20
2.4210188188976378
11
0.2603411023622047
21
2.4181733070866143
0
LINE
8
BLACK
6
CONTINUOUS
10
0.2603411023622047
20
2.4181733070866143
11
0.2534979921259842
21
2.4167187401574801
0
LINE
8
BLACK
6
CONTINUOUS
10
0.2534979921259842
20
2.4167187401574801
11
0.2465020078740157
21
2.4167187401574801
0
LINE
8
BLACK
6
CONTINUOUS
10
0.2465020078740157
20
2.4167187401574801
11
0.2396588976377953
21
2.4181733070866143
0
LINE
8
BLACK
6
CONTINUOUS
10
0.2396588976377953
20
2.4181733070866143
11
0.2332677165354331
21
2.4210188188976378
0
LINE
8
BLACK
6
CONTINUOUS
10
0.2332677165354331
20
2.4210188188976378
11
0.2276078346456693
21
2.4251309842519686
0
LINE
8
BLACK
6
CONTINUOUS
10
0.2276078346456693
20
2.4251309842519686
11
0.2229266141732283
21
2.4303300393700789
0
LINE
8
BLACK
6
CONTINUOUS
10
0.2229266141732283
20
2.4303300393700789
11
0.2194285826771654
21
2.4363887401574802
0
LINE
8
BLACK
6
CONTINUOUS
10
0.2194285826771654
20
2.4363887401574802
11
0.2172667322834646
21
2.4430423228346454
0
LINE
8
BLACK
6
CONTINUOUS
10
0.2172667322834646
20
2.4430423228346454
11
0.2165354330708661
21
2.4499999999999997
0
LINE
8
BLACK
6
CONTINUOUS
10
0.2165354330708661
20
2.4499999999999997
11
0.2172667322834646
21
2.4569576771653541
0
LINE
8
BLACK
6
CONTINUOUS
10
0.2172667322834646
20
2.4569576771653541
11
0.2194285826771654
21
2.4636112598425197
0
LINE
8
BLACK
6
CONTINUOUS
10
0.2194285826771654
20
2.4636112598425197
11
0.2229266141732283
21
2.4696699606299211
0
LINE
8
BLACK
6
CONTINUOUS
10
0.2229266141732283
20
2.4696699606299211
11
0.2276078346456693
21
2.4748690157480313
0
LINE
8
BLACK
6
CONTINUOUS
10
0.2276078346456693
20
2.4748690157480313
11
0.2332677165354331
21
2.4789811811023621
0
LINE
8
BLACK
6
CONTINUOUS
10
0.2332677165354331
20
2.4789811811023621
11
0.2396588976377953
21
2.4818266929133856
0
LINE
8
BLACK
6
CONTINUOUS
10
0.2396588976377953
20
2.4818266929133856
11
0.2465020078740157
21
2.4832812598425198
0
LINE
8
BLACK
6
CONTINUOUS
10
0.2465020078740157
20
2.4832812598425198
11
0.2534979921259842
21
2.4832812598425198
0
LINE
8
BLACK
6
CONTINUOUS
10
0.2534979921259842
20
2.4832812598425198
11
0.2603411023622047
21
2.4818266929133856
0
LINE
8
BLACK
6
CONTINUOUS
10
1.8601442519685039
20
2.4818266929133856
11
1.8665354330708661
21
2.4789811811023621
0
LINE
8
BLACK
6
CONTINUOUS
10
1.8665354330708661
20
2.4789811811023621
11
1.8721953149606299
21
2.4748690157480313
0
LINE
8
BLACK
6
CONTINUOUS
10
1.8721953149606299
20
2.4748690157480313
11
1.8768765354330708
21
2.4696699606299211
0
LINE
8
BLACK
6
CONTINUOUS
10
1.8768765354330708
20
2.4696699606299211
11
1.8803745669291339
21
2.4636112598425197
0
LINE
8
BLACK
6
CONTINUOUS
10
1.8803745669291339
20
2.4636112598425197
11
1.8825364173228345
21
2.4569576771653541
0
LINE
8
BLACK
6
CONTINUOUS
10
1.8825364173228345
20
2.4569576771653541
11
1.883267716535433
21
2.4499999999999997
0
LINE
8
BLACK
6
CONTINUOUS
10
1.883267716535433
20
2.4499999999999997
11
1.8825364173228345
21
2.4430423228346454
0
LINE
8
BLACK
6
CONTINUOUS
10
1.8825364173228345
20
2.4430423228346454
11
1.8803745669291339
21
2.4363887401574802
0
LINE
8
BLACK
6
CONTINUOUS
10
1.8803745669291339
20
2.4363887401574802
11
1.8768765354330708
21
2.4303300393700789
0
LINE
8
BLACK
6
CONTINUOUS
10
1.8768765354330708
20
2.4303300393700789
11
1.8721953149606299
21
2.4251309842519686
0
LINE
8
BLACK
6
CONTINUOUS
10
1.8721953149606299
20
2.4251309842519686
11
1.8665354330708661
21
2.4210188188976378
0
LINE
8
BLACK
6
CONTINUOUS
10
1.8665354330708661
20
2.4210188188976378
11
1.8601442519685039
21
2.4181733070866143
0
LINE
8
BLACK
6
CONTINUOUS
10
1.8601442519685039
20
2.4181733070866143
11
1.8533011417322833
21
2.4167187401574801
0
LINE
8
BLACK
6
CONTINUOUS
10
1.8533011417322833
20
2.4167187401574801
11
1.8463051574803149
21
2.4167187401574801
0
LINE
8
BLACK
6
CONTINUOUS
10
1.8463051574803149
20
2.4167187401574801
11
1.8394620472440943
21
2.4181733070866143
0
LINE
8
BLACK
6
CONTINUOUS
10
1.8394620472440943
20
2.4181733070866143
11
1.8330708661417323
21
2.4210188188976378
0
LINE
8
BLACK
6
CONTINUOUS
10
1.8330708661417323
20
2.4210188188976378
11
1.8274109842519686
21
2.4251309842519686
0
LINE
8
BLACK
6
CONTINUOUS
10
1.8274109842519686
20
2.4251309842519686
11
1.8227297637795274
21
2.4303300393700789
0
LINE
8
BLACK
6
CONTINUOUS
10
1.8227297637795274
20
2.4303300393700789
11
1.8192317322834646
21
2.4363887401574802
0
LINE
8
BLACK
6
CONTINUOUS
10
1.8192317322834646
20
2.4363887401574802
11
1.8170698818897637
21
2.4430423228346454
0
LINE
8
BLACK
6
CONTINUOUS
10
1.8170698818897637
20
2.4430423228346454
11
1.8163385826771654
21
2.4499999999999997
0
LINE
8
BLACK
6
CONTINUOUS
10
1.8163385826771654
20
2.4499999999999997
11
1.8170698818897637
21
2.4569576771653541
0
LINE
8
BLACK
6
CONTINUOUS
10
1.8170698818897637
20
2.4569576771653541
11
1.8192317322834646
21
2.4636112598425197
0
LINE
8
BLACK
6
CONTINUOUS
10
1.8192317322834646
20
2.4636112598425197
11
1.8227297637795274
21
2.4696699606299211
0
LINE
8
BLACK
6
CONTINUOUS
10
1.8227297637795274
20
2.4696699606299211
11
1.8274109842519686
21
2.4748690157480313
0
LINE
8
BLACK
6
CONTINUOUS
10
1.8274109842519686
20
2.4748690157480313
11
1.8330708661417323
21
2.4789811811023621
0
LINE
8
BLACK
6
CONTINUOUS
10
1.8330708661417323
20
2.4789811811023621
11
1.8394620472440943
21
2.4818266929133856
0
LINE
8
BLACK
6
CONTINUOUS
10
1.8394620472440943
20
2.4818266929133856
11
1.8463051574803149
21
2.4832812598425198
0
LINE
8
BLACK
6
CONTINUOUS
10
1.8463051574803149
20
2.4832812598425198
11
1.8533011417322833
21
2.4832812598425198
0
LINE
8
BLACK
6
CONTINUOUS
10
1.8533011417322833
20
2.4832812598425198
11
1.8601442519685039
21
2.4818266929133856
0
LINE
8
BLACK
6
CONTINUOUS
10
0.2834645669291339
20
2.766535433070866
11
0.2165354330708661
21
2.766535433070866
0
LINE
8
BLACK
6
CONTINUOUS
10
0.2165354330708661
20
2.766535433070866
11
0.2165354330708661
21
2.8334645669291336
0
LINE
8
BLACK
6
CONTINUOUS
10
0.2165354330708661
20
2.8334645669291336
11
0.2834645669291339
21
2.8334645669291336
0
LINE
8
BLACK
6
CONTINUOUS
10
0.2834645669291339
20
2.8334645669291336
11
0.2834645669291339
21
2.766535433070866
0
LINE
8
BLACK
6
CONTINUOUS
10
0.3603411023622047
20
2.8318266929133857
11
0.3667322834645669
21
2.8289811811023622
0
LINE
8
BLACK
6
CONTINUOUS
10
0.3667322834645669
20
2.8289811811023622
11
0.3723921653543307
21
2.8248690157480314
0
LINE
8
BLACK
6
CONTINUOUS
10
0.3723921653543307
20
2.8248690157480314
11
0.3770733858267716
21
2.8196699606299211
0
LINE
8
BLACK
6
CONTINUOUS
10
0.3770733858267716
20
2.8196699606299211
11
0.3805714173228346
21
2.8136112598425198
0
LINE
8
BLACK
6
CONTINUOUS
10
0.3805714173228346
20
2.8136112598425198
11
0.3827332677165354
21
2.8069576771653542
0
LINE
8
BLACK
6
CONTINUOUS
10
0.3827332677165354
20
2.8069576771653542
11
0.3834645669291338
21
2.7999999999999998
0
LINE
8
BLACK
6
CONTINUOUS
10
0.3834645669291338
20
2.7999999999999998
11
0.3827332677165354
21
2.7930423228346455
0
LINE
8
BLACK
6
CONTINUOUS
10
0.3827332677165354
20
2.7930423228346455
11
0.3805714173228346
21
2.7863887401574803
0
LINE
8
BLACK
6
CONTINUOUS
10
0.3805714173228346
20
2.7863887401574803
11
0.3770733858267716
21
2.7803300393700785
0
LINE
8
BLACK
6
CONTINUOUS
10
0.3770733858267716
20
2.7803300393700785
11
0.3723921653543307
21
2.7751309842519682
0
LINE
8
BLACK
6
CONTINUOUS
10
0.3723921653543307
20
2.7751309842519682
11
0.3667322834645669
21
2.7710188188976379
0
LINE
8
BLACK
6
CONTINUOUS
10
0.3667322834645669
20
2.7710188188976379
11
0.3603411023622047
21
2.7681733070866139
0
LINE
8
BLACK
6
CONTINUOUS
10
0.3603411023622047
20
2.7681733070866139
11
0.3534979921259843
21
2.7667187401574802
0
LINE
8
BLACK
6
CONTINUOUS
10
0.3534979921259843
20
2.7667187401574802
11
0.3465020078740157
21
2.7667187401574802
0
LINE
8
BLACK
6
CONTINUOUS
10
0.3465020078740157
20
2.7667187401574802
11
0.3396588976377953
21
2.7681733070866139
0
LINE
8
BLACK
6
CONTINUOUS
10
0.3396588976377953
20
2.7681733070866139
11
0.3332677165354331
21
2.7710188188976379
0
LINE
8
BLACK
6
CONTINUOUS
10
0.3332677165354331
20
2.7710188188976379
11
0.3276078346456693
21
2.7751309842519682
0
LINE
8
BLACK
6
CONTINUOUS
10
0.3276078346456693
20
2.7751309842519682
11
0.3229266141732283
21
2.7803300393700785
0
LINE
8
BLACK
6
CONTINUOUS
10
0.3229266141732283
20
2.7803300393700785
11
0.3194285826771653
21
2.7863887401574803
0
LINE
8
BLACK
6
CONTINUOUS
10
0.3194285826771653
20
2.7863887401574803
11
0.3172667322834646
21
2.7930423228346455
0
LINE
8
BLACK
6
CONTINUOUS
10
0.3172667322834646
20
2.7930423228346455
11
0.3165354330708661
21
2.7999999999999998
0
LINE
8
BLACK
6
CONTINUOUS
10
0.3165354330708661
20
2.7999999999999998
11
0.3172667322834646
21
2.8069576771653542
0
LINE
8
BLACK
6
CONTINUOUS
10
0.3172667322834646
20
2.8069576771653542
11
0.3194285826771653
21
2.8136112598425198
0
LINE
8
BLACK
6
CONTINUOUS
10
0.3194285826771653
20
2.8136112598425198
11
0.3229266141732283
21
2.8196699606299211
0
LINE
8
BLACK
6
CONTINUOUS
10
0.3229266141732283
20
2.8196699606299211
11
0.3276078346456693
21
2.8248690157480314
0
LINE
8
BLACK
6
CONTINUOUS
10
0.3276078346456693
20
2.8248690157480314
11
0.3332677165354331
21
2.8289811811023622
0
LINE
8
BLACK
6
CONTINUOUS
10
0.3332677165354331
20
2.8289811811023622
11
0.3396588976377953
21
2.8318266929133857
0
LINE
8
BLACK
6
CONTINUOUS
10
0.3396588976377953
20
2.8318266929133857
11
0.3465020078740157
21
2.8332812598425194
0
LINE
8
BLACK
6
CONTINUOUS
10
0.3465020078740157
20
2.8332812598425194
11
0.3534979921259843
21
2.8332812598425194
0
LINE
8
BLACK
6
CONTINUOUS
10
0.3534979921259843
20
2.8332812598425194
11
0.3603411023622047
21
2.8318266929133857
0
LINE
8
BLACK
6
CONTINUOUS
10
0.4603411023622047
20
2.8318266929133857
11
0.4667322834645669
21
2.8289811811023622
0
LINE
8
BLACK
6
CONTINUOUS
10
0.4667322834645669
20
2.8289811811023622
11
0.4723921653543307
21
2.8248690157480314
0
LINE
8
BLACK
6
CONTINUOUS
10
0.4723921653543307
20
2.8248690157480314
11
0.4770733858267717
21
2.8196699606299211
0
LINE
8
BLACK
6
CONTINUOUS
10
0.4770733858267717
20
2.8196699606299211
11
0.4805714173228346
21
2.8136112598425198
0
LINE
8
BLACK
6
CONTINUOUS
10
0.4805714173228346
20
2.8136112598425198
11
0.4827332677165354
21
2.8069576771653542
0
LINE
8
BLACK
6
CONTINUOUS
10
0.4827332677165354
20
2.8069576771653542
11
0.4834645669291339
21
2.7999999999999998
0
LINE
8
BLACK
6
CONTINUOUS
10
0.4834645669291339
20
2.7999999999999998
11
0.4827332677165354
21
2.7930423228346455
0
LINE
8
BLACK
6
CONTINUOUS
10
0.4827332677165354
20
2.7930423228346455
11
0.4805714173228346
21
2.7863887401574803
0
LINE
8
BLACK
6
CONTINUOUS
10
0.4805714173228346
20
2.7863887401574803
11
0.4770733858267717
21
2.7803300393700785
0
LINE
8
BLACK
6
CONTINUOUS
10
0.4770733858267717
20
2.7803300393700785
11
0.4723921653543307
21
2.7751309842519682
0
LINE
8
BLACK
6
CONTINUOUS
10
0.4723921653543307
20
2.7751309842519682
11
0.4667322834645669
21
2.7710188188976379
0
LINE
8
BLACK
6
CONTINUOUS
10
0.4667322834645669
20
2.7710188188976379
11
0.4603411023622047
21
2.7681733070866139
0
LINE
8
BLACK
6
CONTINUOUS
10
0.4603411023622047
20
2.7681733070866139
11
0.4534979921259842
21
2.7667187401574802
0
LINE
8
BLACK
6
CONTINUOUS
10
0.4534979921259842
20
2.7667187401574802
11
0.4465020078740157
21
2.7667187401574802
0
LINE
8
BLACK
6
CONTINUOUS
10
0.4465020078740157
20
2.7667187401574802
11
0.4396588976377953
21
2.7681733070866139
0
LINE
8
BLACK
6
CONTINUOUS
10
0.4396588976377953
20
2.7681733070866139
11
0.4332677165354331
21
2.7710188188976379
0
LINE
8
BLACK
6
CONTINUOUS
10
0.4332677165354331
20
2.7710188188976379
11
0.4276078346456693
21
2.7751309842519682
0
LINE
8
BLACK
6
CONTINUOUS
10
0.4276078346456693
20
2.7751309842519682
11
0.4229266141732284
21
2.7803300393700785
0
LINE
8
BLACK
6
CONTINUOUS
10
0.4229266141732284
20
2.7803300393700785
11
0.4194285826771653
21
2.7863887401574803
0
LINE
8
BLACK
6
CONTINUOUS
10
0.4194285826771653
20
2.7863887401574803
11
0.4172667322834646
21
2.7930423228346455
0
LINE
8
BLACK
6
CONTINUOUS
10
0.4172667322834646
20
2.7930423228346455
11
0.4165354330708662
21
2.7999999999999998
0
LINE
8
BLACK
6
CONTINUOUS
10
0.4165354330708662
20
2.7999999999999998
11
0.4172667322834646
21
2.8069576771653542
0
LINE
8
BLACK
6
CONTINUOUS
10
0.4172667322834646
20
2.8069576771653542
11
0.4194285826771653
21
2.8136112598425198
0
LINE
8
BLACK
6
CONTINUOUS
10
0.4194285826771653
20
2.8136112598425198
11
0.4229266141732284
21
2.8196699606299211
0
LINE
8
BLACK
6
CONTINUOUS
10
0.4229266141732284
20
2.8196699606299211
11
0.4276078346456693
21
2.8248690157480314
0
LINE
8
BLACK
6
CONTINUOUS
10
0.4276078346456693
20
2.8248690157480314
11
0.4332677165354331
21
2.8289811811023622
0
LINE
8
BLACK
6
CONTINUOUS
10
0.4332677165354331
20
2.8289811811023622
11
0.4396588976377953
21
2.8318266929133857
0
LINE
8
BLACK
6
CONTINUOUS
10
0.4396588976377953
20
2.8318266929133857
11
0.4465020078740157
21
2.8332812598425194
0
LINE
8
BLACK
6
CONTINUOUS
10
0.4465020078740157
20
2.8332812598425194
11
0.4534979921259842
21
2.8332812598425194
0
LINE
8
BLACK
6
CONTINUOUS
10
0.4534979921259842
20
2.8332812598425194
11
0.4603411023622047
21
2.8318266929133857
0
LINE
8
BLACK
6
CONTINUOUS
10
0.5603411023622047
20
2.8318266929133857
11
0.5667322834645669
21
2.8289811811023622
0
LINE
8
BLACK
6
CONTINUOUS
10
0.5667322834645669
20
2.8289811811023622
11
0.5723921653543307
21
2.8248690157480314
0
LINE
8
BLACK
6
CONTINUOUS
10
0.5723921653543307
20
2.8248690157480314
11
0.5770733858267716
21
2.8196699606299211
0
LINE
8
BLACK
6
CONTINUOUS
10
0.5770733858267716
20
2.8196699606299211
11
0.5805714173228347
21
2.8136112598425198
0
LINE
8
BLACK
6
CONTINUOUS
10
0.5805714173228347
20
2.8136112598425198
11
0.5827332677165354
21
2.8069576771653542
0
LINE
8
BLACK
6
CONTINUOUS
10
0.5827332677165354
20
2.8069576771653542
11
0.5834645669291338
21
2.7999999999999998
0
LINE
8
BLACK
6
CONTINUOUS
10
0.5834645669291338
20
2.7999999999999998
11
0.5827332677165354
21
2.7930423228346455
0
LINE
8
BLACK
6
CONTINUOUS
10
0.5827332677165354
20
2.7930423228346455
11
0.5805714173228347
21
2.7863887401574803
0
LINE
8
BLACK
6
CONTINUOUS
10
0.5805714173228347
20
2.7863887401574803
11
0.5770733858267716
21
2.7803300393700785
0
LINE
8
BLACK
6
CONTINUOUS
10
0.5770733858267716
20
2.7803300393700785
11
0.5723921653543307
21
2.7751309842519682
0
LINE
8
BLACK
6
CONTINUOUS
10
0.5723921653543307
20
2.7751309842519682
11
0.5667322834645669
21
2.7710188188976379
0
LINE
8
BLACK
6
CONTINUOUS
10
0.5667322834645669
20
2.7710188188976379
11
0.5603411023622047
21
2.7681733070866139
0
LINE
8
BLACK
6
CONTINUOUS
10
0.5603411023622047
20
2.7681733070866139
11
0.5534979921259843
21
2.7667187401574802
0
LINE
8
BLACK
6
CONTINUOUS
10
0.5534979921259843
20
2.7667187401574802
11
0.5465020078740157
21
2.7667187401574802
0
LINE
8
BLACK
6
CONTINUOUS
10
0.5465020078740157
20
2.7667187401574802
11
0.5396588976377953
21
2.7681733070866139
0
LINE
8
BLACK
6
CONTINUOUS
10
0.5396588976377953
20
2.7681733070866139
11
0.533267716535433
21
2.7710188188976379
0
LINE
8
BLACK
6
CONTINUOUS
10
0.533267716535433
20
2.7710188188976379
11
0.5276078346456693
21
2.7751309842519682
0
LINE
8
BLACK
6
CONTINUOUS
10
0.5276078346456693
20
2.7751309842519682
11
0.5229266141732284
21
2.7803300393700785
0
LINE
8
BLACK
6
CONTINUOUS
10
0.5229266141732284
20
2.7803300393700785
11
0.5194285826771653
21
2.7863887401574803
0
LINE
8
BLACK
6
CONTINUOUS
10
0.5194285826771653
20
2.7863887401574803
11
0.5172667322834645
21
2.7930423228346455
0
LINE
8
BLACK
6
CONTINUOUS
10
0.5172667322834645
20
2.7930423228346455
11
0.5165354330708661
21
2.7999999999999998
0
LINE
8
BLACK
6
CONTINUOUS
10
0.5165354330708661
20
2.7999999999999998
11
0.5172667322834645
21
2.8069576771653542
0
LINE
8
BLACK
6
CONTINUOUS
10
0.5172667322834645
20
2.8069576771653542
11
0.5194285826771653
21
2.8136112598425198
0
LINE
8
BLACK
6
CONTINUOUS
10
0.5194285826771653
20
2.8136112598425198
11
0.5229266141732284
21
2.8196699606299211
0
LINE
8
BLACK
6
CONTINUOUS
10
0.5229266141732284
20
2.8196699606299211
11
0.5276078346456693
21
2.8248690157480314
0
LINE
8
BLACK
6
CONTINUOUS
10
0.5276078346456693
20
2.8248690157480314
11
0.533267716535433
21
2.8289811811023622
0
LINE
8
BLACK
6
CONTINUOUS
10
0.533267716535433
20
2.8289811811023622
11
0.5396588976377953
21
2.8318266929133857
0
LINE
8
BLACK
6
CONTINUOUS
10
0.5396588976377953
20
2.8318266929133857
11
0.5465020078740157
21
2.8332812598425194
0
LINE
8
BLACK
6
CONTINUOUS
10
0.5465020078740157
20
2.8332812598425194
11
0.5534979921259843
21
2.8332812598425194
0
LINE
8
BLACK
6
CONTINUOUS
10
0.5534979921259843
20
2.8332812598425194
11
0.5603411023622047
21
2.8318266929133857
0
LINE
8
BLACK
6
CONTINUOUS
10
0.6603411023622047
20
2.8318266929133857
11
0.6667322834645669
21
2.8289811811023622
0
LINE
8
BLACK
6
CONTINUOUS
10
0.6667322834645669
20
2.8289811811023622
11
0.6723921653543307
21
2.8248690157480314
0
LINE
8
BLACK
6
CONTINUOUS
10
0.6723921653543307
20
2.8248690157480314
11
0.6770733858267717
21
2.8196699606299211
0
LINE
8
BLACK
6
CONTINUOUS
10
0.6770733858267717
20
2.8196699606299211
11
0.6805714173228347
21
2.8136112598425198
0
LINE
8
BLACK
6
CONTINUOUS
10
0.6805714173228347
20
2.8136112598425198
11
0.6827332677165354
21
2.8069576771653542
0
LINE
8
BLACK
6
CONTINUOUS
10
0.6827332677165354
20
2.8069576771653542
11
0.6834645669291338
21
2.7999999999999998
0
LINE
8
BLACK
6
CONTINUOUS
10
0.6834645669291338
20
2.7999999999999998
11
0.6827332677165354
21
2.7930423228346455
0
LINE
8
BLACK
6
CONTINUOUS
10
0.6827332677165354
20
2.7930423228346455
11
0.6805714173228347
21
2.7863887401574803
0
LINE
8
BLACK
6
CONTINUOUS
10
0.6805714173228347
20
2.7863887401574803
11
0.6770733858267717
21
2.7803300393700785
0
LINE
8
BLACK
6
CONTINUOUS
10
0.6770733858267717
20
2.7803300393700785
11
0.6723921653543307
21
2.7751309842519682
0
LINE
8
BLACK
6
CONTINUOUS
10
0.6723921653543307
20
2.7751309842519682
11
0.6667322834645669
21
2.7710188188976379
0
LINE
8
BLACK
6
CONTINUOUS
10
0.6667322834645669
20
2.7710188188976379
11
0.6603411023622047
21
2.7681733070866139
0
LINE
8
BLACK
6
CONTINUOUS
10
0.6603411023622047
20
2.7681733070866139
11
0.6534979921259843
21
2.7667187401574802
0
LINE
8
BLACK
6
CONTINUOUS
10
0.6534979921259843
20
2.7667187401574802
11
0.6465020078740157
21
2.7667187401574802
0
LINE
8
BLACK
6
CONTINUOUS
10
0.6465020078740157
20
2.7667187401574802
11
0.6396588976377953
21
2.7681733070866139
0
LINE
8
BLACK
6
CONTINUOUS
10
0.6396588976377953
20
2.7681733070866139
11
0.633267716535433
21
2.7710188188976379
0
LINE
8
BLACK
6
CONTINUOUS
10
0.633267716535433
20
2.7710188188976379
11
0.6276078346456693
21
2.7751309842519682
0
LINE
8
BLACK
6
CONTINUOUS
10
0.6276078346456693
20
2.7751309842519682
11
0.6229266141732284
21
2.7803300393700785
0
LINE
8
BLACK
6
CONTINUOUS
10
0.6229266141732284
20
2.7803300393700785
11
0.6194285826771654
21
2.7863887401574803
0
LINE
8
BLACK
6
CONTINUOUS
10
0.6194285826771654
20
2.7863887401574803
11
0.6172667322834645
21
2.7930423228346455
0
LINE
8
BLACK
6
CONTINUOUS
10
0.6172667322834645
20
2.7930423228346455
11
0.6165354330708661
21
2.7999999999999998
0
LINE
8
BLACK
6
CONTINUOUS
10
0.6165354330708661
20
2.7999999999999998
11
0.6172667322834645
21
2.8069576771653542
0
LINE
8
BLACK
6
CONTINUOUS
10
0.6172667322834645
20
2.8069576771653542
11
0.6194285826771654
21
2.8136112598425198
0
LINE
8
BLACK
6
CONTINUOUS
10
0.6194285826771654
20
2.8136112598425198
11
0.6229266141732284
21
2.8196699606299211
0
LINE
8
BLACK
6
CONTINUOUS
10
0.6229266141732284
20
2.8196699606299211
11
0.6276078346456693
21
2.8248690157480314
0
LINE
8
BLACK
6
CONTINUOUS
10
0.6276078346456693
20
2.8248690157480314
11
0.633267716535433
21
2.8289811811023622
0
LINE
8
BLACK
6
CONTINUOUS
10
0.633267716535433
20
2.8289811811023622
11
0.6396588976377953
21
2.8318266929133857
0
LINE
8
BLACK
6
CONTINUOUS
10
0.6396588976377953
20
2.8318266929133857
11
0.6465020078740157
21
2.8332812598425194
0
LINE
8
BLACK
6
CONTINUOUS
10
0.6465020078740157
20
2.8332812598425194
11
0.6534979921259843
21
2.8332812598425194
0
LINE
8
BLACK
6
CONTINUOUS
10
0.6534979921259843
20
2.8332812598425194
11
0.6603411023622047
21
2.8318266929133857
0
LINE
8
BLACK
6
CONTINUOUS
10
0.7603411023622048
20
2.8318266929133857
11
0.7667322834645669
21
2.8289811811023622
0
LINE
8
BLACK
6
CONTINUOUS
10
0.7667322834645669
20
2.8289811811023622
11
0.7723921653543306
21
2.8248690157480314
0
LINE
8
BLACK
6
CONTINUOUS
10
0.7723921653543306
20
2.8248690157480314
11
0.7770733858267717
21
2.8196699606299211
0
LINE
8
BLACK
6
CONTINUOUS
10
0.7770733858267717
20
2.8196699606299211
11
0.7805714173228346
21
2.8136112598425198
0
LINE
8
BLACK
6
CONTINUOUS
10
0.7805714173228346
20
2.8136112598425198
11
0.7827332677165354
21
2.8069576771653542
0
LINE
8
BLACK
6
CONTINUOUS
10
0.7827332677165354
20
2.8069576771653542
11
0.7834645669291338
21
2.7999999999999998
0
LINE
8
BLACK
6
CONTINUOUS
10
0.7834645669291338
20
2.7999999999999998
11
0.7827332677165354
21
2.7930423228346455
0
LINE
8
BLACK
6
CONTINUOUS
10
0.7827332677165354
20
2.7930423228346455
11
0.7805714173228346
21
2.7863887401574803
0
LINE
8
BLACK
6
CONTINUOUS
10
0.7805714173228346
20
2.7863887401574803
11
0.7770733858267717
21
2.7803300393700785
0
LINE
8
BLACK
6
CONTINUOUS
10
0.7770733858267717
20
2.7803300393700785
11
0.7723921653543306
21
2.7751309842519682
0
LINE
8
BLACK
6
CONTINUOUS
10
0.7723921653543306
20
2.7751309842519682
11
0.7667322834645669
21
2.7710188188976379
0
LINE
8
BLACK
6
CONTINUOUS
10
0.7667322834645669
20
2.7710188188976379
11
0.7603411023622048
21
2.7681733070866139
0
LINE
8
BLACK
6
CONTINUOUS
10
0.7603411023622048
20
2.7681733070866139
11
0.7534979921259842
21
2.7667187401574802
0
LINE
8
BLACK
6
CONTINUOUS
10
0.7534979921259842
20
2.7667187401574802
11
0.7465020078740158
21
2.7667187401574802
0
LINE
8
BLACK
6
CONTINUOUS
10
0.7465020078740158
20
2.7667187401574802
11
0.7396588976377952
21
2.7681733070866139
0
LINE
8
BLACK
6
CONTINUOUS
10
0.7396588976377952
20
2.7681733070866139
11
0.7332677165354331
21
2.7710188188976379
0
LINE
8
BLACK
6
CONTINUOUS
10
0.7332677165354331
20
2.7710188188976379
11
0.7276078346456692
21
2.7751309842519682
0
LINE
8
BLACK
6
CONTINUOUS
10
0.7276078346456692
20
2.7751309842519682
11
0.7229266141732283
21
2.7803300393700785
0
LINE
8
BLACK
6
CONTINUOUS
10
0.7229266141732283
20
2.7803300393700785
11
0.7194285826771654
21
2.7863887401574803
0
LINE
8
BLACK
6
CONTINUOUS
10
0.7194285826771654
20
2.7863887401574803
11
0.7172667322834646
21
2.7930423228346455
0
LINE
8
BLACK
6
CONTINUOUS
10
0.7172667322834646
20
2.7930423228346455
11
0.7165354330708661
21
2.7999999999999998
0
LINE
8
BLACK
6
CONTINUOUS
10
0.7165354330708661
20
2.7999999999999998
11
0.7172667322834646
21
2.8069576771653542
0
LINE
8
BLACK
6
CONTINUOUS
10
0.7172667322834646
20
2.8069576771653542
11
0.7194285826771654
21
2.8136112598425198
0
LINE
8
BLACK
6
CONTINUOUS
10
0.7194285826771654
20
2.8136112598425198
11
0.7229266141732283
21
2.8196699606299211
0
LINE
8
BLACK
6
CONTINUOUS
10
0.7229266141732283
20
2.8196699606299211
11
0.7276078346456692
21
2.8248690157480314
0
LINE
8
BLACK
6
CONTINUOUS
10
0.7276078346456692
20
2.8248690157480314
11
0.7332677165354331
21
2.8289811811023622
0
LINE
8
BLACK
6
CONTINUOUS
10
0.7332677165354331
20
2.8289811811023622
11
0.7396588976377952
21
2.8318266929133857
0
LINE
8
BLACK
6
CONTINUOUS
10
0.7396588976377952
20
2.8318266929133857
11
0.7465020078740158
21
2.8332812598425194
0
LINE
8
BLACK
6
CONTINUOUS
10
0.7465020078740158
20
2.8332812598425194
11
0.7534979921259842
21
2.8332812598425194
0
LINE
8
BLACK
6
CONTINUOUS
10
0.7534979921259842
20
2.8332812598425194
11
0.7603411023622048
21
2.8318266929133857
0
LINE
8
BLACK
6
CONTINUOUS
10
0.8603411023622047
20
2.8318266929133857
11
0.8667322834645669
21
2.8289811811023622
0
LINE
8
BLACK
6
CONTINUOUS
10
0.8667322834645669
20
2.8289811811023622
11
0.8723921653543307
21
2.8248690157480314
0
LINE
8
BLACK
6
CONTINUOUS
10
0.8723921653543307
20
2.8248690157480314
11
0.8770733858267716
21
2.8196699606299211
0
LINE
8
BLACK
6
CONTINUOUS
10
0.8770733858267716
20
2.8196699606299211
11
0.8805714173228346
21
2.8136112598425198
0
LINE
8
BLACK
6
CONTINUOUS
10
0.8805714173228346
20
2.8136112598425198
11
0.8827332677165354
21
2.8069576771653542
0
LINE
8
BLACK
6
CONTINUOUS
10
0.8827332677165354
20
2.8069576771653542
11
0.8834645669291339
21
2.7999999999999998
0
LINE
8
BLACK
6
CONTINUOUS
10
0.8834645669291339
20
2.7999999999999998
11
0.8827332677165354
21
2.7930423228346455
0
LINE
8
BLACK
6
CONTINUOUS
10
0.8827332677165354
20
2.7930423228346455
11
0.8805714173228346
21
2.7863887401574803
0
LINE
8
BLACK
6
CONTINUOUS
10
0.8805714173228346
20
2.7863887401574803
11
0.8770733858267716
21
2.7803300393700785
0
LINE
8
BLACK
6
CONTINUOUS
10
0.8770733858267716
20
2.7803300393700785
11
0.8723921653543307
21
2.7751309842519682
0
LINE
8
BLACK
6
CONTINUOUS
10
0.8723921653543307
20
2.7751309842519682
11
0.8667322834645669
21
2.7710188188976379
0
LINE
8
BLACK
6
CONTINUOUS
10
0.8667322834645669
20
2.7710188188976379
11
0.8603411023622047
21
2.7681733070866139
0
LINE
8
BLACK
6
CONTINUOUS
10
0.8603411023622047
20
2.7681733070866139
11
0.8534979921259842
21
2.7667187401574802
0
LINE
8
BLACK
6
CONTINUOUS
10
0.8534979921259842
20
2.7667187401574802
11
0.8465020078740157
21
2.7667187401574802
0
LINE
8
BLACK
6
CONTINUOUS
10
0.8465020078740157
20
2.7667187401574802
11
0.8396588976377952
21
2.7681733070866139
0
LINE
8
BLACK
6
CONTINUOUS
10
0.8396588976377952
20
2.7681733070866139
11
0.8332677165354331
21
2.7710188188976379
0
LINE
8
BLACK
6
CONTINUOUS
10
0.8332677165354331
20
2.7710188188976379
11
0.8276078346456692
21
2.7751309842519682
0
LINE
8
BLACK
6
CONTINUOUS
10
0.8276078346456692
20
2.7751309842519682
11
0.8229266141732283
21
2.7803300393700785
0
LINE
8
BLACK
6
CONTINUOUS
10
0.8229266141732283
20
2.7803300393700785
11
0.8194285826771653
21
2.7863887401574803
0
LINE
8
BLACK
6
CONTINUOUS
10
0.8194285826771653
20
2.7863887401574803
11
0.8172667322834646
21
2.7930423228346455
0
LINE
8
BLACK
6
CONTINUOUS
10
0.8172667322834646
20
2.7930423228346455
11
0.8165354330708661
21
2.7999999999999998
0
LINE
8
BLACK
6
CONTINUOUS
10
0.8165354330708661
20
2.7999999999999998
11
0.8172667322834646
21
2.8069576771653542
0
LINE
8
BLACK
6
CONTINUOUS
10
0.8172667322834646
20
2.8069576771653542
11
0.8194285826771653
21
2.8136112598425198
0
LINE
8
BLACK
6
CONTINUOUS
10
0.8194285826771653
20
2.8136112598425198
11
0.8229266141732283
21
2.8196699606299211
0
LINE
8
BLACK
6
CONTINUOUS
10
0.8229266141732283
20
2.8196699606299211
11
0.8276078346456692
21
2.8248690157480314
0
LINE
8
BLACK
6
CONTINUOUS
10
0.8276078346456692
20
2.8248690157480314
11
0.8332677165354331
21
2.8289811811023622
0
LINE
8
BLACK
6
CONTINUOUS
10
0.8332677165354331
20
2.8289811811023622
11
0.8396588976377952
21
2.8318266929133857
0
LINE
8
BLACK
6
CONTINUOUS
10
0.8396588976377952
20
2.8318266929133857
11
0.8465020078740157
21
2.8332812598425194
0
LINE
8
BLACK
6
CONTINUOUS
10
0.8465020078740157
20
2.8332812598425194
11
0.8534979921259842
21
2.8332812598425194
0
LINE
8
BLACK
6
CONTINUOUS
10
0.8534979921259842
20
2.8332812598425194
11
0.8603411023622047
21
2.8318266929133857
0
LINE
8
BLACK
6
CONTINUOUS
10
0.9603411023622047
20
2.8318266929133857
11
0.9667322834645669
21
2.8289811811023622
0
LINE
8
BLACK
6
CONTINUOUS
10
0.9667322834645669
20
2.8289811811023622
11
0.9723921653543307
21
2.8248690157480314
0
LINE
8
BLACK
6
CONTINUOUS
10
0.9723921653543307
20
2.8248690157480314
11
0.9770733858267716
21
2.8196699606299211
0
LINE
8
BLACK
6
CONTINUOUS
10
0.9770733858267716
20
2.8196699606299211
11
0.9805714173228346
21
2.8136112598425198
0
LINE
8
BLACK
6
CONTINUOUS
10
0.9805714173228346
20
2.8136112598425198
11
0.9827332677165355
21
2.8069576771653542
0
LINE
8
BLACK
6
CONTINUOUS
10
0.9827332677165355
20
2.8069576771653542
11
0.9834645669291339
21
2.7999999999999998
0
LINE
8
BLACK
6
CONTINUOUS
10
0.9834645669291339
20
2.7999999999999998
11
0.9827332677165355
21
2.7930423228346455
0
LINE
8
BLACK
6
CONTINUOUS
10
0.9827332677165355
20
2.7930423228346455
11
0.9805714173228346
21
2.7863887401574803
0
LINE
8
BLACK
6
CONTINUOUS
10
0.9805714173228346
20
2.7863887401574803
11
0.9770733858267716
21
2.7803300393700785
0
LINE
8
BLACK
6
CONTINUOUS
10
0.9770733858267716
20
2.7803300393700785
11
0.9723921653543307
21
2.7751309842519682
0
LINE
8
BLACK
6
CONTINUOUS
10
0.9723921653543307
20
2.7751309842519682
11
0.9667322834645669
21
2.7710188188976379
0
LINE
8
BLACK
6
CONTINUOUS
10
0.9667322834645669
20
2.7710188188976379
11
0.9603411023622047
21
2.7681733070866139
0
LINE
8
BLACK
6
CONTINUOUS
10
0.9603411023622047
20
2.7681733070866139
11
0.9534979921259842
21
2.7667187401574802
0
LINE
8
BLACK
6
CONTINUOUS
10
0.9534979921259842
20
2.7667187401574802
11
0.9465020078740157
21
2.7667187401574802
0
LINE
8
BLACK
6
CONTINUOUS
10
0.9465020078740157
20
2.7667187401574802
11
0.9396588976377953
21
2.7681733070866139
0
LINE
8
BLACK
6
CONTINUOUS
10
0.9396588976377953
20
2.7681733070866139
11
0.9332677165354331
21
2.7710188188976379
0
LINE
8
BLACK
6
CONTINUOUS
10
0.9332677165354331
20
2.7710188188976379
11
0.9276078346456693
21
2.7751309842519682
0
LINE
8
BLACK
6
CONTINUOUS
10
0.9276078346456693
20
2.7751309842519682
11
0.9229266141732283
21
2.7803300393700785
0
LINE
8
BLACK
6
CONTINUOUS
10
0.9229266141732283
20
2.7803300393700785
11
0.9194285826771653
21
2.7863887401574803
0
LINE
8
BLACK
6
CONTINUOUS
10
0.9194285826771653
20
2.7863887401574803
11
0.9172667322834646
21
2.7930423228346455
0
LINE
8
BLACK
6
CONTINUOUS
10
0.9172667322834646
20
2.7930423228346455
11
0.9165354330708662
21
2.7999999999999998
0
LINE
8
BLACK
6
CONTINUOUS
10
0.9165354330708662
20
2.7999999999999998
11
0.9172667322834646
21
2.8069576771653542
0
LINE
8
BLACK
6
CONTINUOUS
10
0.9172667322834646
20
2.8069576771653542
11
0.9194285826771653
21
2.8136112598425198
0
LINE
8
BLACK
6
CONTINUOUS
10
0.9194285826771653
20
2.8136112598425198
11
0.9229266141732283
21
2.8196699606299211
0
LINE
8
BLACK
6
CONTINUOUS
10
0.9229266141732283
20
2.8196699606299211
11
0.9276078346456693
21
2.8248690157480314
0
LINE
8
BLACK
6
CONTINUOUS
10
0.9276078346456693
20
2.8248690157480314
11
0.9332677165354331
21
2.8289811811023622
0
LINE
8
BLACK
6
CONTINUOUS
10
0.9332677165354331
20
2.8289811811023622
11
0.9396588976377953
21
2.8318266929133857
0
LINE
8
BLACK
6
CONTINUOUS
10
0.9396588976377953
20
2.8318266929133857
11
0.9465020078740157
21
2.8332812598425194
0
LINE
8
BLACK
6
CONTINUOUS
10
0.9465020078740157
20
2.8332812598425194
11
0.9534979921259842
21
2.8332812598425194
0
LINE
8
BLACK
6
CONTINUOUS
10
0.9534979921259842
20
2.8332812598425194
11
0.9603411023622047
21
2.8318266929133857
0
LINE
8
BLACK
6
CONTINUOUS
10
1.0603411023622047
20
2.8318266929133857
11
1.0667322834645669
21
2.8289811811023622
0
LINE
8
BLACK
6
CONTINUOUS
10
1.0667322834645669
20
2.8289811811023622
11
1.0723921653543307
21
2.8248690157480314
0
LINE
8
BLACK
6
CONTINUOUS
10
1.0723921653543307
20
2.8248690157480314
11
1.0770733858267716
21
2.8196699606299211
0
LINE
8
BLACK
6
CONTINUOUS
10
1.0770733858267716
20
2.8196699606299211
11
1.0805714173228347
21
2.8136112598425198
0
LINE
8
BLACK
6
CONTINUOUS
10
1.0805714173228347
20
2.8136112598425198
11
1.0827332677165353
21
2.8069576771653542
0
LINE
8
BLACK
6
CONTINUOUS
10
1.0827332677165353
20
2.8069576771653542
11
1.0834645669291338
21
2.7999999999999998
0
LINE
8
BLACK
6
CONTINUOUS
10
1.0834645669291338
20
2.7999999999999998
11
1.0827332677165353
21
2.7930423228346455
0
LINE
8
BLACK
6
CONTINUOUS
10
1.0827332677165353
20
2.7930423228346455
11
1.0805714173228347
21
2.7863887401574803
0
LINE
8
BLACK
6
CONTINUOUS
10
1.0805714173228347
20
2.7863887401574803
11
1.0770733858267716
21
2.7803300393700785
0
LINE
8
BLACK
6
CONTINUOUS
10
1.0770733858267716
20
2.7803300393700785
11
1.0723921653543307
21
2.7751309842519682
0
LINE
8
BLACK
6
CONTINUOUS
10
1.0723921653543307
20
2.7751309842519682
11
1.0667322834645669
21
2.7710188188976379
0
LINE
8
BLACK
6
CONTINUOUS
10
1.0667322834645669
20
2.7710188188976379
11
1.0603411023622047
21
2.7681733070866139
0
LINE
8
BLACK
6
CONTINUOUS
10
1.0603411023622047
20
2.7681733070866139
11
1.0534979921259842
21
2.7667187401574802
0
LINE
8
BLACK
6
CONTINUOUS
10
1.0534979921259842
20
2.7667187401574802
11
1.0465020078740157
21
2.7667187401574802
0
LINE
8
BLACK
6
CONTINUOUS
10
1.0465020078740157
20
2.7667187401574802
11
1.0396588976377952
21
2.7681733070866139
0
LINE
8
BLACK
6
CONTINUOUS
10
1.0396588976377952
20
2.7681733070866139
11
1.0332677165354331
21
2.7710188188976379
0
LINE
8
BLACK
6
CONTINUOUS
10
1.0332677165354331
20
2.7710188188976379
11
1.0276078346456692
21
2.7751309842519682
0
LINE
8
BLACK
6
CONTINUOUS
10
1.0276078346456692
20
2.7751309842519682
11
1.0229266141732283
21
2.7803300393700785
0
LINE
8
BLACK
6
CONTINUOUS
10
1.0229266141732283
20
2.7803300393700785
11
1.0194285826771654
21
2.7863887401574803
0
LINE
8
BLACK
6
CONTINUOUS
10
1.0194285826771654
20
2.7863887401574803
11
1.0172667322834645
21
2.7930423228346455
0
LINE
8
BLACK
6
CONTINUOUS
10
1.0172667322834645
20
2.7930423228346455
11
1.016535433070866
21
2.7999999999999998
0
LINE
8
BLACK
6
CONTINUOUS
10
1.016535433070866
20
2.7999999999999998
11
1.0172667322834645
21
2.8069576771653542
0
LINE
8
BLACK
6
CONTINUOUS
10
1.0172667322834645
20
2.8069576771653542
11
1.0194285826771654
21
2.8136112598425198
0
LINE
8
BLACK
6
CONTINUOUS
10
1.0194285826771654
20
2.8136112598425198
11
1.0229266141732283
21
2.8196699606299211
0
LINE
8
BLACK
6
CONTINUOUS
10
1.0229266141732283
20
2.8196699606299211
11
1.0276078346456692
21
2.8248690157480314
0
LINE
8
BLACK
6
CONTINUOUS
10
1.0276078346456692
20
2.8248690157480314
11
1.0332677165354331
21
2.8289811811023622
0
LINE
8
BLACK
6
CONTINUOUS
10
1.0332677165354331
20
2.8289811811023622
11
1.0396588976377952
21
2.8318266929133857
0
LINE
8
BLACK
6
CONTINUOUS
10
1.0396588976377952
20
2.8318266929133857
11
1.0465020078740157
21
2.8332812598425194
0
LINE
8
BLACK
6
CONTINUOUS
10
1.0465020078740157
20
2.8332812598425194
11
1.0534979921259842
21
2.8332812598425194
0
LINE
8
BLACK
6
CONTINUOUS
10
1.0534979921259842
20
2.8332812598425194
11
1.0603411023622047
21
2.8318266929133857
0
LINE
8
BLACK
6
CONTINUOUS
10
1.1603411023622048
20
2.8318266929133857
11
1.1667322834645668
21
2.8289811811023622
0
LINE
8
BLACK
6
CONTINUOUS
10
1.1667322834645668
20
2.8289811811023622
11
1.1723921653543308
21
2.8248690157480314
0
LINE
8
BLACK
6
CONTINUOUS
10
1.1723921653543308
20
2.8248690157480314
11
1.1770733858267717
21
2.8196699606299211
0
LINE
8
BLACK
6
CONTINUOUS
10
1.1770733858267717
20
2.8196699606299211
11
1.1805714173228345
21
2.8136112598425198
0
LINE
8
BLACK
6
CONTINUOUS
10
1.1805714173228345
20
2.8136112598425198
11
1.1827332677165354
21
2.8069576771653542
0
LINE
8
BLACK
6
CONTINUOUS
10
1.1827332677165354
20
2.8069576771653542
11
1.1834645669291339
21
2.7999999999999998
0
LINE
8
BLACK
6
CONTINUOUS
10
1.1834645669291339
20
2.7999999999999998
11
1.1827332677165354
21
2.7930423228346455
0
LINE
8
BLACK
6
CONTINUOUS
10
1.1827332677165354
20
2.7930423228346455
11
1.1805714173228345
21
2.7863887401574803
0
LINE
8
BLACK
6
CONTINUOUS
10
1.1805714173228345
20
2.7863887401574803
11
1.1770733858267717
21
2.7803300393700785
0
LINE
8
BLACK
6
CONTINUOUS
10
1.1770733858267717
20
2.7803300393700785
11
1.1723921653543308
21
2.7751309842519682
0
LINE
8
BLACK
6
CONTINUOUS
10
1.1723921653543308
20
2.7751309842519682
11
1.1667322834645668
21
2.7710188188976379
0
LINE
8
BLACK
6
CONTINUOUS
10
1.1667322834645668
20
2.7710188188976379
11
1.1603411023622048
21
2.7681733070866139
0
LINE
8
BLACK
6
CONTINUOUS
10
1.1603411023622048
20
2.7681733070866139
11
1.1534979921259843
21
2.7667187401574802
0
LINE
8
BLACK
6
CONTINUOUS
10
1.1534979921259843
20
2.7667187401574802
11
1.1465020078740158
21
2.7667187401574802
0
LINE
8
BLACK
6
CONTINUOUS
10
1.1465020078740158
20
2.7667187401574802
11
1.1396588976377953
21
2.7681733070866139
0
LINE
8
BLACK
6
CONTINUOUS
10
1.1396588976377953
20
2.7681733070866139
11
1.133267716535433
21
2.7710188188976379
0
LINE
8
BLACK
6
CONTINUOUS
10
1.133267716535433
20
2.7710188188976379
11
1.1276078346456693
21
2.7751309842519682
0
LINE
8
BLACK
6
CONTINUOUS
10
1.1276078346456693
20
2.7751309842519682
11
1.1229266141732284
21
2.7803300393700785
0
LINE
8
BLACK
6
CONTINUOUS
10
1.1229266141732284
20
2.7803300393700785
11
1.1194285826771653
21
2.7863887401574803
0
LINE
8
BLACK
6
CONTINUOUS
10
1.1194285826771653
20
2.7863887401574803
11
1.1172667322834646
21
2.7930423228346455
0
LINE
8
BLACK
6
CONTINUOUS
10
1.1172667322834646
20
2.7930423228346455
11
1.1165354330708661
21
2.7999999999999998
0
LINE
8
BLACK
6
CONTINUOUS
10
1.1165354330708661
20
2.7999999999999998
11
1.1172667322834646
21
2.8069576771653542
0
LINE
8
BLACK
6
CONTINUOUS
10
1.1172667322834646
20
2.8069576771653542
11
1.1194285826771653
21
2.8136112598425198
0
LINE
8
BLACK
6
CONTINUOUS
10
1.1194285826771653
20
2.8136112598425198
11
1.1229266141732284
21
2.8196699606299211
0
LINE
8
BLACK
6
CONTINUOUS
10
1.1229266141732284
20
2.8196699606299211
11
1.1276078346456693
21
2.8248690157480314
0
LINE
8
BLACK
6
CONTINUOUS
10
1.1276078346456693
20
2.8248690157480314
11
1.133267716535433
21
2.8289811811023622
0
LINE
8
BLACK
6
CONTINUOUS
10
1.133267716535433
20
2.8289811811023622
11
1.1396588976377953
21
2.8318266929133857
0
LINE
8
BLACK
6
CONTINUOUS
10
1.1396588976377953
20
2.8318266929133857
11
1.1465020078740158
21
2.8332812598425194
0
LINE
8
BLACK
6
CONTINUOUS
10
1.1465020078740158
20
2.8332812598425194
11
1.1534979921259843
21
2.8332812598425194
0
LINE
8
BLACK
6
CONTINUOUS
10
1.1534979921259843
20
2.8332812598425194
11
1.1603411023622048
21
2.8318266929133857
0
LINE
8
BLACK
6
CONTINUOUS
10
1.2603411023622046
20
2.8318266929133857
11
1.2667322834645669
21
2.8289811811023622
0
LINE
8
BLACK
6
CONTINUOUS
10
1.2667322834645669
20
2.8289811811023622
11
1.2723921653543306
21
2.8248690157480314
0
LINE
8
BLACK
6
CONTINUOUS
10
1.2723921653543306
20
2.8248690157480314
11
1.2770733858267715
21
2.8196699606299211
0
LINE
8
BLACK
6
CONTINUOUS
10
1.2770733858267715
20
2.8196699606299211
11
1.2805714173228346
21
2.8136112598425198
0
LINE
8
BLACK
6
CONTINUOUS
10
1.2805714173228346
20
2.8136112598425198
11
1.2827332677165355
21
2.8069576771653542
0
LINE
8
BLACK
6
CONTINUOUS
10
1.2827332677165355
20
2.8069576771653542
11
1.2834645669291338
21
2.7999999999999998
0
LINE
8
BLACK
6
CONTINUOUS
10
1.2834645669291338
20
2.7999999999999998
11
1.2827332677165355
21
2.7930423228346455
0
LINE
8
BLACK
6
CONTINUOUS
10
1.2827332677165355
20
2.7930423228346455
11
1.2805714173228346
21
2.7863887401574803
0
LINE
8
BLACK
6
CONTINUOUS
10
1.2805714173228346
20
2.7863887401574803
11
1.2770733858267715
21
2.7803300393700785
0
LINE
8
BLACK
6
CONTINUOUS
10
1.2770733858267715
20
2.7803300393700785
11
1.2723921653543306
21
2.7751309842519682
0
LINE
8
BLACK
6
CONTINUOUS
10
1.2723921653543306
20
2.7751309842519682
11
1.2667322834645669
21
2.7710188188976379
0
LINE
8
BLACK
6
CONTINUOUS
10
1.2667322834645669
20
2.7710188188976379
11
1.2603411023622046
21
2.7681733070866139
0
LINE
8
BLACK
6
CONTINUOUS
10
1.2603411023622046
20
2.7681733070866139
11
1.2534979921259841
21
2.7667187401574802
0
LINE
8
BLACK
6
CONTINUOUS
10
1.2534979921259841
20
2.7667187401574802
11
1.2465020078740157
21
2.7667187401574802
0
LINE
8
BLACK
6
CONTINUOUS
10
1.2465020078740157
20
2.7667187401574802
11
1.2396588976377954
21
2.7681733070866139
0
LINE
8
BLACK
6
CONTINUOUS
10
1.2396588976377954
20
2.7681733070866139
11
1.2332677165354331
21
2.7710188188976379
0
LINE
8
BLACK
6
CONTINUOUS
10
1.2332677165354331
20
2.7710188188976379
11
1.2276078346456694
21
2.7751309842519682
0
LINE
8
BLACK
6
CONTINUOUS
10
1.2276078346456694
20
2.7751309842519682
11
1.2229266141732282
21
2.7803300393700785
0
LINE
8
BLACK
6
CONTINUOUS
10
1.2229266141732282
20
2.7803300393700785
11
1.2194285826771654
21
2.7863887401574803
0
LINE
8
BLACK
6
CONTINUOUS
10
1.2194285826771654
20
2.7863887401574803
11
1.2172667322834645
21
2.7930423228346455
0
LINE
8
BLACK
6
CONTINUOUS
10
1.2172667322834645
20
2.7930423228346455
11
1.2165354330708662
21
2.7999999999999998
0
LINE
8
BLACK
6
CONTINUOUS
10
1.2165354330708662
20
2.7999999999999998
11
1.2172667322834645
21
2.8069576771653542
0
LINE
8
BLACK
6
CONTINUOUS
10
1.2172667322834645
20
2.8069576771653542
11
1.2194285826771654
21
2.8136112598425198
0
LINE
8
BLACK
6
CONTINUOUS
10
1.2194285826771654
20
2.8136112598425198
11
1.2229266141732282
21
2.8196699606299211
0
LINE
8
BLACK
6
CONTINUOUS
10
1.2229266141732282
20
2.8196699606299211
11
1.2276078346456694
21
2.8248690157480314
0
LINE
8
BLACK
6
CONTINUOUS
10
1.2276078346456694
20
2.8248690157480314
11
1.2332677165354331
21
2.8289811811023622
0
LINE
8
BLACK
6
CONTINUOUS
10
1.2332677165354331
20
2.8289811811023622
11
1.2396588976377954
21
2.8318266929133857
0
LINE
8
BLACK
6
CONTINUOUS
10
1.2396588976377954
20
2.8318266929133857
11
1.2465020078740157
21
2.8332812598425194
0
LINE
8
BLACK
6
CONTINUOUS
10
1.2465020078740157
20
2.8332812598425194
11
1.2534979921259841
21
2.8332812598425194
0
LINE
8
BLACK
6
CONTINUOUS
10
1.2534979921259841
20
2.8332812598425194
11
1.2603411023622046
21
2.8318266929133857
0
LINE
8
BLACK
6
CONTINUOUS
10
1.3603411023622047
20
2.8318266929133857
11
1.366732283464567
21
2.8289811811023622
0
LINE
8
BLACK
6
CONTINUOUS
10
1.366732283464567
20
2.8289811811023622
11
1.3723921653543307
21
2.8248690157480314
0
LINE
8
BLACK
6
CONTINUOUS
10
1.3723921653543307
20
2.8248690157480314
11
1.3770733858267716
21
2.8196699606299211
0
LINE
8
BLACK
6
CONTINUOUS
10
1.3770733858267716
20
2.8196699606299211
11
1.3805714173228345
21
2.8136112598425198
0
LINE
8
BLACK
6
CONTINUOUS
10
1.3805714173228345
20
2.8136112598425198
11
1.3827332677165354
21
2.8069576771653542
0
LINE
8
BLACK
6
CONTINUOUS
10
1.3827332677165354
20
2.8069576771653542
11
1.3834645669291339
21
2.7999999999999998
0
LINE
8
BLACK
6
CONTINUOUS
10
1.3834645669291339
20
2.7999999999999998
11
1.3827332677165354
21
2.7930423228346455
0
LINE
8
BLACK
6
CONTINUOUS
10
1.3827332677165354
20
2.7930423228346455
11
1.3805714173228345
21
2.7863887401574803
0
LINE
8
BLACK
6
CONTINUOUS
10
1.3805714173228345
20
2.7863887401574803
11
1.3770733858267716
21
2.7803300393700785
0
LINE
8
BLACK
6
CONTINUOUS
10
1.3770733858267716
20
2.7803300393700785
11
1.3723921653543307
21
2.7751309842519682
0
LINE
8
BLACK
6
CONTINUOUS
10
1.3723921653543307
20
2.7751309842519682
11
1.366732283464567
21
2.7710188188976379
0
LINE
8
BLACK
6
CONTINUOUS
10
1.366732283464567
20
2.7710188188976379
11
1.3603411023622047
21
2.7681733070866139
0
LINE
8
BLACK
6
CONTINUOUS
10
1.3603411023622047
20
2.7681733070866139
11
1.3534979921259842
21
2.7667187401574802
0
LINE
8
BLACK
6
CONTINUOUS
10
1.3534979921259842
20
2.7667187401574802
11
1.3465020078740157
21
2.7667187401574802
0
LINE
8
BLACK
6
CONTINUOUS
10
1.3465020078740157
20
2.7667187401574802
11
1.3396588976377952
21
2.7681733070866139
0
LINE
8
BLACK
6
CONTINUOUS
10
1.3396588976377952
20
2.7681733070866139
11
1.333267716535433
21
2.7710188188976379
0
LINE
8
BLACK
6
CONTINUOUS
10
1.333267716535433
20
2.7710188188976379
11
1.3276078346456692
21
2.7751309842519682
0
LINE
8
BLACK
6
CONTINUOUS
10
1.3276078346456692
20
2.7751309842519682
11
1.3229266141732283
21
2.7803300393700785
0
LINE
8
BLACK
6
CONTINUOUS
10
1.3229266141732283
20
2.7803300393700785
11
1.3194285826771652
21
2.7863887401574803
0
LINE
8
BLACK
6
CONTINUOUS
10
1.3194285826771652
20
2.7863887401574803
11
1.3172667322834646
21
2.7930423228346455
0
LINE
8
BLACK
6
CONTINUOUS
10
1.3172667322834646
20
2.7930423228346455
11
1.3165354330708661
21
2.7999999999999998
0
LINE
8
BLACK
6
CONTINUOUS
10
1.3165354330708661
20
2.7999999999999998
11
1.3172667322834646
21
2.8069576771653542
0
LINE
8
BLACK
6
CONTINUOUS
10
1.3172667322834646
20
2.8069576771653542
11
1.3194285826771652
21
2.8136112598425198
0
LINE
8
BLACK
6
CONTINUOUS
10
1.3194285826771652
20
2.8136112598425198
11
1.3229266141732283
21
2.8196699606299211
0
LINE
8
BLACK
6
CONTINUOUS
10
1.3229266141732283
20
2.8196699606299211
11
1.3276078346456692
21
2.8248690157480314
0
LINE
8
BLACK
6
CONTINUOUS
10
1.3276078346456692
20
2.8248690157480314
11
1.333267716535433
21
2.8289811811023622
0
LINE
8
BLACK
6
CONTINUOUS
10
1.333267716535433
20
2.8289811811023622
11
1.3396588976377952
21
2.8318266929133857
0
LINE
8
BLACK
6
CONTINUOUS
10
1.3396588976377952
20
2.8318266929133857
11
1.3465020078740157
21
2.8332812598425194
0
LINE
8
BLACK
6
CONTINUOUS
10
1.3465020078740157
20
2.8332812598425194
11
1.3534979921259842
21
2.8332812598425194
0
LINE
8
BLACK
6
CONTINUOUS
10
1.3534979921259842
20
2.8332812598425194
11
1.3603411023622047
21
2.8318266929133857
0
LINE
8
BLACK
6
CONTINUOUS
10
1.4603411023622046
20
2.8318266929133857
11
1.4667322834645669
21
2.8289811811023622
0
LINE
8
BLACK
6
CONTINUOUS
10
1.4667322834645669
20
2.8289811811023622
11
1.4723921653543306
21
2.8248690157480314
0
LINE
8
BLACK
6
CONTINUOUS
10
1.4723921653543306
20
2.8248690157480314
11
1.4770733858267717
21
2.8196699606299211
0
LINE
8
BLACK
6
CONTINUOUS
10
1.4770733858267717
20
2.8196699606299211
11
1.4805714173228346
21
2.8136112598425198
0
LINE
8
BLACK
6
CONTINUOUS
10
1.4805714173228346
20
2.8136112598425198
11
1.4827332677165355
21
2.8069576771653542
0
LINE
8
BLACK
6
CONTINUOUS
10
1.4827332677165355
20
2.8069576771653542
11
1.4834645669291338
21
2.7999999999999998
0
LINE
8
BLACK
6
CONTINUOUS
10
1.4834645669291338
20
2.7999999999999998
11
1.4827332677165355
21
2.7930423228346455
0
LINE
8
BLACK
6
CONTINUOUS
10
1.4827332677165355
20
2.7930423228346455
11
1.4805714173228346
21
2.7863887401574803
0
LINE
8
BLACK
6
CONTINUOUS
10
1.4805714173228346
20
2.7863887401574803
11
1.4770733858267717
21
2.7803300393700785
0
LINE
8
BLACK
6
CONTINUOUS
10
1.4770733858267717
20
2.7803300393700785
11
1.4723921653543306
21
2.7751309842519682
0
LINE
8
BLACK
6
CONTINUOUS
10
1.4723921653543306
20
2.7751309842519682
11
1.4667322834645669
21
2.7710188188976379
0
LINE
8
BLACK
6
CONTINUOUS
10
1.4667322834645669
20
2.7710188188976379
11
1.4603411023622046
21
2.7681733070866139
0
LINE
8
BLACK
6
CONTINUOUS
10
1.4603411023622046
20
2.7681733070866139
11
1.4534979921259843
21
2.7667187401574802
0
LINE
8
BLACK
6
CONTINUOUS
10
1.4534979921259843
20
2.7667187401574802
11
1.4465020078740156
21
2.7667187401574802
0
LINE
8
BLACK
6
CONTINUOUS
10
1.4465020078740156
20
2.7667187401574802
11
1.4396588976377953
21
2.7681733070866139
0
LINE
8
BLACK
6
CONTINUOUS
10
1.4396588976377953
20
2.7681733070866139
11
1.4332677165354331
21
2.7710188188976379
0
LINE
8
BLACK
6
CONTINUOUS
10
1.4332677165354331
20
2.7710188188976379
11
1.4276078346456693
21
2.7751309842519682
0
LINE
8
BLACK
6
CONTINUOUS
10
1.4276078346456693
20
2.7751309842519682
11
1.4229266141732284
21
2.7803300393700785
0
LINE
8
BLACK
6
CONTINUOUS
10
1.4229266141732284
20
2.7803300393700785
11
1.4194285826771653
21
2.7863887401574803
0
LINE
8
BLACK
6
CONTINUOUS
10
1.4194285826771653
20
2.7863887401574803
11
1.4172667322834644
21
2.7930423228346455
0
LINE
8
BLACK
6
CONTINUOUS
10
1.4172667322834644
20
2.7930423228346455
11
1.4165354330708662
21
2.7999999999999998
0
LINE
8
BLACK
6
CONTINUOUS
10
1.4165354330708662
20
2.7999999999999998
11
1.4172667322834644
21
2.8069576771653542
0
LINE
8
BLACK
6
CONTINUOUS
10
1.4172667322834644
20
2.8069576771653542
11
1.4194285826771653
21
2.8136112598425198
0
LINE
8
BLACK
6
CONTINUOUS
10
1.4194285826771653
20
2.8136112598425198
11
1.4229266141732284
21
2.8196699606299211
0
LINE
8
BLACK
6
CONTINUOUS
10
1.4229266141732284
20
2.8196699606299211
11
1.4276078346456693
21
2.8248690157480314
0
LINE
8
BLACK
6
CONTINUOUS
10
1.4276078346456693
20
2.8248690157480314
11
1.4332677165354331
21
2.8289811811023622
0
LINE
8
BLACK
6
CONTINUOUS
10
1.4332677165354331
20
2.8289811811023622
11
1.4396588976377953
21
2.8318266929133857
0
LINE
8
BLACK
6
CONTINUOUS
10
1.4396588976377953
20
2.8318266929133857
11
1.4465020078740156
21
2.8332812598425194
0
LINE
8
BLACK
6
CONTINUOUS
10
1.4465020078740156
20
2.8332812598425194
11
1.4534979921259843
21
2.8332812598425194
0
LINE
8
BLACK
6
CONTINUOUS
10
1.4534979921259843
20
2.8332812598425194
11
1.4603411023622046
21
2.8318266929133857
0
LINE
8
BLACK
6
CONTINUOUS
10
1.5603411023622047
20
2.8318266929133857
11
1.5667322834645669
21
2.8289811811023622
0
LINE
8
BLACK
6
CONTINUOUS
10
1.5667322834645669
20
2.8289811811023622
11
1.5723921653543307
21
2.8248690157480314
0
LINE
8
BLACK
6
CONTINUOUS
10
1.5723921653543307
20
2.8248690157480314
11
1.5770733858267716
21
2.8196699606299211
0
LINE
8
BLACK
6
CONTINUOUS
10
1.5770733858267716
20
2.8196699606299211
11
1.5805714173228347
21
2.8136112598425198
0
LINE
8
BLACK
6
CONTINUOUS
10
1.5805714173228347
20
2.8136112598425198
11
1.5827332677165353
21
2.8069576771653542
0
LINE
8
BLACK
6
CONTINUOUS
10
1.5827332677165353
20
2.8069576771653542
11
1.5834645669291338
21
2.7999999999999998
0
LINE
8
BLACK
6
CONTINUOUS
10
1.5834645669291338
20
2.7999999999999998
11
1.5827332677165353
21
2.7930423228346455
0
LINE
8
BLACK
6
CONTINUOUS
10
1.5827332677165353
20
2.7930423228346455
11
1.5805714173228347
21
2.7863887401574803
0
LINE
8
BLACK
6
CONTINUOUS
10
1.5805714173228347
20
2.7863887401574803
11
1.5770733858267716
21
2.7803300393700785
0
LINE
8
BLACK
6
CONTINUOUS
10
1.5770733858267716
20
2.7803300393700785
11
1.5723921653543307
21
2.7751309842519682
0
LINE
8
BLACK
6
CONTINUOUS
10
1.5723921653543307
20
2.7751309842519682
11
1.5667322834645669
21
2.7710188188976379
0
LINE
8
BLACK
6
CONTINUOUS
10
1.5667322834645669
20
2.7710188188976379
11
1.5603411023622047
21
2.7681733070866139
0
LINE
8
BLACK
6
CONTINUOUS
10
1.5603411023622047
20
2.7681733070866139
11
1.5534979921259842
21
2.7667187401574802
0
LINE
8
BLACK
6
CONTINUOUS
10
1.5534979921259842
20
2.7667187401574802
11
1.5465020078740157
21
2.7667187401574802
0
LINE
8
BLACK
6
CONTINUOUS
10
1.5465020078740157
20
2.7667187401574802
11
1.5396588976377952
21
2.7681733070866139
0
LINE
8
BLACK
6
CONTINUOUS
10
1.5396588976377952
20
2.7681733070866139
11
1.5332677165354331
21
2.7710188188976379
0
LINE
8
BLACK
6
CONTINUOUS
10
1.5332677165354331
20
2.7710188188976379
11
1.5276078346456692
21
2.7751309842519682
0
LINE
8
BLACK
6
CONTINUOUS
10
1.5276078346456692
20
2.7751309842519682
11
1.5229266141732283
21
2.7803300393700785
0
LINE
8
BLACK
6
CONTINUOUS
10
1.5229266141732283
20
2.7803300393700785
11
1.5194285826771654
21
2.7863887401574803
0
LINE
8
BLACK
6
CONTINUOUS
10
1.5194285826771654
20
2.7863887401574803
11
1.5172667322834645
21
2.7930423228346455
0
LINE
8
BLACK
6
CONTINUOUS
10
1.5172667322834645
20
2.7930423228346455
11
1.516535433070866
21
2.7999999999999998
0
LINE
8
BLACK
6
CONTINUOUS
10
1.516535433070866
20
2.7999999999999998
11
1.5172667322834645
21
2.8069576771653542
0
LINE
8
BLACK
6
CONTINUOUS
10
1.5172667322834645
20
2.8069576771653542
11
1.5194285826771654
21
2.8136112598425198
0
LINE
8
BLACK
6
CONTINUOUS
10
1.5194285826771654
20
2.8136112598425198
11
1.5229266141732283
21
2.8196699606299211
0
LINE
8
BLACK
6
CONTINUOUS
10
1.5229266141732283
20
2.8196699606299211
11
1.5276078346456692
21
2.8248690157480314
0
LINE
8
BLACK
6
CONTINUOUS
10
1.5276078346456692
20
2.8248690157480314
11
1.5332677165354331
21
2.8289811811023622
0
LINE
8
BLACK
6
CONTINUOUS
10
1.5332677165354331
20
2.8289811811023622
11
1.5396588976377952
21
2.8318266929133857
0
LINE
8
BLACK
6
CONTINUOUS
10
1.5396588976377952
20
2.8318266929133857
11
1.5465020078740157
21
2.8332812598425194
0
LINE
8
BLACK
6
CONTINUOUS
10
1.5465020078740157
20
2.8332812598425194
11
1.5534979921259842
21
2.8332812598425194
0
LINE
8
BLACK
6
CONTINUOUS
10
1.5534979921259842
20
2.8332812598425194
11
1.5603411023622047
21
2.8318266929133857
0
LINE
8
BLACK
6
CONTINUOUS
10
1.6603411023622048
20
2.8318266929133857
11
1.6667322834645668
21
2.8289811811023622
0
LINE
8
BLACK
6
CONTINUOUS
10
1.6667322834645668
20
2.8289811811023622
11
1.6723921653543308
21
2.8248690157480314
0
LINE
8
BLACK
6
CONTINUOUS
10
1.6723921653543308
20
2.8248690157480314
11
1.6770733858267717
21
2.8196699606299211
0
LINE
8
BLACK
6
CONTINUOUS
10
1.6770733858267717
20
2.8196699606299211
11
1.6805714173228345
21
2.8136112598425198
0
LINE
8
BLACK
6
CONTINUOUS
10
1.6805714173228345
20
2.8136112598425198
11
1.6827332677165354
21
2.8069576771653542
0
LINE
8
BLACK
6
CONTINUOUS
10
1.6827332677165354
20
2.8069576771653542
11
1.6834645669291337
21
2.7999999999999998
0
LINE
8
BLACK
6
CONTINUOUS
10
1.6834645669291337
20
2.7999999999999998
11
1.6827332677165354
21
2.7930423228346455
0
LINE
8
BLACK
6
CONTINUOUS
10
1.6827332677165354
20
2.7930423228346455
11
1.6805714173228345
21
2.7863887401574803
0
LINE
8
BLACK
6
CONTINUOUS
10
1.6805714173228345
20
2.7863887401574803
11
1.6770733858267717
21
2.7803300393700785
0
LINE
8
BLACK
6
CONTINUOUS
10
1.6770733858267717
20
2.7803300393700785
11
1.6723921653543308
21
2.7751309842519682
0
LINE
8
BLACK
6
CONTINUOUS
10
1.6723921653543308
20
2.7751309842519682
11
1.6667322834645668
21
2.7710188188976379
0
LINE
8
BLACK
6
CONTINUOUS
10
1.6667322834645668
20
2.7710188188976379
11
1.6603411023622048
21
2.7681733070866139
0
LINE
8
BLACK
6
CONTINUOUS
10
1.6603411023622048
20
2.7681733070866139
11
1.6534979921259843
21
2.7667187401574802
0
LINE
8
BLACK
6
CONTINUOUS
10
1.6534979921259843
20
2.7667187401574802
11
1.6465020078740158
21
2.7667187401574802
0
LINE
8
BLACK
6
CONTINUOUS
10
1.6465020078740158
20
2.7667187401574802
11
1.6396588976377953
21
2.7681733070866139
0
LINE
8
BLACK
6
CONTINUOUS
10
1.6396588976377953
20
2.7681733070866139
11
1.633267716535433
21
2.7710188188976379
0
LINE
8
BLACK
6
CONTINUOUS
10
1.633267716535433
20
2.7710188188976379
11
1.6276078346456693
21
2.7751309842519682
0
LINE
8
BLACK
6
CONTINUOUS
10
1.6276078346456693
20
2.7751309842519682
11
1.6229266141732284
21
2.7803300393700785
0
LINE
8
BLACK
6
CONTINUOUS
10
1.6229266141732284
20
2.7803300393700785
11
1.6194285826771653
21
2.7863887401574803
0
LINE
8
BLACK
6
CONTINUOUS
10
1.6194285826771653
20
2.7863887401574803
11
1.6172667322834646
21
2.7930423228346455
0
LINE
8
BLACK
6
CONTINUOUS
10
1.6172667322834646
20
2.7930423228346455
11
1.6165354330708661
21
2.7999999999999998
0
LINE
8
BLACK
6
CONTINUOUS
10
1.6165354330708661
20
2.7999999999999998
11
1.6172667322834646
21
2.8069576771653542
0
LINE
8
BLACK
6
CONTINUOUS
10
1.6172667322834646
20
2.8069576771653542
11
1.6194285826771653
21
2.8136112598425198
0
LINE
8
BLACK
6
CONTINUOUS
10
1.6194285826771653
20
2.8136112598425198
11
1.6229266141732284
21
2.8196699606299211
0
LINE
8
BLACK
6
CONTINUOUS
10
1.6229266141732284
20
2.8196699606299211
11
1.6276078346456693
21
2.8248690157480314
0
LINE
8
BLACK
6
CONTINUOUS
10
1.6276078346456693
20
2.8248690157480314
11
1.633267716535433
21
2.8289811811023622
0
LINE
8
BLACK
6
CONTINUOUS
10
1.633267716535433
20
2.8289811811023622
11
1.6396588976377953
21
2.8318266929133857
0
LINE
8
BLACK
6
CONTINUOUS
10
1.6396588976377953
20
2.8318266929133857
11
1.6465020078740158
21
2.8332812598425194
0
LINE
8
BLACK
6
CONTINUOUS
10
1.6465020078740158
20
2.8332812598425194
11
1.6534979921259843
21
2.8332812598425194
0
LINE
8
BLACK
6
CONTINUOUS
10
1.6534979921259843
20
2.8332812598425194
11
1.6603411023622048
21
2.8318266929133857
0
LINE
8
BLACK
6
CONTINUOUS
10
1.7603411023622046
20
2.8318266929133857
11
1.7667322834645669
21
2.8289811811023622
0
LINE
8
BLACK
6
CONTINUOUS
10
1.7667322834645669
20
2.8289811811023622
11
1.7723921653543306
21
2.8248690157480314
0
LINE
8
BLACK
6
CONTINUOUS
10
1.7723921653543306
20
2.8248690157480314
11
1.7770733858267715
21
2.8196699606299211
0
LINE
8
BLACK
6
CONTINUOUS
10
1.7770733858267715
20
2.8196699606299211
11
1.7805714173228346
21
2.8136112598425198
0
LINE
8
BLACK
6
CONTINUOUS
10
1.7805714173228346
20
2.8136112598425198
11
1.7827332677165353
21
2.8069576771653542
0
LINE
8
BLACK
6
CONTINUOUS
10
1.7827332677165353
20
2.8069576771653542
11
1.7834645669291338
21
2.7999999999999998
0
LINE
8
BLACK
6
CONTINUOUS
10
1.7834645669291338
20
2.7999999999999998
11
1.7827332677165353
21
2.7930423228346455
0
LINE
8
BLACK
6
CONTINUOUS
10
1.7827332677165353
20
2.7930423228346455
11
1.7805714173228346
21
2.7863887401574803
0
LINE
8
BLACK
6
CONTINUOUS
10
1.7805714173228346
20
2.7863887401574803
11
1.7770733858267715
21
2.7803300393700785
0
LINE
8
BLACK
6
CONTINUOUS
10
1.7770733858267715
20
2.7803300393700785
11
1.7723921653543306
21
2.7751309842519682
0
LINE
8
BLACK
6
CONTINUOUS
10
1.7723921653543306
20
2.7751309842519682
11
1.7667322834645669
21
2.7710188188976379
0
LINE
8
BLACK
6
CONTINUOUS
10
1.7667322834645669
20
2.7710188188976379
11
1.7603411023622046
21
2.7681733070866139
0
LINE
8
BLACK
6
CONTINUOUS
10
1.7603411023622046
20
2.7681733070866139
11
1.7534979921259841
21
2.7667187401574802
0
LINE
8
BLACK
6
CONTINUOUS
10
1.7534979921259841
20
2.7667187401574802
11
1.7465020078740157
21
2.7667187401574802
0
LINE
8
BLACK
6
CONTINUOUS
10
1.7465020078740157
20
2.7667187401574802
11
1.7396588976377951
21
2.7681733070866139
0
LINE
8
BLACK
6
CONTINUOUS
10
1.7396588976377951
20
2.7681733070866139
11
1.7332677165354331
21
2.7710188188976379
0
LINE
8
BLACK
6
CONTINUOUS
10
1.7332677165354331
20
2.7710188188976379
11
1.7276078346456694
21
2.7751309842519682
0
LINE
8
BLACK
6
CONTINUOUS
10
1.7276078346456694
20
2.7751309842519682
11
1.7229266141732282
21
2.7803300393700785
0
LINE
8
BLACK
6
CONTINUOUS
10
1.7229266141732282
20
2.7803300393700785
11
1.7194285826771654
21
2.7863887401574803
0
LINE
8
BLACK
6
CONTINUOUS
10
1.7194285826771654
20
2.7863887401574803
11
1.7172667322834645
21
2.7930423228346455
0
LINE
8
BLACK
6
CONTINUOUS
10
1.7172667322834645
20
2.7930423228346455
11
1.7165354330708662
21
2.7999999999999998
0
LINE
8
BLACK
6
CONTINUOUS
10
1.7165354330708662
20
2.7999999999999998
11
1.7172667322834645
21
2.8069576771653542
0
LINE
8
BLACK
6
CONTINUOUS
10
1.7172667322834645
20
2.8069576771653542
11
1.7194285826771654
21
2.8136112598425198
0
LINE
8
BLACK
6
CONTINUOUS
10
1.7194285826771654
20
2.8136112598425198
11
1.7229266141732282
21
2.8196699606299211
0
LINE
8
BLACK
6
CONTINUOUS
10
1.7229266141732282
20
2.8196699606299211
11
1.7276078346456694
21
2.8248690157480314
0
LINE
8
BLACK
6
CONTINUOUS
10
1.7276078346456694
20
2.8248690157480314
11
1.7332677165354331
21
2.8289811811023622
0
LINE
8
BLACK
6
CONTINUOUS
10
1.7332677165354331
20
2.8289811811023622
11
1.7396588976377951
21
2.8318266929133857
0
LINE
8
BLACK
6
CONTINUOUS
10
1.7396588976377951
20
2.8318266929133857
11
1.7465020078740157
21
2.8332812598425194
0
LINE
8
BLACK
6
CONTINUOUS
10
1.7465020078740157
20
2.8332812598425194
11
1.7534979921259841
21
2.8332812598425194
0
LINE
8
BLACK
6
CONTINUOUS
10
1.7534979921259841
20
2.8332812598425194
11
1.7603411023622046
21
2.8318266929133857
0
LINE
8
BLACK
6
CONTINUOUS
10
0.2603411023622047
20
2.9318266929133858
11
0.2667322834645669
21
2.9289811811023623
0
LINE
8
BLACK
6
CONTINUOUS
10
0.2667322834645669
20
2.9289811811023623
11
0.2723921653543307
21
2.9248690157480315
0
LINE
8
BLACK
6
CONTINUOUS
10
0.2723921653543307
20
2.9248690157480315
11
0.2770733858267717
21
2.9196699606299212
0
LINE
8
BLACK
6
CONTINUOUS
10
0.2770733858267717
20
2.9196699606299212
11
0.2805714173228346
21
2.9136112598425195
0
LINE
8
BLACK
6
CONTINUOUS
10
0.2805714173228346
20
2.9136112598425195
11
0.2827332677165355
21
2.9069576771653542
0
LINE
8
BLACK
6
CONTINUOUS
10
0.2827332677165355
20
2.9069576771653542
11
0.2834645669291339
21
2.8999999999999999
0
LINE
8
BLACK
6
CONTINUOUS
10
0.2834645669291339
20
2.8999999999999999
11
0.2827332677165355
21
2.8930423228346456
0
LINE
8
BLACK
6
CONTINUOUS
10
0.2827332677165355
20
2.8930423228346456
11
0.2805714173228346
21
2.8863887401574804
0
LINE
8
BLACK
6
CONTINUOUS
10
0.2805714173228346
20
2.8863887401574804
11
0.2770733858267717
21
2.8803300393700786
0
LINE
8
BLACK
6
CONTINUOUS
10
0.2770733858267717
20
2.8803300393700786
11
0.2723921653543307
21
2.8751309842519683
0
LINE
8
BLACK
6
CONTINUOUS
10
0.2723921653543307
20
2.8751309842519683
11
0.2667322834645669
21
2.8710188188976375
0
LINE
8
BLACK
6
CONTINUOUS
10
0.2667322834645669
20
2.8710188188976375
11
0.2603411023622047
21
2.868173307086614
0
LINE
8
BLACK
6
CONTINUOUS
10
0.2603411023622047
20
2.868173307086614
11
0.2534979921259842
21
2.8667187401574803
0
LINE
8
BLACK
6
CONTINUOUS
10
0.2534979921259842
20
2.8667187401574803
11
0.2465020078740157
21
2.8667187401574803
0
LINE
8
BLACK
6
CONTINUOUS
10
0.2465020078740157
20
2.8667187401574803
11
0.2396588976377953
21
2.868173307086614
0
LINE
8
BLACK
6
CONTINUOUS
10
0.2396588976377953
20
2.868173307086614
11
0.2332677165354331
21
2.8710188188976375
0
LINE
8
BLACK
6
CONTINUOUS
10
0.2332677165354331
20
2.8710188188976375
11
0.2276078346456693
21
2.8751309842519683
0
LINE
8
BLACK
6
CONTINUOUS
10
0.2276078346456693
20
2.8751309842519683
11
0.2229266141732283
21
2.8803300393700786
0
LINE
8
BLACK
6
CONTINUOUS
10
0.2229266141732283
20
2.8803300393700786
11
0.2194285826771654
21
2.8863887401574804
0
LINE
8
BLACK
6
CONTINUOUS
10
0.2194285826771654
20
2.8863887401574804
11
0.2172667322834646
21
2.8930423228346456
0
LINE
8
BLACK
6
CONTINUOUS
10
0.2172667322834646
20
2.8930423228346456
11
0.2165354330708661
21
2.8999999999999999
0
LINE
8
BLACK
6
CONTINUOUS
10
0.2165354330708661
20
2.8999999999999999
11
0.2172667322834646
21
2.9069576771653542
0
LINE
8
BLACK
6
CONTINUOUS
10
0.2172667322834646
20
2.9069576771653542
11
0.2194285826771654
21
2.9136112598425195
0
LINE
8
BLACK
6
CONTINUOUS
10
0.2194285826771654
20
2.9136112598425195
11
0.2229266141732283
21
2.9196699606299212
0
LINE
8
BLACK
6
CONTINUOUS
10
0.2229266141732283
20
2.9196699606299212
11
0.2276078346456693
21
2.9248690157480315
0
LINE
8
BLACK
6
CONTINUOUS
10
0.2276078346456693
20
2.9248690157480315
11
0.2332677165354331
21
2.9289811811023623
0
LINE
8
BLACK
6
CONTINUOUS
10
0.2332677165354331
20
2.9289811811023623
11
0.2396588976377953
21
2.9318266929133858
0
LINE
8
BLACK
6
CONTINUOUS
10
0.2396588976377953
20
2.9318266929133858
11
0.2465020078740157
21
2.9332812598425195
0
LINE
8
BLACK
6
CONTINUOUS
10
0.2465020078740157
20
2.9332812598425195
11
0.2534979921259842
21
2.9332812598425195
0
LINE
8
BLACK
6
CONTINUOUS
10
0.2534979921259842
20
2.9332812598425195
11
0.2603411023622047
21
2.9318266929133858
0
LINE
8
BLACK
6
CONTINUOUS
10
0.3603411023622047
20
2.9318266929133858
11
0.3667322834645669
21
2.9289811811023623
0
LINE
8
BLACK
6
CONTINUOUS
10
0.3667322834645669
20
2.9289811811023623
11
0.3723921653543307
21
2.9248690157480315
0
LINE
8
BLACK
6
CONTINUOUS
10
0.3723921653543307
20
2.9248690157480315
11
0.3770733858267716
21
2.9196699606299212
0
LINE
8
BLACK
6
CONTINUOUS
10
0.3770733858267716
20
2.9196699606299212
11
0.3805714173228346
21
2.9136112598425195
0
LINE
8
BLACK
6
CONTINUOUS
10
0.3805714173228346
20
2.9136112598425195
11
0.3827332677165354
21
2.9069576771653542
0
LINE
8
BLACK
6
CONTINUOUS
10
0.3827332677165354
20
2.9069576771653542
11
0.3834645669291338
21
2.8999999999999999
0
LINE
8
BLACK
6
CONTINUOUS
10
0.3834645669291338
20
2.8999999999999999
11
0.3827332677165354
21
2.8930423228346456
0
LINE
8
BLACK
6
CONTINUOUS
10
0.3827332677165354
20
2.8930423228346456
11
0.3805714173228346
21
2.8863887401574804
0
LINE
8
BLACK
6
CONTINUOUS
10
0.3805714173228346
20
2.8863887401574804
11
0.3770733858267716
21
2.8803300393700786
0
LINE
8
BLACK
6
CONTINUOUS
10
0.3770733858267716
20
2.8803300393700786
11
0.3723921653543307
21
2.8751309842519683
0
LINE
8
BLACK
6
CONTINUOUS
10
0.3723921653543307
20
2.8751309842519683
11
0.3667322834645669
21
2.8710188188976375
0
LINE
8
BLACK
6
CONTINUOUS
10
0.3667322834645669
20
2.8710188188976375
11
0.3603411023622047
21
2.868173307086614
0
LINE
8
BLACK
6
CONTINUOUS
10
0.3603411023622047
20
2.868173307086614
11
0.3534979921259843
21
2.8667187401574803
0
LINE
8
BLACK
6
CONTINUOUS
10
0.3534979921259843
20
2.8667187401574803
11
0.3465020078740157
21
2.8667187401574803
0
LINE
8
BLACK
6
CONTINUOUS
10
0.3465020078740157
20
2.8667187401574803
11
0.3396588976377953
21
2.868173307086614
0
LINE
8
BLACK
6
CONTINUOUS
10
0.3396588976377953
20
2.868173307086614
11
0.3332677165354331
21
2.8710188188976375
0
LINE
8
BLACK
6
CONTINUOUS
10
0.3332677165354331
20
2.8710188188976375
11
0.3276078346456693
21
2.8751309842519683
0
LINE
8
BLACK
6
CONTINUOUS
10
0.3276078346456693
20
2.8751309842519683
11
0.3229266141732283
21
2.8803300393700786
0
LINE
8
BLACK
6
CONTINUOUS
10
0.3229266141732283
20
2.8803300393700786
11
0.3194285826771653
21
2.8863887401574804
0
LINE
8
BLACK
6
CONTINUOUS
10
0.3194285826771653
20
2.8863887401574804
11
0.3172667322834646
21
2.8930423228346456
0
LINE
8
BLACK
6
CONTINUOUS
10
0.3172667322834646
20
2.8930423228346456
11
0.3165354330708661
21
2.8999999999999999
0
LINE
8
BLACK
6
CONTINUOUS
10
0.3165354330708661
20
2.8999999999999999
11
0.3172667322834646
21
2.9069576771653542
0
LINE
8
BLACK
6
CONTINUOUS
10
0.3172667322834646
20
2.9069576771653542
11
0.3194285826771653
21
2.9136112598425195
0
LINE
8
BLACK
6
CONTINUOUS
10
0.3194285826771653
20
2.9136112598425195
11
0.3229266141732283
21
2.9196699606299212
0
LINE
8
BLACK
6
CONTINUOUS
10
0.3229266141732283
20
2.9196699606299212
11
0.3276078346456693
21
2.9248690157480315
0
LINE
8
BLACK
6
CONTINUOUS
10
0.3276078346456693
20
2.9248690157480315
11
0.3332677165354331
21
2.9289811811023623
0
LINE
8
BLACK
6
CONTINUOUS
10
0.3332677165354331
20
2.9289811811023623
11
0.3396588976377953
21
2.9318266929133858
0
LINE
8
BLACK
6
CONTINUOUS
10
0.3396588976377953
20
2.9318266929133858
11
0.3465020078740157
21
2.9332812598425195
0
LINE
8
BLACK
6
CONTINUOUS
10
0.3465020078740157
20
2.9332812598425195
11
0.3534979921259843
21
2.9332812598425195
0
LINE
8
BLACK
6
CONTINUOUS
10
0.3534979921259843
20
2.9332812598425195
11
0.3603411023622047
21
2.9318266929133858
0
LINE
8
BLACK
6
CONTINUOUS
10
0.4603411023622047
20
2.9318266929133858
11
0.4667322834645669
21
2.9289811811023623
0
LINE
8
BLACK
6
CONTINUOUS
10
0.4667322834645669
20
2.9289811811023623
11
0.4723921653543307
21
2.9248690157480315
0
LINE
8
BLACK
6
CONTINUOUS
10
0.4723921653543307
20
2.9248690157480315
11
0.4770733858267717
21
2.9196699606299212
0
LINE
8
BLACK
6
CONTINUOUS
10
0.4770733858267717
20
2.9196699606299212
11
0.4805714173228346
21
2.9136112598425195
0
LINE
8
BLACK
6
CONTINUOUS
10
0.4805714173228346
20
2.9136112598425195
11
0.4827332677165354
21
2.9069576771653542
0
LINE
8
BLACK
6
CONTINUOUS
10
0.4827332677165354
20
2.9069576771653542
11
0.4834645669291339
21
2.8999999999999999
0
LINE
8
BLACK
6
CONTINUOUS
10
0.4834645669291339
20
2.8999999999999999
11
0.4827332677165354
21
2.8930423228346456
0
LINE
8
BLACK
6
CONTINUOUS
10
0.4827332677165354
20
2.8930423228346456
11
0.4805714173228346
21
2.8863887401574804
0
LINE
8
BLACK
6
CONTINUOUS
10
0.4805714173228346
20
2.8863887401574804
11
0.4770733858267717
21
2.8803300393700786
0
LINE
8
BLACK
6
CONTINUOUS
10
0.4770733858267717
20
2.8803300393700786
11
0.4723921653543307
21
2.8751309842519683
0
LINE
8
BLACK
6
CONTINUOUS
10
0.4723921653543307
20
2.8751309842519683
11
0.4667322834645669
21
2.8710188188976375
0
LINE
8
BLACK
6
CONTINUOUS
10
0.4667322834645669
20
2.8710188188976375
11
0.4603411023622047
21
2.868173307086614
0
LINE
8
BLACK
6
CONTINUOUS
10
0.4603411023622047
20
2.868173307086614
11
0.4534979921259842
21
2.8667187401574803
0
LINE
8
BLACK
6
CONTINUOUS
10
0.4534979921259842
20
2.8667187401574803
11
0.4465020078740157
21
2.8667187401574803
0
LINE
8
BLACK
6
CONTINUOUS
10
0.4465020078740157
20
2.8667187401574803
11
0.4396588976377953
21
2.868173307086614
0
LINE
8
BLACK
6
CONTINUOUS
10
0.4396588976377953
20
2.868173307086614
11
0.4332677165354331
21
2.8710188188976375
0
LINE
8
BLACK
6
CONTINUOUS
10
0.4332677165354331
20
2.8710188188976375
11
0.4276078346456693
21
2.8751309842519683
0
LINE
8
BLACK
6
CONTINUOUS
10
0.4276078346456693
20
2.8751309842519683
11
0.4229266141732284
21
2.8803300393700786
0
LINE
8
BLACK
6
CONTINUOUS
10
0.4229266141732284
20
2.8803300393700786
11
0.4194285826771653
21
2.8863887401574804
0
LINE
8
BLACK
6
CONTINUOUS
10
0.4194285826771653
20
2.8863887401574804
11
0.4172667322834646
21
2.8930423228346456
0
LINE
8
BLACK
6
CONTINUOUS
10
0.4172667322834646
20
2.8930423228346456
11
0.4165354330708662
21
2.8999999999999999
0
LINE
8
BLACK
6
CONTINUOUS
10
0.4165354330708662
20
2.8999999999999999
11
0.4172667322834646
21
2.9069576771653542
0
LINE
8
BLACK
6
CONTINUOUS
10
0.4172667322834646
20
2.9069576771653542
11
0.4194285826771653
21
2.9136112598425195
0
LINE
8
BLACK
6
CONTINUOUS
10
0.4194285826771653
20
2.9136112598425195
11
0.4229266141732284
21
2.9196699606299212
0
LINE
8
BLACK
6
CONTINUOUS
10
0.4229266141732284
20
2.9196699606299212
11
0.4276078346456693
21
2.9248690157480315
0
LINE
8
BLACK
6
CONTINUOUS
10
0.4276078346456693
20
2.9248690157480315
11
0.4332677165354331
21
2.9289811811023623
0
LINE
8
BLACK
6
CONTINUOUS
10
0.4332677165354331
20
2.9289811811023623
11
0.4396588976377953
21
2.9318266929133858
0
LINE
8
BLACK
6
CONTINUOUS
10
0.4396588976377953
20
2.9318266929133858
11
0.4465020078740157
21
2.9332812598425195
0
LINE
8
BLACK
6
CONTINUOUS
10
0.4465020078740157
20
2.9332812598425195
11
0.4534979921259842
21
2.9332812598425195
0
LINE
8
BLACK
6
CONTINUOUS
10
0.4534979921259842
20
2.9332812598425195
11
0.4603411023622047
21
2.9318266929133858
0
LINE
8
BLACK
6
CONTINUOUS
10
0.5603411023622047
20
2.9318266929133858
11
0.5667322834645669
21
2.9289811811023623
0
LINE
8
BLACK
6
CONTINUOUS
10
0.5667322834645669
20
2.9289811811023623
11
0.5723921653543307
21
2.9248690157480315
0
LINE
8
BLACK
6
CONTINUOUS
10
0.5723921653543307
20
2.9248690157480315
11
0.5770733858267716
21
2.9196699606299212
0
LINE
8
BLACK
6
CONTINUOUS
10
0.5770733858267716
20
2.9196699606299212
11
0.5805714173228347
21
2.9136112598425195
0
LINE
8
BLACK
6
CONTINUOUS
10
0.5805714173228347
20
2.9136112598425195
11
0.5827332677165354
21
2.9069576771653542
0
LINE
8
BLACK
6
CONTINUOUS
10
0.5827332677165354
20
2.9069576771653542
11
0.5834645669291338
21
2.8999999999999999
0
LINE
8
BLACK
6
CONTINUOUS
10
0.5834645669291338
20
2.8999999999999999
11
0.5827332677165354
21
2.8930423228346456
0
LINE
8
BLACK
6
CONTINUOUS
10
0.5827332677165354
20
2.8930423228346456
11
0.5805714173228347
21
2.8863887401574804
0
LINE
8
BLACK
6
CONTINUOUS
10
0.5805714173228347
20
2.8863887401574804
11
0.5770733858267716
21
2.8803300393700786
0
LINE
8
BLACK
6
CONTINUOUS
10
0.5770733858267716
20
2.8803300393700786
11
0.5723921653543307
21
2.8751309842519683
0
LINE
8
BLACK
6
CONTINUOUS
10
0.5723921653543307
20
2.8751309842519683
11
0.5667322834645669
21
2.8710188188976375
0
LINE
8
BLACK
6
CONTINUOUS
10
0.5667322834645669
20
2.8710188188976375
11
0.5603411023622047
21
2.868173307086614
0
LINE
8
BLACK
6
CONTINUOUS
10
0.5603411023622047
20
2.868173307086614
11
0.5534979921259843
21
2.8667187401574803
0
LINE
8
BLACK
6
CONTINUOUS
10
0.5534979921259843
20
2.8667187401574803
11
0.5465020078740157
21
2.8667187401574803
0
LINE
8
BLACK
6
CONTINUOUS
10
0.5465020078740157
20
2.8667187401574803
11
0.5396588976377953
21
2.868173307086614
0
LINE
8
BLACK
6
CONTINUOUS
10
0.5396588976377953
20
2.868173307086614
11
0.533267716535433
21
2.8710188188976375
0
LINE
8
BLACK
6
CONTINUOUS
10
0.533267716535433
20
2.8710188188976375
11
0.5276078346456693
21
2.8751309842519683
0
LINE
8
BLACK
6
CONTINUOUS
10
0.5276078346456693
20
2.8751309842519683
11
0.5229266141732284
21
2.8803300393700786
0
LINE
8
BLACK
6
CONTINUOUS
10
0.5229266141732284
20
2.8803300393700786
11
0.5194285826771653
21
2.8863887401574804
0
LINE
8
BLACK
6
CONTINUOUS
10
0.5194285826771653
20
2.8863887401574804
11
0.5172667322834645
21
2.8930423228346456
0
LINE
8
BLACK
6
CONTINUOUS
10
0.5172667322834645
20
2.8930423228346456
11
0.5165354330708661
21
2.8999999999999999
0
LINE
8
BLACK
6
CONTINUOUS
10
0.5165354330708661
20
2.8999999999999999
11
0.5172667322834645
21
2.9069576771653542
0
LINE
8
BLACK
6
CONTINUOUS
10
0.5172667322834645
20
2.9069576771653542
11
0.5194285826771653
21
2.9136112598425195
0
LINE
8
BLACK
6
CONTINUOUS
10
0.5194285826771653
20
2.9136112598425195
11
0.5229266141732284
21
2.9196699606299212
0
LINE
8
BLACK
6
CONTINUOUS
10
0.5229266141732284
20
2.9196699606299212
11
0.5276078346456693
21
2.9248690157480315
0
LINE
8
BLACK
6
CONTINUOUS
10
0.5276078346456693
20
2.9248690157480315
11
0.533267716535433
21
2.9289811811023623
0
LINE
8
BLACK
6
CONTINUOUS
10
0.533267716535433
20
2.9289811811023623
11
0.5396588976377953
21
2.9318266929133858
0
LINE
8
BLACK
6
CONTINUOUS
10
0.5396588976377953
20
2.9318266929133858
11
0.5465020078740157
21
2.9332812598425195
0
LINE
8
BLACK
6
CONTINUOUS
10
0.5465020078740157
20
2.9332812598425195
11
0.5534979921259843
21
2.9332812598425195
0
LINE
8
BLACK
6
CONTINUOUS
10
0.5534979921259843
20
2.9332812598425195
11
0.5603411023622047
21
2.9318266929133858
0
LINE
8
BLACK
6
CONTINUOUS
10
0.6603411023622047
20
2.9318266929133858
11
0.6667322834645669
21
2.9289811811023623
0
LINE
8
BLACK
6
CONTINUOUS
10
0.6667322834645669
20
2.9289811811023623
11
0.6723921653543307
21
2.9248690157480315
0
LINE
8
BLACK
6
CONTINUOUS
10
0.6723921653543307
20
2.9248690157480315
11
0.6770733858267717
21
2.9196699606299212
0
LINE
8
BLACK
6
CONTINUOUS
10
0.6770733858267717
20
2.9196699606299212
11
0.6805714173228347
21
2.9136112598425195
0
LINE
8
BLACK
6
CONTINUOUS
10
0.6805714173228347
20
2.9136112598425195
11
0.6827332677165354
21
2.9069576771653542
0
LINE
8
BLACK
6
CONTINUOUS
10
0.6827332677165354
20
2.9069576771653542
11
0.6834645669291338
21
2.8999999999999999
0
LINE
8
BLACK
6
CONTINUOUS
10
0.6834645669291338
20
2.8999999999999999
11
0.6827332677165354
21
2.8930423228346456
0
LINE
8
BLACK
6
CONTINUOUS
10
0.6827332677165354
20
2.8930423228346456
11
0.6805714173228347
21
2.8863887401574804
0
LINE
8
BLACK
6
CONTINUOUS
10
0.6805714173228347
20
2.8863887401574804
11
0.6770733858267717
21
2.8803300393700786
0
LINE
8
BLACK
6
CONTINUOUS
10
0.6770733858267717
20
2.8803300393700786
11
0.6723921653543307
21
2.8751309842519683
0
LINE
8
BLACK
6
CONTINUOUS
10
0.6723921653543307
20
2.8751309842519683
11
0.6667322834645669
21
2.8710188188976375
0
LINE
8
BLACK
6
CONTINUOUS
10
0.6667322834645669
20
2.8710188188976375
11
0.6603411023622047
21
2.868173307086614
0
LINE
8
BLACK
6
CONTINUOUS
10
0.6603411023622047
20
2.868173307086614
11
0.6534979921259843
21
2.8667187401574803
0
LINE
8
BLACK
6
CONTINUOUS
10
0.6534979921259843
20
2.8667187401574803
11
0.6465020078740157
21
2.8667187401574803
0
LINE
8
BLACK
6
CONTINUOUS
10
0.6465020078740157
20
2.8667187401574803
11
0.6396588976377953
21
2.868173307086614
0
LINE
8
BLACK
6
CONTINUOUS
10
0.6396588976377953
20
2.868173307086614
11
0.633267716535433
21
2.8710188188976375
0
LINE
8
BLACK
6
CONTINUOUS
10
0.633267716535433
20
2.8710188188976375
11
0.6276078346456693
21
2.8751309842519683
0
LINE
8
BLACK
6
CONTINUOUS
10
0.6276078346456693
20
2.8751309842519683
11
0.6229266141732284
21
2.8803300393700786
0
LINE
8
BLACK
6
CONTINUOUS
10
0.6229266141732284
20
2.8803300393700786
11
0.6194285826771654
21
2.8863887401574804
0
LINE
8
BLACK
6
CONTINUOUS
10
0.6194285826771654
20
2.8863887401574804
11
0.6172667322834645
21
2.8930423228346456
0
LINE
8
BLACK
6
CONTINUOUS
10
0.6172667322834645
20
2.8930423228346456
11
0.6165354330708661
21
2.8999999999999999
0
LINE
8
BLACK
6
CONTINUOUS
10
0.6165354330708661
20
2.8999999999999999
11
0.6172667322834645
21
2.9069576771653542
0
LINE
8
BLACK
6
CONTINUOUS
10
0.6172667322834645
20
2.9069576771653542
11
0.6194285826771654
21
2.9136112598425195
0
LINE
8
BLACK
6
CONTINUOUS
10
0.6194285826771654
20
2.9136112598425195
11
0.6229266141732284
21
2.9196699606299212
0
LINE
8
BLACK
6
CONTINUOUS
10
0.6229266141732284
20
2.9196699606299212
11
0.6276078346456693
21
2.9248690157480315
0
LINE
8
BLACK
6
CONTINUOUS
10
0.6276078346456693
20
2.9248690157480315
11
0.633267716535433
21
2.9289811811023623
0
LINE
8
BLACK
6
CONTINUOUS
10
0.633267716535433
20
2.9289811811023623
11
0.6396588976377953
21
2.9318266929133858
0
LINE
8
BLACK
6
CONTINUOUS
10
0.6396588976377953
20
2.9318266929133858
11
0.6465020078740157
21
2.9332812598425195
0
LINE
8
BLACK
6
CONTINUOUS
10
0.6465020078740157
20
2.9332812598425195
11
0.6534979921259843
21
2.9332812598425195
0
LINE
8
BLACK
6
CONTINUOUS
10
0.6534979921259843
20
2.9332812598425195
11
0.6603411023622047
21
2.9318266929133858
0
LINE
8
BLACK
6
CONTINUOUS
10
0.7603411023622048
20
2.9318266929133858
11
0.7667322834645669
21
2.9289811811023623
0
LINE
8
BLACK
6
CONTINUOUS
10
0.7667322834645669
20
2.9289811811023623
11
0.7723921653543306
21
2.9248690157480315
0
LINE
8
BLACK
6
CONTINUOUS
10
0.7723921653543306
20
2.9248690157480315
11
0.7770733858267717
21
2.9196699606299212
0
LINE
8
BLACK
6
CONTINUOUS
10
0.7770733858267717
20
2.9196699606299212
11
0.7805714173228346
21
2.9136112598425195
0
LINE
8
BLACK
6
CONTINUOUS
10
0.7805714173228346
20
2.9136112598425195
11
0.7827332677165354
21
2.9069576771653542
0
LINE
8
BLACK
6
CONTINUOUS
10
0.7827332677165354
20
2.9069576771653542
11
0.7834645669291338
21
2.8999999999999999
0
LINE
8
BLACK
6
CONTINUOUS
10
0.7834645669291338
20
2.8999999999999999
11
0.7827332677165354
21
2.8930423228346456
0
LINE
8
BLACK
6
CONTINUOUS
10
0.7827332677165354
20
2.8930423228346456
11
0.7805714173228346
21
2.8863887401574804
0
LINE
8
BLACK
6
CONTINUOUS
10
0.7805714173228346
20
2.8863887401574804
11
0.7770733858267717
21
2.8803300393700786
0
LINE
8
BLACK
6
CONTINUOUS
10
0.7770733858267717
20
2.8803300393700786
11
0.7723921653543306
21
2.8751309842519683
0
LINE
8
BLACK
6
CONTINUOUS
10
0.7723921653543306
20
2.8751309842519683
11
0.7667322834645669
21
2.8710188188976375
0
LINE
8
BLACK
6
CONTINUOUS
10
0.7667322834645669
20
2.8710188188976375
11
0.7603411023622048
21
2.868173307086614
0
LINE
8
BLACK
6
CONTINUOUS
10
0.7603411023622048
20
2.868173307086614
11
0.7534979921259842
21
2.8667187401574803
0
LINE
8
BLACK
6
CONTINUOUS
10
0.7534979921259842
20
2.8667187401574803
11
0.7465020078740158
21
2.8667187401574803
0
LINE
8
BLACK
6
CONTINUOUS
10
0.7465020078740158
20
2.8667187401574803
11
0.7396588976377952
21
2.868173307086614
0
LINE
8
BLACK
6
CONTINUOUS
10
0.7396588976377952
20
2.868173307086614
11
0.7332677165354331
21
2.8710188188976375
0
LINE
8
BLACK
6
CONTINUOUS
10
0.7332677165354331
20
2.8710188188976375
11
0.7276078346456692
21
2.8751309842519683
0
LINE
8
BLACK
6
CONTINUOUS
10
0.7276078346456692
20
2.8751309842519683
11
0.7229266141732283
21
2.8803300393700786
0
LINE
8
BLACK
6
CONTINUOUS
10
0.7229266141732283
20
2.8803300393700786
11
0.7194285826771654
21
2.8863887401574804
0
LINE
8
BLACK
6
CONTINUOUS
10
0.7194285826771654
20
2.8863887401574804
11
0.7172667322834646
21
2.8930423228346456
0
LINE
8
BLACK
6
CONTINUOUS
10
0.7172667322834646
20
2.8930423228346456
11
0.7165354330708661
21
2.8999999999999999
0
LINE
8
BLACK
6
CONTINUOUS
10
0.7165354330708661
20
2.8999999999999999
11
0.7172667322834646
21
2.9069576771653542
0
LINE
8
BLACK
6
CONTINUOUS
10
0.7172667322834646
20
2.9069576771653542
11
0.7194285826771654
21
2.9136112598425195
0
LINE
8
BLACK
6
CONTINUOUS
10
0.7194285826771654
20
2.9136112598425195
11
0.7229266141732283
21
2.9196699606299212
0
LINE
8
BLACK
6
CONTINUOUS
10
0.7229266141732283
20
2.9196699606299212
11
0.7276078346456692
21
2.9248690157480315
0
LINE
8
BLACK
6
CONTINUOUS
10
0.7276078346456692
20
2.9248690157480315
11
0.7332677165354331
21
2.9289811811023623
0
LINE
8
BLACK
6
CONTINUOUS
10
0.7332677165354331
20
2.9289811811023623
11
0.7396588976377952
21
2.9318266929133858
0
LINE
8
BLACK
6
CONTINUOUS
10
0.7396588976377952
20
2.9318266929133858
11
0.7465020078740158
21
2.9332812598425195
0
LINE
8
BLACK
6
CONTINUOUS
10
0.7465020078740158
20
2.9332812598425195
11
0.7534979921259842
21
2.9332812598425195
0
LINE
8
BLACK
6
CONTINUOUS
10
0.7534979921259842
20
2.9332812598425195
11
0.7603411023622048
21
2.9318266929133858
0
LINE
8
BLACK
6
CONTINUOUS
10
0.8603411023622047
20
2.9318266929133858
11
0.8667322834645669
21
2.9289811811023623
0
LINE
8
BLACK
6
CONTINUOUS
10
0.8667322834645669
20
2.9289811811023623
11
0.8723921653543307
21
2.9248690157480315
0
LINE
8
BLACK
6
CONTINUOUS
10
0.8723921653543307
20
2.9248690157480315
11
0.8770733858267716
21
2.9196699606299212
0
LINE
8
BLACK
6
CONTINUOUS
10
0.8770733858267716
20
2.9196699606299212
11
0.8805714173228346
21
2.9136112598425195
0
LINE
8
BLACK
6
CONTINUOUS
10
0.8805714173228346
20
2.9136112598425195
11
0.8827332677165354
21
2.9069576771653542
0
LINE
8
BLACK
6
CONTINUOUS
10
0.8827332677165354
20
2.9069576771653542
11
0.8834645669291339
21
2.8999999999999999
0
LINE
8
BLACK
6
CONTINUOUS
10
0.8834645669291339
20
2.8999999999999999
11
0.8827332677165354
21
2.8930423228346456
0
LINE
8
BLACK
6
CONTINUOUS
10
0.8827332677165354
20
2.8930423228346456
11
0.8805714173228346
21
2.8863887401574804
0
LINE
8
BLACK
6
CONTINUOUS
10
0.8805714173228346
20
2.8863887401574804
11
0.8770733858267716
21
2.8803300393700786
0
LINE
8
BLACK
6
CONTINUOUS
10
0.8770733858267716
20
2.8803300393700786
11
0.8723921653543307
21
2.8751309842519683
0
LINE
8
BLACK
6
CONTINUOUS
10
0.8723921653543307
20
2.8751309842519683
11
0.8667322834645669
21
2.8710188188976375
0
LINE
8
BLACK
6
CONTINUOUS
10
0.8667322834645669
20
2.8710188188976375
11
0.8603411023622047
21
2.868173307086614
0
LINE
8
BLACK
6
CONTINUOUS
10
0.8603411023622047
20
2.868173307086614
11
0.8534979921259842
21
2.8667187401574803
0
LINE
8
BLACK
6
CONTINUOUS
10
0.8534979921259842
20
2.8667187401574803
11
0.8465020078740157
21
2.8667187401574803
0
LINE
8
BLACK
6
CONTINUOUS
10
0.8465020078740157
20
2.8667187401574803
11
0.8396588976377952
21
2.868173307086614
0
LINE
8
BLACK
6
CONTINUOUS
10
0.8396588976377952
20
2.868173307086614
11
0.8332677165354331
21
2.8710188188976375
0
LINE
8
BLACK
6
CONTINUOUS
10
0.8332677165354331
20
2.8710188188976375
11
0.8276078346456692
21
2.8751309842519683
0
LINE
8
BLACK
6
CONTINUOUS
10
0.8276078346456692
20
2.8751309842519683
11
0.8229266141732283
21
2.8803300393700786
0
LINE
8
BLACK
6
CONTINUOUS
10
0.8229266141732283
20
2.8803300393700786
11
0.8194285826771653
21
2.8863887401574804
0
LINE
8
BLACK
6
CONTINUOUS
10
0.8194285826771653
20
2.8863887401574804
11
0.8172667322834646
21
2.8930423228346456
0
LINE
8
BLACK
6
CONTINUOUS
10
0.8172667322834646
20
2.8930423228346456
11
0.8165354330708661
21
2.8999999999999999
0
LINE
8
BLACK
6
CONTINUOUS
10
0.8165354330708661
20
2.8999999999999999
11
0.8172667322834646
21
2.9069576771653542
0
LINE
8
BLACK
6
CONTINUOUS
10
0.8172667322834646
20
2.9069576771653542
11
0.8194285826771653
21
2.9136112598425195
0
LINE
8
BLACK
6
CONTINUOUS
10
0.8194285826771653
20
2.9136112598425195
11
0.8229266141732283
21
2.9196699606299212
0
LINE
8
BLACK
6
CONTINUOUS
10
0.8229266141732283
20
2.9196699606299212
11
0.8276078346456692
21
2.9248690157480315
0
LINE
8
BLACK
6
CONTINUOUS
10
0.8276078346456692
20
2.9248690157480315
11
0.8332677165354331
21
2.9289811811023623
0
LINE
8
BLACK
6
CONTINUOUS
10
0.8332677165354331
20
2.9289811811023623
11
0.8396588976377952
21
2.9318266929133858
0
LINE
8
BLACK
6
CONTINUOUS
10
0.8396588976377952
20
2.9318266929133858
11
0.8465020078740157
21
2.9332812598425195
0
LINE
8
BLACK
6
CONTINUOUS
10
0.8465020078740157
20
2.9332812598425195
11
0.8534979921259842
21
2.9332812598425195
0
LINE
8
BLACK
6
CONTINUOUS
10
0.8534979921259842
20
2.9332812598425195
11
0.8603411023622047
21
2.9318266929133858
0
LINE
8
BLACK
6
CONTINUOUS
10
0.9603411023622047
20
2.9318266929133858
11
0.9667322834645669
21
2.9289811811023623
0
LINE
8
BLACK
6
CONTINUOUS
10
0.9667322834645669
20
2.9289811811023623
11
0.9723921653543307
21
2.9248690157480315
0
LINE
8
BLACK
6
CONTINUOUS
10
0.9723921653543307
20
2.9248690157480315
11
0.9770733858267716
21
2.9196699606299212
0
LINE
8
BLACK
6
CONTINUOUS
10
0.9770733858267716
20
2.9196699606299212
11
0.9805714173228346
21
2.9136112598425195
0
LINE
8
BLACK
6
CONTINUOUS
10
0.9805714173228346
20
2.9136112598425195
11
0.9827332677165355
21
2.9069576771653542
0
LINE
8
BLACK
6
CONTINUOUS
10
0.9827332677165355
20
2.9069576771653542
11
0.9834645669291339
21
2.8999999999999999
0
LINE
8
BLACK
6
CONTINUOUS
10
0.9834645669291339
20
2.8999999999999999
11
0.9827332677165355
21
2.8930423228346456
0
LINE
8
BLACK
6
CONTINUOUS
10
0.9827332677165355
20
2.8930423228346456
11
0.9805714173228346
21
2.8863887401574804
0
LINE
8
BLACK
6
CONTINUOUS
10
0.9805714173228346
20
2.8863887401574804
11
0.9770733858267716
21
2.8803300393700786
0
LINE
8
BLACK
6
CONTINUOUS
10
0.9770733858267716
20
2.8803300393700786
11
0.9723921653543307
21
2.8751309842519683
0
LINE
8
BLACK
6
CONTINUOUS
10
0.9723921653543307
20
2.8751309842519683
11
0.9667322834645669
21
2.8710188188976375
0
LINE
8
BLACK
6
CONTINUOUS
10
0.9667322834645669
20
2.8710188188976375
11
0.9603411023622047
21
2.868173307086614
0
LINE
8
BLACK
6
CONTINUOUS
10
0.9603411023622047
20
2.868173307086614
11
0.9534979921259842
21
2.8667187401574803
0
LINE
8
BLACK
6
CONTINUOUS
10
0.9534979921259842
20
2.8667187401574803
11
0.9465020078740157
21
2.8667187401574803
0
LINE
8
BLACK
6
CONTINUOUS
10
0.9465020078740157
20
2.8667187401574803
11
0.9396588976377953
21
2.868173307086614
0
LINE
8
BLACK
6
CONTINUOUS
10
0.9396588976377953
20
2.868173307086614
11
0.9332677165354331
21
2.8710188188976375
0
LINE
8
BLACK
6
CONTINUOUS
10
0.9332677165354331
20
2.8710188188976375
11
0.9276078346456693
21
2.8751309842519683
0
LINE
8
BLACK
6
CONTINUOUS
10
0.9276078346456693
20
2.8751309842519683
11
0.9229266141732283
21
2.8803300393700786
0
LINE
8
BLACK
6
CONTINUOUS
10
0.9229266141732283
20
2.8803300393700786
11
0.9194285826771653
21
2.8863887401574804
0
LINE
8
BLACK
6
CONTINUOUS
10
0.9194285826771653
20
2.8863887401574804
11
0.9172667322834646
21
2.8930423228346456
0
LINE
8
BLACK
6
CONTINUOUS
10
0.9172667322834646
20
2.8930423228346456
11
0.9165354330708662
21
2.8999999999999999
0
LINE
8
BLACK
6
CONTINUOUS
10
0.9165354330708662
20
2.8999999999999999
11
0.9172667322834646
21
2.9069576771653542
0
LINE
8
BLACK
6
CONTINUOUS
10
0.9172667322834646
20
2.9069576771653542
11
0.9194285826771653
21
2.9136112598425195
0
LINE
8
BLACK
6
CONTINUOUS
10
0.9194285826771653
20
2.9136112598425195
11
0.9229266141732283
21
2.9196699606299212
0
LINE
8
BLACK
6
CONTINUOUS
10
0.9229266141732283
20
2.9196699606299212
11
0.9276078346456693
21
2.9248690157480315
0
LINE
8
BLACK
6
CONTINUOUS
10
0.9276078346456693
20
2.9248690157480315
11
0.9332677165354331
21
2.9289811811023623
0
LINE
8
BLACK
6
CONTINUOUS
10
0.9332677165354331
20
2.9289811811023623
11
0.9396588976377953
21
2.9318266929133858
0
LINE
8
BLACK
6
CONTINUOUS
10
0.9396588976377953
20
2.9318266929133858
11
0.9465020078740157
21
2.9332812598425195
0
LINE
8
BLACK
6
CONTINUOUS
10
0.9465020078740157
20
2.9332812598425195
11
0.9534979921259842
21
2.9332812598425195
0
LINE
8
BLACK
6
CONTINUOUS
10
0.9534979921259842
20
2.9332812598425195
11
0.9603411023622047
21
2.9318266929133858
0
LINE
8
BLACK
6
CONTINUOUS
10
1.0603411023622047
20
2.9318266929133858
11
1.0667322834645669
21
2.9289811811023623
0
LINE
8
BLACK
6
CONTINUOUS
10
1.0667322834645669
20
2.9289811811023623
11
1.0723921653543307
21
2.9248690157480315
0
LINE
8
BLACK
6
CONTINUOUS
10
1.0723921653543307
20
2.9248690157480315
11
1.0770733858267716
21
2.9196699606299212
0
LINE
8
BLACK
6
CONTINUOUS
10
1.0770733858267716
20
2.9196699606299212
11
1.0805714173228347
21
2.9136112598425195
0
LINE
8
BLACK
6
CONTINUOUS
10
1.0805714173228347
20
2.9136112598425195
11
1.0827332677165353
21
2.9069576771653542
0
LINE
8
BLACK
6
CONTINUOUS
10
1.0827332677165353
20
2.9069576771653542
11
1.0834645669291338
21
2.8999999999999999
0
LINE
8
BLACK
6
CONTINUOUS
10
1.0834645669291338
20
2.8999999999999999
11
1.0827332677165353
21
2.8930423228346456
0
LINE
8
BLACK
6
CONTINUOUS
10
1.0827332677165353
20
2.8930423228346456
11
1.0805714173228347
21
2.8863887401574804
0
LINE
8
BLACK
6
CONTINUOUS
10
1.0805714173228347
20
2.8863887401574804
11
1.0770733858267716
21
2.8803300393700786
0
LINE
8
BLACK
6
CONTINUOUS
10
1.0770733858267716
20
2.8803300393700786
11
1.0723921653543307
21
2.8751309842519683
0
LINE
8
BLACK
6
CONTINUOUS
10
1.0723921653543307
20
2.8751309842519683
11
1.0667322834645669
21
2.8710188188976375
0
LINE
8
BLACK
6
CONTINUOUS
10
1.0667322834645669
20
2.8710188188976375
11
1.0603411023622047
21
2.868173307086614
0
LINE
8
BLACK
6
CONTINUOUS
10
1.0603411023622047
20
2.868173307086614
11
1.0534979921259842
21
2.8667187401574803
0
LINE
8
BLACK
6
CONTINUOUS
10
1.0534979921259842
20
2.8667187401574803
11
1.0465020078740157
21
2.8667187401574803
0
LINE
8
BLACK
6
CONTINUOUS
10
1.0465020078740157
20
2.8667187401574803
11
1.0396588976377952
21
2.868173307086614
0
LINE
8
BLACK
6
CONTINUOUS
10
1.0396588976377952
20
2.868173307086614
11
1.0332677165354331
21
2.8710188188976375
0
LINE
8
BLACK
6
CONTINUOUS
10
1.0332677165354331
20
2.8710188188976375
11
1.0276078346456692
21
2.8751309842519683
0
LINE
8
BLACK
6
CONTINUOUS
10
1.0276078346456692
20
2.8751309842519683
11
1.0229266141732283
21
2.8803300393700786
0
LINE
8
BLACK
6
CONTINUOUS
10
1.0229266141732283
20
2.8803300393700786
11
1.0194285826771654
21
2.8863887401574804
0
LINE
8
BLACK
6
CONTINUOUS
10
1.0194285826771654
20
2.8863887401574804
11
1.0172667322834645
21
2.8930423228346456
0
LINE
8
BLACK
6
CONTINUOUS
10
1.0172667322834645
20
2.8930423228346456
11
1.016535433070866
21
2.8999999999999999
0
LINE
8
BLACK
6
CONTINUOUS
10
1.016535433070866
20
2.8999999999999999
11
1.0172667322834645
21
2.9069576771653542
0
LINE
8
BLACK
6
CONTINUOUS
10
1.0172667322834645
20
2.9069576771653542
11
1.0194285826771654
21
2.9136112598425195
0
LINE
8
BLACK
6
CONTINUOUS
10
1.0194285826771654
20
2.9136112598425195
11
1.0229266141732283
21
2.9196699606299212
0
LINE
8
BLACK
6
CONTINUOUS
10
1.0229266141732283
20
2.9196699606299212
11
1.0276078346456692
21
2.9248690157480315
0
LINE
8
BLACK
6
CONTINUOUS
10
1.0276078346456692
20
2.9248690157480315
11
1.0332677165354331
21
2.9289811811023623
0
LINE
8
BLACK
6
CONTINUOUS
10
1.0332677165354331
20
2.9289811811023623
11
1.0396588976377952
21
2.9318266929133858
0
LINE
8
BLACK
6
CONTINUOUS
10
1.0396588976377952
20
2.9318266929133858
11
1.0465020078740157
21
2.9332812598425195
0
LINE
8
BLACK
6
CONTINUOUS
10
1.0465020078740157
20
2.9332812598425195
11
1.0534979921259842
21
2.9332812598425195
0
LINE
8
BLACK
6
CONTINUOUS
10
1.0534979921259842
20
2.9332812598425195
11
1.0603411023622047
21
2.9318266929133858
0
LINE
8
BLACK
6
CONTINUOUS
10
1.1603411023622048
20
2.9318266929133858
11
1.1667322834645668
21
2.9289811811023623
0
LINE
8
BLACK
6
CONTINUOUS
10
1.1667322834645668
20
2.9289811811023623
11
1.1723921653543308
21
2.9248690157480315
0
LINE
8
BLACK
6
CONTINUOUS
10
1.1723921653543308
20
2.9248690157480315
11
1.1770733858267717
21
2.9196699606299212
0
LINE
8
BLACK
6
CONTINUOUS
10
1.1770733858267717
20
2.9196699606299212
11
1.1805714173228345
21
2.9136112598425195
0
LINE
8
BLACK
6
CONTINUOUS
10
1.1805714173228345
20
2.9136112598425195
11
1.1827332677165354
21
2.9069576771653542
0
LINE
8
BLACK
6
CONTINUOUS
10
1.1827332677165354
20
2.9069576771653542
11
1.1834645669291339
21
2.8999999999999999
0
LINE
8
BLACK
6
CONTINUOUS
10
1.1834645669291339
20
2.8999999999999999
11
1.1827332677165354
21
2.8930423228346456
0
LINE
8
BLACK
6
CONTINUOUS
10
1.1827332677165354
20
2.8930423228346456
11
1.1805714173228345
21
2.8863887401574804
0
LINE
8
BLACK
6
CONTINUOUS
10
1.1805714173228345
20
2.8863887401574804
11
1.1770733858267717
21
2.8803300393700786
0
LINE
8
BLACK
6
CONTINUOUS
10
1.1770733858267717
20
2.8803300393700786
11
1.1723921653543308
21
2.8751309842519683
0
LINE
8
BLACK
6
CONTINUOUS
10
1.1723921653543308
20
2.8751309842519683
11
1.1667322834645668
21
2.8710188188976375
0
LINE
8
BLACK
6
CONTINUOUS
10
1.1667322834645668
20
2.8710188188976375
11
1.1603411023622048
21
2.868173307086614
0
LINE
8
BLACK
6
CONTINUOUS
10
1.1603411023622048
20
2.868173307086614
11
1.1534979921259843
21
2.8667187401574803
0
LINE
8
BLACK
6
CONTINUOUS
10
1.1534979921259843
20
2.8667187401574803
11
1.1465020078740158
21
2.8667187401574803
0
LINE
8
BLACK
6
CONTINUOUS
10
1.1465020078740158
20
2.8667187401574803
11
1.1396588976377953
21
2.868173307086614
0
LINE
8
BLACK
6
CONTINUOUS
10
1.1396588976377953
20
2.868173307086614
11
1.133267716535433
21
2.8710188188976375
0
LINE
8
BLACK
6
CONTINUOUS
10
1.133267716535433
20
2.8710188188976375
11
1.1276078346456693
21
2.8751309842519683
0
LINE
8
BLACK
6
CONTINUOUS
10
1.1276078346456693
20
2.8751309842519683
11
1.1229266141732284
21
2.8803300393700786
0
LINE
8
BLACK
6
CONTINUOUS
10
1.1229266141732284
20
2.8803300393700786
11
1.1194285826771653
21
2.8863887401574804
0
LINE
8
BLACK
6
CONTINUOUS
10
1.1194285826771653
20
2.8863887401574804
11
1.1172667322834646
21
2.8930423228346456
0
LINE
8
BLACK
6
CONTINUOUS
10
1.1172667322834646
20
2.8930423228346456
11
1.1165354330708661
21
2.8999999999999999
0
LINE
8
BLACK
6
CONTINUOUS
10
1.1165354330708661
20
2.8999999999999999
11
1.1172667322834646
21
2.9069576771653542
0
LINE
8
BLACK
6
CONTINUOUS
10
1.1172667322834646
20
2.9069576771653542
11
1.1194285826771653
21
2.9136112598425195
0
LINE
8
BLACK
6
CONTINUOUS
10
1.1194285826771653
20
2.9136112598425195
11
1.1229266141732284
21
2.9196699606299212
0
LINE
8
BLACK
6
CONTINUOUS
10
1.1229266141732284
20
2.9196699606299212
11
1.1276078346456693
21
2.9248690157480315
0
LINE
8
BLACK
6
CONTINUOUS
10
1.1276078346456693
20
2.9248690157480315
11
1.133267716535433
21
2.9289811811023623
0
LINE
8
BLACK
6
CONTINUOUS
10
1.133267716535433
20
2.9289811811023623
11
1.1396588976377953
21
2.9318266929133858
0
LINE
8
BLACK
6
CONTINUOUS
10
1.1396588976377953
20
2.9318266929133858
11
1.1465020078740158
21
2.9332812598425195
0
LINE
8
BLACK
6
CONTINUOUS
10
1.1465020078740158
20
2.9332812598425195
11
1.1534979921259843
21
2.9332812598425195
0
LINE
8
BLACK
6
CONTINUOUS
10
1.1534979921259843
20
2.9332812598425195
11
1.1603411023622048
21
2.9318266929133858
0
LINE
8
BLACK
6
CONTINUOUS
10
1.2603411023622046
20
2.9318266929133858
11
1.2667322834645669
21
2.9289811811023623
0
LINE
8
BLACK
6
CONTINUOUS
10
1.2667322834645669
20
2.9289811811023623
11
1.2723921653543306
21
2.9248690157480315
0
LINE
8
BLACK
6
CONTINUOUS
10
1.2723921653543306
20
2.9248690157480315
11
1.2770733858267715
21
2.9196699606299212
0
LINE
8
BLACK
6
CONTINUOUS
10
1.2770733858267715
20
2.9196699606299212
11
1.2805714173228346
21
2.9136112598425195
0
LINE
8
BLACK
6
CONTINUOUS
10
1.2805714173228346
20
2.9136112598425195
11
1.2827332677165355
21
2.9069576771653542
0
LINE
8
BLACK
6
CONTINUOUS
10
1.2827332677165355
20
2.9069576771653542
11
1.2834645669291338
21
2.8999999999999999
0
LINE
8
BLACK
6
CONTINUOUS
10
1.2834645669291338
20
2.8999999999999999
11
1.2827332677165355
21
2.8930423228346456
0
LINE
8
BLACK
6
CONTINUOUS
10
1.2827332677165355
20
2.8930423228346456
11
1.2805714173228346
21
2.8863887401574804
0
LINE
8
BLACK
6
CONTINUOUS
10
1.2805714173228346
20
2.8863887401574804
11
1.2770733858267715
21
2.8803300393700786
0
LINE
8
BLACK
6
CONTINUOUS
10
1.2770733858267715
20
2.8803300393700786
11
1.2723921653543306
21
2.8751309842519683
0
LINE
8
BLACK
6
CONTINUOUS
10
1.2723921653543306
20
2.8751309842519683
11
1.2667322834645669
21
2.8710188188976375
0
LINE
8
BLACK
6
CONTINUOUS
10
1.2667322834645669
20
2.8710188188976375
11
1.2603411023622046
21
2.868173307086614
0
LINE
8
BLACK
6
CONTINUOUS
10
1.2603411023622046
20
2.868173307086614
11
1.2534979921259841
21
2.8667187401574803
0
LINE
8
BLACK
6
CONTINUOUS
10
1.2534979921259841
20
2.8667187401574803
11
1.2465020078740157
21
2.8667187401574803
0
LINE
8
BLACK
6
CONTINUOUS
10
1.2465020078740157
20
2.8667187401574803
11
1.2396588976377954
21
2.868173307086614
0
LINE
8
BLACK
6
CONTINUOUS
10
1.2396588976377954
20
2.868173307086614
11
1.2332677165354331
21
2.8710188188976375
0
LINE
8
BLACK
6
CONTINUOUS
10
1.2332677165354331
20
2.8710188188976375
11
1.2276078346456694
21
2.8751309842519683
0
LINE
8
BLACK
6
CONTINUOUS
10
1.2276078346456694
20
2.8751309842519683
11
1.2229266141732282
21
2.8803300393700786
0
LINE
8
BLACK
6
CONTINUOUS
10
1.2229266141732282
20
2.8803300393700786
11
1.2194285826771654
21
2.8863887401574804
0
LINE
8
BLACK
6
CONTINUOUS
10
1.2194285826771654
20
2.8863887401574804
11
1.2172667322834645
21
2.8930423228346456
0
LINE
8
BLACK
6
CONTINUOUS
10
1.2172667322834645
20
2.8930423228346456
11
1.2165354330708662
21
2.8999999999999999
0
LINE
8
BLACK
6
CONTINUOUS
10
1.2165354330708662
20
2.8999999999999999
11
1.2172667322834645
21
2.9069576771653542
0
LINE
8
BLACK
6
CONTINUOUS
10
1.2172667322834645
20
2.9069576771653542
11
1.2194285826771654
21
2.9136112598425195
0
LINE
8
BLACK
6
CONTINUOUS
10
1.2194285826771654
20
2.9136112598425195
11
1.2229266141732282
21
2.9196699606299212
0
LINE
8
BLACK
6
CONTINUOUS
10
1.2229266141732282
20
2.9196699606299212
11
1.2276078346456694
21
2.9248690157480315
0
LINE
8
BLACK
6
CONTINUOUS
10
1.2276078346456694
20
2.9248690157480315
11
1.2332677165354331
21
2.9289811811023623
0
LINE
8
BLACK
6
CONTINUOUS
10
1.2332677165354331
20
2.9289811811023623
11
1.2396588976377954
21
2.9318266929133858
0
LINE
8
BLACK
6
CONTINUOUS
10
1.2396588976377954
20
2.9318266929133858
11
1.2465020078740157
21
2.9332812598425195
0
LINE
8
BLACK
6
CONTINUOUS
10
1.2465020078740157
20
2.9332812598425195
11
1.2534979921259841
21
2.9332812598425195
0
LINE
8
BLACK
6
CONTINUOUS
10
1.2534979921259841
20
2.9332812598425195
11
1.2603411023622046
21
2.9318266929133858
0
LINE
8
BLACK
6
CONTINUOUS
10
1.3603411023622047
20
2.9318266929133858
11
1.366732283464567
21
2.9289811811023623
0
LINE
8
BLACK
6
CONTINUOUS
10
1.366732283464567
20
2.9289811811023623
11
1.3723921653543307
21
2.9248690157480315
0
LINE
8
BLACK
6
CONTINUOUS
10
1.3723921653543307
20
2.9248690157480315
11
1.3770733858267716
21
2.9196699606299212
0
LINE
8
BLACK
6
CONTINUOUS
10
1.3770733858267716
20
2.9196699606299212
11
1.3805714173228345
21
2.9136112598425195
0
LINE
8
BLACK
6
CONTINUOUS
10
1.3805714173228345
20
2.9136112598425195
11
1.3827332677165354
21
2.9069576771653542
0
LINE
8
BLACK
6
CONTINUOUS
10
1.3827332677165354
20
2.9069576771653542
11
1.3834645669291339
21
2.8999999999999999
0
LINE
8
BLACK
6
CONTINUOUS
10
1.3834645669291339
20
2.8999999999999999
11
1.3827332677165354
21
2.8930423228346456
0
LINE
8
BLACK
6
CONTINUOUS
10
1.3827332677165354
20
2.8930423228346456
11
1.3805714173228345
21
2.8863887401574804
0
LINE
8
BLACK
6
CONTINUOUS
10
1.3805714173228345
20
2.8863887401574804
11
1.3770733858267716
21
2.8803300393700786
0
LINE
8
BLACK
6
CONTINUOUS
10
1.3770733858267716
20
2.8803300393700786
11
1.3723921653543307
21
2.8751309842519683
0
LINE
8
BLACK
6
CONTINUOUS
10
1.3723921653543307
20
2.8751309842519683
11
1.366732283464567
21
2.8710188188976375
0
LINE
8
BLACK
6
CONTINUOUS
10
1.366732283464567
20
2.8710188188976375
11
1.3603411023622047
21
2.868173307086614
0
LINE
8
BLACK
6
CONTINUOUS
10
1.3603411023622047
20
2.868173307086614
11
1.3534979921259842
21
2.8667187401574803
0
LINE
8
BLACK
6
CONTINUOUS
10
1.3534979921259842
20
2.8667187401574803
11
1.3465020078740157
21
2.8667187401574803
0
LINE
8
BLACK
6
CONTINUOUS
10
1.3465020078740157
20
2.8667187401574803
11
1.3396588976377952
21
2.868173307086614
0
LINE
8
BLACK
6
CONTINUOUS
10
1.3396588976377952
20
2.868173307086614
11
1.333267716535433
21
2.8710188188976375
0
LINE
8
BLACK
6
CONTINUOUS
10
1.333267716535433
20
2.8710188188976375
11
1.3276078346456692
21
2.8751309842519683
0
LINE
8
BLACK
6
CONTINUOUS
10
1.3276078346456692
20
2.8751309842519683
11
1.3229266141732283
21
2.8803300393700786
0
LINE
8
BLACK
6
CONTINUOUS
10
1.3229266141732283
20
2.8803300393700786
11
1.3194285826771652
21
2.8863887401574804
0
LINE
8
BLACK
6
CONTINUOUS
10
1.3194285826771652
20
2.8863887401574804
11
1.3172667322834646
21
2.8930423228346456
0
LINE
8
BLACK
6
CONTINUOUS
10
1.3172667322834646
20
2.8930423228346456
11
1.3165354330708661
21
2.8999999999999999
0
LINE
8
BLACK
6
CONTINUOUS
10
1.3165354330708661
20
2.8999999999999999
11
1.3172667322834646
21
2.9069576771653542
0
LINE
8
BLACK
6
CONTINUOUS
10
1.3172667322834646
20
2.9069576771653542
11
1.3194285826771652
21
2.9136112598425195
0
LINE
8
BLACK
6
CONTINUOUS
10
1.3194285826771652
20
2.9136112598425195
11
1.3229266141732283
21
2.9196699606299212
0
LINE
8
BLACK
6
CONTINUOUS
10
1.3229266141732283
20
2.9196699606299212
11
1.3276078346456692
21
2.9248690157480315
0
LINE
8
BLACK
6
CONTINUOUS
10
1.3276078346456692
20
2.9248690157480315
11
1.333267716535433
21
2.9289811811023623
0
LINE
8
BLACK
6
CONTINUOUS
10
1.333267716535433
20
2.9289811811023623
11
1.3396588976377952
21
2.9318266929133858
0
LINE
8
BLACK
6
CONTINUOUS
10
1.3396588976377952
20
2.9318266929133858
11
1.3465020078740157
21
2.9332812598425195
0
LINE
8
BLACK
6
CONTINUOUS
10
1.3465020078740157
20
2.9332812598425195
11
1.3534979921259842
21
2.9332812598425195
0
LINE
8
BLACK
6
CONTINUOUS
10
1.3534979921259842
20
2.9332812598425195
11
1.3603411023622047
21
2.9318266929133858
0
LINE
8
BLACK
6
CONTINUOUS
10
1.4603411023622046
20
2.9318266929133858
11
1.4667322834645669
21
2.9289811811023623
0
LINE
8
BLACK
6
CONTINUOUS
10
1.4667322834645669
20
2.9289811811023623
11
1.4723921653543306
21
2.9248690157480315
0
LINE
8
BLACK
6
CONTINUOUS
10
1.4723921653543306
20
2.9248690157480315
11
1.4770733858267717
21
2.9196699606299212
0
LINE
8
BLACK
6
CONTINUOUS
10
1.4770733858267717
20
2.9196699606299212
11
1.4805714173228346
21
2.9136112598425195
0
LINE
8
BLACK
6
CONTINUOUS
10
1.4805714173228346
20
2.9136112598425195
11
1.4827332677165355
21
2.9069576771653542
0
LINE
8
BLACK
6
CONTINUOUS
10
1.4827332677165355
20
2.9069576771653542
11
1.4834645669291338
21
2.8999999999999999
0
LINE
8
BLACK
6
CONTINUOUS
10
1.4834645669291338
20
2.8999999999999999
11
1.4827332677165355
21
2.8930423228346456
0
LINE
8
BLACK
6
CONTINUOUS
10
1.4827332677165355
20
2.8930423228346456
11
1.4805714173228346
21
2.8863887401574804
0
LINE
8
BLACK
6
CONTINUOUS
10
1.4805714173228346
20
2.8863887401574804
11
1.4770733858267717
21
2.8803300393700786
0
LINE
8
BLACK
6
CONTINUOUS
10
1.4770733858267717
20
2.8803300393700786
11
1.4723921653543306
21
2.8751309842519683
0
LINE
8
BLACK
6
CONTINUOUS
10
1.4723921653543306
20
2.8751309842519683
11
1.4667322834645669
21
2.8710188188976375
0
LINE
8
BLACK
6
CONTINUOUS
10
1.4667322834645669
20
2.8710188188976375
11
1.4603411023622046
21
2.868173307086614
0
LINE
8
BLACK
6
CONTINUOUS
10
1.4603411023622046
20
2.868173307086614
11
1.4534979921259843
21
2.8667187401574803
0
LINE
8
BLACK
6
CONTINUOUS
10
1.4534979921259843
20
2.8667187401574803
11
1.4465020078740156
21
2.8667187401574803
0
LINE
8
BLACK
6
CONTINUOUS
10
1.4465020078740156
20
2.8667187401574803
11
1.4396588976377953
21
2.868173307086614
0
LINE
8
BLACK
6
CONTINUOUS
10
1.4396588976377953
20
2.868173307086614
11
1.4332677165354331
21
2.8710188188976375
0
LINE
8
BLACK
6
CONTINUOUS
10
1.4332677165354331
20
2.8710188188976375
11
1.4276078346456693
21
2.8751309842519683
0
LINE
8
BLACK
6
CONTINUOUS
10
1.4276078346456693
20
2.8751309842519683
11
1.4229266141732284
21
2.8803300393700786
0
LINE
8
BLACK
6
CONTINUOUS
10
1.4229266141732284
20
2.8803300393700786
11
1.4194285826771653
21
2.8863887401574804
0
LINE
8
BLACK
6
CONTINUOUS
10
1.4194285826771653
20
2.8863887401574804
11
1.4172667322834644
21
2.8930423228346456
0
LINE
8
BLACK
6
CONTINUOUS
10
1.4172667322834644
20
2.8930423228346456
11
1.4165354330708662
21
2.8999999999999999
0
LINE
8
BLACK
6
CONTINUOUS
10
1.4165354330708662
20
2.8999999999999999
11
1.4172667322834644
21
2.9069576771653542
0
LINE
8
BLACK
6
CONTINUOUS
10
1.4172667322834644
20
2.9069576771653542
11
1.4194285826771653
21
2.9136112598425195
0
LINE
8
BLACK
6
CONTINUOUS
10
1.4194285826771653
20
2.9136112598425195
11
1.4229266141732284
21
2.9196699606299212
0
LINE
8
BLACK
6
CONTINUOUS
10
1.4229266141732284
20
2.9196699606299212
11
1.4276078346456693
21
2.9248690157480315
0
LINE
8
BLACK
6
CONTINUOUS
10
1.4276078346456693
20
2.9248690157480315
11
1.4332677165354331
21
2.9289811811023623
0
LINE
8
BLACK
6
CONTINUOUS
10
1.4332677165354331
20
2.9289811811023623
11
1.4396588976377953
21
2.9318266929133858
0
LINE
8
BLACK
6
CONTINUOUS
10
1.4396588976377953
20
2.9318266929133858
11
1.4465020078740156
21
2.9332812598425195
0
LINE
8
BLACK
6
CONTINUOUS
10
1.4465020078740156
20
2.9332812598425195
11
1.4534979921259843
21
2.9332812598425195
0
LINE
8
BLACK
6
CONTINUOUS
10
1.4534979921259843
20
2.9332812598425195
11
1.4603411023622046
21
2.9318266929133858
0
LINE
8
BLACK
6
CONTINUOUS
10
1.5603411023622047
20
2.9318266929133858
11
1.5667322834645669
21
2.9289811811023623
0
LINE
8
BLACK
6
CONTINUOUS
10
1.5667322834645669
20
2.9289811811023623
11
1.5723921653543307
21
2.9248690157480315
0
LINE
8
BLACK
6
CONTINUOUS
10
1.5723921653543307
20
2.9248690157480315
11
1.5770733858267716
21
2.9196699606299212
0
LINE
8
BLACK
6
CONTINUOUS
10
1.5770733858267716
20
2.9196699606299212
11
1.5805714173228347
21
2.9136112598425195
0
LINE
8
BLACK
6
CONTINUOUS
10
1.5805714173228347
20
2.9136112598425195
11
1.5827332677165353
21
2.9069576771653542
0
LINE
8
BLACK
6
CONTINUOUS
10
1.5827332677165353
20
2.9069576771653542
11
1.5834645669291338
21
2.8999999999999999
0
LINE
8
BLACK
6
CONTINUOUS
10
1.5834645669291338
20
2.8999999999999999
11
1.5827332677165353
21
2.8930423228346456
0
LINE
8
BLACK
6
CONTINUOUS
10
1.5827332677165353
20
2.8930423228346456
11
1.5805714173228347
21
2.8863887401574804
0
LINE
8
BLACK
6
CONTINUOUS
10
1.5805714173228347
20
2.8863887401574804
11
1.5770733858267716
21
2.8803300393700786
0
LINE
8
BLACK
6
CONTINUOUS
10
1.5770733858267716
20
2.8803300393700786
11
1.5723921653543307
21
2.8751309842519683
0
LINE
8
BLACK
6
CONTINUOUS
10
1.5723921653543307
20
2.8751309842519683
11
1.5667322834645669
21
2.8710188188976375
0
LINE
8
BLACK
6
CONTINUOUS
10
1.5667322834645669
20
2.8710188188976375
11
1.5603411023622047
21
2.868173307086614
0
LINE
8
BLACK
6
CONTINUOUS
10
1.5603411023622047
20
2.868173307086614
11
1.5534979921259842
21
2.8667187401574803
0
LINE
8
BLACK
6
CONTINUOUS
10
1.5534979921259842
20
2.8667187401574803
11
1.5465020078740157
21
2.8667187401574803
0
LINE
8
BLACK
6
CONTINUOUS
10
1.5465020078740157
20
2.8667187401574803
11
1.5396588976377952
21
2.868173307086614
0
LINE
8
BLACK
6
CONTINUOUS
10
1.5396588976377952
20
2.868173307086614
11
1.5332677165354331
21
2.8710188188976375
0
LINE
8
BLACK
6
CONTINUOUS
10
1.5332677165354331
20
2.8710188188976375
11
1.5276078346456692
21
2.8751309842519683
0
LINE
8
BLACK
6
CONTINUOUS
10
1.5276078346456692
20
2.8751309842519683
11
1.5229266141732283
21
2.8803300393700786
0
LINE
8
BLACK
6
CONTINUOUS
10
1.5229266141732283
20
2.8803300393700786
11
1.5194285826771654
21
2.8863887401574804
0
LINE
8
BLACK
6
CONTINUOUS
10
1.5194285826771654
20
2.8863887401574804
11
1.5172667322834645
21
2.8930423228346456
0
LINE
8
BLACK
6
CONTINUOUS
10
1.5172667322834645
20
2.8930423228346456
11
1.516535433070866
21
2.8999999999999999
0
LINE
8
BLACK
6
CONTINUOUS
10
1.516535433070866
20
2.8999999999999999
11
1.5172667322834645
21
2.9069576771653542
0
LINE
8
BLACK
6
CONTINUOUS
10
1.5172667322834645
20
2.9069576771653542
11
1.5194285826771654
21
2.9136112598425195
0
LINE
8
BLACK
6
CONTINUOUS
10
1.5194285826771654
20
2.9136112598425195
11
1.5229266141732283
21
2.9196699606299212
0
LINE
8
BLACK
6
CONTINUOUS
10
1.5229266141732283
20
2.9196699606299212
11
1.5276078346456692
21
2.9248690157480315
0
LINE
8
BLACK
6
CONTINUOUS
10
1.5276078346456692
20
2.9248690157480315
11
1.5332677165354331
21
2.9289811811023623
0
LINE
8
BLACK
6
CONTINUOUS
10
1.5332677165354331
20
2.9289811811023623
11
1.5396588976377952
21
2.9318266929133858
0
LINE
8
BLACK
6
CONTINUOUS
10
1.5396588976377952
20
2.9318266929133858
11
1.5465020078740157
21
2.9332812598425195
0
LINE
8
BLACK
6
CONTINUOUS
10
1.5465020078740157
20
2.9332812598425195
11
1.5534979921259842
21
2.9332812598425195
0
LINE
8
BLACK
6
CONTINUOUS
10
1.5534979921259842
20
2.9332812598425195
11
1.5603411023622047
21
2.9318266929133858
0
LINE
8
BLACK
6
CONTINUOUS
10
1.6603411023622048
20
2.9318266929133858
11
1.6667322834645668
21
2.9289811811023623
0
LINE
8
BLACK
6
CONTINUOUS
10
1.6667322834645668
20
2.9289811811023623
11
1.6723921653543308
21
2.9248690157480315
0
LINE
8
BLACK
6
CONTINUOUS
10
1.6723921653543308
20
2.9248690157480315
11
1.6770733858267717
21
2.9196699606299212
0
LINE
8
BLACK
6
CONTINUOUS
10
1.6770733858267717
20
2.9196699606299212
11
1.6805714173228345
21
2.9136112598425195
0
LINE
8
BLACK
6
CONTINUOUS
10
1.6805714173228345
20
2.9136112598425195
11
1.6827332677165354
21
2.9069576771653542
0
LINE
8
BLACK
6
CONTINUOUS
10
1.6827332677165354
20
2.9069576771653542
11
1.6834645669291337
21
2.8999999999999999
0
LINE
8
BLACK
6
CONTINUOUS
10
1.6834645669291337
20
2.8999999999999999
11
1.6827332677165354
21
2.8930423228346456
0
LINE
8
BLACK
6
CONTINUOUS
10
1.6827332677165354
20
2.8930423228346456
11
1.6805714173228345
21
2.8863887401574804
0
LINE
8
BLACK
6
CONTINUOUS
10
1.6805714173228345
20
2.8863887401574804
11
1.6770733858267717
21
2.8803300393700786
0
LINE
8
BLACK
6
CONTINUOUS
10
1.6770733858267717
20
2.8803300393700786
11
1.6723921653543308
21
2.8751309842519683
0
LINE
8
BLACK
6
CONTINUOUS
10
1.6723921653543308
20
2.8751309842519683
11
1.6667322834645668
21
2.8710188188976375
0
LINE
8
BLACK
6
CONTINUOUS
10
1.6667322834645668
20
2.8710188188976375
11
1.6603411023622048
21
2.868173307086614
0
LINE
8
BLACK
6
CONTINUOUS
10
1.6603411023622048
20
2.868173307086614
11
1.6534979921259843
21
2.8667187401574803
0
LINE
8
BLACK
6
CONTINUOUS
10
1.6534979921259843
20
2.8667187401574803
11
1.6465020078740158
21
2.8667187401574803
0
LINE
8
BLACK
6
CONTINUOUS
10
1.6465020078740158
20
2.8667187401574803
11
1.6396588976377953
21
2.868173307086614
0
LINE
8
BLACK
6
CONTINUOUS
10
1.6396588976377953
20
2.868173307086614
11
1.633267716535433
21
2.8710188188976375
0
LINE
8
BLACK
6
CONTINUOUS
10
1.633267716535433
20
2.8710188188976375
11
1.6276078346456693
21
2.8751309842519683
0
LINE
8
BLACK
6
CONTINUOUS
10
1.6276078346456693
20
2.8751309842519683
11
1.6229266141732284
21
2.8803300393700786
0
LINE
8
BLACK
6
CONTINUOUS
10
1.6229266141732284
20
2.8803300393700786
11
1.6194285826771653
21
2.8863887401574804
0
LINE
8
BLACK
6
CONTINUOUS
10
1.6194285826771653
20
2.8863887401574804
11
1.6172667322834646
21
2.8930423228346456
0
LINE
8
BLACK
6
CONTINUOUS
10
1.6172667322834646
20
2.8930423228346456
11
1.6165354330708661
21
2.8999999999999999
0
LINE
8
BLACK
6
CONTINUOUS
10
1.6165354330708661
20
2.8999999999999999
11
1.6172667322834646
21
2.9069576771653542
0
LINE
8
BLACK
6
CONTINUOUS
10
1.6172667322834646
20
2.9069576771653542
11
1.6194285826771653
21
2.9136112598425195
0
LINE
8
BLACK
6
CONTINUOUS
10
1.6194285826771653
20
2.9136112598425195
11
1.6229266141732284
21
2.9196699606299212
0
LINE
8
BLACK
6
CONTINUOUS
10
1.6229266141732284
20
2.9196699606299212
11
1.6276078346456693
21
2.9248690157480315
0
LINE
8
BLACK
6
CONTINUOUS
10
1.6276078346456693
20
2.9248690157480315
11
1.633267716535433
21
2.9289811811023623
0
LINE
8
BLACK
6
CONTINUOUS
10
1.633267716535433
20
2.9289811811023623
11
1.6396588976377953
21
2.9318266929133858
0
LINE
8
BLACK
6
CONTINUOUS
10
1.6396588976377953
20
2.9318266929133858
11
1.6465020078740158
21
2.9332812598425195
0
LINE
8
BLACK
6
CONTINUOUS
10
1.6465020078740158
20
2.9332812598425195
11
1.6534979921259843
21
2.9332812598425195
0
LINE
8
BLACK
6
CONTINUOUS
10
1.6534979921259843
20
2.9332812598425195
11
1.6603411023622048
21
2.9318266929133858
0
LINE
8
BLACK
6
CONTINUOUS
10
1.7603411023622046
20
2.9318266929133858
11
1.7667322834645669
21
2.9289811811023623
0
LINE
8
BLACK
6
CONTINUOUS
10
1.7667322834645669
20
2.9289811811023623
11
1.7723921653543306
21
2.9248690157480315
0
LINE
8
BLACK
6
CONTINUOUS
10
1.7723921653543306
20
2.9248690157480315
11
1.7770733858267715
21
2.9196699606299212
0
LINE
8
BLACK
6
CONTINUOUS
10
1.7770733858267715
20
2.9196699606299212
11
1.7805714173228346
21
2.9136112598425195
0
LINE
8
BLACK
6
CONTINUOUS
10
1.7805714173228346
20
2.9136112598425195
11
1.7827332677165353
21
2.9069576771653542
0
LINE
8
BLACK
6
CONTINUOUS
10
1.7827332677165353
20
2.9069576771653542
11
1.7834645669291338
21
2.8999999999999999
0
LINE
8
BLACK
6
CONTINUOUS
10
1.7834645669291338
20
2.8999999999999999
11
1.7827332677165353
21
2.8930423228346456
0
LINE
8
BLACK
6
CONTINUOUS
10
1.7827332677165353
20
2.8930423228346456
11
1.7805714173228346
21
2.8863887401574804
0
LINE
8
BLACK
6
CONTINUOUS
10
1.7805714173228346
20
2.8863887401574804
11
1.7770733858267715
21
2.8803300393700786
0
LINE
8
BLACK
6
CONTINUOUS
10
1.7770733858267715
20
2.8803300393700786
11
1.7723921653543306
21
2.8751309842519683
0
LINE
8
BLACK
6
CONTINUOUS
10
1.7723921653543306
20
2.8751309842519683
11
1.7667322834645669
21
2.8710188188976375
0
LINE
8
BLACK
6
CONTINUOUS
10
1.7667322834645669
20
2.8710188188976375
11
1.7603411023622046
21
2.868173307086614
0
LINE
8
BLACK
6
CONTINUOUS
10
1.7603411023622046
20
2.868173307086614
11
1.7534979921259841
21
2.8667187401574803
0
LINE
8
BLACK
6
CONTINUOUS
10
1.7534979921259841
20
2.8667187401574803
11
1.7465020078740157
21
2.8667187401574803
0
LINE
8
BLACK
6
CONTINUOUS
10
1.7465020078740157
20
2.8667187401574803
11
1.7396588976377951
21
2.868173307086614
0
LINE
8
BLACK
6
CONTINUOUS
10
1.7396588976377951
20
2.868173307086614
11
1.7332677165354331
21
2.8710188188976375
0
LINE
8
BLACK
6
CONTINUOUS
10
1.7332677165354331
20
2.8710188188976375
11
1.7276078346456694
21
2.8751309842519683
0
LINE
8
BLACK
6
CONTINUOUS
10
1.7276078346456694
20
2.8751309842519683
11
1.7229266141732282
21
2.8803300393700786
0
LINE
8
BLACK
6
CONTINUOUS
10
1.7229266141732282
20
2.8803300393700786
11
1.7194285826771654
21
2.8863887401574804
0
LINE
8
BLACK
6
CONTINUOUS
10
1.7194285826771654
20
2.8863887401574804
11
1.7172667322834645
21
2.8930423228346456
0
LINE
8
BLACK
6
CONTINUOUS
10
1.7172667322834645
20
2.8930423228346456
11
1.7165354330708662
21
2.8999999999999999
0
LINE
8
BLACK
6
CONTINUOUS
10
1.7165354330708662
20
2.8999999999999999
11
1.7172667322834645
21
2.9069576771653542
0
LINE
8
BLACK
6
CONTINUOUS
10
1.7172667322834645
20
2.9069576771653542
11
1.7194285826771654
21
2.9136112598425195
0
LINE
8
BLACK
6
CONTINUOUS
10
1.7194285826771654
20
2.9136112598425195
11
1.7229266141732282
21
2.9196699606299212
0
LINE
8
BLACK
6
CONTINUOUS
10
1.7229266141732282
20
2.9196699606299212
11
1.7276078346456694
21
2.9248690157480315
0
LINE
8
BLACK
6
CONTINUOUS
10
1.7276078346456694
20
2.9248690157480315
11
1.7332677165354331
21
2.9289811811023623
0
LINE
8
BLACK
6
CONTINUOUS
10
1.7332677165354331
20
2.9289811811023623
11
1.7396588976377951
21
2.9318266929133858
0
LINE
8
BLACK
6
CONTINUOUS
10
1.7396588976377951
20
2.9318266929133858
11
1.7465020078740157
21
2.9332812598425195
0
LINE
8
BLACK
6
CONTINUOUS
10
1.7465020078740157
20
2.9332812598425195
11
1.7534979921259841
21
2.9332812598425195
0
LINE
8
BLACK
6
CONTINUOUS
10
1.7534979921259841
20
2.9332812598425195
11
1.7603411023622046
21
2.9318266929133858
0
LINE
8
BLACK
6
CONTINUOUS
10
1.9124673622047244
20
3.0215342519685038
11
1.9156605118110235
21
3.0194006692913384
0
LINE
8
BLACK
6
CONTINUOUS
10
1.9156605118110235
20
3.0194006692913384
11
1.9177940944881888
21
3.0162075196850391
0
LINE
8
BLACK
6
CONTINUOUS
10
1.9177940944881888
20
3.0162075196850391
11
1.918543307086614
21
3.0124409448818898
0
LINE
8
BLACK
6
CONTINUOUS
10
1.918543307086614
20
3.0124409448818898
11
1.918543307086614
21
2.9858661417322834
0
LINE
8
BLACK
6
CONTINUOUS
10
1.918543307086614
20
2.9858661417322834
11
1.9177940944881888
21
2.9820995669291337
0
LINE
8
BLACK
6
CONTINUOUS
10
1.9177940944881888
20
2.9820995669291337
11
1.9156605118110235
21
2.9789064173228348
0
LINE
8
BLACK
6
CONTINUOUS
10
1.9156605118110235
20
2.9789064173228348
11
1.9124673622047244
21
2.9767728346456694
0
LINE
8
BLACK
6
CONTINUOUS
10
1.9124673622047244
20
2.9767728346456694
11
1.9087007874015747
21
2.976023622047244
0
LINE
8
BLACK
6
CONTINUOUS
10
1.9087007874015747
20
2.976023622047244
11
1.8712992125984251
21
2.976023622047244
0
LINE
8
BLACK
6
CONTINUOUS
10
1.8712992125984251
20
2.976023622047244
11
1.8675326377952755
21
2.9767728346456694
0
LINE
8
BLACK
6
CONTINUOUS
10
1.8675326377952755
20
2.9767728346456694
11
1.8643394881889763
21
2.9789064173228348
0
LINE
8
BLACK
6
CONTINUOUS
10
1.8643394881889763
20
2.9789064173228348
11
1.862205905511811
21
2.9820995669291337
0
LINE
8
BLACK
6
CONTINUOUS
10
1.862205905511811
20
2.9820995669291337
11
1.8614566929133858
21
2.9858661417322834
0
LINE
8
BLACK
6
CONTINUOUS
10
1.8614566929133858
20
2.9858661417322834
11
1.8614566929133858
21
3.0124409448818898
0
LINE
8
BLACK
6
CONTINUOUS
10
1.8614566929133858
20
3.0124409448818898
11
1.862205905511811
21
3.0162075196850391
0
LINE
8
BLACK
6
CONTINUOUS
10
1.862205905511811
20
3.0162075196850391
11
1.8643394881889763
21
3.0194006692913384
0
LINE
8
BLACK
6
CONTINUOUS
10
1.8643394881889763
20
3.0194006692913384
11
1.8675326377952755
21
3.0215342519685038
0
LINE
8
BLACK
6
CONTINUOUS
10
1.8675326377952755
20
3.0215342519685038
11
1.8712992125984251
21
3.0222834645669292
0
LINE
8
BLACK
6
CONTINUOUS
10
1.8712992125984251
20
3.0222834645669292
11
1.9087007874015747
21
3.0222834645669292
0
LINE
8
BLACK
6
CONTINUOUS
10
1.9087007874015747
20
3.0222834645669292
11
1.9124673622047244
21
3.0215342519685038
0
LINE
8
BLACK
6
CONTINUOUS
10
1.1740421653543307
20
3.0216917322834647
11
1.1772353149606298
21
3.0195581496062993
0
LINE
8
BLACK
6
CONTINUOUS
10
1.1772353149606298
20
3.0195581496062993
11
1.1793688976377952
21
3.016365
0
LINE
8
BLACK
6
CONTINUOUS
10
1.1793688976377952
20
3.016365
11
1.1801181102362204
21
3.0125984251968503
0
LINE
8
BLACK
6
CONTINUOUS
10
1.1801181102362204
20
3.0125984251968503
11
1.1801181102362204
21
2.9860236220472438
0
LINE
8
BLACK
6
CONTINUOUS
10
1.1801181102362204
20
2.9860236220472438
11
1.1793688976377952
21
2.9822570472440946
0
LINE
8
BLACK
6
CONTINUOUS
10
1.1793688976377952
20
2.9822570472440946
11
1.1772353149606298
21
2.9790638976377952
0
LINE
8
BLACK
6
CONTINUOUS
10
1.1772353149606298
20
2.9790638976377952
11
1.1740421653543307
21
2.9769303149606299
0
LINE
8
BLACK
6
CONTINUOUS
10
1.1740421653543307
20
2.9769303149606299
11
1.170275590551181
21
2.9761811023622045
0
LINE
8
BLACK
6
CONTINUOUS
10
1.170275590551181
20
2.9761811023622045
11
1.1328740157480315
21
2.9761811023622045
0
LINE
8
BLACK
6
CONTINUOUS
10
1.1328740157480315
20
2.9761811023622045
11
1.1291074409448818
21
2.9769303149606299
0
LINE
8
BLACK
6
CONTINUOUS
10
1.1291074409448818
20
2.9769303149606299
11
1.1259142913385827
21
2.9790638976377952
0
LINE
8
BLACK
6
CONTINUOUS
10
1.1259142913385827
20
2.9790638976377952
11
1.1237807086614173
21
2.9822570472440946
0
LINE
8
BLACK
6
CONTINUOUS
10
1.1237807086614173
20
2.9822570472440946
11
1.1230314960629921
21
2.9860236220472438
0
LINE
8
BLACK
6
CONTINUOUS
10
1.1230314960629921
20
2.9860236220472438
11
1.1230314960629921
21
3.0125984251968503
0
LINE
8
BLACK
6
CONTINUOUS
10
1.1230314960629921
20
3.0125984251968503
11
1.1237807086614173
21
3.016365
0
LINE
8
BLACK
6
CONTINUOUS
10
1.1237807086614173
20
3.016365
11
1.1259142913385827
21
3.0195581496062993
0
LINE
8
BLACK
6
CONTINUOUS
10
1.1259142913385827
20
3.0195581496062993
11
1.1291074409448818
21
3.0216917322834647
0
LINE
8
BLACK
6
CONTINUOUS
10
1.1291074409448818
20
3.0216917322834647
11
1.1328740157480315
21
3.0224409448818896
0
LINE
8
BLACK
6
CONTINUOUS
10
1.1328740157480315
20
3.0224409448818896
11
1.170275590551181
21
3.0224409448818896
0
LINE
8
BLACK
6
CONTINUOUS
10
1.170275590551181
20
3.0224409448818896
11
1.1740421653543307
21
3.0216917322834647
0
LINE
8
BLACK
6
CONTINUOUS
10
0.404803188976378
20
3.0513547244094488
11
0.4091694488188976
21
3.0492201968503938
0
LINE
8
BLACK
6
CONTINUOUS
10
0.4091694488188976
20
3.0492201968503938
11
0.4126060236220472
21
3.0457836220472441
0
LINE
8
BLACK
6
CONTINUOUS
10
0.4126060236220472
20
3.0457836220472441
11
0.4147405511811024
21
3.0414173622047245
0
LINE
8
BLACK
6
CONTINUOUS
10
0.4147405511811024
20
3.0414173622047245
11
0.4153543307086614
21
3.0372047244094489
0
LINE
8
BLACK
6
CONTINUOUS
10
0.4153543307086614
20
3.0372047244094489
11
0.4153543307086614
21
3.0076771653543308
0
LINE
8
BLACK
6
CONTINUOUS
10
0.4153543307086614
20
3.0076771653543308
11
0.4147405511811024
21
3.0034645275590552
0
LINE
8
BLACK
6
CONTINUOUS
10
0.4147405511811024
20
3.0034645275590552
11
0.4126060236220472
21
2.9990982677165352
0
LINE
8
BLACK
6
CONTINUOUS
10
0.4126060236220472
20
2.9990982677165352
11
0.4091694488188976
21
2.9956616929133859
0
LINE
8
BLACK
6
CONTINUOUS
10
0.4091694488188976
20
2.9956616929133859
11
0.404803188976378
21
2.9935271653543305
0
LINE
8
BLACK
6
CONTINUOUS
10
0.404803188976378
20
2.9935271653543305
11
0.4005905511811024
21
2.9929133858267716
0
LINE
8
BLACK
6
CONTINUOUS
10
0.4005905511811024
20
2.9929133858267716
11
0.3513779527559055
21
2.9929133858267716
0
LINE
8
BLACK
6
CONTINUOUS
10
0.3513779527559055
20
2.9929133858267716
11
0.3471653149606299
21
2.9935271653543305
0
LINE
8
BLACK
6
CONTINUOUS
10
0.3471653149606299
20
2.9935271653543305
11
0.3427990551181102
21
2.9956616929133859
0
LINE
8
BLACK
6
CONTINUOUS
10
0.3427990551181102
20
2.9956616929133859
11
0.3393624803149606
21
2.9990982677165352
0
LINE
8
BLACK
6
CONTINUOUS
10
0.3393624803149606
20
2.9990982677165352
11
0.3372279527559055
21
3.0034645275590552
0
LINE
8
BLACK
6
CONTINUOUS
10
0.3372279527559055
20
3.0034645275590552
11
0.3366141732283465
21
3.0076771653543308
0
LINE
8
BLACK
6
CONTINUOUS
10
0.3366141732283465
20
3.0076771653543308
11
0.3366141732283465
21
3.0372047244094489
0
LINE
8
BLACK
6
CONTINUOUS
10
0.3366141732283465
20
3.0372047244094489
11
0.3372279527559055
21
3.0414173622047245
0
LINE
8
BLACK
6
CONTINUOUS
10
0.3372279527559055
20
3.0414173622047245
11
0.3393624803149606
21
3.0457836220472441
0
LINE
8
BLACK
6
CONTINUOUS
10
0.3393624803149606
20
3.0457836220472441
11
0.3427990551181102
21
3.0492201968503938
0
LINE
8
BLACK
6
CONTINUOUS
10
0.3427990551181102
20
3.0492201968503938
11
0.3471653149606299
21
3.0513547244094488
0
LINE
8
BLACK
6
CONTINUOUS
10
0.3471653149606299
20
3.0513547244094488
11
0.3513779527559055
21
3.0519685039370077
0
LINE
8
BLACK
6
CONTINUOUS
10
0.3513779527559055
20
3.0519685039370077
11
0.4005905511811024
21
3.0519685039370077
0
LINE
8
BLACK
6
CONTINUOUS
10
0.4005905511811024
20
3.0519685039370077
11
0.404803188976378
21
3.0513547244094488
0
LINE
8
BLACK
6
CONTINUOUS
10
0.4865421653543307
20
3.0502350393700786
11
0.4897353149606299
21
3.0481014566929132
0
LINE
8
BLACK
6
CONTINUOUS
10
0.4897353149606299
20
3.0481014566929132
11
0.4918688976377953
21
3.0449083070866143
0
LINE
8
BLACK
6
CONTINUOUS
10
0.4918688976377953
20
3.0449083070866143
11
0.4926181102362205
21
3.0411417322834646
0
LINE
8
BLACK
6
CONTINUOUS
10
0.4926181102362205
20
3.0411417322834646
11
0.4926181102362205
21
3.0037401574803151
0
LINE
8
BLACK
6
CONTINUOUS
10
0.4926181102362205
20
3.0037401574803151
11
0.4918688976377953
21
2.9999735826771654
0
LINE
8
BLACK
6
CONTINUOUS
10
0.4918688976377953
20
2.9999735826771654
11
0.4897353149606299
21
2.9967804330708661
0
LINE
8
BLACK
6
CONTINUOUS
10
0.4897353149606299
20
2.9967804330708661
11
0.4865421653543307
21
2.9946468503937007
0
LINE
8
BLACK
6
CONTINUOUS
10
0.4865421653543307
20
2.9946468503937007
11
0.4827755905511811
21
2.9938976377952757
0
LINE
8
BLACK
6
CONTINUOUS
10
0.4827755905511811
20
2.9938976377952757
11
0.4562007874015748
21
2.9938976377952757
0
LINE
8
BLACK
6
CONTINUOUS
10
0.4562007874015748
20
2.9938976377952757
11
0.4524342125984252
21
2.9946468503937007
0
LINE
8
BLACK
6
CONTINUOUS
10
0.4524342125984252
20
2.9946468503937007
11
0.449241062992126
21
2.9967804330708661
0
LINE
8
BLACK
6
CONTINUOUS
10
0.449241062992126
20
2.9967804330708661
11
0.4471074803149606
21
2.9999735826771654
0
LINE
8
BLACK
6
CONTINUOUS
10
0.4471074803149606
20
2.9999735826771654
11
0.4463582677165354
21
3.0037401574803151
0
LINE
8
BLACK
6
CONTINUOUS
10
0.4463582677165354
20
3.0037401574803151
11
0.4463582677165354
21
3.0411417322834646
0
LINE
8
BLACK
6
CONTINUOUS
10
0.4463582677165354
20
3.0411417322834646
11
0.4471074803149606
21
3.0449083070866143
0
LINE
8
BLACK
6
CONTINUOUS
10
0.4471074803149606
20
3.0449083070866143
11
0.449241062992126
21
3.0481014566929132
0
LINE
8
BLACK
6
CONTINUOUS
10
0.449241062992126
20
3.0481014566929132
11
0.4524342125984252
21
3.0502350393700786
0
LINE
8
BLACK
6
CONTINUOUS
10
0.4524342125984252
20
3.0502350393700786
11
0.4562007874015748
21
3.050984251968504
0
LINE
8
BLACK
6
CONTINUOUS
10
0.4562007874015748
20
3.050984251968504
11
0.4827755905511811
21
3.050984251968504
0
LINE
8
BLACK
6
CONTINUOUS
10
0.4827755905511811
20
3.050984251968504
11
0.4865421653543307
21
3.0502350393700786
0
LINE
8
BLACK
6
CONTINUOUS
10
0.5682350787401574
20
3.0502350393700786
11
0.5714282283464567
21
3.0481014566929132
0
LINE
8
BLACK
6
CONTINUOUS
10
0.5714282283464567
20
3.0481014566929132
11
0.573561811023622
21
3.0449083070866143
0
LINE
8
BLACK
6
CONTINUOUS
10
0.573561811023622
20
3.0449083070866143
11
0.5743110236220472
21
3.0411417322834646
0
LINE
8
BLACK
6
CONTINUOUS
10
0.5743110236220472
20
3.0411417322834646
11
0.5743110236220472
21
3.0037401574803151
0
LINE
8
BLACK
6
CONTINUOUS
10
0.5743110236220472
20
3.0037401574803151
11
0.573561811023622
21
2.9999735826771654
0
LINE
8
BLACK
6
CONTINUOUS
10
0.573561811023622
20
2.9999735826771654
11
0.5714282283464567
21
2.9967804330708661
0
LINE
8
BLACK
6
CONTINUOUS
10
0.5714282283464567
20
2.9967804330708661
11
0.5682350787401574
21
2.9946468503937007
0
LINE
8
BLACK
6
CONTINUOUS
10
0.5682350787401574
20
2.9946468503937007
11
0.5644685039370079
21
2.9938976377952757
0
LINE
8
BLACK
6
CONTINUOUS
10
0.5644685039370079
20
2.9938976377952757
11
0.5378937007874015
21
2.9938976377952757
0
LINE
8
BLACK
6
CONTINUOUS
10
0.5378937007874015
20
2.9938976377952757
11
0.5341271259842519
21
2.9946468503937007
0
LINE
8
BLACK
6
CONTINUOUS
10
0.5341271259842519
20
2.9946468503937007
11
0.5309339763779527
21
2.9967804330708661
0
LINE
8
BLACK
6
CONTINUOUS
10
0.5309339763779527
20
2.9967804330708661
11
0.5288003937007874
21
2.9999735826771654
0
LINE
8
BLACK
6
CONTINUOUS
10
0.5288003937007874
20
2.9999735826771654
11
0.5280511811023622
21
3.0037401574803151
0
LINE
8
BLACK
6
CONTINUOUS
10
0.5280511811023622
20
3.0037401574803151
11
0.5280511811023622
21
3.0411417322834646
0
LINE
8
BLACK
6
CONTINUOUS
10
0.5280511811023622
20
3.0411417322834646
11
0.5288003937007874
21
3.0449083070866143
0
LINE
8
BLACK
6
CONTINUOUS
10
0.5288003937007874
20
3.0449083070866143
11
0.5309339763779527
21
3.0481014566929132
0
LINE
8
BLACK
6
CONTINUOUS
10
0.5309339763779527
20
3.0481014566929132
11
0.5341271259842519
21
3.0502350393700786
0
LINE
8
BLACK
6
CONTINUOUS
10
0.5341271259842519
20
3.0502350393700786
11
0.5378937007874015
21
3.050984251968504
0
LINE
8
BLACK
6
CONTINUOUS
10
0.5378937007874015
20
3.050984251968504
11
0.5644685039370079
21
3.050984251968504
0
LINE
8
BLACK
6
CONTINUOUS
10
0.5644685039370079
20
3.050984251968504
11
0.5682350787401574
21
3.0502350393700786
0
LINE
8
BLACK
6
CONTINUOUS
10
1.8158346850393701
20
3.0558862204724409
11
1.8202009448818897
21
3.0537516929133859
0
LINE
8
BLACK
6
CONTINUOUS
10
1.8202009448818897
20
3.0537516929133859
11
1.8236375196850394
21
3.0503151181102361
0
LINE
8
BLACK
6
CONTINUOUS
10
1.8236375196850394
20
3.0503151181102361
11
1.8257720472440944
21
3.0459488582677166
0
LINE
8
BLACK
6
CONTINUOUS
10
1.8257720472440944
20
3.0459488582677166
11
1.8263858267716535
21
3.041736220472441
0
LINE
8
BLACK
6
CONTINUOUS
10
1.8263858267716535
20
3.041736220472441
11
1.8263858267716535
21
3.0122086614173229
0
LINE
8
BLACK
6
CONTINUOUS
10
1.8263858267716535
20
3.0122086614173229
11
1.8257720472440944
21
3.0079960236220473
0
LINE
8
BLACK
6
CONTINUOUS
10
1.8257720472440944
20
3.0079960236220473
11
1.8236375196850394
21
3.0036297637795273
0
LINE
8
BLACK
6
CONTINUOUS
10
1.8236375196850394
20
3.0036297637795273
11
1.8202009448818897
21
3.000193188976378
0
LINE
8
BLACK
6
CONTINUOUS
10
1.8202009448818897
20
3.000193188976378
11
1.8158346850393701
21
2.9980586614173226
0
LINE
8
BLACK
6
CONTINUOUS
10
1.8158346850393701
20
2.9980586614173226
11
1.8116220472440945
21
2.9974448818897637
0
LINE
8
BLACK
6
CONTINUOUS
10
1.8116220472440945
20
2.9974448818897637
11
1.7624094488188975
21
2.9974448818897637
0
LINE
8
BLACK
6
CONTINUOUS
10
1.7624094488188975
20
2.9974448818897637
11
1.7581968110236219
21
2.9980586614173226
0
LINE
8
BLACK
6
CONTINUOUS
10
1.7581968110236219
20
2.9980586614173226
11
1.7538305511811023
21
3.000193188976378
0
LINE
8
BLACK
6
CONTINUOUS
10
1.7538305511811023
20
3.000193188976378
11
1.7503939763779528
21
3.0036297637795273
0
LINE
8
BLACK
6
CONTINUOUS
10
1.7503939763779528
20
3.0036297637795273
11
1.7482594488188976
21
3.0079960236220473
0
LINE
8
BLACK
6
CONTINUOUS
10
1.7482594488188976
20
3.0079960236220473
11
1.7476456692913385
21
3.0122086614173229
0
LINE
8
BLACK
6
CONTINUOUS
10
1.7476456692913385
20
3.0122086614173229
11
1.7476456692913385
21
3.041736220472441
0
LINE
8
BLACK
6
CONTINUOUS
10
1.7476456692913385
20
3.041736220472441
11
1.7482594488188976
21
3.0459488582677166
0
LINE
8
BLACK
6
CONTINUOUS
10
1.7482594488188976
20
3.0459488582677166
11
1.7503939763779528
21
3.0503151181102361
0
LINE
8
BLACK
6
CONTINUOUS
10
1.7503939763779528
20
3.0503151181102361
11
1.7538305511811023
21
3.0537516929133859
0
LINE
8
BLACK
6
CONTINUOUS
10
1.7538305511811023
20
3.0537516929133859
11
1.7581968110236219
21
3.0558862204724409
0
LINE
8
BLACK
6
CONTINUOUS
10
1.7581968110236219
20
3.0558862204724409
11
1.7624094488188975
21
3.0564999999999998
0
LINE
8
BLACK
6
CONTINUOUS
10
1.7624094488188975
20
3.0564999999999998
11
1.8116220472440945
21
3.0564999999999998
0
LINE
8
BLACK
6
CONTINUOUS
10
1.8116220472440945
20
3.0564999999999998
11
1.8158346850393701
21
3.0558862204724409
0
LINE
8
BLACK
6
CONTINUOUS
10
0.8010106692913386
20
3.0640145669291337
11
0.8042038188976378
21
3.0618809842519683
0
LINE
8
BLACK
6
CONTINUOUS
10
0.8042038188976378
20
3.0618809842519683
11
0.8063374015748032
21
3.0586878346456694
0
LINE
8
BLACK
6
CONTINUOUS
10
0.8063374015748032
20
3.0586878346456694
11
0.8070866141732284
21
3.0549212598425197
0
LINE
8
BLACK
6
CONTINUOUS
10
0.8070866141732284
20
3.0549212598425197
11
0.8070866141732284
21
3.0175196850393702
0
LINE
8
BLACK
6
CONTINUOUS
10
0.8070866141732284
20
3.0175196850393702
11
0.8063374015748032
21
3.0137531102362205
0
LINE
8
BLACK
6
CONTINUOUS
10
0.8063374015748032
20
3.0137531102362205
11
0.8042038188976378
21
3.0105599606299212
0
LINE
8
BLACK
6
CONTINUOUS
10
0.8042038188976378
20
3.0105599606299212
11
0.8010106692913386
21
3.0084263779527558
0
LINE
8
BLACK
6
CONTINUOUS
10
0.8010106692913386
20
3.0084263779527558
11
0.797244094488189
21
3.0076771653543308
0
LINE
8
BLACK
6
CONTINUOUS
10
0.797244094488189
20
3.0076771653543308
11
0.7706692913385826
21
3.0076771653543308
0
LINE
8
BLACK
6
CONTINUOUS
10
0.7706692913385826
20
3.0076771653543308
11
0.7669027165354331
21
3.0084263779527558
0
LINE
8
BLACK
6
CONTINUOUS
10
0.7669027165354331
20
3.0084263779527558
11
0.7637095669291338
21
3.0105599606299212
0
LINE
8
BLACK
6
CONTINUOUS
10
0.7637095669291338
20
3.0105599606299212
11
0.7615759842519685
21
3.0137531102362205
0
LINE
8
BLACK
6
CONTINUOUS
10
0.7615759842519685
20
3.0137531102362205
11
0.7608267716535433
21
3.0175196850393702
0
LINE
8
BLACK
6
CONTINUOUS
10
0.7608267716535433
20
3.0175196850393702
11
0.7608267716535433
21
3.0549212598425197
0
LINE
8
BLACK
6
CONTINUOUS
10
0.7608267716535433
20
3.0549212598425197
11
0.7615759842519685
21
3.0586878346456694
0
LINE
8
BLACK
6
CONTINUOUS
10
0.7615759842519685
20
3.0586878346456694
11
0.7637095669291338
21
3.0618809842519683
0
LINE
8
BLACK
6
CONTINUOUS
10
0.7637095669291338
20
3.0618809842519683
11
0.7669027165354331
21
3.0640145669291337
0
LINE
8
BLACK
6
CONTINUOUS
10
0.7669027165354331
20
3.0640145669291337
11
0.7706692913385826
21
3.0647637795275591
0
LINE
8
BLACK
6
CONTINUOUS
10
0.7706692913385826
20
3.0647637795275591
11
0.797244094488189
21
3.0647637795275591
0
LINE
8
BLACK
6
CONTINUOUS
10
0.797244094488189
20
3.0647637795275591
11
0.8010106692913386
21
3.0640145669291337
0
LINE
8
BLACK
6
CONTINUOUS
10
0.8827035826771653
20
3.0640145669291337
11
0.8858967322834645
21
3.0618809842519683
0
LINE
8
BLACK
6
CONTINUOUS
10
0.8858967322834645
20
3.0618809842519683
11
0.8880303149606299
21
3.0586878346456694
0
LINE
8
BLACK
6
CONTINUOUS
10
0.8880303149606299
20
3.0586878346456694
11
0.8887795275590551
21
3.0549212598425197
0
LINE
8
BLACK
6
CONTINUOUS
10
0.8887795275590551
20
3.0549212598425197
11
0.8887795275590551
21
3.0175196850393702
0
LINE
8
BLACK
6
CONTINUOUS
10
0.8887795275590551
20
3.0175196850393702
11
0.8880303149606299
21
3.0137531102362205
0
LINE
8
BLACK
6
CONTINUOUS
10
0.8880303149606299
20
3.0137531102362205
11
0.8858967322834645
21
3.0105599606299212
0
LINE
8
BLACK
6
CONTINUOUS
10
0.8858967322834645
20
3.0105599606299212
11
0.8827035826771653
21
3.0084263779527558
0
LINE
8
BLACK
6
CONTINUOUS
10
0.8827035826771653
20
3.0084263779527558
11
0.8789370078740157
21
3.0076771653543308
0
LINE
8
BLACK
6
CONTINUOUS
10
0.8789370078740157
20
3.0076771653543308
11
0.8523622047244094
21
3.0076771653543308
0
LINE
8
BLACK
6
CONTINUOUS
10
0.8523622047244094
20
3.0076771653543308
11
0.8485956299212598
21
3.0084263779527558
0
LINE
8
BLACK
6
CONTINUOUS
10
0.8485956299212598
20
3.0084263779527558
11
0.8454024803149606
21
3.0105599606299212
0
LINE
8
BLACK
6
CONTINUOUS
10
0.8454024803149606
20
3.0105599606299212
11
0.8432688976377952
21
3.0137531102362205
0
LINE
8
BLACK
6
CONTINUOUS
10
0.8432688976377952
20
3.0137531102362205
11
0.84251968503937
21
3.0175196850393702
0
LINE
8
BLACK
6
CONTINUOUS
10
0.84251968503937
20
3.0175196850393702
11
0.84251968503937
21
3.0549212598425197
0
LINE
8
BLACK
6
CONTINUOUS
10
0.84251968503937
20
3.0549212598425197
11
0.8432688976377952
21
3.0586878346456694
0
LINE
8
BLACK
6
CONTINUOUS
10
0.8432688976377952
20
3.0586878346456694
11
0.8454024803149606
21
3.0618809842519683
0
LINE
8
BLACK
6
CONTINUOUS
10
0.8454024803149606
20
3.0618809842519683
11
0.8485956299212598
21
3.0640145669291337
0
LINE
8
BLACK
6
CONTINUOUS
10
0.8485956299212598
20
3.0640145669291337
11
0.8523622047244094
21
3.0647637795275591
0
LINE
8
BLACK
6
CONTINUOUS
10
0.8523622047244094
20
3.0647637795275591
11
0.8789370078740157
21
3.0647637795275591
0
LINE
8
BLACK
6
CONTINUOUS
10
0.8789370078740157
20
3.0647637795275591
11
0.8827035826771653
21
3.0640145669291337
0
LINE
8
BLACK
6
CONTINUOUS
10
1.2795275590551181
20
3.0107716929133859
11
1.2204724409448819
21
3.0107716929133859
0
LINE
8
BLACK
6
CONTINUOUS
10
1.2204724409448819
20
3.0107716929133859
11
1.2204724409448819
21
3.0560472834645669
0
LINE
8
BLACK
6
CONTINUOUS
10
1.2204724409448819
20
3.0560472834645669
11
1.25
21
3.0363622440944882
0
LINE
8
BLACK
6
CONTINUOUS
10
1.25
20
3.0363622440944882
11
1.2795275590551181
21
3.0560472834645669
0
LINE
8
BLACK
6
CONTINUOUS
10
1.2795275590551181
20
3.0560472834645669
11
1.2795275590551181
21
3.0107716929133859
0
LINE
8
BLACK
6
CONTINUOUS
10
0.1518221653543307
20
3.1873453937007872
11
0.1570718110236221
21
3.1853873622047244
0
LINE
8
BLACK
6
CONTINUOUS
10
0.1570718110236221
20
3.1853873622047244
11
0.1615572047244095
21
3.1820296456692914
0
LINE
8
BLACK
6
CONTINUOUS
10
0.1615572047244095
20
3.1820296456692914
11
0.1649149212598425
21
3.177544251968504
0
LINE
8
BLACK
6
CONTINUOUS
10
0.1649149212598425
20
3.177544251968504
11
0.1668729527559055
21
3.1722946062992126
0
LINE
8
BLACK
6
CONTINUOUS
10
0.1668729527559055
20
3.1722946062992126
11
0.1673228346456693
21
3.1681102362204725
0
LINE
8
BLACK
6
CONTINUOUS
10
0.1673228346456693
20
3.1681102362204725
11
0.1673228346456693
21
3.0578740157480313
0
LINE
8
BLACK
6
CONTINUOUS
10
0.1673228346456693
20
3.0578740157480313
11
0.1668729527559055
21
3.0536896456692912
0
LINE
8
BLACK
6
CONTINUOUS
10
0.1668729527559055
20
3.0536896456692912
11
0.1649149212598425
21
3.0484399999999998
0
LINE
8
BLACK
6
CONTINUOUS
10
0.1649149212598425
20
3.0484399999999998
11
0.1615572047244095
21
3.0439546062992124
0
LINE
8
BLACK
6
CONTINUOUS
10
0.1615572047244095
20
3.0439546062992124
11
0.1570718110236221
21
3.0405968897637794
0
LINE
8
BLACK
6
CONTINUOUS
10
0.1570718110236221
20
3.0405968897637794
11
0.1518221653543307
21
3.0386388582677166
0
LINE
8
BLACK
6
CONTINUOUS
10
0.1518221653543307
20
3.0386388582677166
11
0.1476377952755905
21
3.0381889763779526
0
LINE
8
BLACK
6
CONTINUOUS
10
0.1476377952755905
20
3.0381889763779526
11
0.1082677165354331
21
3.0381889763779526
0
LINE
8
BLACK
6
CONTINUOUS
10
0.1082677165354331
20
3.0381889763779526
11
0.1040833464566929
21
3.0386388582677166
0
LINE
8
BLACK
6
CONTINUOUS
10
0.1040833464566929
20
3.0386388582677166
11
0.0988337007874016
21
3.0405968897637794
0
LINE
8
BLACK
6
CONTINUOUS
10
0.0988337007874016
20
3.0405968897637794
11
0.0943483070866142
21
3.0439546062992124
0
LINE
8
BLACK
6
CONTINUOUS
10
0.0943483070866142
20
3.0439546062992124
11
0.0909905905511811
21
3.0484399999999998
0
LINE
8
BLACK
6
CONTINUOUS
10
0.0909905905511811
20
3.0484399999999998
11
0.0890325590551181
21
3.0536896456692912
0
LINE
8
BLACK
6
CONTINUOUS
10
0.0890325590551181
20
3.0536896456692912
11
0.0885826771653543
21
3.0578740157480313
0
LINE
8
BLACK
6
CONTINUOUS
10
0.0885826771653543
20
3.0578740157480313
11
0.0885826771653543
21
3.1681102362204725
0
LINE
8
BLACK
6
CONTINUOUS
10
0.0885826771653543
20
3.1681102362204725
11
0.0890325590551181
21
3.1722946062992126
0
LINE
8
BLACK
6
CONTINUOUS
10
0.0890325590551181
20
3.1722946062992126
11
0.0909905905511811
21
3.177544251968504
0
LINE
8
BLACK
6
CONTINUOUS
10
0.0909905905511811
20
3.177544251968504
11
0.0943483070866142
21
3.1820296456692914
0
LINE
8
BLACK
6
CONTINUOUS
10
0.0943483070866142
20
3.1820296456692914
11
0.0988337007874016
21
3.1853873622047244
0
LINE
8
BLACK
6
CONTINUOUS
10
0.0988337007874016
20
3.1853873622047244
11
0.1040833464566929
21
3.1873453937007872
0
LINE
8
BLACK
6
CONTINUOUS
10
0.1040833464566929
20
3.1873453937007872
11
0.1082677165354331
21
3.1877952755905512
0
LINE
8
BLACK
6
CONTINUOUS
10
0.1082677165354331
20
3.1877952755905512
11
0.1476377952755905
21
3.1877952755905512
0
LINE
8
BLACK
6
CONTINUOUS
10
0.1476377952755905
20
3.1877952755905512
11
0.1518221653543307
21
3.1873453937007872
0
LINE
8
BLACK
6
CONTINUOUS
10
1.5628537007874015
20
3.1918768897637793
11
1.5681033464566929
21
3.1899188582677165
0
LINE
8
BLACK
6
CONTINUOUS
10
1.5681033464566929
20
3.1899188582677165
11
1.5725887401574803
21
3.1865611417322834
0
LINE
8
BLACK
6
CONTINUOUS
10
1.5725887401574803
20
3.1865611417322834
11
1.5759464566929133
21
3.1820757480314961
0
LINE
8
BLACK
6
CONTINUOUS
10
1.5759464566929133
20
3.1820757480314961
11
1.5779044881889763
21
3.1768261023622046
0
LINE
8
BLACK
6
CONTINUOUS
10
1.5779044881889763
20
3.1768261023622046
11
1.5783543700787401
21
3.1726417322834646
0
LINE
8
BLACK
6
CONTINUOUS
10
1.5783543700787401
20
3.1726417322834646
11
1.5783543700787401
21
3.0624055118110234
0
LINE
8
BLACK
6
CONTINUOUS
10
1.5783543700787401
20
3.0624055118110234
11
1.5779044881889763
21
3.0582211417322833
0
LINE
8
BLACK
6
CONTINUOUS
10
1.5779044881889763
20
3.0582211417322833
11
1.5759464566929133
21
3.0529714960629919
0
LINE
8
BLACK
6
CONTINUOUS
10
1.5759464566929133
20
3.0529714960629919
11
1.5725887401574803
21
3.0484861023622045
0
LINE
8
BLACK
6
CONTINUOUS
10
1.5725887401574803
20
3.0484861023622045
11
1.5681033464566929
21
3.0451283858267715
0
LINE
8
BLACK
6
CONTINUOUS
10
1.5681033464566929
20
3.0451283858267715
11
1.5628537007874015
21
3.0431703543307087
0
LINE
8
BLACK
6
CONTINUOUS
10
1.5628537007874015
20
3.0431703543307087
11
1.5586693307086614
21
3.0427204724409447
0
LINE
8
BLACK
6
CONTINUOUS
10
1.5586693307086614
20
3.0427204724409447
11
1.5192992519685038
21
3.0427204724409447
0
LINE
8
BLACK
6
CONTINUOUS
10
1.5192992519685038
20
3.0427204724409447
11
1.5151148818897637
21
3.0431703543307087
0
LINE
8
BLACK
6
CONTINUOUS
10
1.5151148818897637
20
3.0431703543307087
11
1.5098652362204723
21
3.0451283858267715
0
LINE
8
BLACK
6
CONTINUOUS
10
1.5098652362204723
20
3.0451283858267715
11
1.5053798425196849
21
3.0484861023622045
0
LINE
8
BLACK
6
CONTINUOUS
10
1.5053798425196849
20
3.0484861023622045
11
1.5020221259842519
21
3.0529714960629919
0
LINE
8
BLACK
6
CONTINUOUS
10
1.5020221259842519
20
3.0529714960629919
11
1.5000640944881889
21
3.0582211417322833
0
LINE
8
BLACK
6
CONTINUOUS
10
1.5000640944881889
20
3.0582211417322833
11
1.4996142125984251
21
3.0624055118110234
0
LINE
8
BLACK
6
CONTINUOUS
10
1.4996142125984251
20
3.0624055118110234
11
1.4996142125984251
21
3.1726417322834646
0
LINE
8
BLACK
6
CONTINUOUS
10
1.4996142125984251
20
3.1726417322834646
11
1.5000640944881889
21
3.1768261023622046
0
LINE
8
BLACK
6
CONTINUOUS
10
1.5000640944881889
20
3.1768261023622046
11
1.5020221259842519
21
3.1820757480314961
0
LINE
8
BLACK
6
CONTINUOUS
10
1.5020221259842519
20
3.1820757480314961
11
1.5053798425196849
21
3.1865611417322834
0
LINE
8
BLACK
6
CONTINUOUS
10
1.5053798425196849
20
3.1865611417322834
11
1.5098652362204723
21
3.1899188582677165
0
LINE
8
BLACK
6
CONTINUOUS
10
1.5098652362204723
20
3.1899188582677165
11
1.5151148818897637
21
3.1918768897637793
0
LINE
8
BLACK
6
CONTINUOUS
10
1.5151148818897637
20
3.1918768897637793
11
1.5192992519685038
21
3.1923267716535433
0
LINE
8
BLACK
6
CONTINUOUS
10
1.5192992519685038
20
3.1923267716535433
11
1.5586693307086614
21
3.1923267716535433
0
LINE
8
BLACK
6
CONTINUOUS
10
1.5586693307086614
20
3.1923267716535433
11
1.5628537007874015
21
3.1918768897637793
0
LINE
8
BLACK
6
CONTINUOUS
10
1.2795275590551181
20
3.0678582283464566
11
1.25
21
3.0481731889763779
0
LINE
8
BLACK
6
CONTINUOUS
10
1.25
20
3.0481731889763779
11
1.2204724409448819
21
3.0678582283464566
0
LINE
8
BLACK
6
CONTINUOUS
10
1.2204724409448819
20
3.0678582283464566
11
1.2204724409448819
21
3.107228307086614
0
LINE
8
BLACK
6
CONTINUOUS
10
1.2204724409448819
20
3.107228307086614
11
1.2795275590551181
21
3.107228307086614
0
LINE
8
BLACK
6
CONTINUOUS
10
1.2795275590551181
20
3.107228307086614
11
1.2795275590551181
21
3.0678582283464566
0
LINE
8
BLACK
6
CONTINUOUS
10
1.0379001574803148
20
3.1206062204724407
11
1.0442913385826771
21
3.1177607086614172
0
LINE
8
BLACK
6
CONTINUOUS
10
1.0442913385826771
20
3.1177607086614172
11
1.0499512204724408
21
3.1136485433070864
0
LINE
8
BLACK
6
CONTINUOUS
10
1.0499512204724408
20
3.1136485433070864
11
1.054632440944882
21
3.1084494881889762
0
LINE
8
BLACK
6
CONTINUOUS
10
1.054632440944882
20
3.1084494881889762
11
1.0581304724409448
21
3.1023907874015748
0
LINE
8
BLACK
6
CONTINUOUS
10
1.0581304724409448
20
3.1023907874015748
11
1.0602923228346457
21
3.0957372047244092
0
LINE
8
BLACK
6
CONTINUOUS
10
1.0602923228346457
20
3.0957372047244092
11
1.061023622047244
21
3.0887795275590548
0
LINE
8
BLACK
6
CONTINUOUS
10
1.061023622047244
20
3.0887795275590548
11
1.0602923228346457
21
3.0818218503937009
0
LINE
8
BLACK
6
CONTINUOUS
10
1.0602923228346457
20
3.0818218503937009
11
1.0581304724409448
21
3.0751682677165353
0
LINE
8
BLACK
6
CONTINUOUS
10
1.0581304724409448
20
3.0751682677165353
11
1.054632440944882
21
3.0691095669291339
0
LINE
8
BLACK
6
CONTINUOUS
10
1.054632440944882
20
3.0691095669291339
11
1.0499512204724408
21
3.0639105118110237
0
LINE
8
BLACK
6
CONTINUOUS
10
1.0499512204724408
20
3.0639105118110237
11
1.0442913385826771
21
3.0597983464566929
0
LINE
8
BLACK
6
CONTINUOUS
10
1.0442913385826771
20
3.0597983464566929
11
1.0379001574803148
21
3.0569528346456694
0
LINE
8
BLACK
6
CONTINUOUS
10
1.0379001574803148
20
3.0569528346456694
11
1.0310570472440945
21
3.0554982677165352
0
LINE
8
BLACK
6
CONTINUOUS
10
1.0310570472440945
20
3.0554982677165352
11
1.0240610629921261
21
3.0554982677165352
0
LINE
8
BLACK
6
CONTINUOUS
10
1.0240610629921261
20
3.0554982677165352
11
1.0172179527559055
21
3.0569528346456694
0
LINE
8
BLACK
6
CONTINUOUS
10
1.0172179527559055
20
3.0569528346456694
11
1.0108267716535433
21
3.0597983464566929
0
LINE
8
BLACK
6
CONTINUOUS
10
1.0108267716535433
20
3.0597983464566929
11
1.0051668897637795
21
3.0639105118110237
0
LINE
8
BLACK
6
CONTINUOUS
10
1.0051668897637795
20
3.0639105118110237
11
1.0004856692913386
21
3.0691095669291339
0
LINE
8
BLACK
6
CONTINUOUS
10
1.0004856692913386
20
3.0691095669291339
11
0.9969876377952755
21
3.0751682677165353
0
LINE
8
BLACK
6
CONTINUOUS
10
0.9969876377952755
20
3.0751682677165353
11
0.9948257874015748
21
3.0818218503937009
0
LINE
8
BLACK
6
CONTINUOUS
10
0.9948257874015748
20
3.0818218503937009
11
0.9940944881889764
21
3.0887795275590548
0
LINE
8
BLACK
6
CONTINUOUS
10
0.9940944881889764
20
3.0887795275590548
11
0.9948257874015748
21
3.0957372047244092
0
LINE
8
BLACK
6
CONTINUOUS
10
0.9948257874015748
20
3.0957372047244092
11
0.9969876377952755
21
3.1023907874015748
0
LINE
8
BLACK
6
CONTINUOUS
10
0.9969876377952755
20
3.1023907874015748
11
1.0004856692913386
21
3.1084494881889762
0
LINE
8
BLACK
6
CONTINUOUS
10
1.0004856692913386
20
3.1084494881889762
11
1.0051668897637795
21
3.1136485433070864
0
LINE
8
BLACK
6
CONTINUOUS
10
1.0051668897637795
20
3.1136485433070864
11
1.0108267716535433
21
3.1177607086614172
0
LINE
8
BLACK
6
CONTINUOUS
10
1.0108267716535433
20
3.1177607086614172
11
1.0172179527559055
21
3.1206062204724407
0
LINE
8
BLACK
6
CONTINUOUS
10
1.0172179527559055
20
3.1206062204724407
11
1.0240610629921261
21
3.1220607874015749
0
LINE
8
BLACK
6
CONTINUOUS
10
1.0240610629921261
20
3.1220607874015749
11
1.0310570472440945
21
3.1220607874015749
0
LINE
8
BLACK
6
CONTINUOUS
10
1.0310570472440945
20
3.1220607874015749
11
1.0379001574803148
21
3.1206062204724407
0
LINE
8
BLACK
6
CONTINUOUS
10
1.9124673622047244
20
3.1032271653543306
11
1.9156605118110235
21
3.1010935826771653
0
LINE
8
BLACK
6
CONTINUOUS
10
1.9156605118110235
20
3.1010935826771653
11
1.9177940944881888
21
3.0979004330708659
0
LINE
8
BLACK
6
CONTINUOUS
10
1.9177940944881888
20
3.0979004330708659
11
1.918543307086614
21
3.0941338582677163
0
LINE
8
BLACK
6
CONTINUOUS
10
1.918543307086614
20
3.0941338582677163
11
1.918543307086614
21
3.0675590551181102
0
LINE
8
BLACK
6
CONTINUOUS
10
1.918543307086614
20
3.0675590551181102
11
1.9177940944881888
21
3.0637924803149605
0
LINE
8
BLACK
6
CONTINUOUS
10
1.9177940944881888
20
3.0637924803149605
11
1.9156605118110235
21
3.0605993307086612
0
LINE
8
BLACK
6
CONTINUOUS
10
1.9156605118110235
20
3.0605993307086612
11
1.9124673622047244
21
3.0584657480314958
0
LINE
8
BLACK
6
CONTINUOUS
10
1.9124673622047244
20
3.0584657480314958
11
1.9087007874015747
21
3.0577165354330709
0
LINE
8
BLACK
6
CONTINUOUS
10
1.9087007874015747
20
3.0577165354330709
11
1.8712992125984251
21
3.0577165354330709
0
LINE
8
BLACK
6
CONTINUOUS
10
1.8712992125984251
20
3.0577165354330709
11
1.8675326377952755
21
3.0584657480314958
0
LINE
8
BLACK
6
CONTINUOUS
10
1.8675326377952755
20
3.0584657480314958
11
1.8643394881889763
21
3.0605993307086612
0
LINE
8
BLACK
6
CONTINUOUS
10
1.8643394881889763
20
3.0605993307086612
11
1.862205905511811
21
3.0637924803149605
0
LINE
8
BLACK
6
CONTINUOUS
10
1.862205905511811
20
3.0637924803149605
11
1.8614566929133858
21
3.0675590551181102
0
LINE
8
BLACK
6
CONTINUOUS
10
1.8614566929133858
20
3.0675590551181102
11
1.8614566929133858
21
3.0941338582677163
0
LINE
8
BLACK
6
CONTINUOUS
10
1.8614566929133858
20
3.0941338582677163
11
1.862205905511811
21
3.0979004330708659
0
LINE
8
BLACK
6
CONTINUOUS
10
1.862205905511811
20
3.0979004330708659
11
1.8643394881889763
21
3.1010935826771653
0
LINE
8
BLACK
6
CONTINUOUS
10
1.8643394881889763
20
3.1010935826771653
11
1.8675326377952755
21
3.1032271653543306
0
LINE
8
BLACK
6
CONTINUOUS
10
1.8675326377952755
20
3.1032271653543306
11
1.8712992125984251
21
3.103976377952756
0
LINE
8
BLACK
6
CONTINUOUS
10
1.8712992125984251
20
3.103976377952756
11
1.9087007874015747
21
3.103976377952756
0
LINE
8
BLACK
6
CONTINUOUS
10
1.9087007874015747
20
3.103976377952756
11
1.9124673622047244
21
3.1032271653543306
0
LINE
8
BLACK
6
CONTINUOUS
10
1.1740421653543307
20
3.1033846456692911
11
1.1772353149606298
21
3.1012510629921257
0
LINE
8
BLACK
6
CONTINUOUS
10
1.1772353149606298
20
3.1012510629921257
11
1.1793688976377952
21
3.0980579133858268
0
LINE
8
BLACK
6
CONTINUOUS
10
1.1793688976377952
20
3.0980579133858268
11
1.1801181102362204
21
3.0942913385826771
0
LINE
8
BLACK
6
CONTINUOUS
10
1.1801181102362204
20
3.0942913385826771
11
1.1801181102362204
21
3.0677165354330707
0
LINE
8
BLACK
6
CONTINUOUS
10
1.1801181102362204
20
3.0677165354330707
11
1.1793688976377952
21
3.063949960629921
0
LINE
8
BLACK
6
CONTINUOUS
10
1.1793688976377952
20
3.063949960629921
11
1.1772353149606298
21
3.0607568110236221
0
LINE
8
BLACK
6
CONTINUOUS
10
1.1772353149606298
20
3.0607568110236221
11
1.1740421653543307
21
3.0586232283464567
0
LINE
8
BLACK
6
CONTINUOUS
10
1.1740421653543307
20
3.0586232283464567
11
1.170275590551181
21
3.0578740157480313
0
LINE
8
BLACK
6
CONTINUOUS
10
1.170275590551181
20
3.0578740157480313
11
1.1328740157480315
21
3.0578740157480313
0
LINE
8
BLACK
6
CONTINUOUS
10
1.1328740157480315
20
3.0578740157480313
11
1.1291074409448818
21
3.0586232283464567
0
LINE
8
BLACK
6
CONTINUOUS
10
1.1291074409448818
20
3.0586232283464567
11
1.1259142913385827
21
3.0607568110236221
0
LINE
8
BLACK
6
CONTINUOUS
10
1.1259142913385827
20
3.0607568110236221
11
1.1237807086614173
21
3.063949960629921
0
LINE
8
BLACK
6
CONTINUOUS
10
1.1237807086614173
20
3.063949960629921
11
1.1230314960629921
21
3.0677165354330707
0
LINE
8
BLACK
6
CONTINUOUS
10
1.1230314960629921
20
3.0677165354330707
11
1.1230314960629921
21
3.0942913385826771
0
LINE
8
BLACK
6
CONTINUOUS
10
1.1230314960629921
20
3.0942913385826771
11
1.1237807086614173
21
3.0980579133858268
0
LINE
8
BLACK
6
CONTINUOUS
10
1.1237807086614173
20
3.0980579133858268
11
1.1259142913385827
21
3.1012510629921257
0
LINE
8
BLACK
6
CONTINUOUS
10
1.1259142913385827
20
3.1012510629921257
11
1.1291074409448818
21
3.1033846456692911
0
LINE
8
BLACK
6
CONTINUOUS
10
1.1291074409448818
20
3.1033846456692911
11
1.1328740157480315
21
3.1041338582677165
0
LINE
8
BLACK
6
CONTINUOUS
10
1.1328740157480315
20
3.1041338582677165
11
1.170275590551181
21
3.1041338582677165
0
LINE
8
BLACK
6
CONTINUOUS
10
1.170275590551181
20
3.1041338582677165
11
1.1740421653543307
21
3.1033846456692911
0
LINE
8
BLACK
6
CONTINUOUS
10
0.6317193307086614
20
3.2185421259842517
11
0.6349124803149606
21
3.2164085433070864
0
LINE
8
BLACK
6
CONTINUOUS
10
0.6349124803149606
20
3.2164085433070864
11
0.637046062992126
21
3.2132153937007875
0
LINE
8
BLACK
6
CONTINUOUS
10
0.637046062992126
20
3.2132153937007875
11
0.6377952755905512
21
3.2094488188976378
0
LINE
8
BLACK
6
CONTINUOUS
10
0.6377952755905512
20
3.2094488188976378
11
0.6377952755905512
21
3.0913385826771651
0
LINE
8
BLACK
6
CONTINUOUS
10
0.6377952755905512
20
3.0913385826771651
11
0.637046062992126
21
3.0875720078740159
0
LINE
8
BLACK
6
CONTINUOUS
10
0.637046062992126
20
3.0875720078740159
11
0.6349124803149606
21
3.0843788582677165
0
LINE
8
BLACK
6
CONTINUOUS
10
0.6349124803149606
20
3.0843788582677165
11
0.6317193307086614
21
3.0822452755905512
0
LINE
8
BLACK
6
CONTINUOUS
10
0.6317193307086614
20
3.0822452755905512
11
0.6279527559055118
21
3.0814960629921258
0
LINE
8
BLACK
6
CONTINUOUS
10
0.6279527559055118
20
3.0814960629921258
11
0.5767716535433071
21
3.0814960629921258
0
LINE
8
BLACK
6
CONTINUOUS
10
0.5767716535433071
20
3.0814960629921258
11
0.5730050787401575
21
3.0822452755905512
0
LINE
8
BLACK
6
CONTINUOUS
10
0.5730050787401575
20
3.0822452755905512
11
0.5698119291338583
21
3.0843788582677165
0
LINE
8
BLACK
6
CONTINUOUS
10
0.5698119291338583
20
3.0843788582677165
11
0.5676783464566929
21
3.0875720078740159
0
LINE
8
BLACK
6
CONTINUOUS
10
0.5676783464566929
20
3.0875720078740159
11
0.5669291338582677
21
3.0913385826771651
0
LINE
8
BLACK
6
CONTINUOUS
10
0.5669291338582677
20
3.0913385826771651
11
0.5669291338582677
21
3.2094488188976378
0
LINE
8
BLACK
6
CONTINUOUS
10
0.5669291338582677
20
3.2094488188976378
11
0.5676783464566929
21
3.2132153937007875
0
LINE
8
BLACK
6
CONTINUOUS
10
0.5676783464566929
20
3.2132153937007875
11
0.5698119291338583
21
3.2164085433070864
0
LINE
8
BLACK
6
CONTINUOUS
10
0.5698119291338583
20
3.2164085433070864
11
0.5730050787401575
21
3.2185421259842517
0
LINE
8
BLACK
6
CONTINUOUS
10
0.5730050787401575
20
3.2185421259842517
11
0.5767716535433071
21
3.2192913385826771
0
LINE
8
BLACK
6
CONTINUOUS
10
0.5767716535433071
20
3.2192913385826771
11
0.6279527559055118
21
3.2192913385826771
0
LINE
8
BLACK
6
CONTINUOUS
10
0.6279527559055118
20
3.2192913385826771
11
0.6317193307086614
21
3.2185421259842517
0
LINE
8
BLACK
6
CONTINUOUS
10
0.404803188976378
20
3.1419059055118108
11
0.4091694488188976
21
3.1397713779527558
0
LINE
8
BLACK
6
CONTINUOUS
10
0.4091694488188976
20
3.1397713779527558
11
0.4126060236220472
21
3.1363348031496061
0
LINE
8
BLACK
6
CONTINUOUS
10
0.4126060236220472
20
3.1363348031496061
11
0.4147405511811024
21
3.1319685433070865
0
LINE
8
BLACK
6
CONTINUOUS
10
0.4147405511811024
20
3.1319685433070865
11
0.4153543307086614
21
3.1277559055118109
0
LINE
8
BLACK
6
CONTINUOUS
10
0.4153543307086614
20
3.1277559055118109
11
0.4153543307086614
21
3.0982283464566929
0
LINE
8
BLACK
6
CONTINUOUS
10
0.4153543307086614
20
3.0982283464566929
11
0.4147405511811024
21
3.0940157086614173
0
LINE
8
BLACK
6
CONTINUOUS
10
0.4147405511811024
20
3.0940157086614173
11
0.4126060236220472
21
3.0896494488188977
0
LINE
8
BLACK
6
CONTINUOUS
10
0.4126060236220472
20
3.0896494488188977
11
0.4091694488188976
21
3.086212874015748
0
LINE
8
BLACK
6
CONTINUOUS
10
0.4091694488188976
20
3.086212874015748
11
0.404803188976378
21
3.084078346456693
0
LINE
8
BLACK
6
CONTINUOUS
10
0.404803188976378
20
3.084078346456693
11
0.4005905511811024
21
3.0834645669291336
0
LINE
8
BLACK
6
CONTINUOUS
10
0.4005905511811024
20
3.0834645669291336
11
0.3513779527559055
21
3.0834645669291336
0
LINE
8
BLACK
6
CONTINUOUS
10
0.3513779527559055
20
3.0834645669291336
11
0.3471653149606299
21
3.084078346456693
0
LINE
8
BLACK
6
CONTINUOUS
10
0.3471653149606299
20
3.084078346456693
11
0.3427990551181102
21
3.086212874015748
0
LINE
8
BLACK
6
CONTINUOUS
10
0.3427990551181102
20
3.086212874015748
11
0.3393624803149606
21
3.0896494488188977
0
LINE
8
BLACK
6
CONTINUOUS
10
0.3393624803149606
20
3.0896494488188977
11
0.3372279527559055
21
3.0940157086614173
0
LINE
8
BLACK
6
CONTINUOUS
10
0.3372279527559055
20
3.0940157086614173
11
0.3366141732283465
21
3.0982283464566929
0
LINE
8
BLACK
6
CONTINUOUS
10
0.3366141732283465
20
3.0982283464566929
11
0.3366141732283465
21
3.1277559055118109
0
LINE
8
BLACK
6
CONTINUOUS
10
0.3366141732283465
20
3.1277559055118109
11
0.3372279527559055
21
3.1319685433070865
0
LINE
8
BLACK
6
CONTINUOUS
10
0.3372279527559055
20
3.1319685433070865
11
0.3393624803149606
21
3.1363348031496061
0
LINE
8
BLACK
6
CONTINUOUS
10
0.3393624803149606
20
3.1363348031496061
11
0.3427990551181102
21
3.1397713779527558
0
LINE
8
BLACK
6
CONTINUOUS
10
0.3427990551181102
20
3.1397713779527558
11
0.3471653149606299
21
3.1419059055118108
0
LINE
8
BLACK
6
CONTINUOUS
10
0.3471653149606299
20
3.1419059055118108
11
0.3513779527559055
21
3.1425196850393702
0
LINE
8
BLACK
6
CONTINUOUS
10
0.3513779527559055
20
3.1425196850393702
11
0.4005905511811024
21
3.1425196850393702
0
LINE
8
BLACK
6
CONTINUOUS
10
0.4005905511811024
20
3.1425196850393702
11
0.404803188976378
21
3.1419059055118108
0
LINE
8
BLACK
6
CONTINUOUS
10
1.8158346456692913
20
3.1464374015748029
11
1.8202009055118109
21
3.1443028740157479
0
LINE
8
BLACK
6
CONTINUOUS
10
1.8202009055118109
20
3.1443028740157479
11
1.8236374803149606
21
3.1408662992125982
0
LINE
8
BLACK
6
CONTINUOUS
10
1.8236374803149606
20
3.1408662992125982
11
1.8257720078740156
21
3.1365000393700786
0
LINE
8
BLACK
6
CONTINUOUS
10
1.8257720078740156
20
3.1365000393700786
11
1.8263857874015748
21
3.132287401574803
0
LINE
8
BLACK
6
CONTINUOUS
10
1.8263857874015748
20
3.132287401574803
11
1.8263857874015748
21
3.102759842519685
0
LINE
8
BLACK
6
CONTINUOUS
10
1.8263857874015748
20
3.102759842519685
11
1.8257720078740156
21
3.0985472047244094
0
LINE
8
BLACK
6
CONTINUOUS
10
1.8257720078740156
20
3.0985472047244094
11
1.8236374803149606
21
3.0941809448818898
0
LINE
8
BLACK
6
CONTINUOUS
10
1.8236374803149606
20
3.0941809448818898
11
1.8202009055118109
21
3.09074437007874
0
LINE
8
BLACK
6
CONTINUOUS
10
1.8202009055118109
20
3.09074437007874
11
1.8158346456692913
21
3.0886098425196851
0
LINE
8
BLACK
6
CONTINUOUS
10
1.8158346456692913
20
3.0886098425196851
11
1.8116220078740157
21
3.0879960629921257
0
LINE
8
BLACK
6
CONTINUOUS
10
1.8116220078740157
20
3.0879960629921257
11
1.762409409448819
21
3.0879960629921257
0
LINE
8
BLACK
6
CONTINUOUS
10
1.762409409448819
20
3.0879960629921257
11
1.7581967716535434
21
3.0886098425196851
0
LINE
8
BLACK
6
CONTINUOUS
10
1.7581967716535434
20
3.0886098425196851
11
1.7538305118110236
21
3.09074437007874
0
LINE
8
BLACK
6
CONTINUOUS
10
1.7538305118110236
20
3.09074437007874
11
1.750393937007874
21
3.0941809448818898
0
LINE
8
BLACK
6
CONTINUOUS
10
1.750393937007874
20
3.0941809448818898
11
1.7482594094488189
21
3.0985472047244094
0
LINE
8
BLACK
6
CONTINUOUS
10
1.7482594094488189
20
3.0985472047244094
11
1.7476456299212597
21
3.102759842519685
0
LINE
8
BLACK
6
CONTINUOUS
10
1.7476456299212597
20
3.102759842519685
11
1.7476456299212597
21
3.132287401574803
0
LINE
8
BLACK
6
CONTINUOUS
10
1.7476456299212597
20
3.132287401574803
11
1.7482594094488189
21
3.1365000393700786
0
LINE
8
BLACK
6
CONTINUOUS
10
1.7482594094488189
20
3.1365000393700786
11
1.750393937007874
21
3.1408662992125982
0
LINE
8
BLACK
6
CONTINUOUS
10
1.750393937007874
20
3.1408662992125982
11
1.7538305118110236
21
3.1443028740157479
0
LINE
8
BLACK
6
CONTINUOUS
10
1.7538305118110236
20
3.1443028740157479
11
1.7581967716535434
21
3.1464374015748029
0
LINE
8
BLACK
6
CONTINUOUS
10
1.7581967716535434
20
3.1464374015748029
11
1.762409409448819
21
3.1470511811023623
0
LINE
8
BLACK
6
CONTINUOUS
10
1.762409409448819
20
3.1470511811023623
11
1.8116220078740157
21
3.1470511811023623
0
LINE
8
BLACK
6
CONTINUOUS
10
1.8116220078740157
20
3.1470511811023623
11
1.8158346456692913
21
3.1464374015748029
0
LINE
8
BLACK
6
CONTINUOUS
10
0.5008138188976378
20
3.1432468503937008
11
0.504006968503937
21
3.1411132677165354
0
LINE
8
BLACK
6
CONTINUOUS
10
0.504006968503937
20
3.1411132677165354
11
0.5061405511811023
21
3.1379201181102361
0
LINE
8
BLACK
6
CONTINUOUS
10
0.5061405511811023
20
3.1379201181102361
11
0.5068897637795275
21
3.1341535433070864
0
LINE
8
BLACK
6
CONTINUOUS
10
0.5068897637795275
20
3.1341535433070864
11
0.5068897637795275
21
3.1075787401574804
0
LINE
8
BLACK
6
CONTINUOUS
10
0.5068897637795275
20
3.1075787401574804
11
0.5061405511811023
21
3.1038121653543307
0
LINE
8
BLACK
6
CONTINUOUS
10
0.5061405511811023
20
3.1038121653543307
11
0.504006968503937
21
3.1006190157480313
0
LINE
8
BLACK
6
CONTINUOUS
10
0.504006968503937
20
3.1006190157480313
11
0.5008138188976378
21
3.098485433070866
0
LINE
8
BLACK
6
CONTINUOUS
10
0.5008138188976378
20
3.098485433070866
11
0.4970472440944882
21
3.097736220472441
0
LINE
8
BLACK
6
CONTINUOUS
10
0.4970472440944882
20
3.097736220472441
11
0.4596456692913386
21
3.097736220472441
0
LINE
8
BLACK
6
CONTINUOUS
10
0.4596456692913386
20
3.097736220472441
11
0.455879094488189
21
3.098485433070866
0
LINE
8
BLACK
6
CONTINUOUS
10
0.455879094488189
20
3.098485433070866
11
0.4526859448818897
21
3.1006190157480313
0
LINE
8
BLACK
6
CONTINUOUS
10
0.4526859448818897
20
3.1006190157480313
11
0.4505523622047244
21
3.1038121653543307
0
LINE
8
BLACK
6
CONTINUOUS
10
0.4505523622047244
20
3.1038121653543307
11
0.4498031496062992
21
3.1075787401574804
0
LINE
8
BLACK
6
CONTINUOUS
10
0.4498031496062992
20
3.1075787401574804
11
0.4498031496062992
21
3.1341535433070864
0
LINE
8
BLACK
6
CONTINUOUS
10
0.4498031496062992
20
3.1341535433070864
11
0.4505523622047244
21
3.1379201181102361
0
LINE
8
BLACK
6
CONTINUOUS
10
0.4505523622047244
20
3.1379201181102361
11
0.4526859448818897
21
3.1411132677165354
0
LINE
8
BLACK
6
CONTINUOUS
10
0.4526859448818897
20
3.1411132677165354
11
0.455879094488189
21
3.1432468503937008
0
LINE
8
BLACK
6
CONTINUOUS
10
0.455879094488189
20
3.1432468503937008
11
0.4596456692913386
21
3.1439960629921258
0
LINE
8
BLACK
6
CONTINUOUS
10
0.4596456692913386
20
3.1439960629921258
11
0.4970472440944882
21
3.1439960629921258
0
LINE
8
BLACK
6
CONTINUOUS
10
0.4970472440944882
20
3.1439960629921258
11
0.5008138188976378
21
3.1432468503937008
0
LINE
8
BLACK
6
CONTINUOUS
10
0.8952755905511811
20
3.1078740157480316
11
0.8283464566929134
21
3.1078740157480316
0
LINE
8
BLACK
6
CONTINUOUS
10
0.8283464566929134
20
3.1078740157480316
11
0.8283464566929134
21
3.1748031496062992
0
LINE
8
BLACK
6
CONTINUOUS
10
0.8283464566929134
20
3.1748031496062992
11
0.8952755905511811
21
3.1748031496062992
0
LINE
8
BLACK
6
CONTINUOUS
10
0.8952755905511811
20
3.1748031496062992
11
0.8952755905511811
21
3.1078740157480316
0
LINE
8
BLACK
6
CONTINUOUS
10
0.772152125984252
20
3.1731652755905513
11
0.7785433070866141
21
3.1703197637795273
0
LINE
8
BLACK
6
CONTINUOUS
10
0.7785433070866141
20
3.1703197637795273
11
0.784203188976378
21
3.1662075984251969
0
LINE
8
BLACK
6
CONTINUOUS
10
0.784203188976378
20
3.1662075984251969
11
0.7888844094488189
21
3.1610085433070867
0
LINE
8
BLACK
6
CONTINUOUS
10
0.7888844094488189
20
3.1610085433070867
11
0.7923824409448819
21
3.1549498425196849
0
LINE
8
BLACK
6
CONTINUOUS
10
0.7923824409448819
20
3.1549498425196849
11
0.7945442913385826
21
3.1482962598425197
0
LINE
8
BLACK
6
CONTINUOUS
10
0.7945442913385826
20
3.1482962598425197
11
0.7952755905511811
21
3.1413385826771654
0
LINE
8
BLACK
6
CONTINUOUS
10
0.7952755905511811
20
3.1413385826771654
11
0.7945442913385826
21
3.134380905511811
0
LINE
8
BLACK
6
CONTINUOUS
10
0.7945442913385826
20
3.134380905511811
11
0.7923824409448819
21
3.1277273228346454
0
LINE
8
BLACK
6
CONTINUOUS
10
0.7923824409448819
20
3.1277273228346454
11
0.7888844094488189
21
3.121668622047244
0
LINE
8
BLACK
6
CONTINUOUS
10
0.7888844094488189
20
3.121668622047244
11
0.784203188976378
21
3.1164695669291338
0
LINE
8
BLACK
6
CONTINUOUS
10
0.784203188976378
20
3.1164695669291338
11
0.7785433070866141
21
3.112357401574803
0
LINE
8
BLACK
6
CONTINUOUS
10
0.7785433070866141
20
3.112357401574803
11
0.772152125984252
21
3.1095118897637795
0
LINE
8
BLACK
6
CONTINUOUS
10
0.772152125984252
20
3.1095118897637795
11
0.7653090157480315
21
3.1080573228346458
0
LINE
8
BLACK
6
CONTINUOUS
10
0.7653090157480315
20
3.1080573228346458
11
0.758313031496063
21
3.1080573228346458
0
LINE
8
BLACK
6
CONTINUOUS
10
0.758313031496063
20
3.1080573228346458
11
0.7514699212598425
21
3.1095118897637795
0
LINE
8
BLACK
6
CONTINUOUS
10
0.7514699212598425
20
3.1095118897637795
11
0.7450787401574803
21
3.112357401574803
0
LINE
8
BLACK
6
CONTINUOUS
10
0.7450787401574803
20
3.112357401574803
11
0.7394188582677165
21
3.1164695669291338
0
LINE
8
BLACK
6
CONTINUOUS
10
0.7394188582677165
20
3.1164695669291338
11
0.7347376377952756
21
3.121668622047244
0
LINE
8
BLACK
6
CONTINUOUS
10
0.7347376377952756
20
3.121668622047244
11
0.7312396062992126
21
3.1277273228346454
0
LINE
8
BLACK
6
CONTINUOUS
10
0.7312396062992126
20
3.1277273228346454
11
0.7290777559055118
21
3.134380905511811
0
LINE
8
BLACK
6
CONTINUOUS
10
0.7290777559055118
20
3.134380905511811
11
0.7283464566929134
21
3.1413385826771654
0
LINE
8
BLACK
6
CONTINUOUS
10
0.7283464566929134
20
3.1413385826771654
11
0.7290777559055118
21
3.1482962598425197
0
LINE
8
BLACK
6
CONTINUOUS
10
0.7290777559055118
20
3.1482962598425197
11
0.7312396062992126
21
3.1549498425196849
0
LINE
8
BLACK
6
CONTINUOUS
10
0.7312396062992126
20
3.1549498425196849
11
0.7347376377952756
21
3.1610085433070867
0
LINE
8
BLACK
6
CONTINUOUS
10
0.7347376377952756
20
3.1610085433070867
11
0.7394188582677165
21
3.1662075984251969
0
LINE
8
BLACK
6
CONTINUOUS
10
0.7394188582677165
20
3.1662075984251969
11
0.7450787401574803
21
3.1703197637795273
0
LINE
8
BLACK
6
CONTINUOUS
10
0.7450787401574803
20
3.1703197637795273
11
0.7514699212598425
21
3.1731652755905513
0
LINE
8
BLACK
6
CONTINUOUS
10
0.7514699212598425
20
3.1731652755905513
11
0.758313031496063
21
3.174619842519685
0
LINE
8
BLACK
6
CONTINUOUS
10
0.758313031496063
20
3.174619842519685
11
0.7653090157480315
21
3.174619842519685
0
LINE
8
BLACK
6
CONTINUOUS
10
0.7653090157480315
20
3.174619842519685
11
0.772152125984252
21
3.1731652755905513
0
LINE
8
BLACK
6
CONTINUOUS
10
1.9124673622047244
20
3.1756877952755906
11
1.9156605118110235
21
3.1735542125984253
0
LINE
8
BLACK
6
CONTINUOUS
10
1.9156605118110235
20
3.1735542125984253
11
1.9177940944881888
21
3.1703610629921259
0
LINE
8
BLACK
6
CONTINUOUS
10
1.9177940944881888
20
3.1703610629921259
11
1.918543307086614
21
3.1665944881889763
0
LINE
8
BLACK
6
CONTINUOUS
10
1.918543307086614
20
3.1665944881889763
11
1.918543307086614
21
3.1400196850393698
0
LINE
8
BLACK
6
CONTINUOUS
10
1.918543307086614
20
3.1400196850393698
11
1.9177940944881888
21
3.1362531102362206
0
LINE
8
BLACK
6
CONTINUOUS
10
1.9177940944881888
20
3.1362531102362206
11
1.9156605118110235
21
3.1330599606299212
0
LINE
8
BLACK
6
CONTINUOUS
10
1.9156605118110235
20
3.1330599606299212
11
1.9124673622047244
21
3.1309263779527559
0
LINE
8
BLACK
6
CONTINUOUS
10
1.9124673622047244
20
3.1309263779527559
11
1.9087007874015747
21
3.1301771653543304
0
LINE
8
BLACK
6
CONTINUOUS
10
1.9087007874015747
20
3.1301771653543304
11
1.8712992125984251
21
3.1301771653543304
0
LINE
8
BLACK
6
CONTINUOUS
10
1.8712992125984251
20
3.1301771653543304
11
1.8675326377952755
21
3.1309263779527559
0
LINE
8
BLACK
6
CONTINUOUS
10
1.8675326377952755
20
3.1309263779527559
11
1.8643394881889763
21
3.1330599606299212
0
LINE
8
BLACK
6
CONTINUOUS
10
1.8643394881889763
20
3.1330599606299212
11
1.862205905511811
21
3.1362531102362206
0
LINE
8
BLACK
6
CONTINUOUS
10
1.862205905511811
20
3.1362531102362206
11
1.8614566929133858
21
3.1400196850393698
0
LINE
8
BLACK
6
CONTINUOUS
10
1.8614566929133858
20
3.1400196850393698
11
1.8614566929133858
21
3.1665944881889763
0
LINE
8
BLACK
6
CONTINUOUS
10
1.8614566929133858
20
3.1665944881889763
11
1.862205905511811
21
3.1703610629921259
0
LINE
8
BLACK
6
CONTINUOUS
10
1.862205905511811
20
3.1703610629921259
11
1.8643394881889763
21
3.1735542125984253
0
LINE
8
BLACK
6
CONTINUOUS
10
1.8643394881889763
20
3.1735542125984253
11
1.8675326377952755
21
3.1756877952755906
0
LINE
8
BLACK
6
CONTINUOUS
10
1.8675326377952755
20
3.1756877952755906
11
1.8712992125984251
21
3.1764370078740156
0
LINE
8
BLACK
6
CONTINUOUS
10
1.8712992125984251
20
3.1764370078740156
11
1.9087007874015747
21
3.1764370078740156
0
LINE
8
BLACK
6
CONTINUOUS
10
1.9087007874015747
20
3.1764370078740156
11
1.9124673622047244
21
3.1756877952755906
0
LINE
8
BLACK
6
CONTINUOUS
10
1.061023622047244
20
3.1553149606299211
11
0.9940944881889764
21
3.1553149606299211
0
LINE
8
BLACK
6
CONTINUOUS
10
0.9940944881889764
20
3.1553149606299211
11
0.9940944881889764
21
3.2222440944881887
0
LINE
8
BLACK
6
CONTINUOUS
10
0.9940944881889764
20
3.2222440944881887
11
1.061023622047244
21
3.2222440944881887
0
LINE
8
BLACK
6
CONTINUOUS
10
1.061023622047244
20
3.2222440944881887
11
1.061023622047244
21
3.1553149606299211
0
LINE
8
BLACK
6
CONTINUOUS
10
1.2527823228346457
20
3.2126366141732281
11
1.2559754724409449
21
3.2105030314960628
0
LINE
8
BLACK
6
CONTINUOUS
10
1.2559754724409449
20
3.2105030314960628
11
1.2581090551181102
21
3.2073098818897638
0
LINE
8
BLACK
6
CONTINUOUS
10
1.2581090551181102
20
3.2073098818897638
11
1.2588582677165354
21
3.2035433070866142
0
LINE
8
BLACK
6
CONTINUOUS
10
1.2588582677165354
20
3.2035433070866142
11
1.2588582677165354
21
3.1769685039370077
0
LINE
8
BLACK
6
CONTINUOUS
10
1.2588582677165354
20
3.1769685039370077
11
1.2581090551181102
21
3.173201929133858
0
LINE
8
BLACK
6
CONTINUOUS
10
1.2581090551181102
20
3.173201929133858
11
1.2559754724409449
21
3.1700087795275591
0
LINE
8
BLACK
6
CONTINUOUS
10
1.2559754724409449
20
3.1700087795275591
11
1.2527823228346457
21
3.1678751968503938
0
LINE
8
BLACK
6
CONTINUOUS
10
1.2527823228346457
20
3.1678751968503938
11
1.2490157480314961
21
3.1671259842519683
0
LINE
8
BLACK
6
CONTINUOUS
10
1.2490157480314961
20
3.1671259842519683
11
1.2116141732283465
21
3.1671259842519683
0
LINE
8
BLACK
6
CONTINUOUS
10
1.2116141732283465
20
3.1671259842519683
11
1.2078475984251968
21
3.1678751968503938
0
LINE
8
BLACK
6
CONTINUOUS
10
1.2078475984251968
20
3.1678751968503938
11
1.2046544488188977
21
3.1700087795275591
0
LINE
8
BLACK
6
CONTINUOUS
10
1.2046544488188977
20
3.1700087795275591
11
1.2025208661417321
21
3.173201929133858
0
LINE
8
BLACK
6
CONTINUOUS
10
1.2025208661417321
20
3.173201929133858
11
1.201771653543307
21
3.1769685039370077
0
LINE
8
BLACK
6
CONTINUOUS
10
1.201771653543307
20
3.1769685039370077
11
1.201771653543307
21
3.2035433070866142
0
LINE
8
BLACK
6
CONTINUOUS
10
1.201771653543307
20
3.2035433070866142
11
1.2025208661417321
21
3.2073098818897638
0
LINE
8
BLACK
6
CONTINUOUS
10
1.2025208661417321
20
3.2073098818897638
11
1.2046544488188977
21
3.2105030314960628
0
LINE
8
BLACK
6
CONTINUOUS
10
1.2046544488188977
20
3.2105030314960628
11
1.2078475984251968
21
3.2126366141732281
0
LINE
8
BLACK
6
CONTINUOUS
10
1.2078475984251968
20
3.2126366141732281
11
1.2116141732283465
21
3.2133858267716535
0
LINE
8
BLACK
6
CONTINUOUS
10
1.2116141732283465
20
3.2133858267716535
11
1.2490157480314961
21
3.2133858267716535
0
LINE
8
BLACK
6
CONTINUOUS
10
1.2490157480314961
20
3.2133858267716535
11
1.2527823228346457
21
3.2126366141732281
0
LINE
8
BLACK
6
CONTINUOUS
10
0.404803188976378
20
3.2324570866141733
11
0.4091694488188976
21
3.2303225590551179
0
LINE
8
BLACK
6
CONTINUOUS
10
0.4091694488188976
20
3.2303225590551179
11
0.4126060236220472
21
3.2268859842519686
0
LINE
8
BLACK
6
CONTINUOUS
10
0.4126060236220472
20
3.2268859842519686
11
0.4147405511811024
21
3.2225197244094486
0
LINE
8
BLACK
6
CONTINUOUS
10
0.4147405511811024
20
3.2225197244094486
11
0.4153543307086614
21
3.218307086614173
0
LINE
8
BLACK
6
CONTINUOUS
10
0.4153543307086614
20
3.218307086614173
11
0.4153543307086614
21
3.1887795275590549
0
LINE
8
BLACK
6
CONTINUOUS
10
0.4153543307086614
20
3.1887795275590549
11
0.4147405511811024
21
3.1845668897637793
0
LINE
8
BLACK
6
CONTINUOUS
10
0.4147405511811024
20
3.1845668897637793
11
0.4126060236220472
21
3.1802006299212597
0
LINE
8
BLACK
6
CONTINUOUS
10
0.4126060236220472
20
3.1802006299212597
11
0.4091694488188976
21
3.17676405511811
0
LINE
8
BLACK
6
CONTINUOUS
10
0.4091694488188976
20
3.17676405511811
11
0.404803188976378
21
3.174629527559055
0
LINE
8
BLACK
6
CONTINUOUS
10
0.404803188976378
20
3.174629527559055
11
0.4005905511811024
21
3.1740157480314961
0
LINE
8
BLACK
6
CONTINUOUS
10
0.4005905511811024
20
3.1740157480314961
11
0.3513779527559055
21
3.1740157480314961
0
LINE
8
BLACK
6
CONTINUOUS
10
0.3513779527559055
20
3.1740157480314961
11
0.3471653149606299
21
3.174629527559055
0
LINE
8
BLACK
6
CONTINUOUS
10
0.3471653149606299
20
3.174629527559055
11
0.3427990551181102
21
3.17676405511811
0
LINE
8
BLACK
6
CONTINUOUS
10
0.3427990551181102
20
3.17676405511811
11
0.3393624803149606
21
3.1802006299212597
0
LINE
8
BLACK
6
CONTINUOUS
10
0.3393624803149606
20
3.1802006299212597
11
0.3372279527559055
21
3.1845668897637793
0
LINE
8
BLACK
6
CONTINUOUS
10
0.3372279527559055
20
3.1845668897637793
11
0.3366141732283465
21
3.1887795275590549
0
LINE
8
BLACK
6
CONTINUOUS
10
0.3366141732283465
20
3.1887795275590549
11
0.3366141732283465
21
3.218307086614173
0
LINE
8
BLACK
6
CONTINUOUS
10
0.3366141732283465
20
3.218307086614173
11
0.3372279527559055
21
3.2225197244094486
0
LINE
8
BLACK
6
CONTINUOUS
10
0.3372279527559055
20
3.2225197244094486
11
0.3393624803149606
21
3.2268859842519686
0
LINE
8
BLACK
6
CONTINUOUS
10
0.3393624803149606
20
3.2268859842519686
11
0.3427990551181102
21
3.2303225590551179
0
LINE
8
BLACK
6
CONTINUOUS
10
0.3427990551181102
20
3.2303225590551179
11
0.3471653149606299
21
3.2324570866141733
0
LINE
8
BLACK
6
CONTINUOUS
10
0.3471653149606299
20
3.2324570866141733
11
0.3513779527559055
21
3.2330708661417322
0
LINE
8
BLACK
6
CONTINUOUS
10
0.3513779527559055
20
3.2330708661417322
11
0.4005905511811024
21
3.2330708661417322
0
LINE
8
BLACK
6
CONTINUOUS
10
0.4005905511811024
20
3.2330708661417322
11
0.404803188976378
21
3.2324570866141733
0
LINE
8
BLACK
6
CONTINUOUS
10
1.8158346850393701
20
3.2369885826771654
11
1.8202009448818897
21
3.23485405511811
0
LINE
8
BLACK
6
CONTINUOUS
10
1.8202009448818897
20
3.23485405511811
11
1.8236375196850394
21
3.2314174803149607
0
LINE
8
BLACK
6
CONTINUOUS
10
1.8236375196850394
20
3.2314174803149607
11
1.8257720472440944
21
3.2270512204724411
0
LINE
8
BLACK
6
CONTINUOUS
10
1.8257720472440944
20
3.2270512204724411
11
1.8263858267716535
21
3.2228385826771655
0
LINE
8
BLACK
6
CONTINUOUS
10
1.8263858267716535
20
3.2228385826771655
11
1.8263858267716535
21
3.193311023622047
0
LINE
8
BLACK
6
CONTINUOUS
10
1.8263858267716535
20
3.193311023622047
11
1.8257720472440944
21
3.1890983858267714
0
LINE
8
BLACK
6
CONTINUOUS
10
1.8257720472440944
20
3.1890983858267714
11
1.8236375196850394
21
3.1847321259842518
0
LINE
8
BLACK
6
CONTINUOUS
10
1.8236375196850394
20
3.1847321259842518
11
1.8202009448818897
21
3.1812955511811021
0
LINE
8
BLACK
6
CONTINUOUS
10
1.8202009448818897
20
3.1812955511811021
11
1.8158346850393701
21
3.1791610236220471
0
LINE
8
BLACK
6
CONTINUOUS
10
1.8158346850393701
20
3.1791610236220471
11
1.8116220472440945
21
3.1785472440944882
0
LINE
8
BLACK
6
CONTINUOUS
10
1.8116220472440945
20
3.1785472440944882
11
1.7624094488188975
21
3.1785472440944882
0
LINE
8
BLACK
6
CONTINUOUS
10
1.7624094488188975
20
3.1785472440944882
11
1.7581968110236219
21
3.1791610236220471
0
LINE
8
BLACK
6
CONTINUOUS
10
1.7581968110236219
20
3.1791610236220471
11
1.7538305511811023
21
3.1812955511811021
0
LINE
8
BLACK
6
CONTINUOUS
10
1.7538305511811023
20
3.1812955511811021
11
1.7503939763779528
21
3.1847321259842518
0
LINE
8
BLACK
6
CONTINUOUS
10
1.7503939763779528
20
3.1847321259842518
11
1.7482594488188976
21
3.1890983858267714
0
LINE
8
BLACK
6
CONTINUOUS
10
1.7482594488188976
20
3.1890983858267714
11
1.7476456692913385
21
3.193311023622047
0
LINE
8
BLACK
6
CONTINUOUS
10
1.7476456692913385
20
3.193311023622047
11
1.7476456692913385
21
3.2228385826771655
0
LINE
8
BLACK
6
CONTINUOUS
10
1.7476456692913385
20
3.2228385826771655
11
1.7482594488188976
21
3.2270512204724411
0
LINE
8
BLACK
6
CONTINUOUS
10
1.7482594488188976
20
3.2270512204724411
11
1.7503939763779528
21
3.2314174803149607
0
LINE
8
BLACK
6
CONTINUOUS
10
1.7503939763779528
20
3.2314174803149607
11
1.7538305511811023
21
3.23485405511811
0
LINE
8
BLACK
6
CONTINUOUS
10
1.7538305511811023
20
3.23485405511811
11
1.7581968110236219
21
3.2369885826771654
0
LINE
8
BLACK
6
CONTINUOUS
10
1.7581968110236219
20
3.2369885826771654
11
1.7624094488188975
21
3.2376023622047243
0
LINE
8
BLACK
6
CONTINUOUS
10
1.7624094488188975
20
3.2376023622047243
11
1.8116220472440945
21
3.2376023622047243
0
LINE
8
BLACK
6
CONTINUOUS
10
1.8116220472440945
20
3.2376023622047243
11
1.8158346850393701
21
3.2369885826771654
0
LINE
8
BLACK
6
CONTINUOUS
10
0.5008138188976378
20
3.2249397637795276
11
0.504006968503937
21
3.2228061811023623
0
LINE
8
BLACK
6
CONTINUOUS
10
0.504006968503937
20
3.2228061811023623
11
0.5061405511811023
21
3.2196130314960629
0
LINE
8
BLACK
6
CONTINUOUS
10
0.5061405511811023
20
3.2196130314960629
11
0.5068897637795275
21
3.2158464566929132
0
LINE
8
BLACK
6
CONTINUOUS
10
0.5068897637795275
20
3.2158464566929132
11
0.5068897637795275
21
3.1892716535433072
0
LINE
8
BLACK
6
CONTINUOUS
10
0.5068897637795275
20
3.1892716535433072
11
0.5061405511811023
21
3.1855050787401575
0
LINE
8
BLACK
6
CONTINUOUS
10
0.5061405511811023
20
3.1855050787401575
11
0.504006968503937
21
3.1823119291338582
0
LINE
8
BLACK
6
CONTINUOUS
10
0.504006968503937
20
3.1823119291338582
11
0.5008138188976378
21
3.1801783464566928
0
LINE
8
BLACK
6
CONTINUOUS
10
0.5008138188976378
20
3.1801783464566928
11
0.4970472440944882
21
3.1794291338582679
0
LINE
8
BLACK
6
CONTINUOUS
10
0.4970472440944882
20
3.1794291338582679
11
0.4596456692913386
21
3.1794291338582679
0
LINE
8
BLACK
6
CONTINUOUS
10
0.4596456692913386
20
3.1794291338582679
11
0.455879094488189
21
3.1801783464566928
0
LINE
8
BLACK
6
CONTINUOUS
10
0.455879094488189
20
3.1801783464566928
11
0.4526859448818897
21
3.1823119291338582
0
LINE
8
BLACK
6
CONTINUOUS
10
0.4526859448818897
20
3.1823119291338582
11
0.4505523622047244
21
3.1855050787401575
0
LINE
8
BLACK
6
CONTINUOUS
10
0.4505523622047244
20
3.1855050787401575
11
0.4498031496062992
21
3.1892716535433072
0
LINE
8
BLACK
6
CONTINUOUS
10
0.4498031496062992
20
3.1892716535433072
11
0.4498031496062992
21
3.2158464566929132
0
LINE
8
BLACK
6
CONTINUOUS
10
0.4498031496062992
20
3.2158464566929132
11
0.4505523622047244
21
3.2196130314960629
0
LINE
8
BLACK
6
CONTINUOUS
10
0.4505523622047244
20
3.2196130314960629
11
0.4526859448818897
21
3.2228061811023623
0
LINE
8
BLACK
6
CONTINUOUS
10
0.4526859448818897
20
3.2228061811023623
11
0.455879094488189
21
3.2249397637795276
0
LINE
8
BLACK
6
CONTINUOUS
10
0.455879094488189
20
3.2249397637795276
11
0.4596456692913386
21
3.2256889763779526
0
LINE
8
BLACK
6
CONTINUOUS
10
0.4596456692913386
20
3.2256889763779526
11
0.4970472440944882
21
3.2256889763779526
0
LINE
8
BLACK
6
CONTINUOUS
10
0.4970472440944882
20
3.2256889763779526
11
0.5008138188976378
21
3.2249397637795276
0
LINE
8
BLACK
6
CONTINUOUS
10
0.772152125984252
20
3.2731652755905509
11
0.7785433070866141
21
3.2703197637795274
0
LINE
8
BLACK
6
CONTINUOUS
10
0.7785433070866141
20
3.2703197637795274
11
0.784203188976378
21
3.2662075984251966
0
LINE
8
BLACK
6
CONTINUOUS
10
0.784203188976378
20
3.2662075984251966
11
0.7888844094488189
21
3.2610085433070863
0
LINE
8
BLACK
6
CONTINUOUS
10
0.7888844094488189
20
3.2610085433070863
11
0.7923824409448819
21
3.254949842519685
0
LINE
8
BLACK
6
CONTINUOUS
10
0.7923824409448819
20
3.254949842519685
11
0.7945442913385826
21
3.2482962598425198
0
LINE
8
BLACK
6
CONTINUOUS
10
0.7945442913385826
20
3.2482962598425198
11
0.7952755905511811
21
3.2413385826771655
0
LINE
8
BLACK
6
CONTINUOUS
10
0.7952755905511811
20
3.2413385826771655
11
0.7945442913385826
21
3.2343809055118111
0
LINE
8
BLACK
6
CONTINUOUS
10
0.7945442913385826
20
3.2343809055118111
11
0.7923824409448819
21
3.2277273228346455
0
LINE
8
BLACK
6
CONTINUOUS
10
0.7923824409448819
20
3.2277273228346455
11
0.7888844094488189
21
3.2216686220472441
0
LINE
8
BLACK
6
CONTINUOUS
10
0.7888844094488189
20
3.2216686220472441
11
0.784203188976378
21
3.2164695669291339
0
LINE
8
BLACK
6
CONTINUOUS
10
0.784203188976378
20
3.2164695669291339
11
0.7785433070866141
21
3.2123574015748031
0
LINE
8
BLACK
6
CONTINUOUS
10
0.7785433070866141
20
3.2123574015748031
11
0.772152125984252
21
3.2095118897637795
0
LINE
8
BLACK
6
CONTINUOUS
10
0.772152125984252
20
3.2095118897637795
11
0.7653090157480315
21
3.2080573228346454
0
LINE
8
BLACK
6
CONTINUOUS
10
0.7653090157480315
20
3.2080573228346454
11
0.758313031496063
21
3.2080573228346454
0
LINE
8
BLACK
6
CONTINUOUS
10
0.758313031496063
20
3.2080573228346454
11
0.7514699212598425
21
3.2095118897637795
0
LINE
8
BLACK
6
CONTINUOUS
10
0.7514699212598425
20
3.2095118897637795
11
0.7450787401574803
21
3.2123574015748031
0
LINE
8
BLACK
6
CONTINUOUS
10
0.7450787401574803
20
3.2123574015748031
11
0.7394188582677165
21
3.2164695669291339
0
LINE
8
BLACK
6
CONTINUOUS
10
0.7394188582677165
20
3.2164695669291339
11
0.7347376377952756
21
3.2216686220472441
0
LINE
8
BLACK
6
CONTINUOUS
10
0.7347376377952756
20
3.2216686220472441
11
0.7312396062992126
21
3.2277273228346455
0
LINE
8
BLACK
6
CONTINUOUS
10
0.7312396062992126
20
3.2277273228346455
11
0.7290777559055118
21
3.2343809055118111
0
LINE
8
BLACK
6
CONTINUOUS
10
0.7290777559055118
20
3.2343809055118111
11
0.7283464566929134
21
3.2413385826771655
0
LINE
8
BLACK
6
CONTINUOUS
10
0.7283464566929134
20
3.2413385826771655
11
0.7290777559055118
21
3.2482962598425198
0
LINE
8
BLACK
6
CONTINUOUS
10
0.7290777559055118
20
3.2482962598425198
11
0.7312396062992126
21
3.254949842519685
0
LINE
8
BLACK
6
CONTINUOUS
10
0.7312396062992126
20
3.254949842519685
11
0.7347376377952756
21
3.2610085433070863
0
LINE
8
BLACK
6
CONTINUOUS
10
0.7347376377952756
20
3.2610085433070863
11
0.7394188582677165
21
3.2662075984251966
0
LINE
8
BLACK
6
CONTINUOUS
10
0.7394188582677165
20
3.2662075984251966
11
0.7450787401574803
21
3.2703197637795274
0
LINE
8
BLACK
6
CONTINUOUS
10
0.7450787401574803
20
3.2703197637795274
11
0.7514699212598425
21
3.2731652755905509
0
LINE
8
BLACK
6
CONTINUOUS
10
0.7514699212598425
20
3.2731652755905509
11
0.758313031496063
21
3.2746198425196851
0
LINE
8
BLACK
6
CONTINUOUS
10
0.758313031496063
20
3.2746198425196851
11
0.7653090157480315
21
3.2746198425196851
0
LINE
8
BLACK
6
CONTINUOUS
10
0.7653090157480315
20
3.2746198425196851
11
0.772152125984252
21
3.2731652755905509
0
LINE
8
BLACK
6
CONTINUOUS
10
0.872152125984252
20
3.2731652755905509
11
0.8785433070866141
21
3.2703197637795274
0
LINE
8
BLACK
6
CONTINUOUS
10
0.8785433070866141
20
3.2703197637795274
11
0.884203188976378
21
3.2662075984251966
0
LINE
8
BLACK
6
CONTINUOUS
10
0.884203188976378
20
3.2662075984251966
11
0.8888844094488189
21
3.2610085433070863
0
LINE
8
BLACK
6
CONTINUOUS
10
0.8888844094488189
20
3.2610085433070863
11
0.8923824409448818
21
3.254949842519685
0
LINE
8
BLACK
6
CONTINUOUS
10
0.8923824409448818
20
3.254949842519685
11
0.8945442913385827
21
3.2482962598425198
0
LINE
8
BLACK
6
CONTINUOUS
10
0.8945442913385827
20
3.2482962598425198
11
0.8952755905511811
21
3.2413385826771655
0
LINE
8
BLACK
6
CONTINUOUS
10
0.8952755905511811
20
3.2413385826771655
11
0.8945442913385827
21
3.2343809055118111
0
LINE
8
BLACK
6
CONTINUOUS
10
0.8945442913385827
20
3.2343809055118111
11
0.8923824409448818
21
3.2277273228346455
0
LINE
8
BLACK
6
CONTINUOUS
10
0.8923824409448818
20
3.2277273228346455
11
0.8888844094488189
21
3.2216686220472441
0
LINE
8
BLACK
6
CONTINUOUS
10
0.8888844094488189
20
3.2216686220472441
11
0.884203188976378
21
3.2164695669291339
0
LINE
8
BLACK
6
CONTINUOUS
10
0.884203188976378
20
3.2164695669291339
11
0.8785433070866141
21
3.2123574015748031
0
LINE
8
BLACK
6
CONTINUOUS
10
0.8785433070866141
20
3.2123574015748031
11
0.872152125984252
21
3.2095118897637795
0
LINE
8
BLACK
6
CONTINUOUS
10
0.872152125984252
20
3.2095118897637795
11
0.8653090157480314
21
3.2080573228346454
0
LINE
8
BLACK
6
CONTINUOUS
10
0.8653090157480314
20
3.2080573228346454
11
0.858313031496063
21
3.2080573228346454
0
LINE
8
BLACK
6
CONTINUOUS
10
0.858313031496063
20
3.2080573228346454
11
0.8514699212598426
21
3.2095118897637795
0
LINE
8
BLACK
6
CONTINUOUS
10
0.8514699212598426
20
3.2095118897637795
11
0.8450787401574803
21
3.2123574015748031
0
LINE
8
BLACK
6
CONTINUOUS
10
0.8450787401574803
20
3.2123574015748031
11
0.8394188582677166
21
3.2164695669291339
0
LINE
8
BLACK
6
CONTINUOUS
10
0.8394188582677166
20
3.2164695669291339
11
0.8347376377952755
21
3.2216686220472441
0
LINE
8
BLACK
6
CONTINUOUS
10
0.8347376377952755
20
3.2216686220472441
11
0.8312396062992126
21
3.2277273228346455
0
LINE
8
BLACK
6
CONTINUOUS
10
0.8312396062992126
20
3.2277273228346455
11
0.8290777559055118
21
3.2343809055118111
0
LINE
8
BLACK
6
CONTINUOUS
10
0.8290777559055118
20
3.2343809055118111
11
0.8283464566929134
21
3.2413385826771655
0
LINE
8
BLACK
6
CONTINUOUS
10
0.8283464566929134
20
3.2413385826771655
11
0.8290777559055118
21
3.2482962598425198
0
LINE
8
BLACK
6
CONTINUOUS
10
0.8290777559055118
20
3.2482962598425198
11
0.8312396062992126
21
3.254949842519685
0
LINE
8
BLACK
6
CONTINUOUS
10
0.8312396062992126
20
3.254949842519685
11
0.8347376377952755
21
3.2610085433070863
0
LINE
8
BLACK
6
CONTINUOUS
10
0.8347376377952755
20
3.2610085433070863
11
0.8394188582677166
21
3.2662075984251966
0
LINE
8
BLACK
6
CONTINUOUS
10
0.8394188582677166
20
3.2662075984251966
11
0.8450787401574803
21
3.2703197637795274
0
LINE
8
BLACK
6
CONTINUOUS
10
0.8450787401574803
20
3.2703197637795274
11
0.8514699212598426
21
3.2731652755905509
0
LINE
8
BLACK
6
CONTINUOUS
10
0.8514699212598426
20
3.2731652755905509
11
0.858313031496063
21
3.2746198425196851
0
LINE
8
BLACK
6
CONTINUOUS
10
0.858313031496063
20
3.2746198425196851
11
0.8653090157480314
21
3.2746198425196851
0
LINE
8
BLACK
6
CONTINUOUS
10
0.8653090157480314
20
3.2746198425196851
11
0.872152125984252
21
3.2731652755905509
0
LINE
8
BLACK
6
CONTINUOUS
10
1.9124673622047244
20
3.257380708661417
11
1.9156605118110235
21
3.2552471259842517
0
LINE
8
BLACK
6
CONTINUOUS
10
1.9156605118110235
20
3.2552471259842517
11
1.9177940944881888
21
3.2520539763779528
0
LINE
8
BLACK
6
CONTINUOUS
10
1.9177940944881888
20
3.2520539763779528
11
1.918543307086614
21
3.2482874015748031
0
LINE
8
BLACK
6
CONTINUOUS
10
1.918543307086614
20
3.2482874015748031
11
1.918543307086614
21
3.2217125984251966
0
LINE
8
BLACK
6
CONTINUOUS
10
1.918543307086614
20
3.2217125984251966
11
1.9177940944881888
21
3.217946023622047
0
LINE
8
BLACK
6
CONTINUOUS
10
1.9177940944881888
20
3.217946023622047
11
1.9156605118110235
21
3.2147528740157481
0
LINE
8
BLACK
6
CONTINUOUS
10
1.9156605118110235
20
3.2147528740157481
11
1.9124673622047244
21
3.2126192913385827
0
LINE
8
BLACK
6
CONTINUOUS
10
1.9124673622047244
20
3.2126192913385827
11
1.9087007874015747
21
3.2118700787401573
0
LINE
8
BLACK
6
CONTINUOUS
10
1.9087007874015747
20
3.2118700787401573
11
1.8712992125984251
21
3.2118700787401573
0
LINE
8
BLACK
6
CONTINUOUS
10
1.8712992125984251
20
3.2118700787401573
11
1.8675326377952755
21
3.2126192913385827
0
LINE
8
BLACK
6
CONTINUOUS
10
1.8675326377952755
20
3.2126192913385827
11
1.8643394881889763
21
3.2147528740157481
0
LINE
8
BLACK
6
CONTINUOUS
10
1.8643394881889763
20
3.2147528740157481
11
1.862205905511811
21
3.217946023622047
0
LINE
8
BLACK
6
CONTINUOUS
10
1.862205905511811
20
3.217946023622047
11
1.8614566929133858
21
3.2217125984251966
0
LINE
8
BLACK
6
CONTINUOUS
10
1.8614566929133858
20
3.2217125984251966
11
1.8614566929133858
21
3.2482874015748031
0
LINE
8
BLACK
6
CONTINUOUS
10
1.8614566929133858
20
3.2482874015748031
11
1.862205905511811
21
3.2520539763779528
0
LINE
8
BLACK
6
CONTINUOUS
10
1.862205905511811
20
3.2520539763779528
11
1.8643394881889763
21
3.2552471259842517
0
LINE
8
BLACK
6
CONTINUOUS
10
1.8643394881889763
20
3.2552471259842517
11
1.8675326377952755
21
3.257380708661417
0
LINE
8
BLACK
6
CONTINUOUS
10
1.8675326377952755
20
3.257380708661417
11
1.8712992125984251
21
3.2581299212598425
0
LINE
8
BLACK
6
CONTINUOUS
10
1.8712992125984251
20
3.2581299212598425
11
1.9087007874015747
21
3.2581299212598425
0
LINE
8
BLACK
6
CONTINUOUS
10
1.9087007874015747
20
3.2581299212598425
11
1.9124673622047244
21
3.257380708661417
0
LINE
8
BLACK
6
CONTINUOUS
10
1.2527823228346457
20
3.2943295275590549
11
1.2559754724409449
21
3.2921959448818896
0
LINE
8
BLACK
6
CONTINUOUS
10
1.2559754724409449
20
3.2921959448818896
11
1.2581090551181102
21
3.2890027952755907
0
LINE
8
BLACK
6
CONTINUOUS
10
1.2581090551181102
20
3.2890027952755907
11
1.2588582677165354
21
3.285236220472441
0
LINE
8
BLACK
6
CONTINUOUS
10
1.2588582677165354
20
3.285236220472441
11
1.2588582677165354
21
3.2586614173228345
0
LINE
8
BLACK
6
CONTINUOUS
10
1.2588582677165354
20
3.2586614173228345
11
1.2581090551181102
21
3.2548948425196849
0
LINE
8
BLACK
6
CONTINUOUS
10
1.2581090551181102
20
3.2548948425196849
11
1.2559754724409449
21
3.251701692913386
0
LINE
8
BLACK
6
CONTINUOUS
10
1.2559754724409449
20
3.251701692913386
11
1.2527823228346457
21
3.2495681102362206
0
LINE
8
BLACK
6
CONTINUOUS
10
1.2527823228346457
20
3.2495681102362206
11
1.2490157480314961
21
3.2488188976377952
0
LINE
8
BLACK
6
CONTINUOUS
10
1.2490157480314961
20
3.2488188976377952
11
1.2116141732283465
21
3.2488188976377952
0
LINE
8
BLACK
6
CONTINUOUS
10
1.2116141732283465
20
3.2488188976377952
11
1.2078475984251968
21
3.2495681102362206
0
LINE
8
BLACK
6
CONTINUOUS
10
1.2078475984251968
20
3.2495681102362206
11
1.2046544488188977
21
3.251701692913386
0
LINE
8
BLACK
6
CONTINUOUS
10
1.2046544488188977
20
3.251701692913386
11
1.2025208661417321
21
3.2548948425196849
0
LINE
8
BLACK
6
CONTINUOUS
10
1.2025208661417321
20
3.2548948425196849
11
1.201771653543307
21
3.2586614173228345
0
LINE
8
BLACK
6
CONTINUOUS
10
1.201771653543307
20
3.2586614173228345
11
1.201771653543307
21
3.285236220472441
0
LINE
8
BLACK
6
CONTINUOUS
10
1.201771653543307
20
3.285236220472441
11
1.2025208661417321
21
3.2890027952755907
0
LINE
8
BLACK
6
CONTINUOUS
10
1.2025208661417321
20
3.2890027952755907
11
1.2046544488188977
21
3.2921959448818896
0
LINE
8
BLACK
6
CONTINUOUS
10
1.2046544488188977
20
3.2921959448818896
11
1.2078475984251968
21
3.2943295275590549
0
LINE
8
BLACK
6
CONTINUOUS
10
1.2078475984251968
20
3.2943295275590549
11
1.2116141732283465
21
3.2950787401574804
0
LINE
8
BLACK
6
CONTINUOUS
10
1.2116141732283465
20
3.2950787401574804
11
1.2490157480314961
21
3.2950787401574804
0
LINE
8
BLACK
6
CONTINUOUS
10
1.2490157480314961
20
3.2950787401574804
11
1.2527823228346457
21
3.2943295275590549
0
LINE
8
BLACK
6
CONTINUOUS
10
1.0701733464566929
20
3.2877394488188973
11
1.0720892125984252
21
3.2864592913385824
0
LINE
8
BLACK
6
CONTINUOUS
10
1.0720892125984252
20
3.2864592913385824
11
1.0733693700787401
21
3.2845434251968504
0
LINE
8
BLACK
6
CONTINUOUS
10
1.0733693700787401
20
3.2845434251968504
11
1.0738188976377951
21
3.282283464566929
0
LINE
8
BLACK
6
CONTINUOUS
10
1.0738188976377951
20
3.282283464566929
11
1.0738188976377951
21
3.2704724409448818
0
LINE
8
BLACK
6
CONTINUOUS
10
1.0738188976377951
20
3.2704724409448818
11
1.0733693700787401
21
3.2682124803149604
0
LINE
8
BLACK
6
CONTINUOUS
10
1.0733693700787401
20
3.2682124803149604
11
1.0720892125984252
21
3.2662966141732284
0
LINE
8
BLACK
6
CONTINUOUS
10
1.0720892125984252
20
3.2662966141732284
11
1.0701733464566929
21
3.2650164566929134
0
LINE
8
BLACK
6
CONTINUOUS
10
1.0701733464566929
20
3.2650164566929134
11
1.0679133858267715
21
3.2645669291338582
0
LINE
8
BLACK
6
CONTINUOUS
10
1.0679133858267715
20
3.2645669291338582
11
1.0275590551181102
21
3.2645669291338582
0
LINE
8
BLACK
6
CONTINUOUS
10
1.0275590551181102
20
3.2645669291338582
11
1.025299094488189
21
3.2650164566929134
0
LINE
8
BLACK
6
CONTINUOUS
10
1.025299094488189
20
3.2650164566929134
11
1.0233832283464566
21
3.2662966141732284
0
LINE
8
BLACK
6
CONTINUOUS
10
1.0233832283464566
20
3.2662966141732284
11
1.0221030708661416
21
3.2682124803149604
0
LINE
8
BLACK
6
CONTINUOUS
10
1.0221030708661416
20
3.2682124803149604
11
1.0216535433070866
21
3.2704724409448818
0
LINE
8
BLACK
6
CONTINUOUS
10
1.0216535433070866
20
3.2704724409448818
11
1.0216535433070866
21
3.282283464566929
0
LINE
8
BLACK
6
CONTINUOUS
10
1.0216535433070866
20
3.282283464566929
11
1.0221030708661416
21
3.2845434251968504
0
LINE
8
BLACK
6
CONTINUOUS
10
1.0221030708661416
20
3.2845434251968504
11
1.0233832283464566
21
3.2864592913385824
0
LINE
8
BLACK
6
CONTINUOUS
10
1.0233832283464566
20
3.2864592913385824
11
1.025299094488189
21
3.2877394488188973
0
LINE
8
BLACK
6
CONTINUOUS
10
1.025299094488189
20
3.2877394488188973
11
1.0275590551181102
21
3.2881889763779526
0
LINE
8
BLACK
6
CONTINUOUS
10
1.0275590551181102
20
3.2881889763779526
11
1.0679133858267715
21
3.2881889763779526
0
LINE
8
BLACK
6
CONTINUOUS
10
1.0679133858267715
20
3.2881889763779526
11
1.0701733464566929
21
3.2877394488188973
0
LINE
8
BLACK
6
CONTINUOUS
10
1.1597402755905513
20
3.2877394488188973
11
1.1616561417322835
21
3.2864592913385824
0
LINE
8
BLACK
6
CONTINUOUS
10
1.1616561417322835
20
3.2864592913385824
11
1.1629362992125984
21
3.2845434251968504
0
LINE
8
BLACK
6
CONTINUOUS
10
1.1629362992125984
20
3.2845434251968504
11
1.1633858267716535
21
3.282283464566929
0
LINE
8
BLACK
6
CONTINUOUS
10
1.1633858267716535
20
3.282283464566929
11
1.1633858267716535
21
3.2704724409448818
0
LINE
8
BLACK
6
CONTINUOUS
10
1.1633858267716535
20
3.2704724409448818
11
1.1629362992125984
21
3.2682124803149604
0
LINE
8
BLACK
6
CONTINUOUS
10
1.1629362992125984
20
3.2682124803149604
11
1.1616561417322835
21
3.2662966141732284
0
LINE
8
BLACK
6
CONTINUOUS
10
1.1616561417322835
20
3.2662966141732284
11
1.1597402755905513
21
3.2650164566929134
0
LINE
8
BLACK
6
CONTINUOUS
10
1.1597402755905513
20
3.2650164566929134
11
1.1574803149606299
21
3.2645669291338582
0
LINE
8
BLACK
6
CONTINUOUS
10
1.1574803149606299
20
3.2645669291338582
11
1.1171259842519685
21
3.2645669291338582
0
LINE
8
BLACK
6
CONTINUOUS
10
1.1171259842519685
20
3.2645669291338582
11
1.1148660236220471
21
3.2650164566929134
0
LINE
8
BLACK
6
CONTINUOUS
10
1.1148660236220471
20
3.2650164566929134
11
1.1129501574803149
21
3.2662966141732284
0
LINE
8
BLACK
6
CONTINUOUS
10
1.1129501574803149
20
3.2662966141732284
11
1.1116699999999999
21
3.2682124803149604
0
LINE
8
BLACK
6
CONTINUOUS
10
1.1116699999999999
20
3.2682124803149604
11
1.1112204724409449
21
3.2704724409448818
0
LINE
8
BLACK
6
CONTINUOUS
10
1.1112204724409449
20
3.2704724409448818
11
1.1112204724409449
21
3.282283464566929
0
LINE
8
BLACK
6
CONTINUOUS
10
1.1112204724409449
20
3.282283464566929
11
1.1116699999999999
21
3.2845434251968504
0
LINE
8
BLACK
6
CONTINUOUS
10
1.1116699999999999
20
3.2845434251968504
11
1.1129501574803149
21
3.2864592913385824
0
LINE
8
BLACK
6
CONTINUOUS
10
1.1129501574803149
20
3.2864592913385824
11
1.1148660236220471
21
3.2877394488188973
0
LINE
8
BLACK
6
CONTINUOUS
10
1.1148660236220471
20
3.2877394488188973
11
1.1171259842519685
21
3.2881889763779526
0
LINE
8
BLACK
6
CONTINUOUS
10
1.1171259842519685
20
3.2881889763779526
11
1.1574803149606299
21
3.2881889763779526
0
LINE
8
BLACK
6
CONTINUOUS
10
1.1574803149606299
20
3.2881889763779526
11
1.1597402755905513
21
3.2877394488188973
0
LINE
8
BLACK
6
CONTINUOUS
10
0.6317193307086614
20
3.4153925196850392
11
0.6349124803149606
21
3.4132589370078739
0
LINE
8
BLACK
6
CONTINUOUS
10
0.6349124803149606
20
3.4132589370078739
11
0.637046062992126
21
3.4100657874015745
0
LINE
8
BLACK
6
CONTINUOUS
10
0.637046062992126
20
3.4100657874015745
11
0.6377952755905512
21
3.4062992125984253
0
LINE
8
BLACK
6
CONTINUOUS
10
0.6377952755905512
20
3.4062992125984253
11
0.6377952755905512
21
3.2881889763779526
0
LINE
8
BLACK
6
CONTINUOUS
10
0.6377952755905512
20
3.2881889763779526
11
0.637046062992126
21
3.2844224015748029
0
LINE
8
BLACK
6
CONTINUOUS
10
0.637046062992126
20
3.2844224015748029
11
0.6349124803149606
21
3.281229251968504
0
LINE
8
BLACK
6
CONTINUOUS
10
0.6349124803149606
20
3.281229251968504
11
0.6317193307086614
21
3.2790956692913387
0
LINE
8
BLACK
6
CONTINUOUS
10
0.6317193307086614
20
3.2790956692913387
11
0.6279527559055118
21
3.2783464566929132
0
LINE
8
BLACK
6
CONTINUOUS
10
0.6279527559055118
20
3.2783464566929132
11
0.5767716535433071
21
3.2783464566929132
0
LINE
8
BLACK
6
CONTINUOUS
10
0.5767716535433071
20
3.2783464566929132
11
0.5730050787401575
21
3.2790956692913387
0
LINE
8
BLACK
6
CONTINUOUS
10
0.5730050787401575
20
3.2790956692913387
11
0.5698119291338583
21
3.281229251968504
0
LINE
8
BLACK
6
CONTINUOUS
10
0.5698119291338583
20
3.281229251968504
11
0.5676783464566929
21
3.2844224015748029
0
LINE
8
BLACK
6
CONTINUOUS
10
0.5676783464566929
20
3.2844224015748029
11
0.5669291338582677
21
3.2881889763779526
0
LINE
8
BLACK
6
CONTINUOUS
10
0.5669291338582677
20
3.2881889763779526
11
0.5669291338582677
21
3.4062992125984253
0
LINE
8
BLACK
6
CONTINUOUS
10
0.5669291338582677
20
3.4062992125984253
11
0.5676783464566929
21
3.4100657874015745
0
LINE
8
BLACK
6
CONTINUOUS
10
0.5676783464566929
20
3.4100657874015745
11
0.5698119291338583
21
3.4132589370078739
0
LINE
8
BLACK
6
CONTINUOUS
10
0.5698119291338583
20
3.4132589370078739
11
0.5730050787401575
21
3.4153925196850392
0
LINE
8
BLACK
6
CONTINUOUS
10
0.5730050787401575
20
3.4153925196850392
11
0.5767716535433071
21
3.4161417322834646
0
LINE
8
BLACK
6
CONTINUOUS
10
0.5767716535433071
20
3.4161417322834646
11
0.6279527559055118
21
3.4161417322834646
0
LINE
8
BLACK
6
CONTINUOUS
10
0.6279527559055118
20
3.4161417322834646
11
0.6317193307086614
21
3.4153925196850392
0
LINE
8
BLACK
6
CONTINUOUS
10
0.2191423228346457
20
3.5085614960629918
11
0.2316161023622047
21
3.5056051574803151
0
LINE
8
BLACK
6
CONTINUOUS
10
0.2316161023622047
20
3.5056051574803151
11
0.2436623228346457
21
3.5012206692913383
0
LINE
8
BLACK
6
CONTINUOUS
10
0.2436623228346457
20
3.5012206692913383
11
0.2551181102362204
21
3.4954673622047245
0
LINE
8
BLACK
6
CONTINUOUS
10
0.2551181102362204
20
3.4954673622047245
11
0.2658285039370079
21
3.4884230314960627
0
LINE
8
BLACK
6
CONTINUOUS
10
0.2658285039370079
20
3.4884230314960627
11
0.2756487007874016
21
3.4801829133858266
0
LINE
8
BLACK
6
CONTINUOUS
10
0.2756487007874016
20
3.4801829133858266
11
0.2844458267716535
21
3.4708584645669291
0
LINE
8
BLACK
6
CONTINUOUS
10
0.2844458267716535
20
3.4708584645669291
11
0.2921010236220473
21
3.4605757874015746
0
LINE
8
BLACK
6
CONTINUOUS
10
0.2921010236220473
20
3.4605757874015746
11
0.2985106692913386
21
3.4494739370078737
0
LINE
8
BLACK
6
CONTINUOUS
10
0.2985106692913386
20
3.4494739370078737
11
0.3035881496062992
21
3.4377029921259843
0
LINE
8
BLACK
6
CONTINUOUS
10
0.3035881496062992
20
3.4377029921259843
11
0.3072648031496063
21
3.4254222047244092
0
LINE
8
BLACK
6
CONTINUOUS
10
0.3072648031496063
20
3.4254222047244092
11
0.3094908267716535
21
3.4127976377952756
0
LINE
8
BLACK
6
CONTINUOUS
10
0.3094908267716535
20
3.4127976377952756
11
0.3102362204724409
21
3.3999999999999999
0
LINE
8
BLACK
6
CONTINUOUS
10
0.3102362204724409
20
3.3999999999999999
11
0.3094908267716535
21
3.3872023622047243
0
LINE
8
BLACK
6
CONTINUOUS
10
0.3094908267716535
20
3.3872023622047243
11
0.3072648031496063
21
3.3745777952755907
0
LINE
8
BLACK
6
CONTINUOUS
10
0.3072648031496063
20
3.3745777952755907
11
0.3035881496062992
21
3.3622970078740155
0
LINE
8
BLACK
6
CONTINUOUS
10
0.3035881496062992
20
3.3622970078740155
11
0.2985106692913386
21
3.3505260629921261
0
LINE
8
BLACK
6
CONTINUOUS
10
0.2985106692913386
20
3.3505260629921261
11
0.2921010236220473
21
3.3394242125984253
0
LINE
8
BLACK
6
CONTINUOUS
10
0.2921010236220473
20
3.3394242125984253
11
0.2844458267716535
21
3.3291415354330707
0
LINE
8
BLACK
6
CONTINUOUS
10
0.2844458267716535
20
3.3291415354330707
11
0.2756487007874016
21
3.3198170866141732
0
LINE
8
BLACK
6
CONTINUOUS
10
0.2756487007874016
20
3.3198170866141732
11
0.2658285039370079
21
3.3115769685039371
0
LINE
8
BLACK
6
CONTINUOUS
10
0.2658285039370079
20
3.3115769685039371
11
0.2551181102362204
21
3.3045326377952757
0
LINE
8
BLACK
6
CONTINUOUS
10
0.2551181102362204
20
3.3045326377952757
11
0.2436623228346457
21
3.2987793307086615
0
LINE
8
BLACK
6
CONTINUOUS
10
0.2436623228346457
20
3.2987793307086615
11
0.2316161023622047
21
3.2943948425196852
0
LINE
8
BLACK
6
CONTINUOUS
10
0.2316161023622047
20
3.2943948425196852
11
0.2191423228346457
21
3.291438503937008
0
LINE
8
BLACK
6
CONTINUOUS
10
0.2191423228346457
20
3.291438503937008
11
0.2064096850393701
21
3.289950275590551
0
LINE
8
BLACK
6
CONTINUOUS
10
0.2064096850393701
20
3.289950275590551
11
0.1935903149606299
21
3.289950275590551
0
LINE
8
BLACK
6
CONTINUOUS
10
0.1935903149606299
20
3.289950275590551
11
0.1808576771653543
21
3.291438503937008
0
LINE
8
BLACK
6
CONTINUOUS
10
0.1808576771653543
20
3.291438503937008
11
0.1683838976377953
21
3.2943948425196852
0
LINE
8
BLACK
6
CONTINUOUS
10
0.1683838976377953
20
3.2943948425196852
11
0.1563376771653543
21
3.2987793307086615
0
LINE
8
BLACK
6
CONTINUOUS
10
0.1563376771653543
20
3.2987793307086615
11
0.1448818897637795
21
3.3045326377952757
0
LINE
8
BLACK
6
CONTINUOUS
10
0.1448818897637795
20
3.3045326377952757
11
0.1341714960629921
21
3.3115769685039371
0
LINE
8
BLACK
6
CONTINUOUS
10
0.1341714960629921
20
3.3115769685039371
11
0.1243512992125984
21
3.3198170866141732
0
LINE
8
BLACK
6
CONTINUOUS
10
0.1243512992125984
20
3.3198170866141732
11
0.1155541732283464
21
3.3291415354330707
0
LINE
8
BLACK
6
CONTINUOUS
10
0.1155541732283464
20
3.3291415354330707
11
0.1078989763779528
21
3.3394242125984253
0
LINE
8
BLACK
6
CONTINUOUS
10
0.1078989763779528
20
3.3394242125984253
11
0.1014893307086614
21
3.3505260629921261
0
LINE
8
BLACK
6
CONTINUOUS
10
0.1014893307086614
20
3.3505260629921261
11
0.0964118503937008
21
3.3622970078740155
0
LINE
8
BLACK
6
CONTINUOUS
10
0.0964118503937008
20
3.3622970078740155
11
0.0927351968503937
21
3.3745777952755907
0
LINE
8
BLACK
6
CONTINUOUS
10
0.0927351968503937
20
3.3745777952755907
11
0.0905091732283465
21
3.3872023622047243
0
LINE
8
BLACK
6
CONTINUOUS
10
0.0905091732283465
20
3.3872023622047243
11
0.0897637795275591
21
3.3999999999999999
0
LINE
8
BLACK
6
CONTINUOUS
10
0.0897637795275591
20
3.3999999999999999
11
0.0905091732283465
21
3.4127976377952756
0
LINE
8
BLACK
6
CONTINUOUS
10
0.0905091732283465
20
3.4127976377952756
11
0.0927351968503937
21
3.4254222047244092
0
LINE
8
BLACK
6
CONTINUOUS
10
0.0927351968503937
20
3.4254222047244092
11
0.0964118503937008
21
3.4377029921259843
0
LINE
8
BLACK
6
CONTINUOUS
10
0.0964118503937008
20
3.4377029921259843
11
0.1014893307086614
21
3.4494739370078737
0
LINE
8
BLACK
6
CONTINUOUS
10
0.1014893307086614
20
3.4494739370078737
11
0.1078989763779528
21
3.4605757874015746
0
LINE
8
BLACK
6
CONTINUOUS
10
0.1078989763779528
20
3.4605757874015746
11
0.1155541732283464
21
3.4708584645669291
0
LINE
8
BLACK
6
CONTINUOUS
10
0.1155541732283464
20
3.4708584645669291
11
0.1243512992125984
21
3.4801829133858266
0
LINE
8
BLACK
6
CONTINUOUS
10
0.1243512992125984
20
3.4801829133858266
11
0.1341714960629921
21
3.4884230314960627
0
LINE
8
BLACK
6
CONTINUOUS
10
0.1341714960629921
20
3.4884230314960627
11
0.1448818897637795
21
3.4954673622047245
0
LINE
8
BLACK
6
CONTINUOUS
10
0.1448818897637795
20
3.4954673622047245
11
0.1563376771653543
21
3.5012206692913383
0
LINE
8
BLACK
6
CONTINUOUS
10
0.1563376771653543
20
3.5012206692913383
11
0.1683838976377953
21
3.5056051574803151
0
LINE
8
BLACK
6
CONTINUOUS
10
0.1683838976377953
20
3.5056051574803151
11
0.1808576771653543
21
3.5085614960629918
0
LINE
8
BLACK
6
CONTINUOUS
10
0.1808576771653543
20
3.5085614960629918
11
0.1935903149606299
21
3.5100497244094488
0
LINE
8
BLACK
6
CONTINUOUS
10
0.1935903149606299
20
3.5100497244094488
11
0.2064096850393701
21
3.5100497244094488
0
LINE
8
BLACK
6
CONTINUOUS
10
0.2064096850393701
20
3.5100497244094488
11
0.2191423228346457
21
3.5085614960629918
0
LINE
8
BLACK
6
CONTINUOUS
10
1.8191423228346457
20
3.5085614960629918
11
1.8316161023622046
21
3.5056051574803151
0
LINE
8
BLACK
6
CONTINUOUS
10
1.8316161023622046
20
3.5056051574803151
11
1.8436623228346456
21
3.5012206692913383
0
LINE
8
BLACK
6
CONTINUOUS
10
1.8436623228346456
20
3.5012206692913383
11
1.8551181102362204
21
3.4954673622047245
0
LINE
8
BLACK
6
CONTINUOUS
10
1.8551181102362204
20
3.4954673622047245
11
1.8658285039370077
21
3.4884230314960627
0
LINE
8
BLACK
6
CONTINUOUS
10
1.8658285039370077
20
3.4884230314960627
11
1.8756487007874014
21
3.4801829133858266
0
LINE
8
BLACK
6
CONTINUOUS
10
1.8756487007874014
20
3.4801829133858266
11
1.8844458267716535
21
3.4708584645669291
0
LINE
8
BLACK
6
CONTINUOUS
10
1.8844458267716535
20
3.4708584645669291
11
1.8921010236220472
21
3.4605757874015746
0
LINE
8
BLACK
6
CONTINUOUS
10
1.8921010236220472
20
3.4605757874015746
11
1.8985106692913385
21
3.4494739370078737
0
LINE
8
BLACK
6
CONTINUOUS
10
1.8985106692913385
20
3.4494739370078737
11
1.9035881496062992
21
3.4377029921259843
0
LINE
8
BLACK
6
CONTINUOUS
10
1.9035881496062992
20
3.4377029921259843
11
1.9072648031496062
21
3.4254222047244092
0
LINE
8
BLACK
6
CONTINUOUS
10
1.9072648031496062
20
3.4254222047244092
11
1.9094908267716535
21
3.4127976377952756
0
LINE
8
BLACK
6
CONTINUOUS
10
1.9094908267716535
20
3.4127976377952756
11
1.9102362204724408
21
3.3999999999999999
0
LINE
8
BLACK
6
CONTINUOUS
10
1.9102362204724408
20
3.3999999999999999
11
1.9094908267716535
21
3.3872023622047243
0
LINE
8
BLACK
6
CONTINUOUS
10
1.9094908267716535
20
3.3872023622047243
11
1.9072648031496062
21
3.3745777952755907
0
LINE
8
BLACK
6
CONTINUOUS
10
1.9072648031496062
20
3.3745777952755907
11
1.9035881496062992
21
3.3622970078740155
0
LINE
8
BLACK
6
CONTINUOUS
10
1.9035881496062992
20
3.3622970078740155
11
1.8985106692913385
21
3.3505260629921261
0
LINE
8
BLACK
6
CONTINUOUS
10
1.8985106692913385
20
3.3505260629921261
11
1.8921010236220472
21
3.3394242125984253
0
LINE
8
BLACK
6
CONTINUOUS
10
1.8921010236220472
20
3.3394242125984253
11
1.8844458267716535
21
3.3291415354330707
0
LINE
8
BLACK
6
CONTINUOUS
10
1.8844458267716535
20
3.3291415354330707
11
1.8756487007874014
21
3.3198170866141732
0
LINE
8
BLACK
6
CONTINUOUS
10
1.8756487007874014
20
3.3198170866141732
11
1.8658285039370077
21
3.3115769685039371
0
LINE
8
BLACK
6
CONTINUOUS
10
1.8658285039370077
20
3.3115769685039371
11
1.8551181102362204
21
3.3045326377952757
0
LINE
8
BLACK
6
CONTINUOUS
10
1.8551181102362204
20
3.3045326377952757
11
1.8436623228346456
21
3.2987793307086615
0
LINE
8
BLACK
6
CONTINUOUS
10
1.8436623228346456
20
3.2987793307086615
11
1.8316161023622046
21
3.2943948425196852
0
LINE
8
BLACK
6
CONTINUOUS
10
1.8316161023622046
20
3.2943948425196852
11
1.8191423228346457
21
3.291438503937008
0
LINE
8
BLACK
6
CONTINUOUS
10
1.8191423228346457
20
3.291438503937008
11
1.80640968503937
21
3.289950275590551
0
LINE
8
BLACK
6
CONTINUOUS
10
1.80640968503937
20
3.289950275590551
11
1.7935903149606298
21
3.289950275590551
0
LINE
8
BLACK
6
CONTINUOUS
10
1.7935903149606298
20
3.289950275590551
11
1.7808576771653544
21
3.291438503937008
0
LINE
8
BLACK
6
CONTINUOUS
10
1.7808576771653544
20
3.291438503937008
11
1.7683838976377952
21
3.2943948425196852
0
LINE
8
BLACK
6
CONTINUOUS
10
1.7683838976377952
20
3.2943948425196852
11
1.7563376771653543
21
3.2987793307086615
0
LINE
8
BLACK
6
CONTINUOUS
10
1.7563376771653543
20
3.2987793307086615
11
1.7448818897637794
21
3.3045326377952757
0
LINE
8
BLACK
6
CONTINUOUS
10
1.7448818897637794
20
3.3045326377952757
11
1.7341714960629921
21
3.3115769685039371
0
LINE
8
BLACK
6
CONTINUOUS
10
1.7341714960629921
20
3.3115769685039371
11
1.7243512992125984
21
3.3198170866141732
0
LINE
8
BLACK
6
CONTINUOUS
10
1.7243512992125984
20
3.3198170866141732
11
1.7155541732283464
21
3.3291415354330707
0
LINE
8
BLACK
6
CONTINUOUS
10
1.7155541732283464
20
3.3291415354330707
11
1.7078989763779526
21
3.3394242125984253
0
LINE
8
BLACK
6
CONTINUOUS
10
1.7078989763779526
20
3.3394242125984253
11
1.7014893307086614
21
3.3505260629921261
0
LINE
8
BLACK
6
CONTINUOUS
10
1.7014893307086614
20
3.3505260629921261
11
1.6964118503937007
21
3.3622970078740155
0
LINE
8
BLACK
6
CONTINUOUS
10
1.6964118503937007
20
3.3622970078740155
11
1.6927351968503936
21
3.3745777952755907
0
LINE
8
BLACK
6
CONTINUOUS
10
1.6927351968503936
20
3.3745777952755907
11
1.6905091732283464
21
3.3872023622047243
0
LINE
8
BLACK
6
CONTINUOUS
10
1.6905091732283464
20
3.3872023622047243
11
1.6897637795275591
21
3.3999999999999999
0
LINE
8
BLACK
6
CONTINUOUS
10
1.6897637795275591
20
3.3999999999999999
11
1.6905091732283464
21
3.4127976377952756
0
LINE
8
BLACK
6
CONTINUOUS
10
1.6905091732283464
20
3.4127976377952756
11
1.6927351968503936
21
3.4254222047244092
0
LINE
8
BLACK
6
CONTINUOUS
10
1.6927351968503936
20
3.4254222047244092
11
1.6964118503937007
21
3.4377029921259843
0
LINE
8
BLACK
6
CONTINUOUS
10
1.6964118503937007
20
3.4377029921259843
11
1.7014893307086614
21
3.4494739370078737
0
LINE
8
BLACK
6
CONTINUOUS
10
1.7014893307086614
20
3.4494739370078737
11
1.7078989763779526
21
3.4605757874015746
0
LINE
8
BLACK
6
CONTINUOUS
10
1.7078989763779526
20
3.4605757874015746
11
1.7155541732283464
21
3.4708584645669291
0
LINE
8
BLACK
6
CONTINUOUS
10
1.7155541732283464
20
3.4708584645669291
11
1.7243512992125984
21
3.4801829133858266
0
LINE
8
BLACK
6
CONTINUOUS
10
1.7243512992125984
20
3.4801829133858266
11
1.7341714960629921
21
3.4884230314960627
0
LINE
8
BLACK
6
CONTINUOUS
10
1.7341714960629921
20
3.4884230314960627
11
1.7448818897637794
21
3.4954673622047245
0
LINE
8
BLACK
6
CONTINUOUS
10
1.7448818897637794
20
3.4954673622047245
11
1.7563376771653543
21
3.5012206692913383
0
LINE
8
BLACK
6
CONTINUOUS
10
1.7563376771653543
20
3.5012206692913383
11
1.7683838976377952
21
3.5056051574803151
0
LINE
8
BLACK
6
CONTINUOUS
10
1.7683838976377952
20
3.5056051574803151
11
1.7808576771653544
21
3.5085614960629918
0
LINE
8
BLACK
6
CONTINUOUS
10
1.7808576771653544
20
3.5085614960629918
11
1.7935903149606298
21
3.5100497244094488
0
LINE
8
BLACK
6
CONTINUOUS
10
1.7935903149606298
20
3.5100497244094488
11
1.80640968503937
21
3.5100497244094488
0
LINE
8
BLACK
6
CONTINUOUS
10
1.80640968503937
20
3.5100497244094488
11
1.8191423228346457
21
3.5085614960629918
0
LINE
8
BLACK
6
CONTINUOUS
10
1.1597402755905513
20
3.3251410236220473
11
1.1616561417322835
21
3.3238608661417324
0
LINE
8
BLACK
6
CONTINUOUS
10
1.1616561417322835
20
3.3238608661417324
11
1.1629362992125984
21
3.3219449999999999
0
LINE
8
BLACK
6
CONTINUOUS
10
1.1629362992125984
20
3.3219449999999999
11
1.1633858267716535
21
3.3196850393700785
0
LINE
8
BLACK
6
CONTINUOUS
10
1.1633858267716535
20
3.3196850393700785
11
1.1633858267716535
21
3.3078740157480313
0
LINE
8
BLACK
6
CONTINUOUS
10
1.1633858267716535
20
3.3078740157480313
11
1.1629362992125984
21
3.3056140551181104
0
LINE
8
BLACK
6
CONTINUOUS
10
1.1629362992125984
20
3.3056140551181104
11
1.1616561417322835
21
3.3036981889763779
0
LINE
8
BLACK
6
CONTINUOUS
10
1.1616561417322835
20
3.3036981889763779
11
1.1597402755905513
21
3.3024180314960629
0
LINE
8
BLACK
6
CONTINUOUS
10
1.1597402755905513
20
3.3024180314960629
11
1.1574803149606299
21
3.3019685039370077
0
LINE
8
BLACK
6
CONTINUOUS
10
1.1574803149606299
20
3.3019685039370077
11
1.1171259842519685
21
3.3019685039370077
0
LINE
8
BLACK
6
CONTINUOUS
10
1.1171259842519685
20
3.3019685039370077
11
1.1148660236220471
21
3.3024180314960629
0
LINE
8
BLACK
6
CONTINUOUS
10
1.1148660236220471
20
3.3024180314960629
11
1.1129501574803149
21
3.3036981889763779
0
LINE
8
BLACK
6
CONTINUOUS
10
1.1129501574803149
20
3.3036981889763779
11
1.1116699999999999
21
3.3056140551181104
0
LINE
8
BLACK
6
CONTINUOUS
10
1.1116699999999999
20
3.3056140551181104
11
1.1112204724409449
21
3.3078740157480313
0
LINE
8
BLACK
6
CONTINUOUS
10
1.1112204724409449
20
3.3078740157480313
11
1.1112204724409449
21
3.3196850393700785
0
LINE
8
BLACK
6
CONTINUOUS
10
1.1112204724409449
20
3.3196850393700785
11
1.1116699999999999
21
3.3219449999999999
0
LINE
8
BLACK
6
CONTINUOUS
10
1.1116699999999999
20
3.3219449999999999
11
1.1129501574803149
21
3.3238608661417324
0
LINE
8
BLACK
6
CONTINUOUS
10
1.1129501574803149
20
3.3238608661417324
11
1.1148660236220471
21
3.3251410236220473
0
LINE
8
BLACK
6
CONTINUOUS
10
1.1148660236220471
20
3.3251410236220473
11
1.1171259842519685
21
3.3255905511811021
0
LINE
8
BLACK
6
CONTINUOUS
10
1.1171259842519685
20
3.3255905511811021
11
1.1574803149606299
21
3.3255905511811021
0
LINE
8
BLACK
6
CONTINUOUS
10
1.1574803149606299
20
3.3255905511811021
11
1.1597402755905513
21
3.3251410236220473
0
LINE
8
BLACK
6
CONTINUOUS
10
0.772152125984252
20
3.373165275590551
11
0.7785433070866141
21
3.3703197637795275
0
LINE
8
BLACK
6
CONTINUOUS
10
0.7785433070866141
20
3.3703197637795275
11
0.784203188976378
21
3.3662075984251967
0
LINE
8
BLACK
6
CONTINUOUS
10
0.784203188976378
20
3.3662075984251967
11
0.7888844094488189
21
3.3610085433070864
0
LINE
8
BLACK
6
CONTINUOUS
10
0.7888844094488189
20
3.3610085433070864
11
0.7923824409448819
21
3.3549498425196851
0
LINE
8
BLACK
6
CONTINUOUS
10
0.7923824409448819
20
3.3549498425196851
11
0.7945442913385826
21
3.3482962598425194
0
LINE
8
BLACK
6
CONTINUOUS
10
0.7945442913385826
20
3.3482962598425194
11
0.7952755905511811
21
3.3413385826771651
0
LINE
8
BLACK
6
CONTINUOUS
10
0.7952755905511811
20
3.3413385826771651
11
0.7945442913385826
21
3.3343809055118108
0
LINE
8
BLACK
6
CONTINUOUS
10
0.7945442913385826
20
3.3343809055118108
11
0.7923824409448819
21
3.3277273228346456
0
LINE
8
BLACK
6
CONTINUOUS
10
0.7923824409448819
20
3.3277273228346456
11
0.7888844094488189
21
3.3216686220472442
0
LINE
8
BLACK
6
CONTINUOUS
10
0.7888844094488189
20
3.3216686220472442
11
0.784203188976378
21
3.316469566929134
0
LINE
8
BLACK
6
CONTINUOUS
10
0.784203188976378
20
3.316469566929134
11
0.7785433070866141
21
3.3123574015748032
0
LINE
8
BLACK
6
CONTINUOUS
10
0.7785433070866141
20
3.3123574015748032
11
0.772152125984252
21
3.3095118897637796
0
LINE
8
BLACK
6
CONTINUOUS
10
0.772152125984252
20
3.3095118897637796
11
0.7653090157480315
21
3.3080573228346455
0
LINE
8
BLACK
6
CONTINUOUS
10
0.7653090157480315
20
3.3080573228346455
11
0.758313031496063
21
3.3080573228346455
0
LINE
8
BLACK
6
CONTINUOUS
10
0.758313031496063
20
3.3080573228346455
11
0.7514699212598425
21
3.3095118897637796
0
LINE
8
BLACK
6
CONTINUOUS
10
0.7514699212598425
20
3.3095118897637796
11
0.7450787401574803
21
3.3123574015748032
0
LINE
8
BLACK
6
CONTINUOUS
10
0.7450787401574803
20
3.3123574015748032
11
0.7394188582677165
21
3.316469566929134
0
LINE
8
BLACK
6
CONTINUOUS
10
0.7394188582677165
20
3.316469566929134
11
0.7347376377952756
21
3.3216686220472442
0
LINE
8
BLACK
6
CONTINUOUS
10
0.7347376377952756
20
3.3216686220472442
11
0.7312396062992126
21
3.3277273228346456
0
LINE
8
BLACK
6
CONTINUOUS
10
0.7312396062992126
20
3.3277273228346456
11
0.7290777559055118
21
3.3343809055118108
0
LINE
8
BLACK
6
CONTINUOUS
10
0.7290777559055118
20
3.3343809055118108
11
0.7283464566929134
21
3.3413385826771651
0
LINE
8
BLACK
6
CONTINUOUS
10
0.7283464566929134
20
3.3413385826771651
11
0.7290777559055118
21
3.3482962598425194
0
LINE
8
BLACK
6
CONTINUOUS
10
0.7290777559055118
20
3.3482962598425194
11
0.7312396062992126
21
3.3549498425196851
0
LINE
8
BLACK
6
CONTINUOUS
10
0.7312396062992126
20
3.3549498425196851
11
0.7347376377952756
21
3.3610085433070864
0
LINE
8
BLACK
6
CONTINUOUS
10
0.7347376377952756
20
3.3610085433070864
11
0.7394188582677165
21
3.3662075984251967
0
LINE
8
BLACK
6
CONTINUOUS
10
0.7394188582677165
20
3.3662075984251967
11
0.7450787401574803
21
3.3703197637795275
0
LINE
8
BLACK
6
CONTINUOUS
10
0.7450787401574803
20
3.3703197637795275
11
0.7514699212598425
21
3.373165275590551
0
LINE
8
BLACK
6
CONTINUOUS
10
0.7514699212598425
20
3.373165275590551
11
0.758313031496063
21
3.3746198425196852
0
LINE
8
BLACK
6
CONTINUOUS
10
0.758313031496063
20
3.3746198425196852
11
0.7653090157480315
21
3.3746198425196852
0
LINE
8
BLACK
6
CONTINUOUS
10
0.7653090157480315
20
3.3746198425196852
11
0.772152125984252
21
3.373165275590551
0
LINE
8
BLACK
6
CONTINUOUS
10
0.872152125984252
20
3.373165275590551
11
0.8785433070866141
21
3.3703197637795275
0
LINE
8
BLACK
6
CONTINUOUS
10
0.8785433070866141
20
3.3703197637795275
11
0.884203188976378
21
3.3662075984251967
0
LINE
8
BLACK
6
CONTINUOUS
10
0.884203188976378
20
3.3662075984251967
11
0.8888844094488189
21
3.3610085433070864
0
LINE
8
BLACK
6
CONTINUOUS
10
0.8888844094488189
20
3.3610085433070864
11
0.8923824409448818
21
3.3549498425196851
0
LINE
8
BLACK
6
CONTINUOUS
10
0.8923824409448818
20
3.3549498425196851
11
0.8945442913385827
21
3.3482962598425194
0
LINE
8
BLACK
6
CONTINUOUS
10
0.8945442913385827
20
3.3482962598425194
11
0.8952755905511811
21
3.3413385826771651
0
LINE
8
BLACK
6
CONTINUOUS
10
0.8952755905511811
20
3.3413385826771651
11
0.8945442913385827
21
3.3343809055118108
0
LINE
8
BLACK
6
CONTINUOUS
10
0.8945442913385827
20
3.3343809055118108
11
0.8923824409448818
21
3.3277273228346456
0
LINE
8
BLACK
6
CONTINUOUS
10
0.8923824409448818
20
3.3277273228346456
11
0.8888844094488189
21
3.3216686220472442
0
LINE
8
BLACK
6
CONTINUOUS
10
0.8888844094488189
20
3.3216686220472442
11
0.884203188976378
21
3.316469566929134
0
LINE
8
BLACK
6
CONTINUOUS
10
0.884203188976378
20
3.316469566929134
11
0.8785433070866141
21
3.3123574015748032
0
LINE
8
BLACK
6
CONTINUOUS
10
0.8785433070866141
20
3.3123574015748032
11
0.872152125984252
21
3.3095118897637796
0
LINE
8
BLACK
6
CONTINUOUS
10
0.872152125984252
20
3.3095118897637796
11
0.8653090157480314
21
3.3080573228346455
0
LINE
8
BLACK
6
CONTINUOUS
10
0.8653090157480314
20
3.3080573228346455
11
0.858313031496063
21
3.3080573228346455
0
LINE
8
BLACK
6
CONTINUOUS
10
0.858313031496063
20
3.3080573228346455
11
0.8514699212598426
21
3.3095118897637796
0
LINE
8
BLACK
6
CONTINUOUS
10
0.8514699212598426
20
3.3095118897637796
11
0.8450787401574803
21
3.3123574015748032
0
LINE
8
BLACK
6
CONTINUOUS
10
0.8450787401574803
20
3.3123574015748032
11
0.8394188582677166
21
3.316469566929134
0
LINE
8
BLACK
6
CONTINUOUS
10
0.8394188582677166
20
3.316469566929134
11
0.8347376377952755
21
3.3216686220472442
0
LINE
8
BLACK
6
CONTINUOUS
10
0.8347376377952755
20
3.3216686220472442
11
0.8312396062992126
21
3.3277273228346456
0
LINE
8
BLACK
6
CONTINUOUS
10
0.8312396062992126
20
3.3277273228346456
11
0.8290777559055118
21
3.3343809055118108
0
LINE
8
BLACK
6
CONTINUOUS
10
0.8290777559055118
20
3.3343809055118108
11
0.8283464566929134
21
3.3413385826771651
0
LINE
8
BLACK
6
CONTINUOUS
10
0.8283464566929134
20
3.3413385826771651
11
0.8290777559055118
21
3.3482962598425194
0
LINE
8
BLACK
6
CONTINUOUS
10
0.8290777559055118
20
3.3482962598425194
11
0.8312396062992126
21
3.3549498425196851
0
LINE
8
BLACK
6
CONTINUOUS
10
0.8312396062992126
20
3.3549498425196851
11
0.8347376377952755
21
3.3610085433070864
0
LINE
8
BLACK
6
CONTINUOUS
10
0.8347376377952755
20
3.3610085433070864
11
0.8394188582677166
21
3.3662075984251967
0
LINE
8
BLACK
6
CONTINUOUS
10
0.8394188582677166
20
3.3662075984251967
11
0.8450787401574803
21
3.3703197637795275
0
LINE
8
BLACK
6
CONTINUOUS
10
0.8450787401574803
20
3.3703197637795275
11
0.8514699212598426
21
3.373165275590551
0
LINE
8
BLACK
6
CONTINUOUS
10
0.8514699212598426
20
3.373165275590551
11
0.858313031496063
21
3.3746198425196852
0
LINE
8
BLACK
6
CONTINUOUS
10
0.858313031496063
20
3.3746198425196852
11
0.8653090157480314
21
3.3746198425196852
0
LINE
8
BLACK
6
CONTINUOUS
10
0.8653090157480314
20
3.3746198425196852
11
0.872152125984252
21
3.373165275590551
0
LINE
8
BLACK
6
CONTINUOUS
10
0.4178214173228346
20
3.3765117322834644
11
0.4242125984251968
21
3.3736662204724408
0
LINE
8
BLACK
6
CONTINUOUS
10
0.4242125984251968
20
3.3736662204724408
11
0.4298724803149606
21
3.36955405511811
0
LINE
8
BLACK
6
CONTINUOUS
10
0.4298724803149606
20
3.36955405511811
11
0.4345537007874016
21
3.3643549999999998
0
LINE
8
BLACK
6
CONTINUOUS
10
0.4345537007874016
20
3.3643549999999998
11
0.4380517322834646
21
3.3582962992125984
0
LINE
8
BLACK
6
CONTINUOUS
10
0.4380517322834646
20
3.3582962992125984
11
0.4402135826771654
21
3.3516427165354328
0
LINE
8
BLACK
6
CONTINUOUS
10
0.4402135826771654
20
3.3516427165354328
11
0.4409448818897638
21
3.3446850393700789
0
LINE
8
BLACK
6
CONTINUOUS
10
0.4409448818897638
20
3.3446850393700789
11
0.4402135826771654
21
3.3377273622047245
0
LINE
8
BLACK
6
CONTINUOUS
10
0.4402135826771654
20
3.3377273622047245
11
0.4380517322834646
21
3.3310737795275589
0
LINE
8
BLACK
6
CONTINUOUS
10
0.4380517322834646
20
3.3310737795275589
11
0.4345537007874016
21
3.3250150787401576
0
LINE
8
BLACK
6
CONTINUOUS
10
0.4345537007874016
20
3.3250150787401576
11
0.4298724803149606
21
3.3198160236220473
0
LINE
8
BLACK
6
CONTINUOUS
10
0.4298724803149606
20
3.3198160236220473
11
0.4242125984251968
21
3.3157038582677165
0
LINE
8
BLACK
6
CONTINUOUS
10
0.4242125984251968
20
3.3157038582677165
11
0.4178214173228346
21
3.312858346456693
0
LINE
8
BLACK
6
CONTINUOUS
10
0.4178214173228346
20
3.312858346456693
11
0.4109783070866141
21
3.3114037795275588
0
LINE
8
BLACK
6
CONTINUOUS
10
0.4109783070866141
20
3.3114037795275588
11
0.4039823228346456
21
3.3114037795275588
0
LINE
8
BLACK
6
CONTINUOUS
10
0.4039823228346456
20
3.3114037795275588
11
0.3971392125984252
21
3.312858346456693
0
LINE
8
BLACK
6
CONTINUOUS
10
0.3971392125984252
20
3.312858346456693
11
0.390748031496063
21
3.3157038582677165
0
LINE
8
BLACK
6
CONTINUOUS
10
0.390748031496063
20
3.3157038582677165
11
0.3850881496062992
21
3.3198160236220473
0
LINE
8
BLACK
6
CONTINUOUS
10
0.3850881496062992
20
3.3198160236220473
11
0.3804069291338583
21
3.3250150787401576
0
LINE
8
BLACK
6
CONTINUOUS
10
0.3804069291338583
20
3.3250150787401576
11
0.3769088976377953
21
3.3310737795275589
0
LINE
8
BLACK
6
CONTINUOUS
10
0.3769088976377953
20
3.3310737795275589
11
0.3747470472440945
21
3.3377273622047245
0
LINE
8
BLACK
6
CONTINUOUS
10
0.3747470472440945
20
3.3377273622047245
11
0.3740157480314961
21
3.3446850393700789
0
LINE
8
BLACK
6
CONTINUOUS
10
0.3740157480314961
20
3.3446850393700789
11
0.3747470472440945
21
3.3516427165354328
0
LINE
8
BLACK
6
CONTINUOUS
10
0.3747470472440945
20
3.3516427165354328
11
0.3769088976377953
21
3.3582962992125984
0
LINE
8
BLACK
6
CONTINUOUS
10
0.3769088976377953
20
3.3582962992125984
11
0.3804069291338583
21
3.3643549999999998
0
LINE
8
BLACK
6
CONTINUOUS
10
0.3804069291338583
20
3.3643549999999998
11
0.3850881496062992
21
3.36955405511811
0
LINE
8
BLACK
6
CONTINUOUS
10
0.3850881496062992
20
3.36955405511811
11
0.390748031496063
21
3.3736662204724408
0
LINE
8
BLACK
6
CONTINUOUS
10
0.390748031496063
20
3.3736662204724408
11
0.3971392125984252
21
3.3765117322834644
0
LINE
8
BLACK
6
CONTINUOUS
10
0.3971392125984252
20
3.3765117322834644
11
0.4039823228346456
21
3.3779662992125985
0
LINE
8
BLACK
6
CONTINUOUS
10
0.4039823228346456
20
3.3779662992125985
11
0.4109783070866141
21
3.3779662992125985
0
LINE
8
BLACK
6
CONTINUOUS
10
0.4109783070866141
20
3.3779662992125985
11
0.4178214173228346
21
3.3765117322834644
0
LINE
8
BLACK
6
CONTINUOUS
10
1.2866321259842519
20
3.4153063779527559
11
1.2918016929133858
21
3.4131650787401573
0
LINE
8
BLACK
6
CONTINUOUS
10
1.2918016929133858
20
3.4131650787401573
11
1.2964541338582676
21
3.4100564173228345
0
LINE
8
BLACK
6
CONTINUOUS
10
1.2964541338582676
20
3.4100564173228345
11
1.3004107480314961
21
3.4060998031496061
0
LINE
8
BLACK
6
CONTINUOUS
10
1.3004107480314961
20
3.4060998031496061
11
1.3035194094488189
21
3.4014473622047245
0
LINE
8
BLACK
6
CONTINUOUS
10
1.3035194094488189
20
3.4014473622047245
11
1.3056607086614174
21
3.3962777952755903
0
LINE
8
BLACK
6
CONTINUOUS
10
1.3056607086614174
20
3.3962777952755903
11
1.3067523228346456
21
3.390789842519685
0
LINE
8
BLACK
6
CONTINUOUS
10
1.3067523228346456
20
3.390789842519685
11
1.3068897637795276
21
3.387992125984252
0
LINE
8
BLACK
6
CONTINUOUS
10
1.3068897637795276
20
3.387992125984252
11
1.3068897637795276
21
3.3663385826771655
0
LINE
8
BLACK
6
CONTINUOUS
10
1.3068897637795276
20
3.3663385826771655
11
1.3067523228346456
21
3.3635408661417321
0
LINE
8
BLACK
6
CONTINUOUS
10
1.3067523228346456
20
3.3635408661417321
11
1.3056607086614174
21
3.3580529133858268
0
LINE
8
BLACK
6
CONTINUOUS
10
1.3056607086614174
20
3.3580529133858268
11
1.3035194094488189
21
3.3528833464566929
0
LINE
8
BLACK
6
CONTINUOUS
10
1.3035194094488189
20
3.3528833464566929
11
1.3004107480314961
21
3.3482309055118109
0
LINE
8
BLACK
6
CONTINUOUS
10
1.3004107480314961
20
3.3482309055118109
11
1.2964541338582676
21
3.3442742913385826
0
LINE
8
BLACK
6
CONTINUOUS
10
1.2964541338582676
20
3.3442742913385826
11
1.2918016929133858
21
3.3411656299212598
0
LINE
8
BLACK
6
CONTINUOUS
10
1.2918016929133858
20
3.3411656299212598
11
1.2866321259842519
21
3.3390243307086616
0
LINE
8
BLACK
6
CONTINUOUS
10
1.2866321259842519
20
3.3390243307086616
11
1.2811441732283464
21
3.3379327165354331
0
LINE
8
BLACK
6
CONTINUOUS
10
1.2811441732283464
20
3.3379327165354331
11
1.2755487401574803
21
3.3379327165354331
0
LINE
8
BLACK
6
CONTINUOUS
10
1.2755487401574803
20
3.3379327165354331
11
1.2700607874015748
21
3.3390243307086616
0
LINE
8
BLACK
6
CONTINUOUS
10
1.2700607874015748
20
3.3390243307086616
11
1.264891220472441
21
3.3411656299212598
0
LINE
8
BLACK
6
CONTINUOUS
10
1.264891220472441
20
3.3411656299212598
11
1.2602387795275589
21
3.3442742913385826
0
LINE
8
BLACK
6
CONTINUOUS
10
1.2602387795275589
20
3.3442742913385826
11
1.2562821653543306
21
3.3482309055118109
0
LINE
8
BLACK
6
CONTINUOUS
10
1.2562821653543306
20
3.3482309055118109
11
1.2531735039370078
21
3.3528833464566929
0
LINE
8
BLACK
6
CONTINUOUS
10
1.2531735039370078
20
3.3528833464566929
11
1.2510322047244093
21
3.3580529133858268
0
LINE
8
BLACK
6
CONTINUOUS
10
1.2510322047244093
20
3.3580529133858268
11
1.2499405905511811
21
3.3635408661417321
0
LINE
8
BLACK
6
CONTINUOUS
10
1.2499405905511811
20
3.3635408661417321
11
1.2498031496062991
21
3.3663385826771655
0
LINE
8
BLACK
6
CONTINUOUS
10
1.2498031496062991
20
3.3663385826771655
11
1.2498031496062991
21
3.387992125984252
0
LINE
8
BLACK
6
CONTINUOUS
10
1.2498031496062991
20
3.387992125984252
11
1.2499405905511811
21
3.390789842519685
0
LINE
8
BLACK
6
CONTINUOUS
10
1.2499405905511811
20
3.390789842519685
11
1.2510322047244093
21
3.3962777952755903
0
LINE
8
BLACK
6
CONTINUOUS
10
1.2510322047244093
20
3.3962777952755903
11
1.2531735039370078
21
3.4014473622047245
0
LINE
8
BLACK
6
CONTINUOUS
10
1.2531735039370078
20
3.4014473622047245
11
1.2562821653543306
21
3.4060998031496061
0
LINE
8
BLACK
6
CONTINUOUS
10
1.2562821653543306
20
3.4060998031496061
11
1.2602387795275589
21
3.4100564173228345
0
LINE
8
BLACK
6
CONTINUOUS
10
1.2602387795275589
20
3.4100564173228345
11
1.264891220472441
21
3.4131650787401573
0
LINE
8
BLACK
6
CONTINUOUS
10
1.264891220472441
20
3.4131650787401573
11
1.2700607874015748
21
3.4153063779527559
0
LINE
8
BLACK
6
CONTINUOUS
10
1.2700607874015748
20
3.4153063779527559
11
1.2755487401574803
21
3.4163979921259844
0
LINE
8
BLACK
6
CONTINUOUS
10
1.2755487401574803
20
3.4163979921259844
11
1.2811441732283464
21
3.4163979921259844
0
LINE
8
BLACK
6
CONTINUOUS
10
1.2811441732283464
20
3.4163979921259844
11
1.2866321259842519
21
3.4153063779527559
0
LINE
8
BLACK
6
CONTINUOUS
10
1.5799392125984251
20
3.4153063779527559
11
1.5851087795275589
21
3.4131650787401573
0
LINE
8
BLACK
6
CONTINUOUS
10
1.5851087795275589
20
3.4131650787401573
11
1.589761220472441
21
3.4100564173228345
0
LINE
8
BLACK
6
CONTINUOUS
10
1.589761220472441
20
3.4100564173228345
11
1.5937178346456693
21
3.4060998031496061
0
LINE
8
BLACK
6
CONTINUOUS
10
1.5937178346456693
20
3.4060998031496061
11
1.5968264960629921
21
3.4014473622047245
0
LINE
8
BLACK
6
CONTINUOUS
10
1.5968264960629921
20
3.4014473622047245
11
1.5989677952755905
21
3.3962777952755903
0
LINE
8
BLACK
6
CONTINUOUS
10
1.5989677952755905
20
3.3962777952755903
11
1.600059409448819
21
3.390789842519685
0
LINE
8
BLACK
6
CONTINUOUS
10
1.600059409448819
20
3.390789842519685
11
1.6001968503937007
21
3.387992125984252
0
LINE
8
BLACK
6
CONTINUOUS
10
1.6001968503937007
20
3.387992125984252
11
1.6001968503937007
21
3.3663385826771655
0
LINE
8
BLACK
6
CONTINUOUS
10
1.6001968503937007
20
3.3663385826771655
11
1.600059409448819
21
3.3635408661417321
0
LINE
8
BLACK
6
CONTINUOUS
10
1.600059409448819
20
3.3635408661417321
11
1.5989677952755905
21
3.3580529133858268
0
LINE
8
BLACK
6
CONTINUOUS
10
1.5989677952755905
20
3.3580529133858268
11
1.5968264960629921
21
3.3528833464566929
0
LINE
8
BLACK
6
CONTINUOUS
10
1.5968264960629921
20
3.3528833464566929
11
1.5937178346456693
21
3.3482309055118109
0
LINE
8
BLACK
6
CONTINUOUS
10
1.5937178346456693
20
3.3482309055118109
11
1.589761220472441
21
3.3442742913385826
0
LINE
8
BLACK
6
CONTINUOUS
10
1.589761220472441
20
3.3442742913385826
11
1.5851087795275589
21
3.3411656299212598
0
LINE
8
BLACK
6
CONTINUOUS
10
1.5851087795275589
20
3.3411656299212598
11
1.5799392125984251
21
3.3390243307086616
0
LINE
8
BLACK
6
CONTINUOUS
10
1.5799392125984251
20
3.3390243307086616
11
1.5744512598425195
21
3.3379327165354331
0
LINE
8
BLACK
6
CONTINUOUS
10
1.5744512598425195
20
3.3379327165354331
11
1.5688558267716535
21
3.3379327165354331
0
LINE
8
BLACK
6
CONTINUOUS
10
1.5688558267716535
20
3.3379327165354331
11
1.5633678740157479
21
3.3390243307086616
0
LINE
8
BLACK
6
CONTINUOUS
10
1.5633678740157479
20
3.3390243307086616
11
1.5581983070866141
21
3.3411656299212598
0
LINE
8
BLACK
6
CONTINUOUS
10
1.5581983070866141
20
3.3411656299212598
11
1.5535458661417323
21
3.3442742913385826
0
LINE
8
BLACK
6
CONTINUOUS
10
1.5535458661417323
20
3.3442742913385826
11
1.5495892519685039
21
3.3482309055118109
0
LINE
8
BLACK
6
CONTINUOUS
10
1.5495892519685039
20
3.3482309055118109
11
1.5464805905511811
21
3.3528833464566929
0
LINE
8
BLACK
6
CONTINUOUS
10
1.5464805905511811
20
3.3528833464566929
11
1.5443392913385827
21
3.3580529133858268
0
LINE
8
BLACK
6
CONTINUOUS
10
1.5443392913385827
20
3.3580529133858268
11
1.5432476771653543
21
3.3635408661417321
0
LINE
8
BLACK
6
CONTINUOUS
10
1.5432476771653543
20
3.3635408661417321
11
1.5431102362204725
21
3.3663385826771655
0
LINE
8
BLACK
6
CONTINUOUS
10
1.5431102362204725
20
3.3663385826771655
11
1.5431102362204725
21
3.387992125984252
0
LINE
8
BLACK
6
CONTINUOUS
10
1.5431102362204725
20
3.387992125984252
11
1.5432476771653543
21
3.390789842519685
0
LINE
8
BLACK
6
CONTINUOUS
10
1.5432476771653543
20
3.390789842519685
11
1.5443392913385827
21
3.3962777952755903
0
LINE
8
BLACK
6
CONTINUOUS
10
1.5443392913385827
20
3.3962777952755903
11
1.5464805905511811
21
3.4014473622047245
0
LINE
8
BLACK
6
CONTINUOUS
10
1.5464805905511811
20
3.4014473622047245
11
1.5495892519685039
21
3.4060998031496061
0
LINE
8
BLACK
6
CONTINUOUS
10
1.5495892519685039
20
3.4060998031496061
11
1.5535458661417323
21
3.4100564173228345
0
LINE
8
BLACK
6
CONTINUOUS
10
1.5535458661417323
20
3.4100564173228345
11
1.5581983070866141
21
3.4131650787401573
0
LINE
8
BLACK
6
CONTINUOUS
10
1.5581983070866141
20
3.4131650787401573
11
1.5633678740157479
21
3.4153063779527559
0
LINE
8
BLACK
6
CONTINUOUS
10
1.5633678740157479
20
3.4153063779527559
11
1.5688558267716535
21
3.4163979921259844
0
LINE
8
BLACK
6
CONTINUOUS
10
1.5688558267716535
20
3.4163979921259844
11
1.5744512598425195
21
3.4163979921259844
0
LINE
8
BLACK
6
CONTINUOUS
10
1.5744512598425195
20
3.4163979921259844
11
1.5799392125984251
21
3.4153063779527559
0
LINE
8
BLACK
6
CONTINUOUS
10
1.0701733464566929
20
3.3625425984251969
11
1.0720892125984252
21
3.3612624409448819
0
LINE
8
BLACK
6
CONTINUOUS
10
1.0720892125984252
20
3.3612624409448819
11
1.0733693700787401
21
3.3593465748031495
0
LINE
8
BLACK
6
CONTINUOUS
10
1.0733693700787401
20
3.3593465748031495
11
1.0738188976377951
21
3.3570866141732281
0
LINE
8
BLACK
6
CONTINUOUS
10
1.0738188976377951
20
3.3570866141732281
11
1.0738188976377951
21
3.3452755905511808
0
LINE
8
BLACK
6
CONTINUOUS
10
1.0738188976377951
20
3.3452755905511808
11
1.0733693700787401
21
3.3430156299212599
0
LINE
8
BLACK
6
CONTINUOUS
10
1.0733693700787401
20
3.3430156299212599
11
1.0720892125984252
21
3.3410997637795274
0
LINE
8
BLACK
6
CONTINUOUS
10
1.0720892125984252
20
3.3410997637795274
11
1.0701733464566929
21
3.3398196062992125
0
LINE
8
BLACK
6
CONTINUOUS
10
1.0701733464566929
20
3.3398196062992125
11
1.0679133858267715
21
3.3393700787401572
0
LINE
8
BLACK
6
CONTINUOUS
10
1.0679133858267715
20
3.3393700787401572
11
1.0275590551181102
21
3.3393700787401572
0
LINE
8
BLACK
6
CONTINUOUS
10
1.0275590551181102
20
3.3393700787401572
11
1.025299094488189
21
3.3398196062992125
0
LINE
8
BLACK
6
CONTINUOUS
10
1.025299094488189
20
3.3398196062992125
11
1.0233832283464566
21
3.3410997637795274
0
LINE
8
BLACK
6
CONTINUOUS
10
1.0233832283464566
20
3.3410997637795274
11
1.0221030708661416
21
3.3430156299212599
0
LINE
8
BLACK
6
CONTINUOUS
10
1.0221030708661416
20
3.3430156299212599
11
1.0216535433070866
21
3.3452755905511808
0
LINE
8
BLACK
6
CONTINUOUS
10
1.0216535433070866
20
3.3452755905511808
11
1.0216535433070866
21
3.3570866141732281
0
LINE
8
BLACK
6
CONTINUOUS
10
1.0216535433070866
20
3.3570866141732281
11
1.0221030708661416
21
3.3593465748031495
0
LINE
8
BLACK
6
CONTINUOUS
10
1.0221030708661416
20
3.3593465748031495
11
1.0233832283464566
21
3.3612624409448819
0
LINE
8
BLACK
6
CONTINUOUS
10
1.0233832283464566
20
3.3612624409448819
11
1.025299094488189
21
3.3625425984251969
0
LINE
8
BLACK
6
CONTINUOUS
10
1.025299094488189
20
3.3625425984251969
11
1.0275590551181102
21
3.3629921259842517
0
LINE
8
BLACK
6
CONTINUOUS
10
1.0275590551181102
20
3.3629921259842517
11
1.0679133858267715
21
3.3629921259842517
0
LINE
8
BLACK
6
CONTINUOUS
10
1.0679133858267715
20
3.3629921259842517
11
1.0701733464566929
21
3.3625425984251969
0
LINE
8
BLACK
6
CONTINUOUS
10
1.1597402755905513
20
3.3625425984251969
11
1.1616561417322835
21
3.3612624409448819
0
LINE
8
BLACK
6
CONTINUOUS
10
1.1616561417322835
20
3.3612624409448819
11
1.1629362992125984
21
3.3593465748031495
0
LINE
8
BLACK
6
CONTINUOUS
10
1.1629362992125984
20
3.3593465748031495
11
1.1633858267716535
21
3.3570866141732281
0
LINE
8
BLACK
6
CONTINUOUS
10
1.1633858267716535
20
3.3570866141732281
11
1.1633858267716535
21
3.3452755905511808
0
LINE
8
BLACK
6
CONTINUOUS
10
1.1633858267716535
20
3.3452755905511808
11
1.1629362992125984
21
3.3430156299212599
0
LINE
8
BLACK
6
CONTINUOUS
10
1.1629362992125984
20
3.3430156299212599
11
1.1616561417322835
21
3.3410997637795274
0
LINE
8
BLACK
6
CONTINUOUS
10
1.1616561417322835
20
3.3410997637795274
11
1.1597402755905513
21
3.3398196062992125
0
LINE
8
BLACK
6
CONTINUOUS
10
1.1597402755905513
20
3.3398196062992125
11
1.1574803149606299
21
3.3393700787401572
0
LINE
8
BLACK
6
CONTINUOUS
10
1.1574803149606299
20
3.3393700787401572
11
1.1171259842519685
21
3.3393700787401572
0
LINE
8
BLACK
6
CONTINUOUS
10
1.1171259842519685
20
3.3393700787401572
11
1.1148660236220471
21
3.3398196062992125
0
LINE
8
BLACK
6
CONTINUOUS
10
1.1148660236220471
20
3.3398196062992125
11
1.1129501574803149
21
3.3410997637795274
0
LINE
8
BLACK
6
CONTINUOUS
10
1.1129501574803149
20
3.3410997637795274
11
1.1116699999999999
21
3.3430156299212599
0
LINE
8
BLACK
6
CONTINUOUS
10
1.1116699999999999
20
3.3430156299212599
11
1.1112204724409449
21
3.3452755905511808
0
LINE
8
BLACK
6
CONTINUOUS
10
1.1112204724409449
20
3.3452755905511808
11
1.1112204724409449
21
3.3570866141732281
0
LINE
8
BLACK
6
CONTINUOUS
10
1.1112204724409449
20
3.3570866141732281
11
1.1116699999999999
21
3.3593465748031495
0
LINE
8
BLACK
6
CONTINUOUS
10
1.1116699999999999
20
3.3593465748031495
11
1.1129501574803149
21
3.3612624409448819
0
LINE
8
BLACK
6
CONTINUOUS
10
1.1129501574803149
20
3.3612624409448819
11
1.1148660236220471
21
3.3625425984251969
0
LINE
8
BLACK
6
CONTINUOUS
10
1.1148660236220471
20
3.3625425984251969
11
1.1171259842519685
21
3.3629921259842517
0
LINE
8
BLACK
6
CONTINUOUS
10
1.1171259842519685
20
3.3629921259842517
11
1.1574803149606299
21
3.3629921259842517
0
LINE
8
BLACK
6
CONTINUOUS
10
1.1574803149606299
20
3.3629921259842517
11
1.1597402755905513
21
3.3625425984251969
0
LINE
8
BLACK
6
CONTINUOUS
10
1.3826771653543306
20
3.3496062992125983
11
1.3649606299212598
21
3.3496062992125983
0
LINE
8
BLACK
6
CONTINUOUS
10
1.3649606299212598
20
3.3496062992125983
11
1.3649606299212598
21
3.400787401574803
0
LINE
8
BLACK
6
CONTINUOUS
10
1.3649606299212598
20
3.400787401574803
11
1.3826771653543306
21
3.400787401574803
0
LINE
8
BLACK
6
CONTINUOUS
10
1.3826771653543306
20
3.400787401574803
11
1.3826771653543306
21
3.3496062992125983
0
LINE
8
BLACK
6
CONTINUOUS
10
1.4082677165354331
20
3.3496062992125983
11
1.3905511811023621
21
3.3496062992125983
0
LINE
8
BLACK
6
CONTINUOUS
10
1.3905511811023621
20
3.3496062992125983
11
1.3905511811023621
21
3.400787401574803
0
LINE
8
BLACK
6
CONTINUOUS
10
1.3905511811023621
20
3.400787401574803
11
1.4082677165354331
21
3.400787401574803
0
LINE
8
BLACK
6
CONTINUOUS
10
1.4082677165354331
20
3.400787401574803
11
1.4082677165354331
21
3.3496062992125983
0
LINE
8
BLACK
6
CONTINUOUS
10
1.4338582677165355
20
3.3496062992125983
11
1.4161417322834646
21
3.3496062992125983
0
LINE
8
BLACK
6
CONTINUOUS
10
1.4161417322834646
20
3.3496062992125983
11
1.4161417322834646
21
3.400787401574803
0
LINE
8
BLACK
6
CONTINUOUS
10
1.4161417322834646
20
3.400787401574803
11
1.4338582677165355
21
3.400787401574803
0
LINE
8
BLACK
6
CONTINUOUS
10
1.4338582677165355
20
3.400787401574803
11
1.4338582677165355
21
3.3496062992125983
0
LINE
8
BLACK
6
CONTINUOUS
10
1.4594488188976378
20
3.3496062992125983
11
1.4417322834645669
21
3.3496062992125983
0
LINE
8
BLACK
6
CONTINUOUS
10
1.4417322834645669
20
3.3496062992125983
11
1.4417322834645669
21
3.400787401574803
0
LINE
8
BLACK
6
CONTINUOUS
10
1.4417322834645669
20
3.400787401574803
11
1.4594488188976378
21
3.400787401574803
0
LINE
8
BLACK
6
CONTINUOUS
10
1.4594488188976378
20
3.400787401574803
11
1.4594488188976378
21
3.3496062992125983
0
LINE
8
BLACK
6
CONTINUOUS
10
1.4850393700787401
20
3.3496062992125983
11
1.4673228346456693
21
3.3496062992125983
0
LINE
8
BLACK
6
CONTINUOUS
10
1.4673228346456693
20
3.3496062992125983
11
1.4673228346456693
21
3.400787401574803
0
LINE
8
BLACK
6
CONTINUOUS
10
1.4673228346456693
20
3.400787401574803
11
1.4850393700787401
21
3.400787401574803
0
LINE
8
BLACK
6
CONTINUOUS
10
1.4850393700787401
20
3.400787401574803
11
1.4850393700787401
21
3.3496062992125983
0
LINE
8
BLACK
6
CONTINUOUS
10
1.3314412204724408
20
3.4334812204724408
11
1.3358312598425197
21
3.4312443700787401
0
LINE
8
BLACK
6
CONTINUOUS
10
1.3358312598425197
20
3.4312443700787401
11
1.3393152362204723
21
3.4277603937007872
0
LINE
8
BLACK
6
CONTINUOUS
10
1.3393152362204723
20
3.4277603937007872
11
1.3415520866141732
21
3.4233703543307086
0
LINE
8
BLACK
6
CONTINUOUS
10
1.3415520866141732
20
3.4233703543307086
11
1.3423228346456693
21
3.4185039370078738
0
LINE
8
BLACK
6
CONTINUOUS
10
1.3423228346456693
20
3.4185039370078738
11
1.3415520866141732
21
3.4136375196850395
0
LINE
8
BLACK
6
CONTINUOUS
10
1.3415520866141732
20
3.4136375196850395
11
1.3393152362204723
21
3.4092474803149604
0
LINE
8
BLACK
6
CONTINUOUS
10
1.3393152362204723
20
3.4092474803149604
11
1.3358312598425197
21
3.405763503937008
0
LINE
8
BLACK
6
CONTINUOUS
10
1.3358312598425197
20
3.405763503937008
11
1.3314412204724408
21
3.4035266535433069
0
LINE
8
BLACK
6
CONTINUOUS
10
1.3314412204724408
20
3.4035266535433069
11
1.3265748031496063
21
3.4027559055118108
0
LINE
8
BLACK
6
CONTINUOUS
10
1.3265748031496063
20
3.4027559055118108
11
1.3217083858267715
21
3.4035266535433069
0
LINE
8
BLACK
6
CONTINUOUS
10
1.3217083858267715
20
3.4035266535433069
11
1.3173183464566929
21
3.405763503937008
0
LINE
8
BLACK
6
CONTINUOUS
10
1.3173183464566929
20
3.405763503937008
11
1.31383437007874
21
3.4092474803149604
0
LINE
8
BLACK
6
CONTINUOUS
10
1.31383437007874
20
3.4092474803149604
11
1.3115975196850393
21
3.4136375196850395
0
LINE
8
BLACK
6
CONTINUOUS
10
1.3115975196850393
20
3.4136375196850395
11
1.3108267716535433
21
3.4185039370078738
0
LINE
8
BLACK
6
CONTINUOUS
10
1.3108267716535433
20
3.4185039370078738
11
1.3115975196850393
21
3.4233703543307086
0
LINE
8
BLACK
6
CONTINUOUS
10
1.3115975196850393
20
3.4233703543307086
11
1.31383437007874
21
3.4277603937007872
0
LINE
8
BLACK
6
CONTINUOUS
10
1.31383437007874
20
3.4277603937007872
11
1.3173183464566929
21
3.4312443700787401
0
LINE
8
BLACK
6
CONTINUOUS
10
1.3173183464566929
20
3.4312443700787401
11
1.3217083858267715
21
3.4334812204724408
0
LINE
8
BLACK
6
CONTINUOUS
10
1.3217083858267715
20
3.4334812204724408
11
1.3265748031496063
21
3.4342519685039368
0
LINE
8
BLACK
6
CONTINUOUS
10
1.3265748031496063
20
3.4342519685039368
11
1.3314412204724408
21
3.4334812204724408
0
LINE
8
BLACK
6
CONTINUOUS
10
1.5282916141732283
20
3.4334812204724408
11
1.532681653543307
21
3.4312443700787401
0
LINE
8
BLACK
6
CONTINUOUS
10
1.532681653543307
20
3.4312443700787401
11
1.5361656299212598
21
3.4277603937007872
0
LINE
8
BLACK
6
CONTINUOUS
10
1.5361656299212598
20
3.4277603937007872
11
1.5384024803149605
21
3.4233703543307086
0
LINE
8
BLACK
6
CONTINUOUS
10
1.5384024803149605
20
3.4233703543307086
11
1.5391732283464568
21
3.4185039370078738
0
LINE
8
BLACK
6
CONTINUOUS
10
1.5391732283464568
20
3.4185039370078738
11
1.5384024803149605
21
3.4136375196850395
0
LINE
8
BLACK
6
CONTINUOUS
10
1.5384024803149605
20
3.4136375196850395
11
1.5361656299212598
21
3.4092474803149604
0
LINE
8
BLACK
6
CONTINUOUS
10
1.5361656299212598
20
3.4092474803149604
11
1.532681653543307
21
3.405763503937008
0
LINE
8
BLACK
6
CONTINUOUS
10
1.532681653543307
20
3.405763503937008
11
1.5282916141732283
21
3.4035266535433069
0
LINE
8
BLACK
6
CONTINUOUS
10
1.5282916141732283
20
3.4035266535433069
11
1.5234251968503936
21
3.4027559055118108
0
LINE
8
BLACK
6
CONTINUOUS
10
1.5234251968503936
20
3.4027559055118108
11
1.518558779527559
21
3.4035266535433069
0
LINE
8
BLACK
6
CONTINUOUS
10
1.518558779527559
20
3.4035266535433069
11
1.5141687401574804
21
3.405763503937008
0
LINE
8
BLACK
6
CONTINUOUS
10
1.5141687401574804
20
3.405763503937008
11
1.5106847637795275
21
3.4092474803149604
0
LINE
8
BLACK
6
CONTINUOUS
10
1.5106847637795275
20
3.4092474803149604
11
1.5084479133858268
21
3.4136375196850395
0
LINE
8
BLACK
6
CONTINUOUS
10
1.5084479133858268
20
3.4136375196850395
11
1.5076771653543306
21
3.4185039370078738
0
LINE
8
BLACK
6
CONTINUOUS
10
1.5076771653543306
20
3.4185039370078738
11
1.5084479133858268
21
3.4233703543307086
0
LINE
8
BLACK
6
CONTINUOUS
10
1.5084479133858268
20
3.4233703543307086
11
1.5106847637795275
21
3.4277603937007872
0
LINE
8
BLACK
6
CONTINUOUS
10
1.5106847637795275
20
3.4277603937007872
11
1.5141687401574804
21
3.4312443700787401
0
LINE
8
BLACK
6
CONTINUOUS
10
1.5141687401574804
20
3.4312443700787401
11
1.518558779527559
21
3.4334812204724408
0
LINE
8
BLACK
6
CONTINUOUS
10
1.518558779527559
20
3.4334812204724408
11
1.5234251968503936
21
3.4342519685039368
0
LINE
8
BLACK
6
CONTINUOUS
10
1.5234251968503936
20
3.4342519685039368
11
1.5282916141732283
21
3.4334812204724408
0
LINE
8
BLACK
6
CONTINUOUS
10
0.4409448818897638
20
3.4112204724409447
11
0.3740157480314961
21
3.4112204724409447
0
LINE
8
BLACK
6
CONTINUOUS
10
0.3740157480314961
20
3.4112204724409447
11
0.3740157480314961
21
3.4781496062992123
0
LINE
8
BLACK
6
CONTINUOUS
10
0.3740157480314961
20
3.4781496062992123
11
0.4409448818897638
21
3.4781496062992123
0
LINE
8
BLACK
6
CONTINUOUS
10
0.4409448818897638
20
3.4781496062992123
11
0.4409448818897638
21
3.4112204724409447
0
LINE
8
BLACK
6
CONTINUOUS
10
0.607113031496063
20
3.5748413385826772
11
0.6103061811023622
21
3.5727077559055118
0
LINE
8
BLACK
6
CONTINUOUS
10
0.6103061811023622
20
3.5727077559055118
11
0.6124397637795276
21
3.5695146062992125
0
LINE
8
BLACK
6
CONTINUOUS
10
0.6124397637795276
20
3.5695146062992125
11
0.6131889763779528
21
3.5657480314960628
0
LINE
8
BLACK
6
CONTINUOUS
10
0.6131889763779528
20
3.5657480314960628
11
0.6131889763779528
21
3.4515748031496063
0
LINE
8
BLACK
6
CONTINUOUS
10
0.6131889763779528
20
3.4515748031496063
11
0.6124397637795276
21
3.4478082283464566
0
LINE
8
BLACK
6
CONTINUOUS
10
0.6124397637795276
20
3.4478082283464566
11
0.6103061811023622
21
3.4446150787401573
0
LINE
8
BLACK
6
CONTINUOUS
10
0.6103061811023622
20
3.4446150787401573
11
0.607113031496063
21
3.4424814960629919
0
LINE
8
BLACK
6
CONTINUOUS
10
0.607113031496063
20
3.4424814960629919
11
0.6033464566929134
21
3.4417322834645669
0
LINE
8
BLACK
6
CONTINUOUS
10
0.6033464566929134
20
3.4417322834645669
11
0.5718503937007874
21
3.4417322834645669
0
LINE
8
BLACK
6
CONTINUOUS
10
0.5718503937007874
20
3.4417322834645669
11
0.5680838188976378
21
3.4424814960629919
0
LINE
8
BLACK
6
CONTINUOUS
10
0.5680838188976378
20
3.4424814960629919
11
0.5648906692913386
21
3.4446150787401573
0
LINE
8
BLACK
6
CONTINUOUS
10
0.5648906692913386
20
3.4446150787401573
11
0.5627570866141732
21
3.4478082283464566
0
LINE
8
BLACK
6
CONTINUOUS
10
0.5627570866141732
20
3.4478082283464566
11
0.562007874015748
21
3.4515748031496063
0
LINE
8
BLACK
6
CONTINUOUS
10
0.562007874015748
20
3.4515748031496063
11
0.562007874015748
21
3.5657480314960628
0
LINE
8
BLACK
6
CONTINUOUS
10
0.562007874015748
20
3.5657480314960628
11
0.5627570866141732
21
3.5695146062992125
0
LINE
8
BLACK
6
CONTINUOUS
10
0.5627570866141732
20
3.5695146062992125
11
0.5648906692913386
21
3.5727077559055118
0
LINE
8
BLACK
6
CONTINUOUS
10
0.5648906692913386
20
3.5727077559055118
11
0.5680838188976378
21
3.5748413385826772
0
LINE
8
BLACK
6
CONTINUOUS
10
0.5680838188976378
20
3.5748413385826772
11
0.5718503937007874
21
3.5755905511811021
0
LINE
8
BLACK
6
CONTINUOUS
10
0.5718503937007874
20
3.5755905511811021
11
0.6033464566929134
21
3.5755905511811021
0
LINE
8
BLACK
6
CONTINUOUS
10
0.6033464566929134
20
3.5755905511811021
11
0.607113031496063
21
3.5748413385826772
0
LINE
8
BLACK
6
CONTINUOUS
10
0.7823098818897638
20
3.5748413385826772
11
0.7855030314960629
21
3.5727077559055118
0
LINE
8
BLACK
6
CONTINUOUS
10
0.7855030314960629
20
3.5727077559055118
11
0.7876366141732283
21
3.5695146062992125
0
LINE
8
BLACK
6
CONTINUOUS
10
0.7876366141732283
20
3.5695146062992125
11
0.7883858267716535
21
3.5657480314960628
0
LINE
8
BLACK
6
CONTINUOUS
10
0.7883858267716535
20
3.5657480314960628
11
0.7883858267716535
21
3.4515748031496063
0
LINE
8
BLACK
6
CONTINUOUS
10
0.7883858267716535
20
3.4515748031496063
11
0.7876366141732283
21
3.4478082283464566
0
LINE
8
BLACK
6
CONTINUOUS
10
0.7876366141732283
20
3.4478082283464566
11
0.7855030314960629
21
3.4446150787401573
0
LINE
8
BLACK
6
CONTINUOUS
10
0.7855030314960629
20
3.4446150787401573
11
0.7823098818897638
21
3.4424814960629919
0
LINE
8
BLACK
6
CONTINUOUS
10
0.7823098818897638
20
3.4424814960629919
11
0.7785433070866141
21
3.4417322834645669
0
LINE
8
BLACK
6
CONTINUOUS
10
0.7785433070866141
20
3.4417322834645669
11
0.7470472440944882
21
3.4417322834645669
0
LINE
8
BLACK
6
CONTINUOUS
10
0.7470472440944882
20
3.4417322834645669
11
0.7432806692913385
21
3.4424814960629919
0
LINE
8
BLACK
6
CONTINUOUS
10
0.7432806692913385
20
3.4424814960629919
11
0.7400875196850394
21
3.4446150787401573
0
LINE
8
BLACK
6
CONTINUOUS
10
0.7400875196850394
20
3.4446150787401573
11
0.737953937007874
21
3.4478082283464566
0
LINE
8
BLACK
6
CONTINUOUS
10
0.737953937007874
20
3.4478082283464566
11
0.7372047244094488
21
3.4515748031496063
0
LINE
8
BLACK
6
CONTINUOUS
10
0.7372047244094488
20
3.4515748031496063
11
0.7372047244094488
21
3.5657480314960628
0
LINE
8
BLACK
6
CONTINUOUS
10
0.7372047244094488
20
3.5657480314960628
11
0.737953937007874
21
3.5695146062992125
0
LINE
8
BLACK
6
CONTINUOUS
10
0.737953937007874
20
3.5695146062992125
11
0.7400875196850394
21
3.5727077559055118
0
LINE
8
BLACK
6
CONTINUOUS
10
0.7400875196850394
20
3.5727077559055118
11
0.7432806692913385
21
3.5748413385826772
0
LINE
8
BLACK
6
CONTINUOUS
10
0.7432806692913385
20
3.5748413385826772
11
0.7470472440944882
21
3.5755905511811021
0
LINE
8
BLACK
6
CONTINUOUS
10
0.7470472440944882
20
3.5755905511811021
11
0.7785433070866141
21
3.5755905511811021
0
LINE
8
BLACK
6
CONTINUOUS
10
0.7785433070866141
20
3.5755905511811021
11
0.7823098818897638
21
3.5748413385826772
0
LINE
8
BLACK
6
CONTINUOUS
10
0.950616968503937
20
3.5433452755905512
11
0.9538101181102362
21
3.5412116929133859
0
LINE
8
BLACK
6
CONTINUOUS
10
0.9538101181102362
20
3.5412116929133859
11
0.9559437007874015
21
3.5380185433070865
0
LINE
8
BLACK
6
CONTINUOUS
10
0.9559437007874015
20
3.5380185433070865
11
0.9566929133858267
21
3.5342519685039369
0
LINE
8
BLACK
6
CONTINUOUS
10
0.9566929133858267
20
3.5342519685039369
11
0.9566929133858267
21
3.4830708661417322
0
LINE
8
BLACK
6
CONTINUOUS
10
0.9566929133858267
20
3.4830708661417322
11
0.9559437007874015
21
3.4793042913385825
0
LINE
8
BLACK
6
CONTINUOUS
10
0.9559437007874015
20
3.4793042913385825
11
0.9538101181102362
21
3.4761111417322832
0
LINE
8
BLACK
6
CONTINUOUS
10
0.9538101181102362
20
3.4761111417322832
11
0.950616968503937
21
3.4739775590551178
0
LINE
8
BLACK
6
CONTINUOUS
10
0.950616968503937
20
3.4739775590551178
11
0.9468503937007874
21
3.4732283464566929
0
LINE
8
BLACK
6
CONTINUOUS
10
0.9468503937007874
20
3.4732283464566929
11
0.8287401574803149
21
3.4732283464566929
0
LINE
8
BLACK
6
CONTINUOUS
10
0.8287401574803149
20
3.4732283464566929
11
0.8249735826771654
21
3.4739775590551178
0
LINE
8
BLACK
6
CONTINUOUS
10
0.8249735826771654
20
3.4739775590551178
11
0.8217804330708661
21
3.4761111417322832
0
LINE
8
BLACK
6
CONTINUOUS
10
0.8217804330708661
20
3.4761111417322832
11
0.8196468503937008
21
3.4793042913385825
0
LINE
8
BLACK
6
CONTINUOUS
10
0.8196468503937008
20
3.4793042913385825
11
0.8188976377952756
21
3.4830708661417322
0
LINE
8
BLACK
6
CONTINUOUS
10
0.8188976377952756
20
3.4830708661417322
11
0.8188976377952756
21
3.5342519685039369
0
LINE
8
BLACK
6
CONTINUOUS
10
0.8188976377952756
20
3.5342519685039369
11
0.8196468503937008
21
3.5380185433070865
0
LINE
8
BLACK
6
CONTINUOUS
10
0.8196468503937008
20
3.5380185433070865
11
0.8217804330708661
21
3.5412116929133859
0
LINE
8
BLACK
6
CONTINUOUS
10
0.8217804330708661
20
3.5412116929133859
11
0.8249735826771654
21
3.5433452755905512
0
LINE
8
BLACK
6
CONTINUOUS
10
0.8249735826771654
20
3.5433452755905512
11
0.8287401574803149
21
3.5440944881889762
0
LINE
8
BLACK
6
CONTINUOUS
10
0.8287401574803149
20
3.5440944881889762
11
0.9468503937007874
21
3.5440944881889762
0
LINE
8
BLACK
6
CONTINUOUS
10
0.9468503937007874
20
3.5440944881889762
11
0.950616968503937
21
3.5433452755905512
0
LINE
8
BLACK
6
CONTINUOUS
10
1.1474673622047245
20
3.5433452755905512
11
1.1506605118110236
21
3.5412116929133859
0
LINE
8
BLACK
6
CONTINUOUS
10
1.1506605118110236
20
3.5412116929133859
11
1.1527940944881889
21
3.5380185433070865
0
LINE
8
BLACK
6
CONTINUOUS
10
1.1527940944881889
20
3.5380185433070865
11
1.1535433070866141
21
3.5342519685039369
0
LINE
8
BLACK
6
CONTINUOUS
10
1.1535433070866141
20
3.5342519685039369
11
1.1535433070866141
21
3.4830708661417322
0
LINE
8
BLACK
6
CONTINUOUS
10
1.1535433070866141
20
3.4830708661417322
11
1.1527940944881889
21
3.4793042913385825
0
LINE
8
BLACK
6
CONTINUOUS
10
1.1527940944881889
20
3.4793042913385825
11
1.1506605118110236
21
3.4761111417322832
0
LINE
8
BLACK
6
CONTINUOUS
10
1.1506605118110236
20
3.4761111417322832
11
1.1474673622047245
21
3.4739775590551178
0
LINE
8
BLACK
6
CONTINUOUS
10
1.1474673622047245
20
3.4739775590551178
11
1.1437007874015748
21
3.4732283464566929
0
LINE
8
BLACK
6
CONTINUOUS
10
1.1437007874015748
20
3.4732283464566929
11
1.0255905511811023
21
3.4732283464566929
0
LINE
8
BLACK
6
CONTINUOUS
10
1.0255905511811023
20
3.4732283464566929
11
1.0218239763779526
21
3.4739775590551178
0
LINE
8
BLACK
6
CONTINUOUS
10
1.0218239763779526
20
3.4739775590551178
11
1.0186308267716535
21
3.4761111417322832
0
LINE
8
BLACK
6
CONTINUOUS
10
1.0186308267716535
20
3.4761111417322832
11
1.0164972440944882
21
3.4793042913385825
0
LINE
8
BLACK
6
CONTINUOUS
10
1.0164972440944882
20
3.4793042913385825
11
1.015748031496063
21
3.4830708661417322
0
LINE
8
BLACK
6
CONTINUOUS
10
1.015748031496063
20
3.4830708661417322
11
1.015748031496063
21
3.5342519685039369
0
LINE
8
BLACK
6
CONTINUOUS
10
1.015748031496063
20
3.5342519685039369
11
1.0164972440944882
21
3.5380185433070865
0
LINE
8
BLACK
6
CONTINUOUS
10
1.0164972440944882
20
3.5380185433070865
11
1.0186308267716535
21
3.5412116929133859
0
LINE
8
BLACK
6
CONTINUOUS
10
1.0186308267716535
20
3.5412116929133859
11
1.0218239763779526
21
3.5433452755905512
0
LINE
8
BLACK
6
CONTINUOUS
10
1.0218239763779526
20
3.5433452755905512
11
1.0255905511811023
21
3.5440944881889762
0
LINE
8
BLACK
6
CONTINUOUS
10
1.0255905511811023
20
3.5440944881889762
11
1.1437007874015748
21
3.5440944881889762
0
LINE
8
BLACK
6
CONTINUOUS
10
1.1437007874015748
20
3.5440944881889762
11
1.1474673622047245
21
3.5433452755905512
0
LINE
8
BLACK
6
CONTINUOUS
10
1.2811040551181101
20
3.560481535433071
11
1.2862219685039369
21
3.5575266929133855
0
LINE
8
BLACK
6
CONTINUOUS
10
1.2862219685039369
20
3.5575266929133855
11
1.2904007086614173
21
3.5533479527559053
0
LINE
8
BLACK
6
CONTINUOUS
10
1.2904007086614173
20
3.5533479527559053
11
1.2933555511811023
21
3.5482300393700785
0
LINE
8
BLACK
6
CONTINUOUS
10
1.2933555511811023
20
3.5482300393700785
11
1.2948850787401573
21
3.5425217716535431
0
LINE
8
BLACK
6
CONTINUOUS
10
1.2948850787401573
20
3.5425217716535431
11
1.2950787401574804
21
3.5395669291338581
0
LINE
8
BLACK
6
CONTINUOUS
10
1.2950787401574804
20
3.5395669291338581
11
1.2950787401574804
21
3.5139763779527557
0
LINE
8
BLACK
6
CONTINUOUS
10
1.2950787401574804
20
3.5139763779527557
11
1.2948850787401573
21
3.5110215354330707
0
LINE
8
BLACK
6
CONTINUOUS
10
1.2948850787401573
20
3.5110215354330707
11
1.2933555511811023
21
3.5053132677165353
0
LINE
8
BLACK
6
CONTINUOUS
10
1.2933555511811023
20
3.5053132677165353
11
1.2904007086614173
21
3.5001953543307085
0
LINE
8
BLACK
6
CONTINUOUS
10
1.2904007086614173
20
3.5001953543307085
11
1.2862219685039369
21
3.4960166141732283
0
LINE
8
BLACK
6
CONTINUOUS
10
1.2862219685039369
20
3.4960166141732283
11
1.2811040551181101
21
3.4930617716535433
0
LINE
8
BLACK
6
CONTINUOUS
10
1.2811040551181101
20
3.4930617716535433
11
1.2753957874015747
21
3.491532244094488
0
LINE
8
BLACK
6
CONTINUOUS
10
1.2753957874015747
20
3.491532244094488
11
1.2694861023622046
21
3.491532244094488
0
LINE
8
BLACK
6
CONTINUOUS
10
1.2694861023622046
20
3.491532244094488
11
1.2637778346456692
21
3.4930617716535433
0
LINE
8
BLACK
6
CONTINUOUS
10
1.2637778346456692
20
3.4930617716535433
11
1.2586599212598424
21
3.4960166141732283
0
LINE
8
BLACK
6
CONTINUOUS
10
1.2586599212598424
20
3.4960166141732283
11
1.2544811811023622
21
3.5001953543307085
0
LINE
8
BLACK
6
CONTINUOUS
10
1.2544811811023622
20
3.5001953543307085
11
1.2515263385826771
21
3.5053132677165353
0
LINE
8
BLACK
6
CONTINUOUS
10
1.2515263385826771
20
3.5053132677165353
11
1.2499968110236219
21
3.5110215354330707
0
LINE
8
BLACK
6
CONTINUOUS
10
1.2499968110236219
20
3.5110215354330707
11
1.2498031496062991
21
3.5139763779527557
0
LINE
8
BLACK
6
CONTINUOUS
10
1.2498031496062991
20
3.5139763779527557
11
1.2498031496062991
21
3.5395669291338581
0
LINE
8
BLACK
6
CONTINUOUS
10
1.2498031496062991
20
3.5395669291338581
11
1.2499968110236219
21
3.5425217716535431
0
LINE
8
BLACK
6
CONTINUOUS
10
1.2499968110236219
20
3.5425217716535431
11
1.2515263385826771
21
3.5482300393700785
0
LINE
8
BLACK
6
CONTINUOUS
10
1.2515263385826771
20
3.5482300393700785
11
1.2544811811023622
21
3.5533479527559053
0
LINE
8
BLACK
6
CONTINUOUS
10
1.2544811811023622
20
3.5533479527559053
11
1.2586599212598424
21
3.5575266929133855
0
LINE
8
BLACK
6
CONTINUOUS
10
1.2586599212598424
20
3.5575266929133855
11
1.2637778346456692
21
3.560481535433071
0
LINE
8
BLACK
6
CONTINUOUS
10
1.2637778346456692
20
3.560481535433071
11
1.2694861023622046
21
3.5620110629921258
0
LINE
8
BLACK
6
CONTINUOUS
10
1.2694861023622046
20
3.5620110629921258
11
1.2753957874015747
21
3.5620110629921258
0
LINE
8
BLACK
6
CONTINUOUS
10
1.2753957874015747
20
3.5620110629921258
11
1.2811040551181101
21
3.560481535433071
0
LINE
8
BLACK
6
CONTINUOUS
10
1.5862221653543307
20
3.560481535433071
11
1.5913400787401575
21
3.5575266929133855
0
LINE
8
BLACK
6
CONTINUOUS
10
1.5913400787401575
20
3.5575266929133855
11
1.5955188188976377
21
3.5533479527559053
0
LINE
8
BLACK
6
CONTINUOUS
10
1.5955188188976377
20
3.5533479527559053
11
1.5984736614173227
21
3.5482300393700785
0
LINE
8
BLACK
6
CONTINUOUS
10
1.5984736614173227
20
3.5482300393700785
11
1.6000031889763779
21
3.5425217716535431
0
LINE
8
BLACK
6
CONTINUOUS
10
1.6000031889763779
20
3.5425217716535431
11
1.6001968503937007
21
3.5395669291338581
0
LINE
8
BLACK
6
CONTINUOUS
10
1.6001968503937007
20
3.5395669291338581
11
1.6001968503937007
21
3.5139763779527557
0
LINE
8
BLACK
6
CONTINUOUS
10
1.6001968503937007
20
3.5139763779527557
11
1.6000031889763779
21
3.5110215354330707
0
LINE
8
BLACK
6
CONTINUOUS
10
1.6000031889763779
20
3.5110215354330707
11
1.5984736614173227
21
3.5053132677165353
0
LINE
8
BLACK
6
CONTINUOUS
10
1.5984736614173227
20
3.5053132677165353
11
1.5955188188976377
21
3.5001953543307085
0
LINE
8
BLACK
6
CONTINUOUS
10
1.5955188188976377
20
3.5001953543307085
11
1.5913400787401575
21
3.4960166141732283
0
LINE
8
BLACK
6
CONTINUOUS
10
1.5913400787401575
20
3.4960166141732283
11
1.5862221653543307
21
3.4930617716535433
0
LINE
8
BLACK
6
CONTINUOUS
10
1.5862221653543307
20
3.4930617716535433
11
1.5805138976377953
21
3.491532244094488
0
LINE
8
BLACK
6
CONTINUOUS
10
1.5805138976377953
20
3.491532244094488
11
1.5746042125984252
21
3.491532244094488
0
LINE
8
BLACK
6
CONTINUOUS
10
1.5746042125984252
20
3.491532244094488
11
1.5688959448818898
21
3.4930617716535433
0
LINE
8
BLACK
6
CONTINUOUS
10
1.5688959448818898
20
3.4930617716535433
11
1.563778031496063
21
3.4960166141732283
0
LINE
8
BLACK
6
CONTINUOUS
10
1.563778031496063
20
3.4960166141732283
11
1.5595992913385825
21
3.5001953543307085
0
LINE
8
BLACK
6
CONTINUOUS
10
1.5595992913385825
20
3.5001953543307085
11
1.5566444488188975
21
3.5053132677165353
0
LINE
8
BLACK
6
CONTINUOUS
10
1.5566444488188975
20
3.5053132677165353
11
1.5551149212598425
21
3.5110215354330707
0
LINE
8
BLACK
6
CONTINUOUS
10
1.5551149212598425
20
3.5110215354330707
11
1.5549212598425197
21
3.5139763779527557
0
LINE
8
BLACK
6
CONTINUOUS
10
1.5549212598425197
20
3.5139763779527557
11
1.5549212598425197
21
3.5395669291338581
0
LINE
8
BLACK
6
CONTINUOUS
10
1.5549212598425197
20
3.5395669291338581
11
1.5551149212598425
21
3.5425217716535431
0
LINE
8
BLACK
6
CONTINUOUS
10
1.5551149212598425
20
3.5425217716535431
11
1.5566444488188975
21
3.5482300393700785
0
LINE
8
BLACK
6
CONTINUOUS
10
1.5566444488188975
20
3.5482300393700785
11
1.5595992913385825
21
3.5533479527559053
0
LINE
8
BLACK
6
CONTINUOUS
10
1.5595992913385825
20
3.5533479527559053
11
1.563778031496063
21
3.5575266929133855
0
LINE
8
BLACK
6
CONTINUOUS
10
1.563778031496063
20
3.5575266929133855
11
1.5688959448818898
21
3.560481535433071
0
LINE
8
BLACK
6
CONTINUOUS
10
1.5688959448818898
20
3.560481535433071
11
1.5746042125984252
21
3.5620110629921258
0
LINE
8
BLACK
6
CONTINUOUS
10
1.5746042125984252
20
3.5620110629921258
11
1.5805138976377953
21
3.5620110629921258
0
LINE
8
BLACK
6
CONTINUOUS
10
1.5805138976377953
20
3.5620110629921258
11
1.5862221653543307
21
3.560481535433071
  0
ENDSEC
  0
EOF
